opportunity_id,outlet_id,outlet_name,territory_id,rep_id,outlet_type,tier,opportunity_type,score,priority,evidence,recommended_action,status
OPP-000001,5,Chanda Traders,5,42,Convenience,C,REVENUE_RECOVERY,82,HIGH,"[""Revenue declined 68.8% vs previous 30d"", ""Revenue gap of \u20b93,604"", ""Order frequency declined 66.7%"", ""Revenue growth below peer benchmark""]","Prioritize an outlet visit to investigate lost volume, identify affected products/categories, and attempt revenue recovery.",OPEN
OPP-000002,6,Sampath Supermarket,4,60,Supermarket,A,REVENUE_RECOVERY,100,HIGH,"[""Revenue declined 94.4% vs previous 30d"", ""Revenue gap of \u20b937,972"", ""Order frequency declined 83.3%"", ""Revenue growth materially below peer benchmark""]","Prioritize an outlet visit to investigate lost volume, identify affected products/categories, and attempt revenue recovery.",OPEN
OPP-000003,10,Nath Retail,12,64,Pharmacy,B,REVENUE_RECOVERY,70,MEDIUM,"[""Revenue declined 39.8% vs previous 30d"", ""Revenue gap of \u20b93,770"", ""Revenue growth materially below peer benchmark""]","Prioritize an outlet visit to investigate lost volume, identify affected products/categories, and attempt revenue recovery.",OPEN
OPP-000004,12,Lala Supermarket,12,36,Supermarket,B,REVENUE_RECOVERY,92,HIGH,"[""Revenue declined 83.0% vs previous 30d"", ""Revenue gap of \u20b94,029"", ""Order frequency declined 50.0%"", ""Revenue growth materially below peer benchmark""]","Prioritize an outlet visit to investigate lost volume, identify affected products/categories, and attempt revenue recovery.",OPEN
OPP-000005,13,Edwin Traders,8,76,Modern Trade,C,REVENUE_RECOVERY,92,HIGH,"[""Revenue declined 100.0% vs previous 30d"", ""Revenue gap of \u20b92,076"", ""Order frequency declined 100.0%"", ""Revenue growth materially below peer benchmark""]","Prioritize an outlet visit to investigate lost volume, identify affected products/categories, and attempt revenue recovery.",OPEN
OPP-000006,13,Edwin Traders,8,76,Modern Trade,C,INACTIVE_OUTLET,75,HIGH,"[""No order for 51 days"", ""Zero revenue in current 30d"", ""Previous 30d revenue was \u20b92,076""]",Prioritize a reactivation visit. Investigate the reason for inactivity and attempt to recover previous purchasing behaviour.,OPEN
OPP-000007,15,Sane Traders,12,30,Pharmacy,A,REVENUE_RECOVERY,70,MEDIUM,"[""Revenue declined 33.8% vs previous 30d"", ""Revenue gap of \u20b92,739"", ""Revenue growth materially below peer benchmark""]","Prioritize an outlet visit to investigate lost volume, identify affected products/categories, and attempt revenue recovery.",OPEN
OPP-000008,19,Dixit Retail,10,43,Pharmacy,B,REVENUE_RECOVERY,85,HIGH,"[""Revenue declined 48.9% vs previous 30d"", ""Revenue gap of \u20b93,717"", ""Order frequency declined 50.0%"", ""Revenue growth materially below peer benchmark""]","Prioritize an outlet visit to investigate lost volume, identify affected products/categories, and attempt revenue recovery.",OPEN
OPP-000009,24,Datta Retail,12,19,Pharmacy,B,REVENUE_RECOVERY,70,MEDIUM,"[""Revenue declined 41.1% vs previous 30d"", ""Revenue gap of \u20b92,964"", ""Revenue growth materially below peer benchmark""]","Prioritize an outlet visit to investigate lost volume, identify affected products/categories, and attempt revenue recovery.",OPEN
OPP-000010,26,Morar Retail,3,89,Modern Trade,B,REVENUE_RECOVERY,100,HIGH,"[""Revenue declined 75.5% vs previous 30d"", ""Revenue gap of \u20b911,075"", ""Order frequency declined 66.7%"", ""Revenue growth materially below peer benchmark""]","Prioritize an outlet visit to investigate lost volume, identify affected products/categories, and attempt revenue recovery.",OPEN
OPP-000011,34,Ray Supermarket,9,93,Supermarket,C,REVENUE_RECOVERY,77,HIGH,"[""Revenue declined 91.9% vs previous 30d"", ""Revenue gap of \u20b94,317"", ""Revenue growth materially below peer benchmark""]","Prioritize an outlet visit to investigate lost volume, identify affected products/categories, and attempt revenue recovery.",OPEN
OPP-000012,36,Khalsa Supermarket,6,14,Convenience,B,REVENUE_RECOVERY,100,HIGH,"[""Revenue declined 74.2% vs previous 30d"", ""Revenue gap of \u20b929,595"", ""Order frequency declined 50.0%"", ""Revenue growth materially below peer benchmark""]","Prioritize an outlet visit to investigate lost volume, identify affected products/categories, and attempt revenue recovery.",OPEN
OPP-000013,41,Gola Retail,7,13,General Trade,B,REVENUE_RECOVERY,100,HIGH,"[""Revenue declined 100.0% vs previous 30d"", ""Revenue gap of \u20b912,443"", ""Order frequency declined 100.0%"", ""Revenue growth materially below peer benchmark""]","Prioritize an outlet visit to investigate lost volume, identify affected products/categories, and attempt revenue recovery.",OPEN
OPP-000014,41,Gola Retail,7,13,General Trade,B,INACTIVE_OUTLET,70,MEDIUM,"[""No order for 34 days"", ""Zero revenue in current 30d"", ""Previous 30d revenue was \u20b912,443""]",Prioritize a reactivation visit. Investigate the reason for inactivity and attempt to recover previous purchasing behaviour.,OPEN
OPP-000015,42,Natarajan Supermarket,12,59,General Trade,C,REVENUE_RECOVERY,100,HIGH,"[""Revenue declined 90.7% vs previous 30d"", ""Revenue gap of \u20b910,051"", ""Order frequency declined 75.0%"", ""Revenue growth materially below peer benchmark""]","Prioritize an outlet visit to investigate lost volume, identify affected products/categories, and attempt revenue recovery.",OPEN
OPP-000016,44,Kothari Supermarket,10,43,General Trade,C,REVENUE_RECOVERY,100,HIGH,"[""Revenue declined 100.0% vs previous 30d"", ""Revenue gap of \u20b95,349"", ""Order frequency declined 100.0%"", ""Revenue growth materially below peer benchmark""]","Prioritize an outlet visit to investigate lost volume, identify affected products/categories, and attempt revenue recovery.",OPEN
OPP-000017,44,Kothari Supermarket,10,43,General Trade,C,INACTIVE_OUTLET,70,MEDIUM,"[""No order for 38 days"", ""Zero revenue in current 30d"", ""Previous 30d revenue was \u20b95,349""]",Prioritize a reactivation visit. Investigate the reason for inactivity and attempt to recover previous purchasing behaviour.,OPEN
OPP-000018,46,Dutta Retail,8,76,General Trade,A,REVENUE_RECOVERY,88,HIGH,"[""Revenue declined 44.4% vs previous 30d"", ""Revenue gap of \u20b910,143"", ""Order frequency declined 33.3%"", ""Revenue growth materially below peer benchmark""]","Prioritize an outlet visit to investigate lost volume, identify affected products/categories, and attempt revenue recovery.",OPEN
OPP-000019,48,Raja Supermarket,7,79,Supermarket,C,REVENUE_RECOVERY,82,HIGH,"[""Revenue declined 67.2% vs previous 30d"", ""Revenue gap of \u20b93,441"", ""Order frequency declined 50.0%"", ""Revenue growth below peer benchmark""]","Prioritize an outlet visit to investigate lost volume, identify affected products/categories, and attempt revenue recovery.",OPEN
OPP-000020,49,Barad General Store,4,62,Pharmacy,B,REVENUE_RECOVERY,80,HIGH,"[""Revenue declined 100.0% vs previous 30d"", ""Revenue gap of \u20b9935"", ""Order frequency declined 100.0%"", ""Revenue growth materially below peer benchmark""]","Prioritize an outlet visit to investigate lost volume, identify affected products/categories, and attempt revenue recovery.",OPEN
OPP-000021,49,Barad General Store,4,62,Pharmacy,B,INACTIVE_OUTLET,50,LOW,"[""No order for 35 days"", ""Zero revenue in current 30d""]",Prioritize a reactivation visit. Investigate the reason for inactivity and attempt to recover previous purchasing behaviour.,OPEN
OPP-000022,51,Kapadia Traders,1,49,Convenience,B,REVENUE_RECOVERY,100,HIGH,"[""Revenue declined 100.0% vs previous 30d"", ""Revenue gap of \u20b913,459"", ""Order frequency declined 100.0%"", ""Revenue growth materially below peer benchmark""]","Prioritize an outlet visit to investigate lost volume, identify affected products/categories, and attempt revenue recovery.",OPEN
OPP-000023,51,Kapadia Traders,1,49,Convenience,B,INACTIVE_OUTLET,70,MEDIUM,"[""No order for 33 days"", ""Zero revenue in current 30d"", ""Previous 30d revenue was \u20b913,459""]",Prioritize a reactivation visit. Investigate the reason for inactivity and attempt to recover previous purchasing behaviour.,OPEN
OPP-000024,55,Mody Supermarket,5,17,Convenience,A,REVENUE_RECOVERY,88,HIGH,"[""Revenue declined 44.1% vs previous 30d"", ""Revenue gap of \u20b920,413"", ""Order frequency declined 33.3%"", ""Revenue growth materially below peer benchmark""]","Prioritize an outlet visit to investigate lost volume, identify affected products/categories, and attempt revenue recovery.",OPEN
OPP-000025,61,Narasimhan Mart,4,4,Pharmacy,C,REVENUE_RECOVERY,82,HIGH,"[""Revenue declined 73.0% vs previous 30d"", ""Revenue gap of \u20b92,728"", ""Order frequency declined 50.0%"", ""Revenue growth below peer benchmark""]","Prioritize an outlet visit to investigate lost volume, identify affected products/categories, and attempt revenue recovery.",OPEN
OPP-000026,62,Mallick Supermarket,2,40,Convenience,C,REVENUE_RECOVERY,53,LOW,"[""Revenue declined 35.2% vs previous 30d"", ""Revenue gap of \u20b91,962"", ""Order frequency declined 33.3%""]","Prioritize an outlet visit to investigate lost volume, identify affected products/categories, and attempt revenue recovery.",OPEN
OPP-000027,63,Boase General Store,8,97,Supermarket,A,REVENUE_RECOVERY,100,HIGH,"[""Revenue declined 72.5% vs previous 30d"", ""Revenue gap of \u20b921,584"", ""Order frequency declined 50.0%"", ""Revenue growth materially below peer benchmark""]","Prioritize an outlet visit to investigate lost volume, identify affected products/categories, and attempt revenue recovery.",OPEN
OPP-000028,67,Ratta Mart,4,1,Modern Trade,C,REVENUE_RECOVERY,92,HIGH,"[""Revenue declined 100.0% vs previous 30d"", ""Revenue gap of \u20b94,336"", ""Order frequency declined 100.0%"", ""Revenue growth materially below peer benchmark""]","Prioritize an outlet visit to investigate lost volume, identify affected products/categories, and attempt revenue recovery.",OPEN
OPP-000029,67,Ratta Mart,4,1,Modern Trade,C,INACTIVE_OUTLET,60,MEDIUM,"[""No order for 42 days"", ""Zero revenue in current 30d"", ""Previous 30d revenue was \u20b94,336""]",Prioritize a reactivation visit. Investigate the reason for inactivity and attempt to recover previous purchasing behaviour.,OPEN
OPP-000030,70,Bala Retail,4,22,General Trade,B,REVENUE_RECOVERY,95,HIGH,"[""Revenue declined 67.5% vs previous 30d"", ""Revenue gap of \u20b95,972"", ""Order frequency declined 33.3%"", ""Revenue growth materially below peer benchmark""]","Prioritize an outlet visit to investigate lost volume, identify affected products/categories, and attempt revenue recovery.",OPEN
OPP-000031,74,Lanka Traders,6,10,Pharmacy,C,REVENUE_RECOVERY,65,MEDIUM,"[""Revenue declined 40.1% vs previous 30d"", ""Revenue gap of \u20b92,346"", ""Order frequency declined 33.3%""]","Prioritize an outlet visit to investigate lost volume, identify affected products/categories, and attempt revenue recovery.",OPEN
OPP-000032,75,Barad Supermarket,3,88,Supermarket,C,REVENUE_RECOVERY,80,HIGH,"[""Revenue declined 100.0% vs previous 30d"", ""Revenue gap of \u20b91,841"", ""Order frequency declined 100.0%"", ""Revenue growth materially below peer benchmark""]","Prioritize an outlet visit to investigate lost volume, identify affected products/categories, and attempt revenue recovery.",OPEN
OPP-000033,75,Barad Supermarket,3,88,Supermarket,C,INACTIVE_OUTLET,75,HIGH,"[""No order for 58 days"", ""Zero revenue in current 30d"", ""Previous 30d revenue was \u20b91,841""]",Prioritize a reactivation visit. Investigate the reason for inactivity and attempt to recover previous purchasing behaviour.,OPEN
OPP-000034,76,Chopra Retail,7,57,Supermarket,B,REVENUE_RECOVERY,95,HIGH,"[""Revenue declined 52.0% vs previous 30d"", ""Revenue gap of \u20b96,686"", ""Order frequency declined 33.3%"", ""Revenue growth materially below peer benchmark""]","Prioritize an outlet visit to investigate lost volume, identify affected products/categories, and attempt revenue recovery.",OPEN
OPP-000035,80,Sarin Retail,4,58,General Trade,C,REVENUE_RECOVERY,92,HIGH,"[""Revenue declined 100.0% vs previous 30d"", ""Revenue gap of \u20b92,030"", ""Order frequency declined 100.0%"", ""Revenue growth materially below peer benchmark""]","Prioritize an outlet visit to investigate lost volume, identify affected products/categories, and attempt revenue recovery.",OPEN
OPP-000036,80,Sarin Retail,4,58,General Trade,C,INACTIVE_OUTLET,60,MEDIUM,"[""No order for 42 days"", ""Zero revenue in current 30d"", ""Previous 30d revenue was \u20b92,030""]",Prioritize a reactivation visit. Investigate the reason for inactivity and attempt to recover previous purchasing behaviour.,OPEN
OPP-000037,86,Basu Traders,5,17,Convenience,A,REVENUE_RECOVERY,88,HIGH,"[""Revenue declined 40.5% vs previous 30d"", ""Revenue gap of \u20b916,430"", ""Order frequency declined 25.0%"", ""Revenue growth materially below peer benchmark""]","Prioritize an outlet visit to investigate lost volume, identify affected products/categories, and attempt revenue recovery.",OPEN
OPP-000038,95,Narayanan Mart,12,19,Pharmacy,A,REVENUE_RECOVERY,80,HIGH,"[""Revenue declined 29.1% vs previous 30d"", ""Revenue gap of \u20b911,552"", ""Order frequency declined 28.6%"", ""Revenue growth materially below peer benchmark""]","Prioritize an outlet visit to investigate lost volume, identify affected products/categories, and attempt revenue recovery.",OPEN
OPP-000039,96,Murthy Mart,8,7,Pharmacy,B,REVENUE_RECOVERY,67,MEDIUM,"[""Revenue declined 24.7% vs previous 30d"", ""Revenue gap of \u20b92,458"", ""Order frequency declined 60.0%"", ""Revenue growth below peer benchmark""]","Prioritize an outlet visit to investigate lost volume, identify affected products/categories, and attempt revenue recovery.",OPEN
OPP-000040,99,Tripathi Supermarket,10,33,Convenience,C,REVENUE_RECOVERY,92,HIGH,"[""Revenue declined 100.0% vs previous 30d"", ""Revenue gap of \u20b92,622"", ""Order frequency declined 100.0%"", ""Revenue growth materially below peer benchmark""]","Prioritize an outlet visit to investigate lost volume, identify affected products/categories, and attempt revenue recovery.",OPEN
OPP-000041,99,Tripathi Supermarket,10,33,Convenience,C,INACTIVE_OUTLET,75,HIGH,"[""No order for 48 days"", ""Zero revenue in current 30d"", ""Previous 30d revenue was \u20b92,622""]",Prioritize a reactivation visit. Investigate the reason for inactivity and attempt to recover previous purchasing behaviour.,OPEN
OPP-000042,100,More Mart,5,31,Pharmacy,A,REVENUE_RECOVERY,100,HIGH,"[""Revenue declined 54.1% vs previous 30d"", ""Revenue gap of \u20b917,715"", ""Order frequency declined 62.5%"", ""Revenue growth materially below peer benchmark""]","Prioritize an outlet visit to investigate lost volume, identify affected products/categories, and attempt revenue recovery.",OPEN
OPP-000043,102,Narain Mart,8,55,Convenience,C,REVENUE_RECOVERY,80,HIGH,"[""Revenue declined 100.0% vs previous 30d"", ""Revenue gap of \u20b9749"", ""Order frequency declined 100.0%"", ""Revenue growth materially below peer benchmark""]","Prioritize an outlet visit to investigate lost volume, identify affected products/categories, and attempt revenue recovery.",OPEN
OPP-000044,102,Narain Mart,8,55,Convenience,C,INACTIVE_OUTLET,50,LOW,"[""No order for 42 days"", ""Zero revenue in current 30d""]",Prioritize a reactivation visit. Investigate the reason for inactivity and attempt to recover previous purchasing behaviour.,OPEN
OPP-000045,103,Rau Supermarket,7,68,Convenience,A,REVENUE_RECOVERY,65,MEDIUM,"[""Revenue declined 18.1% vs previous 30d"", ""Revenue gap of \u20b97,118"", ""Order frequency declined"", ""Revenue growth below peer benchmark""]","Prioritize an outlet visit to investigate lost volume, identify affected products/categories, and attempt revenue recovery.",OPEN
OPP-000046,104,Merchant General Store,1,3,Pharmacy,C,REVENUE_RECOVERY,82,HIGH,"[""Revenue declined 65.4% vs previous 30d"", ""Revenue gap of \u20b93,280"", ""Order frequency declined 50.0%"", ""Revenue growth below peer benchmark""]","Prioritize an outlet visit to investigate lost volume, identify affected products/categories, and attempt revenue recovery.",OPEN
OPP-000047,110,Mitra Traders,1,52,Supermarket,C,REVENUE_RECOVERY,100,HIGH,"[""Revenue declined 100.0% vs previous 30d"", ""Revenue gap of \u20b96,694"", ""Order frequency declined 100.0%"", ""Revenue growth materially below peer benchmark""]","Prioritize an outlet visit to investigate lost volume, identify affected products/categories, and attempt revenue recovery.",OPEN
OPP-000048,110,Mitra Traders,1,52,Supermarket,C,INACTIVE_OUTLET,85,HIGH,"[""No order for 50 days"", ""Zero revenue in current 30d"", ""Previous 30d revenue was \u20b96,694""]",Prioritize a reactivation visit. Investigate the reason for inactivity and attempt to recover previous purchasing behaviour.,OPEN
OPP-000049,115,Kade Mart,4,96,Convenience,C,REVENUE_RECOVERY,82,HIGH,"[""Revenue declined 72.4% vs previous 30d"", ""Revenue gap of \u20b92,660"", ""Order frequency declined 50.0%"", ""Revenue growth below peer benchmark""]","Prioritize an outlet visit to investigate lost volume, identify affected products/categories, and attempt revenue recovery.",OPEN
OPP-000050,117,Nagy Retail,3,20,Pharmacy,C,REVENUE_RECOVERY,100,HIGH,"[""Revenue declined 100.0% vs previous 30d"", ""Revenue gap of \u20b99,158"", ""Order frequency declined 100.0%"", ""Revenue growth materially below peer benchmark""]","Prioritize an outlet visit to investigate lost volume, identify affected products/categories, and attempt revenue recovery.",OPEN
OPP-000051,117,Nagy Retail,3,20,Pharmacy,C,INACTIVE_OUTLET,70,MEDIUM,"[""No order for 42 days"", ""Zero revenue in current 30d"", ""Previous 30d revenue was \u20b99,158""]",Prioritize a reactivation visit. Investigate the reason for inactivity and attempt to recover previous purchasing behaviour.,OPEN
OPP-000052,118,Shroff Retail,5,47,Modern Trade,B,REVENUE_RECOVERY,90,HIGH,"[""Revenue declined 57.3% vs previous 30d"", ""Revenue gap of \u20b95,572"", ""Order frequency declined 50.0%"", ""Revenue growth below peer benchmark""]","Prioritize an outlet visit to investigate lost volume, identify affected products/categories, and attempt revenue recovery.",OPEN
OPP-000053,119,Sathe Supermarket,12,64,General Trade,B,REVENUE_RECOVERY,100,HIGH,"[""Revenue declined 100.0% vs previous 30d"", ""Revenue gap of \u20b97,301"", ""Order frequency declined 100.0%"", ""Revenue growth materially below peer benchmark""]","Prioritize an outlet visit to investigate lost volume, identify affected products/categories, and attempt revenue recovery.",OPEN
OPP-000054,119,Sathe Supermarket,12,64,General Trade,B,INACTIVE_OUTLET,70,MEDIUM,"[""No order for 36 days"", ""Zero revenue in current 30d"", ""Previous 30d revenue was \u20b97,301""]",Prioritize a reactivation visit. Investigate the reason for inactivity and attempt to recover previous purchasing behaviour.,OPEN
OPP-000055,120,Sathe Traders,7,28,Modern Trade,B,REVENUE_RECOVERY,100,HIGH,"[""Revenue declined 58.9% vs previous 30d"", ""Revenue gap of \u20b95,047"", ""Order frequency declined 66.7%"", ""Revenue growth materially below peer benchmark""]","Prioritize an outlet visit to investigate lost volume, identify affected products/categories, and attempt revenue recovery.",OPEN
OPP-000056,122,Vaidya Mart,4,39,Supermarket,C,REVENUE_RECOVERY,50,LOW,"[""Revenue declined 29.0% vs previous 30d"", ""Revenue gap of \u20b9770"", ""Order frequency declined 50.0%""]","Prioritize an outlet visit to investigate lost volume, identify affected products/categories, and attempt revenue recovery.",OPEN
OPP-000057,125,Chad Supermarket,7,68,General Trade,C,REVENUE_RECOVERY,80,HIGH,"[""Revenue declined 100.0% vs previous 30d"", ""Revenue gap of \u20b91,970"", ""Order frequency declined 100.0%"", ""Revenue growth materially below peer benchmark""]","Prioritize an outlet visit to investigate lost volume, identify affected products/categories, and attempt revenue recovery.",OPEN
OPP-000058,125,Chad Supermarket,7,68,General Trade,C,INACTIVE_OUTLET,75,HIGH,"[""No order for 50 days"", ""Zero revenue in current 30d"", ""Previous 30d revenue was \u20b91,970""]",Prioritize a reactivation visit. Investigate the reason for inactivity and attempt to recover previous purchasing behaviour.,OPEN
OPP-000059,127,Varma Mart,8,76,Pharmacy,C,REVENUE_RECOVERY,92,HIGH,"[""Revenue declined 100.0% vs previous 30d"", ""Revenue gap of \u20b92,843"", ""Order frequency declined 100.0%"", ""Revenue growth materially below peer benchmark""]","Prioritize an outlet visit to investigate lost volume, identify affected products/categories, and attempt revenue recovery.",OPEN
OPP-000060,127,Varma Mart,8,76,Pharmacy,C,INACTIVE_OUTLET,75,HIGH,"[""No order for 48 days"", ""Zero revenue in current 30d"", ""Previous 30d revenue was \u20b92,843""]",Prioritize a reactivation visit. Investigate the reason for inactivity and attempt to recover previous purchasing behaviour.,OPEN
OPP-000061,131,Mukherjee General Store,7,44,General Trade,A,REVENUE_RECOVERY,83,HIGH,"[""Revenue declined 36.1% vs previous 30d"", ""Revenue gap of \u20b912,612"", ""Order frequency declined"", ""Revenue growth materially below peer benchmark""]","Prioritize an outlet visit to investigate lost volume, identify affected products/categories, and attempt revenue recovery.",OPEN
OPP-000062,133,Issac Retail,8,70,Pharmacy,C,REVENUE_RECOVERY,100,HIGH,"[""Revenue declined 100.0% vs previous 30d"", ""Revenue gap of \u20b95,627"", ""Order frequency declined 100.0%"", ""Revenue growth materially below peer benchmark""]","Prioritize an outlet visit to investigate lost volume, identify affected products/categories, and attempt revenue recovery.",OPEN
OPP-000063,133,Issac Retail,8,70,Pharmacy,C,INACTIVE_OUTLET,85,HIGH,"[""No order for 46 days"", ""Zero revenue in current 30d"", ""Previous 30d revenue was \u20b95,627""]",Prioritize a reactivation visit. Investigate the reason for inactivity and attempt to recover previous purchasing behaviour.,OPEN
OPP-000064,137,Konda Traders,7,13,Convenience,B,REVENUE_RECOVERY,100,HIGH,"[""Revenue declined 77.5% vs previous 30d"", ""Revenue gap of \u20b96,987"", ""Order frequency declined 66.7%"", ""Revenue growth materially below peer benchmark""]","Prioritize an outlet visit to investigate lost volume, identify affected products/categories, and attempt revenue recovery.",OPEN
OPP-000065,140,Shah Traders,12,46,Convenience,A,REVENUE_RECOVERY,100,HIGH,"[""Revenue declined 85.5% vs previous 30d"", ""Revenue gap of \u20b918,612"", ""Order frequency declined 50.0%"", ""Revenue growth materially below peer benchmark""]","Prioritize an outlet visit to investigate lost volume, identify affected products/categories, and attempt revenue recovery.",OPEN
OPP-000066,143,Rajagopalan Traders,2,37,Convenience,B,REVENUE_RECOVERY,92,HIGH,"[""Revenue declined 100.0% vs previous 30d"", ""Revenue gap of \u20b93,482"", ""Order frequency declined 100.0%"", ""Revenue growth materially below peer benchmark""]","Prioritize an outlet visit to investigate lost volume, identify affected products/categories, and attempt revenue recovery.",OPEN
OPP-000067,143,Rajagopalan Traders,2,37,Convenience,B,INACTIVE_OUTLET,75,HIGH,"[""No order for 56 days"", ""Zero revenue in current 30d"", ""Previous 30d revenue was \u20b93,482""]",Prioritize a reactivation visit. Investigate the reason for inactivity and attempt to recover previous purchasing behaviour.,OPEN
OPP-000068,145,Ratta Supermarket,5,47,Pharmacy,A,REVENUE_RECOVERY,85,HIGH,"[""Revenue declined 26.7% vs previous 30d"", ""Revenue gap of \u20b95,065"", ""Order frequency declined 50.0%"", ""Revenue growth materially below peer benchmark""]","Prioritize an outlet visit to investigate lost volume, identify affected products/categories, and attempt revenue recovery.",OPEN
OPP-000069,147,Divan Traders,5,42,Convenience,B,REVENUE_RECOVERY,100,HIGH,"[""Revenue declined 100.0% vs previous 30d"", ""Revenue gap of \u20b919,115"", ""Order frequency declined 100.0%"", ""Revenue growth materially below peer benchmark""]","Prioritize an outlet visit to investigate lost volume, identify affected products/categories, and attempt revenue recovery.",OPEN
OPP-000070,147,Divan Traders,5,42,Convenience,B,INACTIVE_OUTLET,70,MEDIUM,"[""No order for 40 days"", ""Zero revenue in current 30d"", ""Previous 30d revenue was \u20b919,115""]",Prioritize a reactivation visit. Investigate the reason for inactivity and attempt to recover previous purchasing behaviour.,OPEN
OPP-000071,150,Sandal Retail,4,81,Convenience,C,REVENUE_RECOVERY,77,HIGH,"[""Revenue declined 67.8% vs previous 30d"", ""Revenue gap of \u20b94,445"", ""Order frequency declined 33.3%"", ""Revenue growth below peer benchmark""]","Prioritize an outlet visit to investigate lost volume, identify affected products/categories, and attempt revenue recovery.",OPEN
OPP-000072,151,Kanda Supermarket,4,62,Pharmacy,B,REVENUE_RECOVERY,92,HIGH,"[""Revenue declined 53.2% vs previous 30d"", ""Revenue gap of \u20b94,832"", ""Order frequency declined 50.0%"", ""Revenue growth materially below peer benchmark""]","Prioritize an outlet visit to investigate lost volume, identify affected products/categories, and attempt revenue recovery.",OPEN
OPP-000073,152,Goda Traders,6,74,Supermarket,A,REVENUE_RECOVERY,100,HIGH,"[""Revenue declined 76.3% vs previous 30d"", ""Revenue gap of \u20b927,422"", ""Order frequency declined 66.7%"", ""Revenue growth materially below peer benchmark""]","Prioritize an outlet visit to investigate lost volume, identify affected products/categories, and attempt revenue recovery.",OPEN
OPP-000074,158,Shan Retail,1,99,General Trade,B,REVENUE_RECOVERY,100,HIGH,"[""Revenue declined 95.1% vs previous 30d"", ""Revenue gap of \u20b99,025"", ""Order frequency declined 50.0%"", ""Revenue growth materially below peer benchmark""]","Prioritize an outlet visit to investigate lost volume, identify affected products/categories, and attempt revenue recovery.",OPEN
OPP-000075,159,Deol Supermarket,4,96,Supermarket,B,REVENUE_RECOVERY,80,HIGH,"[""Revenue declined 100.0% vs previous 30d"", ""Revenue gap of \u20b9904"", ""Order frequency declined 100.0%"", ""Revenue growth materially below peer benchmark""]","Prioritize an outlet visit to investigate lost volume, identify affected products/categories, and attempt revenue recovery.",OPEN
OPP-000076,159,Deol Supermarket,4,96,Supermarket,B,INACTIVE_OUTLET,65,MEDIUM,"[""No order for 53 days"", ""Zero revenue in current 30d""]",Prioritize a reactivation visit. Investigate the reason for inactivity and attempt to recover previous purchasing behaviour.,OPEN
OPP-000077,161,Wali Traders,5,82,Supermarket,A,REVENUE_RECOVERY,60,MEDIUM,"[""Revenue declined 20.7% vs previous 30d"", ""Revenue gap of \u20b95,676"", ""Revenue growth below peer benchmark""]","Prioritize an outlet visit to investigate lost volume, identify affected products/categories, and attempt revenue recovery.",OPEN
OPP-000078,164,Thaman General Store,7,84,Modern Trade,B,REVENUE_RECOVERY,85,HIGH,"[""Revenue declined 67.2% vs previous 30d"", ""Revenue gap of \u20b911,086"", ""Revenue growth materially below peer benchmark""]","Prioritize an outlet visit to investigate lost volume, identify affected products/categories, and attempt revenue recovery.",OPEN
OPP-000079,165,Sandhu Retail,5,51,General Trade,A,REVENUE_RECOVERY,75,HIGH,"[""Revenue declined 23.0% vs previous 30d"", ""Revenue gap of \u20b97,409"", ""Order frequency declined 50.0%"", ""Revenue growth below peer benchmark""]","Prioritize an outlet visit to investigate lost volume, identify affected products/categories, and attempt revenue recovery.",OPEN
OPP-000080,171,Kota Supermarket,10,43,General Trade,C,REVENUE_RECOVERY,77,HIGH,"[""Revenue declined 58.1% vs previous 30d"", ""Revenue gap of \u20b92,742"", ""Revenue growth materially below peer benchmark""]","Prioritize an outlet visit to investigate lost volume, identify affected products/categories, and attempt revenue recovery.",OPEN
OPP-000081,172,Malhotra Mart,4,8,Pharmacy,B,REVENUE_RECOVERY,67,MEDIUM,"[""Revenue declined 25.0% vs previous 30d"", ""Revenue gap of \u20b93,552"", ""Order frequency declined 50.0%"", ""Revenue growth below peer benchmark""]","Prioritize an outlet visit to investigate lost volume, identify affected products/categories, and attempt revenue recovery.",OPEN
OPP-000082,177,Sarraf Mart,6,65,Modern Trade,C,REVENUE_RECOVERY,80,HIGH,"[""Revenue declined 100.0% vs previous 30d"", ""Revenue gap of \u20b9544"", ""Order frequency declined 100.0%"", ""Revenue growth materially below peer benchmark""]","Prioritize an outlet visit to investigate lost volume, identify affected products/categories, and attempt revenue recovery.",OPEN
OPP-000083,177,Sarraf Mart,6,65,Modern Trade,C,INACTIVE_OUTLET,65,MEDIUM,"[""No order for 45 days"", ""Zero revenue in current 30d""]",Prioritize a reactivation visit. Investigate the reason for inactivity and attempt to recover previous purchasing behaviour.,OPEN
OPP-000084,188,Kashyap Mart,4,32,Convenience,B,REVENUE_RECOVERY,100,HIGH,"[""Revenue declined 100.0% vs previous 30d"", ""Revenue gap of \u20b95,253"", ""Order frequency declined 100.0%"", ""Revenue growth materially below peer benchmark""]","Prioritize an outlet visit to investigate lost volume, identify affected products/categories, and attempt revenue recovery.",OPEN
OPP-000085,188,Kashyap Mart,4,32,Convenience,B,INACTIVE_OUTLET,70,MEDIUM,"[""No order for 34 days"", ""Zero revenue in current 30d"", ""Previous 30d revenue was \u20b95,253""]",Prioritize a reactivation visit. Investigate the reason for inactivity and attempt to recover previous purchasing behaviour.,OPEN
OPP-000086,189,Rajagopal Mart,12,18,Convenience,C,REVENUE_RECOVERY,100,HIGH,"[""Revenue declined 100.0% vs previous 30d"", ""Revenue gap of \u20b96,632"", ""Order frequency declined 100.0%"", ""Revenue growth materially below peer benchmark""]","Prioritize an outlet visit to investigate lost volume, identify affected products/categories, and attempt revenue recovery.",OPEN
OPP-000087,189,Rajagopal Mart,12,18,Convenience,C,INACTIVE_OUTLET,70,MEDIUM,"[""No order for 39 days"", ""Zero revenue in current 30d"", ""Previous 30d revenue was \u20b96,632""]",Prioritize a reactivation visit. Investigate the reason for inactivity and attempt to recover previous purchasing behaviour.,OPEN
OPP-000088,196,Shukla Supermarket,8,7,Convenience,B,REVENUE_RECOVERY,80,HIGH,"[""Revenue declined 54.6% vs previous 30d"", ""Revenue gap of \u20b91,711"", ""Order frequency declined 50.0%"", ""Revenue growth materially below peer benchmark""]","Prioritize an outlet visit to investigate lost volume, identify affected products/categories, and attempt revenue recovery.",OPEN
OPP-000089,200,Salvi Traders,8,34,Pharmacy,B,REVENUE_RECOVERY,95,HIGH,"[""Revenue declined 64.4% vs previous 30d"", ""Revenue gap of \u20b96,215"", ""Order frequency declined 25.0%"", ""Revenue growth materially below peer benchmark""]","Prioritize an outlet visit to investigate lost volume, identify affected products/categories, and attempt revenue recovery.",OPEN
OPP-000090,201,Ramachandran Retail,6,98,Supermarket,C,REVENUE_RECOVERY,43,LOW,"[""Revenue declined 37.3% vs previous 30d"", ""Revenue gap of \u20b9860""]","Prioritize an outlet visit to investigate lost volume, identify affected products/categories, and attempt revenue recovery.",OPEN
OPP-000091,203,Rai Supermarket,4,26,Modern Trade,B,REVENUE_RECOVERY,68,MEDIUM,"[""Revenue declined 42.5% vs previous 30d"", ""Revenue gap of \u20b97,874"", ""Revenue growth below peer benchmark""]","Prioritize an outlet visit to investigate lost volume, identify affected products/categories, and attempt revenue recovery.",OPEN
OPP-000092,206,Pandey General Store,4,8,General Trade,A,REVENUE_RECOVERY,100,HIGH,"[""Revenue declined 71.2% vs previous 30d"", ""Revenue gap of \u20b930,415"", ""Order frequency declined 80.0%"", ""Revenue growth materially below peer benchmark""]","Prioritize an outlet visit to investigate lost volume, identify affected products/categories, and attempt revenue recovery.",OPEN
OPP-000093,211,Kannan Traders,10,33,General Trade,B,REVENUE_RECOVERY,92,HIGH,"[""Revenue declined 100.0% vs previous 30d"", ""Revenue gap of \u20b92,184"", ""Order frequency declined 100.0%"", ""Revenue growth materially below peer benchmark""]","Prioritize an outlet visit to investigate lost volume, identify affected products/categories, and attempt revenue recovery.",OPEN
OPP-000094,211,Kannan Traders,10,33,General Trade,B,INACTIVE_OUTLET,75,HIGH,"[""No order for 55 days"", ""Zero revenue in current 30d"", ""Previous 30d revenue was \u20b92,184""]",Prioritize a reactivation visit. Investigate the reason for inactivity and attempt to recover previous purchasing behaviour.,OPEN
OPP-000095,212,Sura General Store,4,32,General Trade,B,REVENUE_RECOVERY,80,HIGH,"[""Revenue declined 100.0% vs previous 30d"", ""Revenue gap of \u20b91,312"", ""Order frequency declined 100.0%"", ""Revenue growth materially below peer benchmark""]","Prioritize an outlet visit to investigate lost volume, identify affected products/categories, and attempt revenue recovery.",OPEN
OPP-000096,212,Sura General Store,4,32,General Trade,B,INACTIVE_OUTLET,75,HIGH,"[""No order for 50 days"", ""Zero revenue in current 30d"", ""Previous 30d revenue was \u20b91,312""]",Prioritize a reactivation visit. Investigate the reason for inactivity and attempt to recover previous purchasing behaviour.,OPEN
OPP-000097,213,Kanda Mart,12,61,General Trade,C,REVENUE_RECOVERY,80,HIGH,"[""Revenue declined 100.0% vs previous 30d"", ""Revenue gap of \u20b91,205"", ""Order frequency declined 100.0%"", ""Revenue growth materially below peer benchmark""]","Prioritize an outlet visit to investigate lost volume, identify affected products/categories, and attempt revenue recovery.",OPEN
OPP-000098,213,Kanda Mart,12,61,General Trade,C,INACTIVE_OUTLET,60,MEDIUM,"[""No order for 33 days"", ""Zero revenue in current 30d"", ""Previous 30d revenue was \u20b91,205""]",Prioritize a reactivation visit. Investigate the reason for inactivity and attempt to recover previous purchasing behaviour.,OPEN
OPP-000099,214,Mahajan General Store,9,73,Modern Trade,C,REVENUE_RECOVERY,80,HIGH,"[""Revenue declined 100.0% vs previous 30d"", ""Revenue gap of \u20b91,081"", ""Order frequency declined 100.0%"", ""Revenue growth materially below peer benchmark""]","Prioritize an outlet visit to investigate lost volume, identify affected products/categories, and attempt revenue recovery.",OPEN
OPP-000100,214,Mahajan General Store,9,73,Modern Trade,C,INACTIVE_OUTLET,60,MEDIUM,"[""No order for 32 days"", ""Zero revenue in current 30d"", ""Previous 30d revenue was \u20b91,081""]",Prioritize a reactivation visit. Investigate the reason for inactivity and attempt to recover previous purchasing behaviour.,OPEN
OPP-000101,216,Sunder Mart,1,23,Convenience,A,REVENUE_RECOVERY,100,HIGH,"[""Revenue declined 76.5% vs previous 30d"", ""Revenue gap of \u20b917,164"", ""Order frequency declined 50.0%"", ""Revenue growth materially below peer benchmark""]","Prioritize an outlet visit to investigate lost volume, identify affected products/categories, and attempt revenue recovery.",OPEN
OPP-000102,218,Ramachandran Mart,10,43,General Trade,C,REVENUE_RECOVERY,80,HIGH,"[""Revenue declined 100.0% vs previous 30d"", ""Revenue gap of \u20b91,563"", ""Order frequency declined 100.0%"", ""Revenue growth materially below peer benchmark""]","Prioritize an outlet visit to investigate lost volume, identify affected products/categories, and attempt revenue recovery.",OPEN
OPP-000103,218,Ramachandran Mart,10,43,General Trade,C,INACTIVE_OUTLET,75,HIGH,"[""No order for 57 days"", ""Zero revenue in current 30d"", ""Previous 30d revenue was \u20b91,563""]",Prioritize a reactivation visit. Investigate the reason for inactivity and attempt to recover previous purchasing behaviour.,OPEN
OPP-000104,223,Datta General Store,4,41,Supermarket,A,REVENUE_RECOVERY,78,HIGH,"[""Revenue declined 47.3% vs previous 30d"", ""Revenue gap of \u20b911,353"", ""Revenue growth materially below peer benchmark""]","Prioritize an outlet visit to investigate lost volume, identify affected products/categories, and attempt revenue recovery.",OPEN
OPP-000105,229,Sangha Mart,4,32,Pharmacy,C,REVENUE_RECOVERY,43,LOW,"[""Revenue declined 40.9% vs previous 30d"", ""Revenue gap of \u20b91,065""]","Prioritize an outlet visit to investigate lost volume, identify affected products/categories, and attempt revenue recovery.",OPEN
OPP-000106,230,Deshmukh Retail,10,43,Pharmacy,B,REVENUE_RECOVERY,100,HIGH,"[""Revenue declined 100.0% vs previous 30d"", ""Revenue gap of \u20b912,761"", ""Order frequency declined 100.0%"", ""Revenue growth materially below peer benchmark""]","Prioritize an outlet visit to investigate lost volume, identify affected products/categories, and attempt revenue recovery.",OPEN
OPP-000107,235,Raghavan Retail,12,53,Modern Trade,A,REVENUE_RECOVERY,75,HIGH,"[""Revenue declined 23.9% vs previous 30d"", ""Revenue gap of \u20b97,698"", ""Order frequency declined"", ""Revenue growth materially below peer benchmark""]","Prioritize an outlet visit to investigate lost volume, identify affected products/categories, and attempt revenue recovery.",OPEN
OPP-000108,238,Sha Retail,1,99,Modern Trade,C,REVENUE_RECOVERY,92,HIGH,"[""Revenue declined 100.0% vs previous 30d"", ""Revenue gap of \u20b93,213"", ""Order frequency declined 100.0%"", ""Revenue growth materially below peer benchmark""]","Prioritize an outlet visit to investigate lost volume, identify affected products/categories, and attempt revenue recovery.",OPEN
OPP-000109,238,Sha Retail,1,99,Modern Trade,C,INACTIVE_OUTLET,60,MEDIUM,"[""No order for 43 days"", ""Zero revenue in current 30d"", ""Previous 30d revenue was \u20b93,213""]",Prioritize a reactivation visit. Investigate the reason for inactivity and attempt to recover previous purchasing behaviour.,OPEN
OPP-000110,240,Nazareth Supermarket,12,66,Modern Trade,C,REVENUE_RECOVERY,92,HIGH,"[""Revenue declined 100.0% vs previous 30d"", ""Revenue gap of \u20b93,080"", ""Order frequency declined 100.0%"", ""Revenue growth materially below peer benchmark""]","Prioritize an outlet visit to investigate lost volume, identify affected products/categories, and attempt revenue recovery.",OPEN
OPP-000111,241,Raghavan General Store,8,76,Pharmacy,A,REVENUE_RECOVERY,70,MEDIUM,"[""Revenue declined 26.4% vs previous 30d"", ""Revenue gap of \u20b911,338"", ""Order frequency declined 37.5%"", ""Revenue growth below peer benchmark""]","Prioritize an outlet visit to investigate lost volume, identify affected products/categories, and attempt revenue recovery.",OPEN
OPP-000112,246,Singhal Supermarket,11,56,Modern Trade,A,REVENUE_RECOVERY,42,LOW,"[""Revenue gap of \u20b92,872"", ""Revenue growth materially below peer benchmark""]","Prioritize an outlet visit to investigate lost volume, identify affected products/categories, and attempt revenue recovery.",OPEN
OPP-000113,247,Bahl General Store,3,91,Convenience,B,REVENUE_RECOVERY,78,HIGH,"[""Revenue declined 35.9% vs previous 30d"", ""Revenue gap of \u20b910,246"", ""Order frequency declined 25.0%"", ""Revenue growth below peer benchmark""]","Prioritize an outlet visit to investigate lost volume, identify affected products/categories, and attempt revenue recovery.",OPEN
OPP-000114,250,Palla Retail,6,80,Convenience,C,REVENUE_RECOVERY,80,HIGH,"[""Revenue declined 100.0% vs previous 30d"", ""Revenue gap of \u20b91,995"", ""Order frequency declined 100.0%"", ""Revenue growth materially below peer benchmark""]","Prioritize an outlet visit to investigate lost volume, identify affected products/categories, and attempt revenue recovery.",OPEN
OPP-000115,250,Palla Retail,6,80,Convenience,C,INACTIVE_OUTLET,60,MEDIUM,"[""No order for 33 days"", ""Zero revenue in current 30d"", ""Previous 30d revenue was \u20b91,995""]",Prioritize a reactivation visit. Investigate the reason for inactivity and attempt to recover previous purchasing behaviour.,OPEN
OPP-000116,253,Baria Retail,1,23,Modern Trade,A,REVENUE_RECOVERY,80,HIGH,"[""Revenue declined 20.3% vs previous 30d"", ""Revenue gap of \u20b96,813"", ""Order frequency declined 25.0%"", ""Revenue growth materially below peer benchmark""]","Prioritize an outlet visit to investigate lost volume, identify affected products/categories, and attempt revenue recovery.",OPEN
OPP-000117,254,Balasubramanian Traders,8,7,Modern Trade,C,REVENUE_RECOVERY,43,LOW,"[""Revenue declined 33.4% vs previous 30d"", ""Revenue gap of \u20b91,350""]","Prioritize an outlet visit to investigate lost volume, identify affected products/categories, and attempt revenue recovery.",OPEN
OPP-000118,255,Kota Traders,6,65,Pharmacy,B,REVENUE_RECOVERY,100,HIGH,"[""Revenue declined 100.0% vs previous 30d"", ""Revenue gap of \u20b910,320"", ""Order frequency declined 100.0%"", ""Revenue growth materially below peer benchmark""]","Prioritize an outlet visit to investigate lost volume, identify affected products/categories, and attempt revenue recovery.",OPEN
OPP-000119,255,Kota Traders,6,65,Pharmacy,B,INACTIVE_OUTLET,85,HIGH,"[""No order for 47 days"", ""Zero revenue in current 30d"", ""Previous 30d revenue was \u20b910,320""]",Prioritize a reactivation visit. Investigate the reason for inactivity and attempt to recover previous purchasing behaviour.,OPEN
OPP-000120,256,Iyengar Mart,3,11,Supermarket,A,STOCK_RISK,20,LOW,"[""1 stockout event(s) in last 90d""]",Review outlet inventory and prioritize replenishment of affected SKUs before another stockout causes lost sales.,OPEN
OPP-000121,257,Bahri Traders,4,22,Convenience,C,REVENUE_RECOVERY,92,HIGH,"[""Revenue declined 100.0% vs previous 30d"", ""Revenue gap of \u20b92,089"", ""Order frequency declined 100.0%"", ""Revenue growth materially below peer benchmark""]","Prioritize an outlet visit to investigate lost volume, identify affected products/categories, and attempt revenue recovery.",OPEN
OPP-000122,257,Bahri Traders,4,22,Convenience,C,INACTIVE_OUTLET,60,MEDIUM,"[""No order for 35 days"", ""Zero revenue in current 30d"", ""Previous 30d revenue was \u20b92,089""]",Prioritize a reactivation visit. Investigate the reason for inactivity and attempt to recover previous purchasing behaviour.,OPEN
OPP-000123,261,Solanki Supermarket,1,27,Pharmacy,C,REVENUE_RECOVERY,100,HIGH,"[""Revenue declined 100.0% vs previous 30d"", ""Revenue gap of \u20b96,517"", ""Order frequency declined 100.0%"", ""Revenue growth materially below peer benchmark""]","Prioritize an outlet visit to investigate lost volume, identify affected products/categories, and attempt revenue recovery.",OPEN
OPP-000124,261,Solanki Supermarket,1,27,Pharmacy,C,INACTIVE_OUTLET,70,MEDIUM,"[""No order for 43 days"", ""Zero revenue in current 30d"", ""Previous 30d revenue was \u20b96,517""]",Prioritize a reactivation visit. Investigate the reason for inactivity and attempt to recover previous purchasing behaviour.,OPEN
OPP-000125,263,Kamdar Supermarket,2,38,General Trade,B,REVENUE_RECOVERY,100,HIGH,"[""Revenue declined 70.5% vs previous 30d"", ""Revenue gap of \u20b96,533"", ""Order frequency declined 66.7%"", ""Revenue growth materially below peer benchmark""]","Prioritize an outlet visit to investigate lost volume, identify affected products/categories, and attempt revenue recovery.",OPEN
OPP-000126,265,Kunda Supermarket,6,98,Supermarket,B,REVENUE_RECOVERY,57,MEDIUM,"[""Revenue declined 26.7% vs previous 30d"", ""Revenue gap of \u20b93,436"", ""Order frequency declined 33.3%""]","Prioritize an outlet visit to investigate lost volume, identify affected products/categories, and attempt revenue recovery.",OPEN
OPP-000127,266,Pillay Retail,5,82,Supermarket,B,REVENUE_RECOVERY,68,MEDIUM,"[""Revenue declined 48.2% vs previous 30d"", ""Revenue gap of \u20b98,856"", ""Revenue growth below peer benchmark""]","Prioritize an outlet visit to investigate lost volume, identify affected products/categories, and attempt revenue recovery.",OPEN
OPP-000128,268,Contractor Traders,7,28,Supermarket,C,REVENUE_RECOVERY,92,HIGH,"[""Revenue declined 100.0% vs previous 30d"", ""Revenue gap of \u20b94,012"", ""Order frequency declined 100.0%"", ""Revenue growth materially below peer benchmark""]","Prioritize an outlet visit to investigate lost volume, identify affected products/categories, and attempt revenue recovery.",OPEN
OPP-000129,268,Contractor Traders,7,28,Supermarket,C,INACTIVE_OUTLET,60,MEDIUM,"[""No order for 31 days"", ""Zero revenue in current 30d"", ""Previous 30d revenue was \u20b94,012""]",Prioritize a reactivation visit. Investigate the reason for inactivity and attempt to recover previous purchasing behaviour.,OPEN
OPP-000130,269,Gade Traders,6,74,Supermarket,C,REVENUE_RECOVERY,43,LOW,"[""Revenue declined 31.2% vs previous 30d"", ""Revenue gap of \u20b9610""]","Prioritize an outlet visit to investigate lost volume, identify affected products/categories, and attempt revenue recovery.",OPEN
OPP-000131,270,Mukhopadhyay Mart,7,13,Pharmacy,A,REVENUE_RECOVERY,88,HIGH,"[""Revenue declined 33.4% vs previous 30d"", ""Revenue gap of \u20b914,076"", ""Order frequency declined 37.5%"", ""Revenue growth materially below peer benchmark""]","Prioritize an outlet visit to investigate lost volume, identify affected products/categories, and attempt revenue recovery.",OPEN
OPP-000132,271,Chokshi Retail,4,26,Modern Trade,C,REVENUE_RECOVERY,90,HIGH,"[""Revenue declined 89.5% vs previous 30d"", ""Revenue gap of \u20b95,676"", ""Order frequency declined 50.0%"", ""Revenue growth below peer benchmark""]","Prioritize an outlet visit to investigate lost volume, identify affected products/categories, and attempt revenue recovery.",OPEN
OPP-000133,272,Bal Retail,7,84,Modern Trade,B,REVENUE_RECOVERY,100,HIGH,"[""Revenue declined 61.2% vs previous 30d"", ""Revenue gap of \u20b912,550"", ""Order frequency declined 60.0%"", ""Revenue growth materially below peer benchmark""]","Prioritize an outlet visit to investigate lost volume, identify affected products/categories, and attempt revenue recovery.",OPEN
OPP-000134,276,Issac Mart,12,18,Modern Trade,C,REVENUE_RECOVERY,100,HIGH,"[""Revenue declined 100.0% vs previous 30d"", ""Revenue gap of \u20b97,407"", ""Order frequency declined 100.0%"", ""Revenue growth materially below peer benchmark""]","Prioritize an outlet visit to investigate lost volume, identify affected products/categories, and attempt revenue recovery.",OPEN
OPP-000135,276,Issac Mart,12,18,Modern Trade,C,INACTIVE_OUTLET,85,HIGH,"[""No order for 46 days"", ""Zero revenue in current 30d"", ""Previous 30d revenue was \u20b97,407""]",Prioritize a reactivation visit. Investigate the reason for inactivity and attempt to recover previous purchasing behaviour.,OPEN
OPP-000136,277,Borra Mart,7,84,Modern Trade,B,REVENUE_RECOVERY,35,LOW,"[""Revenue declined 22.0% vs previous 30d"", ""Revenue gap of \u20b91,259""]","Prioritize an outlet visit to investigate lost volume, identify affected products/categories, and attempt revenue recovery.",OPEN
OPP-000137,282,Barman General Store,1,77,Supermarket,B,REVENUE_RECOVERY,100,HIGH,"[""Revenue declined 92.9% vs previous 30d"", ""Revenue gap of \u20b914,834"", ""Order frequency declined 83.3%"", ""Revenue growth materially below peer benchmark""]","Prioritize an outlet visit to investigate lost volume, identify affected products/categories, and attempt revenue recovery.",OPEN
OPP-000138,284,Walia Mart,8,76,General Trade,A,REVENUE_RECOVERY,75,HIGH,"[""Revenue declined 27.3% vs previous 30d"", ""Revenue gap of \u20b97,246"", ""Order frequency declined"", ""Revenue growth materially below peer benchmark""]","Prioritize an outlet visit to investigate lost volume, identify affected products/categories, and attempt revenue recovery.",OPEN
OPP-000139,289,Om Mart,6,86,General Trade,A,REVENUE_RECOVERY,95,HIGH,"[""Revenue declined 60.0% vs previous 30d"", ""Revenue gap of \u20b934,247"", ""Order frequency declined 40.0%"", ""Revenue growth materially below peer benchmark""]","Prioritize an outlet visit to investigate lost volume, identify affected products/categories, and attempt revenue recovery.",OPEN
OPP-000140,294,Sant Traders,4,32,Modern Trade,B,REVENUE_RECOVERY,100,HIGH,"[""Revenue declined 100.0% vs previous 30d"", ""Revenue gap of \u20b97,870"", ""Order frequency declined 100.0%"", ""Revenue growth materially below peer benchmark""]","Prioritize an outlet visit to investigate lost volume, identify affected products/categories, and attempt revenue recovery.",OPEN
OPP-000141,294,Sant Traders,4,32,Modern Trade,B,INACTIVE_OUTLET,70,MEDIUM,"[""No order for 42 days"", ""Zero revenue in current 30d"", ""Previous 30d revenue was \u20b97,870""]",Prioritize a reactivation visit. Investigate the reason for inactivity and attempt to recover previous purchasing behaviour.,OPEN
OPP-000142,295,Pathak Mart,5,71,Pharmacy,B,REVENUE_RECOVERY,100,HIGH,"[""Revenue declined 91.5% vs previous 30d"", ""Revenue gap of \u20b96,836"", ""Order frequency declined 50.0%"", ""Revenue growth materially below peer benchmark""]","Prioritize an outlet visit to investigate lost volume, identify affected products/categories, and attempt revenue recovery.",OPEN
OPP-000143,296,Sharaf General Store,6,74,Modern Trade,A,REVENUE_RECOVERY,93,HIGH,"[""Revenue declined 38.8% vs previous 30d"", ""Revenue gap of \u20b918,620"", ""Order frequency declined 50.0%"", ""Revenue growth materially below peer benchmark""]","Prioritize an outlet visit to investigate lost volume, identify affected products/categories, and attempt revenue recovery.",OPEN
OPP-000144,297,Dua Retail,1,52,Supermarket,C,REVENUE_RECOVERY,90,HIGH,"[""Revenue declined 66.9% vs previous 30d"", ""Revenue gap of \u20b96,915"", ""Order frequency declined 66.7%"", ""Revenue growth below peer benchmark""]","Prioritize an outlet visit to investigate lost volume, identify affected products/categories, and attempt revenue recovery.",OPEN
OPP-000145,298,Saran Retail,4,48,Convenience,B,REVENUE_RECOVERY,100,HIGH,"[""Revenue declined 100.0% vs previous 30d"", ""Revenue gap of \u20b96,879"", ""Order frequency declined 100.0%"", ""Revenue growth materially below peer benchmark""]","Prioritize an outlet visit to investigate lost volume, identify affected products/categories, and attempt revenue recovery.",OPEN
OPP-000146,298,Saran Retail,4,48,Convenience,B,INACTIVE_OUTLET,70,MEDIUM,"[""No order for 40 days"", ""Zero revenue in current 30d"", ""Previous 30d revenue was \u20b96,879""]",Prioritize a reactivation visit. Investigate the reason for inactivity and attempt to recover previous purchasing behaviour.,OPEN
OPP-000147,301,Madan Mart,6,14,Pharmacy,B,REVENUE_RECOVERY,78,HIGH,"[""Revenue declined 43.3% vs previous 30d"", ""Revenue gap of \u20b95,410"", ""Order frequency declined 33.3%"", ""Revenue growth below peer benchmark""]","Prioritize an outlet visit to investigate lost volume, identify affected products/categories, and attempt revenue recovery.",OPEN
OPP-000148,305,Sarin Retail,5,90,Modern Trade,B,REVENUE_RECOVERY,73,MEDIUM,"[""Revenue declined 38.4% vs previous 30d"", ""Revenue gap of \u20b99,032"", ""Order frequency declined"", ""Revenue growth below peer benchmark""]","Prioritize an outlet visit to investigate lost volume, identify affected products/categories, and attempt revenue recovery.",OPEN
OPP-000149,311,Seshadri Mart,12,16,Modern Trade,A,REVENUE_RECOVERY,70,MEDIUM,"[""Revenue declined 24.1% vs previous 30d"", ""Revenue gap of \u20b95,784"", ""Revenue growth materially below peer benchmark""]","Prioritize an outlet visit to investigate lost volume, identify affected products/categories, and attempt revenue recovery.",OPEN
OPP-000150,314,Raghavan Traders,6,74,Pharmacy,C,REVENUE_RECOVERY,65,MEDIUM,"[""Revenue declined 100.0% vs previous 30d"", ""Order frequency declined 100.0%"", ""Revenue growth materially below peer benchmark""]","Prioritize an outlet visit to investigate lost volume, identify affected products/categories, and attempt revenue recovery.",OPEN
OPP-000151,314,Raghavan Traders,6,74,Pharmacy,C,INACTIVE_OUTLET,65,MEDIUM,"[""No order for 52 days"", ""Zero revenue in current 30d""]",Prioritize a reactivation visit. Investigate the reason for inactivity and attempt to recover previous purchasing behaviour.,OPEN
OPP-000152,316,Balakrishnan Retail,6,80,Pharmacy,B,REVENUE_RECOVERY,92,HIGH,"[""Revenue declined 86.0% vs previous 30d"", ""Revenue gap of \u20b94,990"", ""Order frequency declined 66.7%"", ""Revenue growth materially below peer benchmark""]","Prioritize an outlet visit to investigate lost volume, identify affected products/categories, and attempt revenue recovery.",OPEN
OPP-000153,317,Talwar Traders,4,12,Modern Trade,B,REVENUE_RECOVERY,100,HIGH,"[""Revenue declined 81.6% vs previous 30d"", ""Revenue gap of \u20b919,233"", ""Order frequency declined 66.7%"", ""Revenue growth materially below peer benchmark""]","Prioritize an outlet visit to investigate lost volume, identify affected products/categories, and attempt revenue recovery.",OPEN
OPP-000154,321,Kala Mart,10,21,Supermarket,B,REVENUE_RECOVERY,80,HIGH,"[""Revenue declined 100.0% vs previous 30d"", ""Revenue gap of \u20b91,852"", ""Order frequency declined 100.0%"", ""Revenue growth materially below peer benchmark""]","Prioritize an outlet visit to investigate lost volume, identify affected products/categories, and attempt revenue recovery.",OPEN
OPP-000155,321,Kala Mart,10,21,Supermarket,B,INACTIVE_OUTLET,75,HIGH,"[""No order for 53 days"", ""Zero revenue in current 30d"", ""Previous 30d revenue was \u20b91,852""]",Prioritize a reactivation visit. Investigate the reason for inactivity and attempt to recover previous purchasing behaviour.,OPEN
OPP-000156,324,Oak Mart,9,73,Pharmacy,C,REVENUE_RECOVERY,50,LOW,"[""Revenue declined 19.3% vs previous 30d"", ""Revenue gap of \u20b9727"", ""Order frequency declined 50.0%""]","Prioritize an outlet visit to investigate lost volume, identify affected products/categories, and attempt revenue recovery.",OPEN
OPP-000157,329,Halder Mart,5,82,Convenience,C,REVENUE_RECOVERY,100,HIGH,"[""Revenue declined 72.2% vs previous 30d"", ""Revenue gap of \u20b95,105"", ""Order frequency declined 66.7%"", ""Revenue growth materially below peer benchmark""]","Prioritize an outlet visit to investigate lost volume, identify affected products/categories, and attempt revenue recovery.",OPEN
OPP-000158,335,Soni Traders,6,14,Pharmacy,A,REVENUE_RECOVERY,78,HIGH,"[""Revenue declined 32.8% vs previous 30d"", ""Revenue gap of \u20b99,148"", ""Revenue growth materially below peer benchmark""]","Prioritize an outlet visit to investigate lost volume, identify affected products/categories, and attempt revenue recovery.",OPEN
OPP-000159,337,Sem General Store,6,29,Supermarket,B,REVENUE_RECOVERY,100,HIGH,"[""Revenue declined 100.0% vs previous 30d"", ""Revenue gap of \u20b96,948"", ""Order frequency declined 100.0%"", ""Revenue growth materially below peer benchmark""]","Prioritize an outlet visit to investigate lost volume, identify affected products/categories, and attempt revenue recovery.",OPEN
OPP-000160,337,Sem General Store,6,29,Supermarket,B,INACTIVE_OUTLET,70,MEDIUM,"[""No order for 42 days"", ""Zero revenue in current 30d"", ""Previous 30d revenue was \u20b96,948""]",Prioritize a reactivation visit. Investigate the reason for inactivity and attempt to recover previous purchasing behaviour.,OPEN
OPP-000161,338,Badal Traders,6,10,Modern Trade,A,REVENUE_RECOVERY,100,HIGH,"[""Revenue declined 100.0% vs previous 30d"", ""Revenue gap of \u20b913,494"", ""Order frequency declined 100.0%"", ""Revenue growth materially below peer benchmark""]","Prioritize an outlet visit to investigate lost volume, identify affected products/categories, and attempt revenue recovery.",OPEN
OPP-000162,338,Badal Traders,6,10,Modern Trade,A,INACTIVE_OUTLET,85,HIGH,"[""No order for 46 days"", ""Zero revenue in current 30d"", ""Previous 30d revenue was \u20b913,494""]",Prioritize a reactivation visit. Investigate the reason for inactivity and attempt to recover previous purchasing behaviour.,OPEN
OPP-000163,342,Ravel Retail,5,71,General Trade,A,REVENUE_RECOVERY,100,HIGH,"[""Revenue declined 81.1% vs previous 30d"", ""Revenue gap of \u20b933,108"", ""Order frequency declined 80.0%"", ""Revenue growth materially below peer benchmark""]","Prioritize an outlet visit to investigate lost volume, identify affected products/categories, and attempt revenue recovery.",OPEN
OPP-000164,344,Mohan Traders,12,61,Pharmacy,B,REVENUE_RECOVERY,92,HIGH,"[""Revenue declined 100.0% vs previous 30d"", ""Revenue gap of \u20b92,061"", ""Order frequency declined 100.0%"", ""Revenue growth materially below peer benchmark""]","Prioritize an outlet visit to investigate lost volume, identify affected products/categories, and attempt revenue recovery.",OPEN
OPP-000165,344,Mohan Traders,12,61,Pharmacy,B,INACTIVE_OUTLET,75,HIGH,"[""No order for 54 days"", ""Zero revenue in current 30d"", ""Previous 30d revenue was \u20b92,061""]",Prioritize a reactivation visit. Investigate the reason for inactivity and attempt to recover previous purchasing behaviour.,OPEN
OPP-000166,345,Pillay Retail,3,83,Pharmacy,B,REVENUE_RECOVERY,45,LOW,"[""Revenue declined 15.9% vs previous 30d"", ""Revenue gap of \u20b9915"", ""Order frequency declined 33.3%""]","Prioritize an outlet visit to investigate lost volume, identify affected products/categories, and attempt revenue recovery.",OPEN
OPP-000167,346,Solanki Retail,7,57,Convenience,B,REVENUE_RECOVERY,70,MEDIUM,"[""Revenue declined 38.7% vs previous 30d"", ""Revenue gap of \u20b94,004"", ""Order frequency declined 25.0%"", ""Revenue growth below peer benchmark""]","Prioritize an outlet visit to investigate lost volume, identify affected products/categories, and attempt revenue recovery.",OPEN
OPP-000168,347,Wali Supermarket,7,13,Pharmacy,C,REVENUE_RECOVERY,80,HIGH,"[""Revenue declined 100.0% vs previous 30d"", ""Revenue gap of \u20b9531"", ""Order frequency declined 100.0%"", ""Revenue growth materially below peer benchmark""]","Prioritize an outlet visit to investigate lost volume, identify affected products/categories, and attempt revenue recovery.",OPEN
OPP-000169,347,Wali Supermarket,7,13,Pharmacy,C,INACTIVE_OUTLET,50,LOW,"[""No order for 42 days"", ""Zero revenue in current 30d""]",Prioritize a reactivation visit. Investigate the reason for inactivity and attempt to recover previous purchasing behaviour.,OPEN
OPP-000170,349,Sandal Traders,5,31,General Trade,B,REVENUE_RECOVERY,100,HIGH,"[""Revenue declined 100.0% vs previous 30d"", ""Revenue gap of \u20b98,566"", ""Order frequency declined 100.0%"", ""Revenue growth materially below peer benchmark""]","Prioritize an outlet visit to investigate lost volume, identify affected products/categories, and attempt revenue recovery.",OPEN
OPP-000171,349,Sandal Traders,5,31,General Trade,B,INACTIVE_OUTLET,70,MEDIUM,"[""No order for 40 days"", ""Zero revenue in current 30d"", ""Previous 30d revenue was \u20b98,566""]",Prioritize a reactivation visit. Investigate the reason for inactivity and attempt to recover previous purchasing behaviour.,OPEN
OPP-000172,350,Narayanan Traders,12,87,Modern Trade,A,REVENUE_RECOVERY,42,LOW,"[""Revenue gap of \u20b94,600"", ""Revenue growth materially below peer benchmark""]","Prioritize an outlet visit to investigate lost volume, identify affected products/categories, and attempt revenue recovery.",OPEN
OPP-000173,353,Madan General Store,12,36,Convenience,B,REVENUE_RECOVERY,100,HIGH,"[""Revenue declined 91.7% vs previous 30d"", ""Revenue gap of \u20b911,627"", ""Order frequency declined 80.0%"", ""Revenue growth materially below peer benchmark""]","Prioritize an outlet visit to investigate lost volume, identify affected products/categories, and attempt revenue recovery.",OPEN
OPP-000174,359,Mutti Traders,7,13,Supermarket,A,REVENUE_RECOVERY,78,HIGH,"[""Revenue declined 34.3% vs previous 30d"", ""Revenue gap of \u20b95,874"", ""Revenue growth materially below peer benchmark""]","Prioritize an outlet visit to investigate lost volume, identify affected products/categories, and attempt revenue recovery.",OPEN
OPP-000175,360,Dar Traders,4,12,Pharmacy,B,REVENUE_RECOVERY,58,MEDIUM,"[""Revenue declined 39.2% vs previous 30d"", ""Revenue gap of \u20b91,840"", ""Order frequency declined 25.0%"", ""Revenue growth below peer benchmark""]","Prioritize an outlet visit to investigate lost volume, identify affected products/categories, and attempt revenue recovery.",OPEN
OPP-000176,362,Goyal Mart,4,4,General Trade,A,REVENUE_RECOVERY,100,HIGH,"[""Revenue declined 71.2% vs previous 30d"", ""Revenue gap of \u20b917,502"", ""Order frequency declined 60.0%"", ""Revenue growth materially below peer benchmark""]","Prioritize an outlet visit to investigate lost volume, identify affected products/categories, and attempt revenue recovery.",OPEN
OPP-000177,364,Kalita Supermarket,4,4,Pharmacy,B,REVENUE_RECOVERY,100,HIGH,"[""Revenue declined 100.0% vs previous 30d"", ""Revenue gap of \u20b98,541"", ""Order frequency declined 100.0%"", ""Revenue growth materially below peer benchmark""]","Prioritize an outlet visit to investigate lost volume, identify affected products/categories, and attempt revenue recovery.",OPEN
OPP-000178,364,Kalita Supermarket,4,4,Pharmacy,B,INACTIVE_OUTLET,70,MEDIUM,"[""No order for 35 days"", ""Zero revenue in current 30d"", ""Previous 30d revenue was \u20b98,541""]",Prioritize a reactivation visit. Investigate the reason for inactivity and attempt to recover previous purchasing behaviour.,OPEN
OPP-000179,365,Sule Retail,5,71,General Trade,B,REVENUE_RECOVERY,100,HIGH,"[""Revenue declined 100.0% vs previous 30d"", ""Revenue gap of \u20b95,468"", ""Order frequency declined 100.0%"", ""Revenue growth materially below peer benchmark""]","Prioritize an outlet visit to investigate lost volume, identify affected products/categories, and attempt revenue recovery.",OPEN
OPP-000180,365,Sule Retail,5,71,General Trade,B,INACTIVE_OUTLET,70,MEDIUM,"[""No order for 42 days"", ""Zero revenue in current 30d"", ""Previous 30d revenue was \u20b95,468""]",Prioritize a reactivation visit. Investigate the reason for inactivity and attempt to recover previous purchasing behaviour.,OPEN
OPP-000181,367,Vohra Mart,10,100,Modern Trade,B,REVENUE_RECOVERY,75,HIGH,"[""Revenue declined 39.1% vs previous 30d"", ""Revenue gap of \u20b94,593"", ""Order frequency declined 66.7%"", ""Revenue growth below peer benchmark""]","Prioritize an outlet visit to investigate lost volume, identify affected products/categories, and attempt revenue recovery.",OPEN
OPP-000182,368,Mandal Retail,12,78,Pharmacy,C,REVENUE_RECOVERY,50,LOW,"[""Revenue declined 29.7% vs previous 30d"", ""Revenue gap of \u20b91,703"", ""Order frequency declined 66.7%""]","Prioritize an outlet visit to investigate lost volume, identify affected products/categories, and attempt revenue recovery.",OPEN
OPP-000183,369,Chaudhry Supermarket,10,33,Convenience,B,REVENUE_RECOVERY,60,MEDIUM,"[""Revenue declined 40.2% vs previous 30d"", ""Revenue gap of \u20b92,256"", ""Revenue growth below peer benchmark""]","Prioritize an outlet visit to investigate lost volume, identify affected products/categories, and attempt revenue recovery.",OPEN
OPP-000184,370,Hari Supermarket,9,85,Convenience,C,REVENUE_RECOVERY,80,HIGH,"[""Revenue declined 100.0% vs previous 30d"", ""Revenue gap of \u20b91,687"", ""Order frequency declined 100.0%"", ""Revenue growth materially below peer benchmark""]","Prioritize an outlet visit to investigate lost volume, identify affected products/categories, and attempt revenue recovery.",OPEN
OPP-000185,370,Hari Supermarket,9,85,Convenience,C,INACTIVE_OUTLET,60,MEDIUM,"[""No order for 42 days"", ""Zero revenue in current 30d"", ""Previous 30d revenue was \u20b91,687""]",Prioritize a reactivation visit. Investigate the reason for inactivity and attempt to recover previous purchasing behaviour.,OPEN
OPP-000186,374,Gola Supermarket,1,52,Convenience,C,REVENUE_RECOVERY,100,HIGH,"[""Revenue declined 100.0% vs previous 30d"", ""Revenue gap of \u20b96,714"", ""Order frequency declined 100.0%"", ""Revenue growth materially below peer benchmark""]","Prioritize an outlet visit to investigate lost volume, identify affected products/categories, and attempt revenue recovery.",OPEN
OPP-000187,374,Gola Supermarket,1,52,Convenience,C,INACTIVE_OUTLET,70,MEDIUM,"[""No order for 36 days"", ""Zero revenue in current 30d"", ""Previous 30d revenue was \u20b96,714""]",Prioritize a reactivation visit. Investigate the reason for inactivity and attempt to recover previous purchasing behaviour.,OPEN
OPP-000188,380,Bath Traders,3,88,General Trade,B,REVENUE_RECOVERY,90,HIGH,"[""Revenue declined 68.8% vs previous 30d"", ""Revenue gap of \u20b912,214"", ""Order frequency declined"", ""Revenue growth materially below peer benchmark""]","Prioritize an outlet visit to investigate lost volume, identify affected products/categories, and attempt revenue recovery.",OPEN
OPP-000189,382,Master Mart,10,63,Supermarket,C,REVENUE_RECOVERY,65,MEDIUM,"[""Revenue declined 66.9% vs previous 30d"", ""Revenue gap of \u20b9941"", ""Revenue growth materially below peer benchmark""]","Prioritize an outlet visit to investigate lost volume, identify affected products/categories, and attempt revenue recovery.",OPEN
OPP-000190,383,Date Mart,1,27,Pharmacy,C,REVENUE_RECOVERY,92,HIGH,"[""Revenue declined 100.0% vs previous 30d"", ""Revenue gap of \u20b93,027"", ""Order frequency declined 100.0%"", ""Revenue growth materially below peer benchmark""]","Prioritize an outlet visit to investigate lost volume, identify affected products/categories, and attempt revenue recovery.",OPEN
OPP-000191,383,Date Mart,1,27,Pharmacy,C,INACTIVE_OUTLET,60,MEDIUM,"[""No order for 33 days"", ""Zero revenue in current 30d"", ""Previous 30d revenue was \u20b93,027""]",Prioritize a reactivation visit. Investigate the reason for inactivity and attempt to recover previous purchasing behaviour.,OPEN
OPP-000192,385,Chauhan General Store,8,69,Supermarket,C,REVENUE_RECOVERY,92,HIGH,"[""Revenue declined 100.0% vs previous 30d"", ""Revenue gap of \u20b94,344"", ""Order frequency declined 100.0%"", ""Revenue growth materially below peer benchmark""]","Prioritize an outlet visit to investigate lost volume, identify affected products/categories, and attempt revenue recovery.",OPEN
OPP-000193,385,Chauhan General Store,8,69,Supermarket,C,INACTIVE_OUTLET,60,MEDIUM,"[""No order for 31 days"", ""Zero revenue in current 30d"", ""Previous 30d revenue was \u20b94,344""]",Prioritize a reactivation visit. Investigate the reason for inactivity and attempt to recover previous purchasing behaviour.,OPEN
OPP-000194,389,Srinivas Mart,10,63,Pharmacy,C,REVENUE_RECOVERY,80,HIGH,"[""Revenue declined 100.0% vs previous 30d"", ""Revenue gap of \u20b9531"", ""Order frequency declined 100.0%"", ""Revenue growth materially below peer benchmark""]","Prioritize an outlet visit to investigate lost volume, identify affected products/categories, and attempt revenue recovery.",OPEN
OPP-000195,389,Srinivas Mart,10,63,Pharmacy,C,INACTIVE_OUTLET,50,LOW,"[""No order for 41 days"", ""Zero revenue in current 30d""]",Prioritize a reactivation visit. Investigate the reason for inactivity and attempt to recover previous purchasing behaviour.,OPEN
OPP-000196,393,Behl General Store,12,61,Supermarket,B,REVENUE_RECOVERY,40,LOW,"[""Revenue declined 20.6% vs previous 30d"", ""Revenue gap of \u20b91,392"", ""Revenue growth below peer benchmark""]","Prioritize an outlet visit to investigate lost volume, identify affected products/categories, and attempt revenue recovery.",OPEN
OPP-000197,394,Krishnan Mart,9,35,Pharmacy,C,REVENUE_RECOVERY,67,MEDIUM,"[""Revenue declined 61.9% vs previous 30d"", ""Revenue gap of \u20b93,230"", ""Revenue growth below peer benchmark""]","Prioritize an outlet visit to investigate lost volume, identify affected products/categories, and attempt revenue recovery.",OPEN
OPP-000198,396,Comar Traders,3,67,Supermarket,B,REVENUE_RECOVERY,100,HIGH,"[""Revenue declined 100.0% vs previous 30d"", ""Revenue gap of \u20b99,240"", ""Order frequency declined 100.0%"", ""Revenue growth materially below peer benchmark""]","Prioritize an outlet visit to investigate lost volume, identify affected products/categories, and attempt revenue recovery.",OPEN
OPP-000199,396,Comar Traders,3,67,Supermarket,B,INACTIVE_OUTLET,70,MEDIUM,"[""No order for 40 days"", ""Zero revenue in current 30d"", ""Previous 30d revenue was \u20b99,240""]",Prioritize a reactivation visit. Investigate the reason for inactivity and attempt to recover previous purchasing behaviour.,OPEN
OPP-000200,400,Borah Retail,10,6,Pharmacy,B,REVENUE_RECOVERY,100,HIGH,"[""Revenue declined 86.1% vs previous 30d"", ""Revenue gap of \u20b96,493"", ""Order frequency declined 50.0%"", ""Revenue growth materially below peer benchmark""]","Prioritize an outlet visit to investigate lost volume, identify affected products/categories, and attempt revenue recovery.",OPEN
OPP-000201,403,Dixit Traders,9,35,Pharmacy,C,REVENUE_RECOVERY,65,MEDIUM,"[""Revenue declined 100.0% vs previous 30d"", ""Order frequency declined 100.0%"", ""Revenue growth materially below peer benchmark""]","Prioritize an outlet visit to investigate lost volume, identify affected products/categories, and attempt revenue recovery.",OPEN
OPP-000202,403,Dixit Traders,9,35,Pharmacy,C,INACTIVE_OUTLET,50,LOW,"[""No order for 43 days"", ""Zero revenue in current 30d""]",Prioritize a reactivation visit. Investigate the reason for inactivity and attempt to recover previous purchasing behaviour.,OPEN
OPP-000203,405,Chada Traders,12,87,Supermarket,A,REVENUE_RECOVERY,100,HIGH,"[""Revenue declined 57.7% vs previous 30d"", ""Revenue gap of \u20b927,757"", ""Order frequency declined 57.1%"", ""Revenue growth materially below peer benchmark""]","Prioritize an outlet visit to investigate lost volume, identify affected products/categories, and attempt revenue recovery.",OPEN
OPP-000204,407,Dani Supermarket,3,2,Convenience,C,REVENUE_RECOVERY,48,LOW,"[""Revenue declined 45.9% vs previous 30d"", ""Revenue gap of \u20b91,563"", ""Revenue growth below peer benchmark""]","Prioritize an outlet visit to investigate lost volume, identify affected products/categories, and attempt revenue recovery.",OPEN
OPP-000205,409,Kara Supermarket,6,45,Convenience,A,REVENUE_RECOVERY,93,HIGH,"[""Revenue declined 46.9% vs previous 30d"", ""Revenue gap of \u20b95,992"", ""Order frequency declined 66.7%"", ""Revenue growth materially below peer benchmark""]","Prioritize an outlet visit to investigate lost volume, identify affected products/categories, and attempt revenue recovery.",OPEN
OPP-000206,410,Virk Mart,6,65,General Trade,C,REVENUE_RECOVERY,80,HIGH,"[""Revenue declined 79.1% vs previous 30d"", ""Revenue gap of \u20b91,839"", ""Order frequency declined 50.0%"", ""Revenue growth materially below peer benchmark""]","Prioritize an outlet visit to investigate lost volume, identify affected products/categories, and attempt revenue recovery.",OPEN
OPP-000207,412,Seshadri Traders,7,57,Pharmacy,B,REVENUE_RECOVERY,60,MEDIUM,"[""Revenue declined 31.8% vs previous 30d"", ""Revenue gap of \u20b93,300"", ""Revenue growth below peer benchmark""]","Prioritize an outlet visit to investigate lost volume, identify affected products/categories, and attempt revenue recovery.",OPEN
OPP-000208,413,Savant General Store,1,3,Convenience,B,REVENUE_RECOVERY,85,HIGH,"[""Revenue declined 48.0% vs previous 30d"", ""Revenue gap of \u20b94,206"", ""Order frequency declined 50.0%"", ""Revenue growth materially below peer benchmark""]","Prioritize an outlet visit to investigate lost volume, identify affected products/categories, and attempt revenue recovery.",OPEN
OPP-000209,414,Mishra Supermarket,6,80,Modern Trade,C,REVENUE_RECOVERY,80,HIGH,"[""Revenue declined 100.0% vs previous 30d"", ""Revenue gap of \u20b91,503"", ""Order frequency declined 100.0%"", ""Revenue growth materially below peer benchmark""]","Prioritize an outlet visit to investigate lost volume, identify affected products/categories, and attempt revenue recovery.",OPEN
OPP-000210,414,Mishra Supermarket,6,80,Modern Trade,C,INACTIVE_OUTLET,75,HIGH,"[""No order for 45 days"", ""Zero revenue in current 30d"", ""Previous 30d revenue was \u20b91,503""]",Prioritize a reactivation visit. Investigate the reason for inactivity and attempt to recover previous purchasing behaviour.,OPEN
OPP-000211,415,Sanghvi Traders,5,47,Supermarket,C,REVENUE_RECOVERY,67,MEDIUM,"[""Revenue declined 65.0% vs previous 30d"", ""Revenue gap of \u20b92,418"", ""Revenue growth below peer benchmark""]","Prioritize an outlet visit to investigate lost volume, identify affected products/categories, and attempt revenue recovery.",OPEN
OPP-000212,416,Mody General Store,12,92,General Trade,C,REVENUE_RECOVERY,100,HIGH,"[""Revenue declined 100.0% vs previous 30d"", ""Revenue gap of \u20b95,209"", ""Order frequency declined 100.0%"", ""Revenue growth materially below peer benchmark""]","Prioritize an outlet visit to investigate lost volume, identify affected products/categories, and attempt revenue recovery.",OPEN
OPP-000213,416,Mody General Store,12,92,General Trade,C,INACTIVE_OUTLET,70,MEDIUM,"[""No order for 39 days"", ""Zero revenue in current 30d"", ""Previous 30d revenue was \u20b95,209""]",Prioritize a reactivation visit. Investigate the reason for inactivity and attempt to recover previous purchasing behaviour.,OPEN
OPP-000214,417,Bhasin Retail,12,46,General Trade,B,REVENUE_RECOVERY,40,LOW,"[""Revenue declined 20.4% vs previous 30d"", ""Revenue gap of \u20b91,751"", ""Revenue growth below peer benchmark""]","Prioritize an outlet visit to investigate lost volume, identify affected products/categories, and attempt revenue recovery.",OPEN
OPP-000215,423,Dugar Traders,5,42,Convenience,C,REVENUE_RECOVERY,80,HIGH,"[""Revenue declined 100.0% vs previous 30d"", ""Revenue gap of \u20b91,186"", ""Order frequency declined 100.0%"", ""Revenue growth materially below peer benchmark""]","Prioritize an outlet visit to investigate lost volume, identify affected products/categories, and attempt revenue recovery.",OPEN
OPP-000216,423,Dugar Traders,5,42,Convenience,C,INACTIVE_OUTLET,60,MEDIUM,"[""No order for 40 days"", ""Zero revenue in current 30d"", ""Previous 30d revenue was \u20b91,186""]",Prioritize a reactivation visit. Investigate the reason for inactivity and attempt to recover previous purchasing behaviour.,OPEN
OPP-000217,427,Dugar Supermarket,3,91,Pharmacy,C,REVENUE_RECOVERY,92,HIGH,"[""Revenue declined 100.0% vs previous 30d"", ""Revenue gap of \u20b93,080"", ""Order frequency declined 100.0%"", ""Revenue growth materially below peer benchmark""]","Prioritize an outlet visit to investigate lost volume, identify affected products/categories, and attempt revenue recovery.",OPEN
OPP-000218,427,Dugar Supermarket,3,91,Pharmacy,C,INACTIVE_OUTLET,60,MEDIUM,"[""No order for 40 days"", ""Zero revenue in current 30d"", ""Previous 30d revenue was \u20b93,080""]",Prioritize a reactivation visit. Investigate the reason for inactivity and attempt to recover previous purchasing behaviour.,OPEN
OPP-000219,430,Seshadri Supermarket,3,89,General Trade,B,REVENUE_RECOVERY,100,HIGH,"[""Revenue declined 53.2% vs previous 30d"", ""Revenue gap of \u20b97,286"", ""Order frequency declined 50.0%"", ""Revenue growth materially below peer benchmark""]","Prioritize an outlet visit to investigate lost volume, identify affected products/categories, and attempt revenue recovery.",OPEN
OPP-000220,432,Manne Traders,3,89,Pharmacy,C,REVENUE_RECOVERY,92,HIGH,"[""Revenue declined 100.0% vs previous 30d"", ""Revenue gap of \u20b93,389"", ""Order frequency declined 100.0%"", ""Revenue growth materially below peer benchmark""]","Prioritize an outlet visit to investigate lost volume, identify affected products/categories, and attempt revenue recovery.",OPEN
OPP-000221,432,Manne Traders,3,89,Pharmacy,C,INACTIVE_OUTLET,75,HIGH,"[""No order for 45 days"", ""Zero revenue in current 30d"", ""Previous 30d revenue was \u20b93,389""]",Prioritize a reactivation visit. Investigate the reason for inactivity and attempt to recover previous purchasing behaviour.,OPEN
OPP-000222,433,Bali Retail,5,71,Modern Trade,A,REVENUE_RECOVERY,88,HIGH,"[""Revenue declined 31.1% vs previous 30d"", ""Revenue gap of \u20b97,698"", ""Order frequency declined 25.0%"", ""Revenue growth materially below peer benchmark""]","Prioritize an outlet visit to investigate lost volume, identify affected products/categories, and attempt revenue recovery.",OPEN
OPP-000223,434,Kata Supermarket,6,29,Convenience,C,REVENUE_RECOVERY,90,HIGH,"[""Revenue declined 56.7% vs previous 30d"", ""Revenue gap of \u20b96,246"", ""Order frequency declined 75.0%"", ""Revenue growth below peer benchmark""]","Prioritize an outlet visit to investigate lost volume, identify affected products/categories, and attempt revenue recovery.",OPEN
OPP-000224,435,Mani General Store,2,38,Modern Trade,A,REVENUE_RECOVERY,35,LOW,"[""Revenue gap of \u20b91,958"", ""Order frequency declined 50.0%"", ""Revenue growth below peer benchmark""]","Prioritize an outlet visit to investigate lost volume, identify affected products/categories, and attempt revenue recovery.",OPEN
OPP-000225,436,Mandal Supermarket,1,49,Supermarket,B,REVENUE_RECOVERY,100,HIGH,"[""Revenue declined 85.4% vs previous 30d"", ""Revenue gap of \u20b919,295"", ""Order frequency declined 80.0%"", ""Revenue growth materially below peer benchmark""]","Prioritize an outlet visit to investigate lost volume, identify affected products/categories, and attempt revenue recovery.",OPEN
OPP-000226,437,Setty Mart,4,1,General Trade,B,REVENUE_RECOVERY,95,HIGH,"[""Revenue declined 59.3% vs previous 30d"", ""Revenue gap of \u20b97,283"", ""Order frequency declined 40.0%"", ""Revenue growth materially below peer benchmark""]","Prioritize an outlet visit to investigate lost volume, identify affected products/categories, and attempt revenue recovery.",OPEN
OPP-000227,439,Kaur Mart,3,91,Convenience,B,REVENUE_RECOVERY,100,HIGH,"[""Revenue declined 95.5% vs previous 30d"", ""Revenue gap of \u20b922,557"", ""Order frequency declined 83.3%"", ""Revenue growth materially below peer benchmark""]","Prioritize an outlet visit to investigate lost volume, identify affected products/categories, and attempt revenue recovery.",OPEN
OPP-000228,440,Lalla Retail,8,70,Modern Trade,B,REVENUE_RECOVERY,77,HIGH,"[""Revenue declined 64.4% vs previous 30d"", ""Revenue gap of \u20b93,294"", ""Revenue growth materially below peer benchmark""]","Prioritize an outlet visit to investigate lost volume, identify affected products/categories, and attempt revenue recovery.",OPEN
OPP-000229,441,Hora Supermarket,5,47,Convenience,B,REVENUE_RECOVERY,100,HIGH,"[""Revenue declined 100.0% vs previous 30d"", ""Revenue gap of \u20b97,521"", ""Order frequency declined 100.0%"", ""Revenue growth materially below peer benchmark""]","Prioritize an outlet visit to investigate lost volume, identify affected products/categories, and attempt revenue recovery.",OPEN
OPP-000230,441,Hora Supermarket,5,47,Convenience,B,INACTIVE_OUTLET,85,HIGH,"[""No order for 52 days"", ""Zero revenue in current 30d"", ""Previous 30d revenue was \u20b97,521""]",Prioritize a reactivation visit. Investigate the reason for inactivity and attempt to recover previous purchasing behaviour.,OPEN
OPP-000231,447,Dhar Traders,8,55,General Trade,B,REVENUE_RECOVERY,85,HIGH,"[""Revenue declined 91.6% vs previous 30d"", ""Revenue gap of \u20b97,116"", ""Revenue growth materially below peer benchmark""]","Prioritize an outlet visit to investigate lost volume, identify affected products/categories, and attempt revenue recovery.",OPEN
OPP-000232,450,Gandhi Supermarket,1,3,General Trade,C,REVENUE_RECOVERY,82,HIGH,"[""Revenue declined 71.4% vs previous 30d"", ""Revenue gap of \u20b93,560"", ""Order frequency declined 50.0%"", ""Revenue growth below peer benchmark""]","Prioritize an outlet visit to investigate lost volume, identify affected products/categories, and attempt revenue recovery.",OPEN
OPP-000233,451,Mohanty Supermarket,10,6,General Trade,B,REVENUE_RECOVERY,92,HIGH,"[""Revenue declined 75.8% vs previous 30d"", ""Revenue gap of \u20b94,411"", ""Order frequency declined 50.0%"", ""Revenue growth materially below peer benchmark""]","Prioritize an outlet visit to investigate lost volume, identify affected products/categories, and attempt revenue recovery.",OPEN
OPP-000234,455,Sidhu Supermarket,4,1,Convenience,C,REVENUE_RECOVERY,67,MEDIUM,"[""Revenue declined 85.5% vs previous 30d"", ""Revenue gap of \u20b92,914"", ""Revenue growth below peer benchmark""]","Prioritize an outlet visit to investigate lost volume, identify affected products/categories, and attempt revenue recovery.",OPEN
OPP-000235,456,Modi Supermarket,7,28,Modern Trade,C,REVENUE_RECOVERY,100,HIGH,"[""Revenue declined 100.0% vs previous 30d"", ""Revenue gap of \u20b98,240"", ""Order frequency declined 100.0%"", ""Revenue growth materially below peer benchmark""]","Prioritize an outlet visit to investigate lost volume, identify affected products/categories, and attempt revenue recovery.",OPEN
OPP-000236,460,Zacharia Supermarket,4,41,Supermarket,B,REVENUE_RECOVERY,100,HIGH,"[""Revenue declined 75.2% vs previous 30d"", ""Revenue gap of \u20b97,934"", ""Order frequency declined 80.0%"", ""Revenue growth materially below peer benchmark""]","Prioritize an outlet visit to investigate lost volume, identify affected products/categories, and attempt revenue recovery.",OPEN
OPP-000237,461,Tak Mart,5,47,General Trade,C,REVENUE_RECOVERY,70,MEDIUM,"[""Revenue declined 37.8% vs previous 30d"", ""Revenue gap of \u20b93,412"", ""Order frequency declined 50.0%""]","Prioritize an outlet visit to investigate lost volume, identify affected products/categories, and attempt revenue recovery.",OPEN
OPP-000238,463,Buch General Store,10,100,Modern Trade,B,REVENUE_RECOVERY,100,HIGH,"[""Revenue declined 100.0% vs previous 30d"", ""Revenue gap of \u20b911,673"", ""Order frequency declined 100.0%"", ""Revenue growth materially below peer benchmark""]","Prioritize an outlet visit to investigate lost volume, identify affected products/categories, and attempt revenue recovery.",OPEN
OPP-000239,463,Buch General Store,10,100,Modern Trade,B,INACTIVE_OUTLET,70,MEDIUM,"[""No order for 31 days"", ""Zero revenue in current 30d"", ""Previous 30d revenue was \u20b911,673""]",Prioritize a reactivation visit. Investigate the reason for inactivity and attempt to recover previous purchasing behaviour.,OPEN
OPP-000240,464,Baral General Store,12,18,General Trade,A,REVENUE_RECOVERY,62,MEDIUM,"[""Revenue declined 18.0% vs previous 30d"", ""Revenue gap of \u20b93,128"", ""Revenue growth materially below peer benchmark""]","Prioritize an outlet visit to investigate lost volume, identify affected products/categories, and attempt revenue recovery.",OPEN
OPP-000241,465,Sankaran Supermarket,4,4,Modern Trade,C,REVENUE_RECOVERY,65,MEDIUM,"[""Revenue declined 100.0% vs previous 30d"", ""Order frequency declined 100.0%"", ""Revenue growth materially below peer benchmark""]","Prioritize an outlet visit to investigate lost volume, identify affected products/categories, and attempt revenue recovery.",OPEN
OPP-000242,465,Sankaran Supermarket,4,4,Modern Trade,C,INACTIVE_OUTLET,65,MEDIUM,"[""No order for 54 days"", ""Zero revenue in current 30d""]",Prioritize a reactivation visit. Investigate the reason for inactivity and attempt to recover previous purchasing behaviour.,OPEN
OPP-000243,474,Gill Retail,3,67,Pharmacy,B,REVENUE_RECOVERY,75,HIGH,"[""Revenue declined 31.8% vs previous 30d"", ""Revenue gap of \u20b92,383"", ""Order frequency declined 50.0%"", ""Revenue growth below peer benchmark""]","Prioritize an outlet visit to investigate lost volume, identify affected products/categories, and attempt revenue recovery.",OPEN
OPP-000244,478,Mall Mart,10,6,Modern Trade,C,REVENUE_RECOVERY,92,HIGH,"[""Revenue declined 100.0% vs previous 30d"", ""Revenue gap of \u20b93,088"", ""Order frequency declined 100.0%"", ""Revenue growth materially below peer benchmark""]","Prioritize an outlet visit to investigate lost volume, identify affected products/categories, and attempt revenue recovery.",OPEN
OPP-000245,478,Mall Mart,10,6,Modern Trade,C,INACTIVE_OUTLET,75,HIGH,"[""No order for 45 days"", ""Zero revenue in current 30d"", ""Previous 30d revenue was \u20b93,088""]",Prioritize a reactivation visit. Investigate the reason for inactivity and attempt to recover previous purchasing behaviour.,OPEN
OPP-000246,480,Sarin Retail,5,82,General Trade,C,REVENUE_RECOVERY,92,HIGH,"[""Revenue declined 100.0% vs previous 30d"", ""Revenue gap of \u20b92,300"", ""Order frequency declined 100.0%"", ""Revenue growth materially below peer benchmark""]","Prioritize an outlet visit to investigate lost volume, identify affected products/categories, and attempt revenue recovery.",OPEN
OPP-000247,480,Sarin Retail,5,82,General Trade,C,INACTIVE_OUTLET,60,MEDIUM,"[""No order for 42 days"", ""Zero revenue in current 30d"", ""Previous 30d revenue was \u20b92,300""]",Prioritize a reactivation visit. Investigate the reason for inactivity and attempt to recover previous purchasing behaviour.,OPEN
OPP-000248,481,Swamy Traders,4,62,Convenience,B,REVENUE_RECOVERY,77,HIGH,"[""Revenue declined 52.4% vs previous 30d"", ""Revenue gap of \u20b94,009"", ""Revenue growth materially below peer benchmark""]","Prioritize an outlet visit to investigate lost volume, identify affected products/categories, and attempt revenue recovery.",OPEN
OPP-000249,486,Nath Retail,7,84,General Trade,B,REVENUE_RECOVERY,100,HIGH,"[""Revenue declined 84.7% vs previous 30d"", ""Revenue gap of \u20b97,842"", ""Order frequency declined 50.0%"", ""Revenue growth materially below peer benchmark""]","Prioritize an outlet visit to investigate lost volume, identify affected products/categories, and attempt revenue recovery.",OPEN
OPP-000250,488,Cheema Supermarket,3,11,Pharmacy,C,REVENUE_RECOVERY,100,HIGH,"[""Revenue declined 84.2% vs previous 30d"", ""Revenue gap of \u20b96,235"", ""Order frequency declined 50.0%"", ""Revenue growth materially below peer benchmark""]","Prioritize an outlet visit to investigate lost volume, identify affected products/categories, and attempt revenue recovery.",OPEN
OPP-000251,490,Narayan Traders,12,53,Convenience,A,REVENUE_RECOVERY,62,MEDIUM,"[""Revenue declined 23.1% vs previous 30d"", ""Revenue gap of \u20b94,025"", ""Revenue growth materially below peer benchmark""]","Prioritize an outlet visit to investigate lost volume, identify affected products/categories, and attempt revenue recovery.",OPEN
OPP-000252,491,Sabharwal Traders,9,73,Modern Trade,C,REVENUE_RECOVERY,100,HIGH,"[""Revenue declined 100.0% vs previous 30d"", ""Revenue gap of \u20b96,530"", ""Order frequency declined 100.0%"", ""Revenue growth materially below peer benchmark""]","Prioritize an outlet visit to investigate lost volume, identify affected products/categories, and attempt revenue recovery.",OPEN
OPP-000253,491,Sabharwal Traders,9,73,Modern Trade,C,INACTIVE_OUTLET,70,MEDIUM,"[""No order for 32 days"", ""Zero revenue in current 30d"", ""Previous 30d revenue was \u20b96,530""]",Prioritize a reactivation visit. Investigate the reason for inactivity and attempt to recover previous purchasing behaviour.,OPEN
OPP-000254,495,Bansal General Store,10,21,General Trade,C,REVENUE_RECOVERY,75,HIGH,"[""Revenue declined 42.1% vs previous 30d"", ""Revenue gap of \u20b92,275"", ""Order frequency declined 66.7%"", ""Revenue growth below peer benchmark""]","Prioritize an outlet visit to investigate lost volume, identify affected products/categories, and attempt revenue recovery.",OPEN
OPP-000255,496,Sha Mart,11,56,Supermarket,A,REVENUE_RECOVERY,88,HIGH,"[""Revenue declined 37.5% vs previous 30d"", ""Revenue gap of \u20b912,733"", ""Order frequency declined 42.9%"", ""Revenue growth materially below peer benchmark""]","Prioritize an outlet visit to investigate lost volume, identify affected products/categories, and attempt revenue recovery.",OPEN
OPP-000256,498,Murty Mart,5,82,Convenience,B,REVENUE_RECOVERY,80,HIGH,"[""Revenue declined 56.4% vs previous 30d"", ""Revenue gap of \u20b912,663"", ""Order frequency declined"", ""Revenue growth below peer benchmark""]","Prioritize an outlet visit to investigate lost volume, identify affected products/categories, and attempt revenue recovery.",OPEN
OPP-000257,504,Agarwal Retail,7,44,Convenience,C,REVENUE_RECOVERY,55,MEDIUM,"[""Revenue declined 41.8% vs previous 30d"", ""Revenue gap of \u20b92,465""]","Prioritize an outlet visit to investigate lost volume, identify affected products/categories, and attempt revenue recovery.",OPEN
OPP-000258,510,Pathak Mart,12,64,Supermarket,B,REVENUE_RECOVERY,60,MEDIUM,"[""Revenue declined 32.5% vs previous 30d"", ""Revenue gap of \u20b92,740"", ""Revenue growth below peer benchmark""]","Prioritize an outlet visit to investigate lost volume, identify affected products/categories, and attempt revenue recovery.",OPEN
OPP-000259,511,Tara General Store,6,80,General Trade,A,REVENUE_RECOVERY,100,HIGH,"[""Revenue declined 76.7% vs previous 30d"", ""Revenue gap of \u20b936,357"", ""Order frequency declined 66.7%"", ""Revenue growth materially below peer benchmark""]","Prioritize an outlet visit to investigate lost volume, identify affected products/categories, and attempt revenue recovery.",OPEN
OPP-000260,516,Deep Mart,4,41,Pharmacy,A,REVENUE_RECOVERY,100,HIGH,"[""Revenue declined 53.7% vs previous 30d"", ""Revenue gap of \u20b921,842"", ""Order frequency declined 50.0%"", ""Revenue growth materially below peer benchmark""]","Prioritize an outlet visit to investigate lost volume, identify affected products/categories, and attempt revenue recovery.",OPEN
OPP-000261,517,Mani Mart,8,34,Supermarket,B,REVENUE_RECOVERY,100,HIGH,"[""Revenue declined 100.0% vs previous 30d"", ""Revenue gap of \u20b99,551"", ""Order frequency declined 100.0%"", ""Revenue growth materially below peer benchmark""]","Prioritize an outlet visit to investigate lost volume, identify affected products/categories, and attempt revenue recovery.",OPEN
OPP-000262,517,Mani Mart,8,34,Supermarket,B,INACTIVE_OUTLET,70,MEDIUM,"[""No order for 36 days"", ""Zero revenue in current 30d"", ""Previous 30d revenue was \u20b99,551""]",Prioritize a reactivation visit. Investigate the reason for inactivity and attempt to recover previous purchasing behaviour.,OPEN
OPP-000263,519,Sundaram Supermarket,7,24,Modern Trade,A,REVENUE_RECOVERY,100,HIGH,"[""Revenue declined 56.4% vs previous 30d"", ""Revenue gap of \u20b921,231"", ""Order frequency declined 50.0%"", ""Revenue growth materially below peer benchmark""]","Prioritize an outlet visit to investigate lost volume, identify affected products/categories, and attempt revenue recovery.",OPEN
OPP-000264,520,Dara Mart,6,72,Modern Trade,C,REVENUE_RECOVERY,65,MEDIUM,"[""Revenue declined 100.0% vs previous 30d"", ""Order frequency declined 100.0%"", ""Revenue growth materially below peer benchmark""]","Prioritize an outlet visit to investigate lost volume, identify affected products/categories, and attempt revenue recovery.",OPEN
OPP-000265,520,Dara Mart,6,72,Modern Trade,C,INACTIVE_OUTLET,65,MEDIUM,"[""No order for 56 days"", ""Zero revenue in current 30d""]",Prioritize a reactivation visit. Investigate the reason for inactivity and attempt to recover previous purchasing behaviour.,OPEN
OPP-000266,521,Balakrishnan Mart,3,2,Convenience,B,REVENUE_RECOVERY,100,HIGH,"[""Revenue declined 71.8% vs previous 30d"", ""Revenue gap of \u20b99,595"", ""Order frequency declined 66.7%"", ""Revenue growth materially below peer benchmark""]","Prioritize an outlet visit to investigate lost volume, identify affected products/categories, and attempt revenue recovery.",OPEN
OPP-000267,522,Khatri Supermarket,4,39,General Trade,C,REVENUE_RECOVERY,92,HIGH,"[""Revenue declined 100.0% vs previous 30d"", ""Revenue gap of \u20b92,649"", ""Order frequency declined 100.0%"", ""Revenue growth materially below peer benchmark""]","Prioritize an outlet visit to investigate lost volume, identify affected products/categories, and attempt revenue recovery.",OPEN
OPP-000268,522,Khatri Supermarket,4,39,General Trade,C,INACTIVE_OUTLET,75,HIGH,"[""No order for 50 days"", ""Zero revenue in current 30d"", ""Previous 30d revenue was \u20b92,649""]",Prioritize a reactivation visit. Investigate the reason for inactivity and attempt to recover previous purchasing behaviour.,OPEN
OPP-000269,525,Atwal Supermarket,12,78,Modern Trade,C,REVENUE_RECOVERY,92,HIGH,"[""Revenue declined 100.0% vs previous 30d"", ""Revenue gap of \u20b93,576"", ""Order frequency declined 100.0%"", ""Revenue growth materially below peer benchmark""]","Prioritize an outlet visit to investigate lost volume, identify affected products/categories, and attempt revenue recovery.",OPEN
OPP-000270,525,Atwal Supermarket,12,78,Modern Trade,C,INACTIVE_OUTLET,75,HIGH,"[""No order for 58 days"", ""Zero revenue in current 30d"", ""Previous 30d revenue was \u20b93,576""]",Prioritize a reactivation visit. Investigate the reason for inactivity and attempt to recover previous purchasing behaviour.,OPEN
OPP-000271,527,Chander Retail,12,19,Pharmacy,C,REVENUE_RECOVERY,92,HIGH,"[""Revenue declined 100.0% vs previous 30d"", ""Revenue gap of \u20b92,165"", ""Order frequency declined 100.0%"", ""Revenue growth materially below peer benchmark""]","Prioritize an outlet visit to investigate lost volume, identify affected products/categories, and attempt revenue recovery.",OPEN
OPP-000272,527,Chander Retail,12,19,Pharmacy,C,INACTIVE_OUTLET,60,MEDIUM,"[""No order for 34 days"", ""Zero revenue in current 30d"", ""Previous 30d revenue was \u20b92,165""]",Prioritize a reactivation visit. Investigate the reason for inactivity and attempt to recover previous purchasing behaviour.,OPEN
OPP-000273,529,Comar Traders,3,83,Supermarket,B,REVENUE_RECOVERY,35,LOW,"[""Revenue declined 21.8% vs previous 30d"", ""Revenue gap of \u20b91,819""]","Prioritize an outlet visit to investigate lost volume, identify affected products/categories, and attempt revenue recovery.",OPEN
OPP-000274,535,Upadhyay Supermarket,5,71,Modern Trade,A,REVENUE_RECOVERY,100,HIGH,"[""Revenue declined 68.0% vs previous 30d"", ""Revenue gap of \u20b928,368"", ""Order frequency declined 60.0%"", ""Revenue growth materially below peer benchmark""]","Prioritize an outlet visit to investigate lost volume, identify affected products/categories, and attempt revenue recovery.",OPEN
OPP-000275,536,Mahajan Supermarket,9,73,Supermarket,B,REVENUE_RECOVERY,85,HIGH,"[""Revenue declined 84.4% vs previous 30d"", ""Revenue gap of \u20b95,051"", ""Revenue growth materially below peer benchmark""]","Prioritize an outlet visit to investigate lost volume, identify affected products/categories, and attempt revenue recovery.",OPEN
OPP-000276,538,Subramanian Traders,6,98,Convenience,B,REVENUE_RECOVERY,77,HIGH,"[""Revenue declined 96.6% vs previous 30d"", ""Revenue gap of \u20b94,590"", ""Revenue growth materially below peer benchmark""]","Prioritize an outlet visit to investigate lost volume, identify affected products/categories, and attempt revenue recovery.",OPEN
OPP-000277,539,Sodhi Retail,4,39,Convenience,C,REVENUE_RECOVERY,55,MEDIUM,"[""Revenue declined 38.3% vs previous 30d"", ""Revenue gap of \u20b92,003""]","Prioritize an outlet visit to investigate lost volume, identify affected products/categories, and attempt revenue recovery.",OPEN
OPP-000278,543,Rajagopal Traders,12,18,Convenience,A,REVENUE_RECOVERY,83,HIGH,"[""Revenue declined 40.8% vs previous 30d"", ""Revenue gap of \u20b916,644"", ""Order frequency declined"", ""Revenue growth materially below peer benchmark""]","Prioritize an outlet visit to investigate lost volume, identify affected products/categories, and attempt revenue recovery.",OPEN
OPP-000279,544,Halder General Store,4,25,Convenience,A,REVENUE_RECOVERY,35,LOW,"[""Revenue gap of \u20b91,703"", ""Order frequency declined 50.0%"", ""Revenue growth below peer benchmark""]","Prioritize an outlet visit to investigate lost volume, identify affected products/categories, and attempt revenue recovery.",OPEN
OPP-000280,546,Deshpande Traders,7,44,Supermarket,B,REVENUE_RECOVERY,100,HIGH,"[""Revenue declined 70.6% vs previous 30d"", ""Revenue gap of \u20b98,263"", ""Order frequency declined 50.0%"", ""Revenue growth materially below peer benchmark""]","Prioritize an outlet visit to investigate lost volume, identify affected products/categories, and attempt revenue recovery.",OPEN
OPP-000281,547,Boase Traders,3,11,General Trade,A,REVENUE_RECOVERY,100,HIGH,"[""Revenue declined 94.6% vs previous 30d"", ""Revenue gap of \u20b939,383"", ""Order frequency declined 83.3%"", ""Revenue growth materially below peer benchmark""]","Prioritize an outlet visit to investigate lost volume, identify affected products/categories, and attempt revenue recovery.",OPEN
OPP-000282,548,Majumdar Mart,1,49,Pharmacy,A,REVENUE_RECOVERY,100,HIGH,"[""Revenue declined 79.7% vs previous 30d"", ""Revenue gap of \u20b924,345"", ""Order frequency declined 85.7%"", ""Revenue growth materially below peer benchmark""]","Prioritize an outlet visit to investigate lost volume, identify affected products/categories, and attempt revenue recovery.",OPEN
OPP-000283,550,Oak Mart,3,88,General Trade,C,REVENUE_RECOVERY,92,HIGH,"[""Revenue declined 100.0% vs previous 30d"", ""Revenue gap of \u20b92,234"", ""Order frequency declined 100.0%"", ""Revenue growth materially below peer benchmark""]","Prioritize an outlet visit to investigate lost volume, identify affected products/categories, and attempt revenue recovery.",OPEN
OPP-000284,550,Oak Mart,3,88,General Trade,C,INACTIVE_OUTLET,75,HIGH,"[""No order for 49 days"", ""Zero revenue in current 30d"", ""Previous 30d revenue was \u20b92,234""]",Prioritize a reactivation visit. Investigate the reason for inactivity and attempt to recover previous purchasing behaviour.,OPEN
OPP-000285,551,Tripathi Mart,10,33,Supermarket,C,REVENUE_RECOVERY,80,HIGH,"[""Revenue declined 100.0% vs previous 30d"", ""Revenue gap of \u20b91,170"", ""Order frequency declined 100.0%"", ""Revenue growth materially below peer benchmark""]","Prioritize an outlet visit to investigate lost volume, identify affected products/categories, and attempt revenue recovery.",OPEN
OPP-000286,551,Tripathi Mart,10,33,Supermarket,C,INACTIVE_OUTLET,75,HIGH,"[""No order for 53 days"", ""Zero revenue in current 30d"", ""Previous 30d revenue was \u20b91,170""]",Prioritize a reactivation visit. Investigate the reason for inactivity and attempt to recover previous purchasing behaviour.,OPEN
OPP-000287,553,Agate General Store,5,51,Convenience,A,REVENUE_RECOVERY,100,HIGH,"[""Revenue declined 100.0% vs previous 30d"", ""Revenue gap of \u20b927,906"", ""Order frequency declined 100.0%"", ""Revenue growth materially below peer benchmark""]","Prioritize an outlet visit to investigate lost volume, identify affected products/categories, and attempt revenue recovery.",OPEN
OPP-000288,553,Agate General Store,5,51,Convenience,A,INACTIVE_OUTLET,85,HIGH,"[""No order for 52 days"", ""Zero revenue in current 30d"", ""Previous 30d revenue was \u20b927,906""]",Prioritize a reactivation visit. Investigate the reason for inactivity and attempt to recover previous purchasing behaviour.,OPEN
OPP-000289,557,Dixit General Store,12,46,Pharmacy,B,REVENUE_RECOVERY,85,HIGH,"[""Revenue declined 41.0% vs previous 30d"", ""Revenue gap of \u20b94,013"", ""Order frequency declined 50.0%"", ""Revenue growth materially below peer benchmark""]","Prioritize an outlet visit to investigate lost volume, identify affected products/categories, and attempt revenue recovery.",OPEN
OPP-000290,569,Kaur Supermarket,4,25,Modern Trade,C,REVENUE_RECOVERY,100,HIGH,"[""Revenue declined 100.0% vs previous 30d"", ""Revenue gap of \u20b99,585"", ""Order frequency declined 100.0%"", ""Revenue growth materially below peer benchmark""]","Prioritize an outlet visit to investigate lost volume, identify affected products/categories, and attempt revenue recovery.",OPEN
OPP-000291,570,Roy Traders,1,99,Pharmacy,B,REVENUE_RECOVERY,100,HIGH,"[""Revenue declined 98.5% vs previous 30d"", ""Revenue gap of \u20b95,006"", ""Order frequency declined 50.0%"", ""Revenue growth materially below peer benchmark""]","Prioritize an outlet visit to investigate lost volume, identify affected products/categories, and attempt revenue recovery.",OPEN
OPP-000292,571,Bassi Mart,5,71,Convenience,B,REVENUE_RECOVERY,100,HIGH,"[""Revenue declined 78.2% vs previous 30d"", ""Revenue gap of \u20b98,812"", ""Order frequency declined 80.0%"", ""Revenue growth materially below peer benchmark""]","Prioritize an outlet visit to investigate lost volume, identify affected products/categories, and attempt revenue recovery.",OPEN
OPP-000293,574,Raj Traders,5,47,General Trade,B,REVENUE_RECOVERY,57,MEDIUM,"[""Revenue declined 23.5% vs previous 30d"", ""Revenue gap of \u20b94,372"", ""Order frequency declined 25.0%""]","Prioritize an outlet visit to investigate lost volume, identify affected products/categories, and attempt revenue recovery.",OPEN
OPP-000294,575,Raju Retail,1,3,General Trade,A,REVENUE_RECOVERY,100,HIGH,"[""Revenue declined 91.0% vs previous 30d"", ""Revenue gap of \u20b946,854"", ""Order frequency declined 83.3%"", ""Revenue growth materially below peer benchmark""]","Prioritize an outlet visit to investigate lost volume, identify affected products/categories, and attempt revenue recovery.",OPEN
OPP-000295,576,Doshi Supermarket,1,3,Convenience,C,REVENUE_RECOVERY,82,HIGH,"[""Revenue declined 64.3% vs previous 30d"", ""Revenue gap of \u20b92,343"", ""Order frequency declined 50.0%"", ""Revenue growth below peer benchmark""]","Prioritize an outlet visit to investigate lost volume, identify affected products/categories, and attempt revenue recovery.",OPEN
OPP-000296,577,Tandon Mart,6,5,Supermarket,B,REVENUE_RECOVERY,80,HIGH,"[""Revenue declined 100.0% vs previous 30d"", ""Revenue gap of \u20b91,699"", ""Order frequency declined 100.0%"", ""Revenue growth materially below peer benchmark""]","Prioritize an outlet visit to investigate lost volume, identify affected products/categories, and attempt revenue recovery.",OPEN
OPP-000297,577,Tandon Mart,6,5,Supermarket,B,INACTIVE_OUTLET,75,HIGH,"[""No order for 53 days"", ""Zero revenue in current 30d"", ""Previous 30d revenue was \u20b91,699""]",Prioritize a reactivation visit. Investigate the reason for inactivity and attempt to recover previous purchasing behaviour.,OPEN
OPP-000298,578,Bansal Traders,10,33,Convenience,A,REVENUE_RECOVERY,88,HIGH,"[""Revenue declined 42.1% vs previous 30d"", ""Revenue gap of \u20b921,958"", ""Order frequency declined 28.6%"", ""Revenue growth materially below peer benchmark""]","Prioritize an outlet visit to investigate lost volume, identify affected products/categories, and attempt revenue recovery.",OPEN
OPP-000299,580,Thakkar Retail,1,49,Supermarket,C,REVENUE_RECOVERY,77,HIGH,"[""Revenue declined 62.1% vs previous 30d"", ""Revenue gap of \u20b94,187"", ""Order frequency declined 50.0%""]","Prioritize an outlet visit to investigate lost volume, identify affected products/categories, and attempt revenue recovery.",OPEN
OPP-000300,584,Chaudhry Traders,6,29,Modern Trade,B,REVENUE_RECOVERY,63,MEDIUM,"[""Revenue declined 32.4% vs previous 30d"", ""Revenue gap of \u20b91,554"", ""Order frequency declined 50.0%"", ""Revenue growth below peer benchmark""]","Prioritize an outlet visit to investigate lost volume, identify affected products/categories, and attempt revenue recovery.",OPEN
OPP-000301,588,Dhawan Traders,4,12,Supermarket,C,REVENUE_RECOVERY,82,HIGH,"[""Revenue declined 84.7% vs previous 30d"", ""Revenue gap of \u20b93,810"", ""Order frequency declined 50.0%"", ""Revenue growth below peer benchmark""]","Prioritize an outlet visit to investigate lost volume, identify affected products/categories, and attempt revenue recovery.",OPEN
OPP-000302,589,Rout Mart,7,84,Supermarket,C,REVENUE_RECOVERY,65,MEDIUM,"[""Revenue declined 100.0% vs previous 30d"", ""Order frequency declined 100.0%"", ""Revenue growth materially below peer benchmark""]","Prioritize an outlet visit to investigate lost volume, identify affected products/categories, and attempt revenue recovery.",OPEN
OPP-000303,589,Rout Mart,7,84,Supermarket,C,INACTIVE_OUTLET,50,LOW,"[""No order for 32 days"", ""Zero revenue in current 30d""]",Prioritize a reactivation visit. Investigate the reason for inactivity and attempt to recover previous purchasing behaviour.,OPEN
OPP-000304,595,Rao Traders,5,90,General Trade,B,REVENUE_RECOVERY,100,HIGH,"[""Revenue declined 68.5% vs previous 30d"", ""Revenue gap of \u20b99,238"", ""Order frequency declined 50.0%"", ""Revenue growth materially below peer benchmark""]","Prioritize an outlet visit to investigate lost volume, identify affected products/categories, and attempt revenue recovery.",OPEN
OPP-000305,596,Buch General Store,9,85,Supermarket,C,REVENUE_RECOVERY,100,HIGH,"[""Revenue declined 76.6% vs previous 30d"", ""Revenue gap of \u20b95,791"", ""Order frequency declined 50.0%"", ""Revenue growth materially below peer benchmark""]","Prioritize an outlet visit to investigate lost volume, identify affected products/categories, and attempt revenue recovery.",OPEN
OPP-000306,597,Narasimhan General Store,1,49,Supermarket,C,REVENUE_RECOVERY,50,LOW,"[""Revenue declined 62.7% vs previous 30d"", ""Revenue gap of \u20b91,111""]","Prioritize an outlet visit to investigate lost volume, identify affected products/categories, and attempt revenue recovery.",OPEN
OPP-000307,598,Walla Traders,7,24,Convenience,B,REVENUE_RECOVERY,65,MEDIUM,"[""Revenue declined 100.0% vs previous 30d"", ""Order frequency declined 100.0%"", ""Revenue growth materially below peer benchmark""]","Prioritize an outlet visit to investigate lost volume, identify affected products/categories, and attempt revenue recovery.",OPEN
OPP-000308,598,Walla Traders,7,24,Convenience,B,INACTIVE_OUTLET,50,LOW,"[""No order for 33 days"", ""Zero revenue in current 30d""]",Prioritize a reactivation visit. Investigate the reason for inactivity and attempt to recover previous purchasing behaviour.,OPEN
OPP-000309,599,Rai Traders,7,68,Modern Trade,B,REVENUE_RECOVERY,92,HIGH,"[""Revenue declined 100.0% vs previous 30d"", ""Revenue gap of \u20b93,581"", ""Order frequency declined 100.0%"", ""Revenue growth materially below peer benchmark""]","Prioritize an outlet visit to investigate lost volume, identify affected products/categories, and attempt revenue recovery.",OPEN
OPP-000310,599,Rai Traders,7,68,Modern Trade,B,INACTIVE_OUTLET,60,MEDIUM,"[""No order for 39 days"", ""Zero revenue in current 30d"", ""Previous 30d revenue was \u20b93,581""]",Prioritize a reactivation visit. Investigate the reason for inactivity and attempt to recover previous purchasing behaviour.,OPEN
OPP-000311,600,Nadig Supermarket,4,81,Supermarket,B,REVENUE_RECOVERY,77,HIGH,"[""Revenue declined 63.7% vs previous 30d"", ""Revenue gap of \u20b92,312"", ""Revenue growth materially below peer benchmark""]","Prioritize an outlet visit to investigate lost volume, identify affected products/categories, and attempt revenue recovery.",OPEN
OPP-000312,602,Banik Supermarket,4,12,Modern Trade,B,REVENUE_RECOVERY,87,HIGH,"[""Revenue declined 50.9% vs previous 30d"", ""Revenue gap of \u20b94,112"", ""Order frequency declined 33.3%"", ""Revenue growth materially below peer benchmark""]","Prioritize an outlet visit to investigate lost volume, identify affected products/categories, and attempt revenue recovery.",OPEN
OPP-000313,606,Karan Mart,7,24,General Trade,C,REVENUE_RECOVERY,92,HIGH,"[""Revenue declined 73.6% vs previous 30d"", ""Revenue gap of \u20b92,401"", ""Order frequency declined 50.0%"", ""Revenue growth materially below peer benchmark""]","Prioritize an outlet visit to investigate lost volume, identify affected products/categories, and attempt revenue recovery.",OPEN
OPP-000314,609,Chaudhari Traders,3,88,Modern Trade,B,REVENUE_RECOVERY,100,HIGH,"[""Revenue declined 68.7% vs previous 30d"", ""Revenue gap of \u20b96,684"", ""Order frequency declined 66.7%"", ""Revenue growth materially below peer benchmark""]","Prioritize an outlet visit to investigate lost volume, identify affected products/categories, and attempt revenue recovery.",OPEN
OPP-000315,611,Sawhney Traders,12,53,Modern Trade,C,REVENUE_RECOVERY,80,HIGH,"[""Revenue declined 100.0% vs previous 30d"", ""Revenue gap of \u20b9908"", ""Order frequency declined 100.0%"", ""Revenue growth materially below peer benchmark""]","Prioritize an outlet visit to investigate lost volume, identify affected products/categories, and attempt revenue recovery.",OPEN
OPP-000316,611,Sawhney Traders,12,53,Modern Trade,C,INACTIVE_OUTLET,65,MEDIUM,"[""No order for 54 days"", ""Zero revenue in current 30d""]",Prioritize a reactivation visit. Investigate the reason for inactivity and attempt to recover previous purchasing behaviour.,OPEN
OPP-000317,612,Ganesan Traders,2,9,Convenience,C,REVENUE_RECOVERY,82,HIGH,"[""Revenue declined 66.3% vs previous 30d"", ""Revenue gap of \u20b92,346"", ""Order frequency declined 50.0%"", ""Revenue growth below peer benchmark""]","Prioritize an outlet visit to investigate lost volume, identify affected products/categories, and attempt revenue recovery.",OPEN
OPP-000318,614,Balakrishnan Supermarket,5,51,Convenience,C,REVENUE_RECOVERY,43,LOW,"[""Revenue declined 39.7% vs previous 30d"", ""Revenue gap of \u20b91,150""]","Prioritize an outlet visit to investigate lost volume, identify affected products/categories, and attempt revenue recovery.",OPEN
OPP-000319,617,Bhalla Traders,10,100,Supermarket,B,REVENUE_RECOVERY,95,HIGH,"[""Revenue declined 73.0% vs previous 30d"", ""Revenue gap of \u20b98,382"", ""Order frequency declined 33.3%"", ""Revenue growth materially below peer benchmark""]","Prioritize an outlet visit to investigate lost volume, identify affected products/categories, and attempt revenue recovery.",OPEN
OPP-000320,618,Memon Traders,12,19,General Trade,C,REVENUE_RECOVERY,92,HIGH,"[""Revenue declined 100.0% vs previous 30d"", ""Revenue gap of \u20b92,535"", ""Order frequency declined 100.0%"", ""Revenue growth materially below peer benchmark""]","Prioritize an outlet visit to investigate lost volume, identify affected products/categories, and attempt revenue recovery.",OPEN
OPP-000321,618,Memon Traders,12,19,General Trade,C,INACTIVE_OUTLET,60,MEDIUM,"[""No order for 43 days"", ""Zero revenue in current 30d"", ""Previous 30d revenue was \u20b92,535""]",Prioritize a reactivation visit. Investigate the reason for inactivity and attempt to recover previous purchasing behaviour.,OPEN
OPP-000322,620,Prasad General Store,12,92,Supermarket,C,REVENUE_RECOVERY,82,HIGH,"[""Revenue declined 65.5% vs previous 30d"", ""Revenue gap of \u20b92,556"", ""Order frequency declined 50.0%"", ""Revenue growth below peer benchmark""]","Prioritize an outlet visit to investigate lost volume, identify affected products/categories, and attempt revenue recovery.",OPEN
OPP-000323,621,Sankar Traders,12,92,Supermarket,A,REVENUE_RECOVERY,88,HIGH,"[""Revenue declined 35.1% vs previous 30d"", ""Revenue gap of \u20b99,698"", ""Order frequency declined 33.3%"", ""Revenue growth materially below peer benchmark""]","Prioritize an outlet visit to investigate lost volume, identify affected products/categories, and attempt revenue recovery.",OPEN
OPP-000324,622,Dhingra Traders,7,79,General Trade,B,REVENUE_RECOVERY,100,HIGH,"[""Revenue declined 94.3% vs previous 30d"", ""Revenue gap of \u20b99,929"", ""Order frequency declined 66.7%"", ""Revenue growth materially below peer benchmark""]","Prioritize an outlet visit to investigate lost volume, identify affected products/categories, and attempt revenue recovery.",OPEN
OPP-000325,624,Wali Mart,2,40,General Trade,B,REVENUE_RECOVERY,50,LOW,"[""Revenue declined 15.3% vs previous 30d"", ""Revenue gap of \u20b91,058"", ""Revenue growth materially below peer benchmark""]","Prioritize an outlet visit to investigate lost volume, identify affected products/categories, and attempt revenue recovery.",OPEN
OPP-000326,625,Sabharwal Traders,6,80,Pharmacy,A,REVENUE_RECOVERY,95,HIGH,"[""Revenue declined 52.3% vs previous 30d"", ""Revenue gap of \u20b915,799"", ""Order frequency declined 33.3%"", ""Revenue growth materially below peer benchmark""]","Prioritize an outlet visit to investigate lost volume, identify affected products/categories, and attempt revenue recovery.",OPEN
OPP-000327,626,Gole Traders,5,31,Pharmacy,C,REVENUE_RECOVERY,100,HIGH,"[""Revenue declined 100.0% vs previous 30d"", ""Revenue gap of \u20b95,973"", ""Order frequency declined 100.0%"", ""Revenue growth materially below peer benchmark""]","Prioritize an outlet visit to investigate lost volume, identify affected products/categories, and attempt revenue recovery.",OPEN
OPP-000328,626,Gole Traders,5,31,Pharmacy,C,INACTIVE_OUTLET,70,MEDIUM,"[""No order for 31 days"", ""Zero revenue in current 30d"", ""Previous 30d revenue was \u20b95,973""]",Prioritize a reactivation visit. Investigate the reason for inactivity and attempt to recover previous purchasing behaviour.,OPEN
OPP-000329,627,Garde Retail,4,1,Convenience,C,REVENUE_RECOVERY,80,HIGH,"[""Revenue declined 100.0% vs previous 30d"", ""Revenue gap of \u20b91,998"", ""Order frequency declined 100.0%"", ""Revenue growth materially below peer benchmark""]","Prioritize an outlet visit to investigate lost volume, identify affected products/categories, and attempt revenue recovery.",OPEN
OPP-000330,627,Garde Retail,4,1,Convenience,C,INACTIVE_OUTLET,75,HIGH,"[""No order for 58 days"", ""Zero revenue in current 30d"", ""Previous 30d revenue was \u20b91,998""]",Prioritize a reactivation visit. Investigate the reason for inactivity and attempt to recover previous purchasing behaviour.,OPEN
OPP-000331,628,Gill Retail,8,7,General Trade,A,REVENUE_RECOVERY,100,HIGH,"[""Revenue declined 89.0% vs previous 30d"", ""Revenue gap of \u20b912,643"", ""Order frequency declined 66.7%"", ""Revenue growth materially below peer benchmark""]","Prioritize an outlet visit to investigate lost volume, identify affected products/categories, and attempt revenue recovery.",OPEN
OPP-000332,630,Raja Supermarket,12,87,Convenience,C,REVENUE_RECOVERY,92,HIGH,"[""Revenue declined 100.0% vs previous 30d"", ""Revenue gap of \u20b94,402"", ""Order frequency declined 100.0%"", ""Revenue growth materially below peer benchmark""]","Prioritize an outlet visit to investigate lost volume, identify affected products/categories, and attempt revenue recovery.",OPEN
OPP-000333,630,Raja Supermarket,12,87,Convenience,C,INACTIVE_OUTLET,60,MEDIUM,"[""No order for 32 days"", ""Zero revenue in current 30d"", ""Previous 30d revenue was \u20b94,402""]",Prioritize a reactivation visit. Investigate the reason for inactivity and attempt to recover previous purchasing behaviour.,OPEN
OPP-000334,633,Dhar Mart,10,43,Modern Trade,B,REVENUE_RECOVERY,35,LOW,"[""Revenue declined 17.5% vs previous 30d"", ""Revenue gap of \u20b9898""]","Prioritize an outlet visit to investigate lost volume, identify affected products/categories, and attempt revenue recovery.",OPEN
OPP-000335,634,Kata Supermarket,7,68,Supermarket,B,REVENUE_RECOVERY,35,LOW,"[""Revenue declined 20.8% vs previous 30d"", ""Revenue gap of \u20b91,144""]","Prioritize an outlet visit to investigate lost volume, identify affected products/categories, and attempt revenue recovery.",OPEN
OPP-000336,645,Pai Supermarket,6,74,General Trade,B,REVENUE_RECOVERY,100,HIGH,"[""Revenue declined 100.0% vs previous 30d"", ""Revenue gap of \u20b910,675"", ""Order frequency declined 100.0%"", ""Revenue growth materially below peer benchmark""]","Prioritize an outlet visit to investigate lost volume, identify affected products/categories, and attempt revenue recovery.",OPEN
OPP-000337,645,Pai Supermarket,6,74,General Trade,B,INACTIVE_OUTLET,70,MEDIUM,"[""No order for 31 days"", ""Zero revenue in current 30d"", ""Previous 30d revenue was \u20b910,675""]",Prioritize a reactivation visit. Investigate the reason for inactivity and attempt to recover previous purchasing behaviour.,OPEN
OPP-000338,646,Mistry General Store,3,91,Pharmacy,B,REVENUE_RECOVERY,92,HIGH,"[""Revenue declined 100.0% vs previous 30d"", ""Revenue gap of \u20b94,086"", ""Order frequency declined 100.0%"", ""Revenue growth materially below peer benchmark""]","Prioritize an outlet visit to investigate lost volume, identify affected products/categories, and attempt revenue recovery.",OPEN
OPP-000339,646,Mistry General Store,3,91,Pharmacy,B,INACTIVE_OUTLET,75,HIGH,"[""No order for 47 days"", ""Zero revenue in current 30d"", ""Previous 30d revenue was \u20b94,086""]",Prioritize a reactivation visit. Investigate the reason for inactivity and attempt to recover previous purchasing behaviour.,OPEN
OPP-000340,647,Samra General Store,7,28,Supermarket,B,REVENUE_RECOVERY,62,MEDIUM,"[""Revenue declined 24.2% vs previous 30d"", ""Revenue gap of \u20b93,461"", ""Order frequency declined 25.0%"", ""Revenue growth below peer benchmark""]","Prioritize an outlet visit to investigate lost volume, identify affected products/categories, and attempt revenue recovery.",OPEN
OPP-000341,650,Mittal General Store,12,87,Pharmacy,B,REVENUE_RECOVERY,95,HIGH,"[""Revenue declined 55.3% vs previous 30d"", ""Revenue gap of \u20b97,861"", ""Order frequency declined 25.0%"", ""Revenue growth materially below peer benchmark""]","Prioritize an outlet visit to investigate lost volume, identify affected products/categories, and attempt revenue recovery.",OPEN
OPP-000342,652,Rajagopalan Retail,3,67,Modern Trade,A,REVENUE_RECOVERY,95,HIGH,"[""Revenue declined 70.3% vs previous 30d"", ""Revenue gap of \u20b932,432"", ""Order frequency declined 42.9%"", ""Revenue growth materially below peer benchmark""]","Prioritize an outlet visit to investigate lost volume, identify affected products/categories, and attempt revenue recovery.",OPEN
OPP-000343,653,Subramanian General Store,8,69,Supermarket,C,REVENUE_RECOVERY,92,HIGH,"[""Revenue declined 100.0% vs previous 30d"", ""Revenue gap of \u20b93,044"", ""Order frequency declined 100.0%"", ""Revenue growth materially below peer benchmark""]","Prioritize an outlet visit to investigate lost volume, identify affected products/categories, and attempt revenue recovery.",OPEN
OPP-000344,656,Raj Traders,7,57,General Trade,A,REVENUE_RECOVERY,100,HIGH,"[""Revenue declined 93.1% vs previous 30d"", ""Revenue gap of \u20b925,492"", ""Order frequency declined 80.0%"", ""Revenue growth materially below peer benchmark""]","Prioritize an outlet visit to investigate lost volume, identify affected products/categories, and attempt revenue recovery.",OPEN
OPP-000345,656,Raj Traders,7,57,General Trade,A,STOCK_RISK,50,LOW,"[""3 stockout events in last 90d""]",Review outlet inventory and prioritize replenishment of affected SKUs before another stockout causes lost sales.,OPEN
OPP-000346,658,Merchant Traders,12,92,Convenience,A,REVENUE_RECOVERY,100,HIGH,"[""Revenue declined 100.0% vs previous 30d"", ""Revenue gap of \u20b911,022"", ""Order frequency declined 100.0%"", ""Revenue growth materially below peer benchmark""]","Prioritize an outlet visit to investigate lost volume, identify affected products/categories, and attempt revenue recovery.",OPEN
OPP-000347,658,Merchant Traders,12,92,Convenience,A,INACTIVE_OUTLET,85,HIGH,"[""No order for 49 days"", ""Zero revenue in current 30d"", ""Previous 30d revenue was \u20b911,022""]",Prioritize a reactivation visit. Investigate the reason for inactivity and attempt to recover previous purchasing behaviour.,OPEN
OPP-000348,662,Maharaj General Store,12,66,Supermarket,B,REVENUE_RECOVERY,88,HIGH,"[""Revenue declined 47.8% vs previous 30d"", ""Revenue gap of \u20b95,629"", ""Order frequency declined 33.3%"", ""Revenue growth materially below peer benchmark""]","Prioritize an outlet visit to investigate lost volume, identify affected products/categories, and attempt revenue recovery.",OPEN
OPP-000349,663,Anand Traders,8,69,Modern Trade,B,REVENUE_RECOVERY,92,HIGH,"[""Revenue declined 54.3% vs previous 30d"", ""Revenue gap of \u20b94,351"", ""Order frequency declined 66.7%"", ""Revenue growth materially below peer benchmark""]","Prioritize an outlet visit to investigate lost volume, identify affected products/categories, and attempt revenue recovery.",OPEN
OPP-000350,664,Bawa Supermarket,12,50,Pharmacy,B,REVENUE_RECOVERY,100,HIGH,"[""Revenue declined 58.8% vs previous 30d"", ""Revenue gap of \u20b96,926"", ""Order frequency declined 50.0%"", ""Revenue growth materially below peer benchmark""]","Prioritize an outlet visit to investigate lost volume, identify affected products/categories, and attempt revenue recovery.",OPEN
OPP-000351,670,Gupta Traders,12,87,Supermarket,C,REVENUE_RECOVERY,77,HIGH,"[""Revenue declined 54.3% vs previous 30d"", ""Revenue gap of \u20b92,526"", ""Order frequency declined 50.0%""]","Prioritize an outlet visit to investigate lost volume, identify affected products/categories, and attempt revenue recovery.",OPEN
OPP-000352,671,Krishna Retail,12,66,General Trade,C,REVENUE_RECOVERY,80,HIGH,"[""Revenue declined 100.0% vs previous 30d"", ""Revenue gap of \u20b9925"", ""Order frequency declined 100.0%"", ""Revenue growth materially below peer benchmark""]","Prioritize an outlet visit to investigate lost volume, identify affected products/categories, and attempt revenue recovery.",OPEN
OPP-000353,671,Krishna Retail,12,66,General Trade,C,INACTIVE_OUTLET,50,LOW,"[""No order for 37 days"", ""Zero revenue in current 30d""]",Prioritize a reactivation visit. Investigate the reason for inactivity and attempt to recover previous purchasing behaviour.,OPEN
OPP-000354,673,Chatterjee Retail,11,56,Pharmacy,B,REVENUE_RECOVERY,50,LOW,"[""Revenue declined 26.2% vs previous 30d"", ""Revenue gap of \u20b91,840"", ""Order frequency declined 50.0%""]","Prioritize an outlet visit to investigate lost volume, identify affected products/categories, and attempt revenue recovery.",OPEN
OPP-000355,681,Merchant Supermarket,4,60,General Trade,A,STOCK_RISK,20,LOW,"[""1 stockout event(s) in last 90d""]",Review outlet inventory and prioritize replenishment of affected SKUs before another stockout causes lost sales.,OPEN
OPP-000356,682,Narain Supermarket,6,86,Convenience,C,REVENUE_RECOVERY,100,HIGH,"[""Revenue declined 88.5% vs previous 30d"", ""Revenue gap of \u20b95,380"", ""Order frequency declined 66.7%"", ""Revenue growth materially below peer benchmark""]","Prioritize an outlet visit to investigate lost volume, identify affected products/categories, and attempt revenue recovery.",OPEN
OPP-000357,683,Sagar Supermarket,8,69,Pharmacy,B,REVENUE_RECOVERY,100,HIGH,"[""Revenue declined 56.6% vs previous 30d"", ""Revenue gap of \u20b911,588"", ""Order frequency declined 66.7%"", ""Revenue growth materially below peer benchmark""]","Prioritize an outlet visit to investigate lost volume, identify affected products/categories, and attempt revenue recovery.",OPEN
OPP-000358,684,Gill Supermarket,2,38,Supermarket,A,REVENUE_RECOVERY,75,HIGH,"[""Revenue declined 15.7% vs previous 30d"", ""Revenue gap of \u20b95,124"", ""Order frequency declined"", ""Revenue growth materially below peer benchmark""]","Prioritize an outlet visit to investigate lost volume, identify affected products/categories, and attempt revenue recovery.",OPEN
OPP-000359,686,Deo Mart,4,4,Convenience,B,REVENUE_RECOVERY,75,HIGH,"[""Revenue declined 40.4% vs previous 30d"", ""Revenue gap of \u20b93,533"", ""Order frequency declined 75.0%"", ""Revenue growth below peer benchmark""]","Prioritize an outlet visit to investigate lost volume, identify affected products/categories, and attempt revenue recovery.",OPEN
OPP-000360,689,Wali Retail,7,24,General Trade,C,REVENUE_RECOVERY,80,HIGH,"[""Revenue declined 100.0% vs previous 30d"", ""Revenue gap of \u20b9862"", ""Order frequency declined 100.0%"", ""Revenue growth materially below peer benchmark""]","Prioritize an outlet visit to investigate lost volume, identify affected products/categories, and attempt revenue recovery.",OPEN
OPP-000361,689,Wali Retail,7,24,General Trade,C,INACTIVE_OUTLET,65,MEDIUM,"[""No order for 50 days"", ""Zero revenue in current 30d""]",Prioritize a reactivation visit. Investigate the reason for inactivity and attempt to recover previous purchasing behaviour.,OPEN
OPP-000362,692,Gala Supermarket,4,39,Modern Trade,C,REVENUE_RECOVERY,80,HIGH,"[""Revenue declined 100.0% vs previous 30d"", ""Revenue gap of \u20b9718"", ""Order frequency declined 100.0%"", ""Revenue growth materially below peer benchmark""]","Prioritize an outlet visit to investigate lost volume, identify affected products/categories, and attempt revenue recovery.",OPEN
OPP-000363,693,Kurian Traders,8,34,General Trade,B,REVENUE_RECOVERY,87,HIGH,"[""Revenue declined 57.3% vs previous 30d"", ""Revenue gap of \u20b92,987"", ""Order frequency declined 33.3%"", ""Revenue growth materially below peer benchmark""]","Prioritize an outlet visit to investigate lost volume, identify affected products/categories, and attempt revenue recovery.",OPEN
OPP-000364,695,Merchant Retail,7,79,General Trade,B,REVENUE_RECOVERY,100,HIGH,"[""Revenue declined 100.0% vs previous 30d"", ""Revenue gap of \u20b97,661"", ""Order frequency declined 100.0%"", ""Revenue growth materially below peer benchmark""]","Prioritize an outlet visit to investigate lost volume, identify affected products/categories, and attempt revenue recovery.",OPEN
OPP-000365,695,Merchant Retail,7,79,General Trade,B,INACTIVE_OUTLET,70,MEDIUM,"[""No order for 32 days"", ""Zero revenue in current 30d"", ""Previous 30d revenue was \u20b97,661""]",Prioritize a reactivation visit. Investigate the reason for inactivity and attempt to recover previous purchasing behaviour.,OPEN
OPP-000366,696,Nigam Supermarket,1,99,Modern Trade,C,REVENUE_RECOVERY,80,HIGH,"[""Revenue declined 100.0% vs previous 30d"", ""Revenue gap of \u20b9604"", ""Order frequency declined 100.0%"", ""Revenue growth materially below peer benchmark""]","Prioritize an outlet visit to investigate lost volume, identify affected products/categories, and attempt revenue recovery.",OPEN
OPP-000367,696,Nigam Supermarket,1,99,Modern Trade,C,INACTIVE_OUTLET,65,MEDIUM,"[""No order for 56 days"", ""Zero revenue in current 30d""]",Prioritize a reactivation visit. Investigate the reason for inactivity and attempt to recover previous purchasing behaviour.,OPEN
OPP-000368,700,Dhaliwal Supermarket,4,12,Modern Trade,A,REVENUE_RECOVERY,70,MEDIUM,"[""Revenue declined 22.1% vs previous 30d"", ""Revenue gap of \u20b96,860"", ""Revenue growth materially below peer benchmark""]","Prioritize an outlet visit to investigate lost volume, identify affected products/categories, and attempt revenue recovery.",OPEN
OPP-000369,701,Kara General Store,2,38,Pharmacy,C,REVENUE_RECOVERY,80,HIGH,"[""Revenue declined 100.0% vs previous 30d"", ""Revenue gap of \u20b91,690"", ""Order frequency declined 100.0%"", ""Revenue growth materially below peer benchmark""]","Prioritize an outlet visit to investigate lost volume, identify affected products/categories, and attempt revenue recovery.",OPEN
OPP-000370,701,Kara General Store,2,38,Pharmacy,C,INACTIVE_OUTLET,75,HIGH,"[""No order for 54 days"", ""Zero revenue in current 30d"", ""Previous 30d revenue was \u20b91,690""]",Prioritize a reactivation visit. Investigate the reason for inactivity and attempt to recover previous purchasing behaviour.,OPEN
OPP-000371,702,Ranganathan General Store,3,89,Supermarket,B,REVENUE_RECOVERY,100,HIGH,"[""Revenue declined 100.0% vs previous 30d"", ""Revenue gap of \u20b98,661"", ""Order frequency declined 100.0%"", ""Revenue growth materially below peer benchmark""]","Prioritize an outlet visit to investigate lost volume, identify affected products/categories, and attempt revenue recovery.",OPEN
OPP-000372,702,Ranganathan General Store,3,89,Supermarket,B,INACTIVE_OUTLET,85,HIGH,"[""No order for 50 days"", ""Zero revenue in current 30d"", ""Previous 30d revenue was \u20b98,661""]",Prioritize a reactivation visit. Investigate the reason for inactivity and attempt to recover previous purchasing behaviour.,OPEN
OPP-000373,703,Pau Retail,4,8,Modern Trade,C,REVENUE_RECOVERY,70,MEDIUM,"[""Revenue declined 82.7% vs previous 30d"", ""Revenue gap of \u20b91,865"", ""Order frequency declined 50.0%"", ""Revenue growth below peer benchmark""]","Prioritize an outlet visit to investigate lost volume, identify affected products/categories, and attempt revenue recovery.",OPEN
OPP-000374,704,Chana Traders,7,79,General Trade,A,REVENUE_RECOVERY,93,HIGH,"[""Revenue declined 41.9% vs previous 30d"", ""Revenue gap of \u20b912,249"", ""Order frequency declined 50.0%"", ""Revenue growth materially below peer benchmark""]","Prioritize an outlet visit to investigate lost volume, identify affected products/categories, and attempt revenue recovery.",OPEN
OPP-000375,705,Rana Retail,7,79,General Trade,C,REVENUE_RECOVERY,43,LOW,"[""Revenue declined 32.8% vs previous 30d"", ""Revenue gap of \u20b91,218""]","Prioritize an outlet visit to investigate lost volume, identify affected products/categories, and attempt revenue recovery.",OPEN
OPP-000376,707,Lalla Retail,6,86,Pharmacy,B,REVENUE_RECOVERY,85,HIGH,"[""Revenue declined 65.3% vs previous 30d"", ""Revenue gap of \u20b99,746"", ""Revenue growth materially below peer benchmark""]","Prioritize an outlet visit to investigate lost volume, identify affected products/categories, and attempt revenue recovery.",OPEN
OPP-000377,712,Lala Traders,6,14,Modern Trade,B,REVENUE_RECOVERY,100,HIGH,"[""Revenue declined 100.0% vs previous 30d"", ""Revenue gap of \u20b98,677"", ""Order frequency declined 100.0%"", ""Revenue growth materially below peer benchmark""]","Prioritize an outlet visit to investigate lost volume, identify affected products/categories, and attempt revenue recovery.",OPEN
OPP-000378,712,Lala Traders,6,14,Modern Trade,B,INACTIVE_OUTLET,70,MEDIUM,"[""No order for 31 days"", ""Zero revenue in current 30d"", ""Previous 30d revenue was \u20b98,677""]",Prioritize a reactivation visit. Investigate the reason for inactivity and attempt to recover previous purchasing behaviour.,OPEN
OPP-000379,716,Kaur General Store,6,5,Pharmacy,B,REVENUE_RECOVERY,60,MEDIUM,"[""Revenue declined 32.5% vs previous 30d"", ""Revenue gap of \u20b94,101"", ""Revenue growth below peer benchmark""]","Prioritize an outlet visit to investigate lost volume, identify affected products/categories, and attempt revenue recovery.",OPEN
OPP-000380,719,Narang Traders,2,9,Supermarket,B,REVENUE_RECOVERY,87,HIGH,"[""Revenue declined 56.7% vs previous 30d"", ""Revenue gap of \u20b94,739"", ""Order frequency declined 33.3%"", ""Revenue growth materially below peer benchmark""]","Prioritize an outlet visit to investigate lost volume, identify affected products/categories, and attempt revenue recovery.",OPEN
OPP-000381,721,Bhatnagar Mart,12,36,Supermarket,C,REVENUE_RECOVERY,80,HIGH,"[""Revenue declined 100.0% vs previous 30d"", ""Revenue gap of \u20b91,645"", ""Order frequency declined 100.0%"", ""Revenue growth materially below peer benchmark""]","Prioritize an outlet visit to investigate lost volume, identify affected products/categories, and attempt revenue recovery.",OPEN
OPP-000382,721,Bhatnagar Mart,12,36,Supermarket,C,INACTIVE_OUTLET,75,HIGH,"[""No order for 52 days"", ""Zero revenue in current 30d"", ""Previous 30d revenue was \u20b91,645""]",Prioritize a reactivation visit. Investigate the reason for inactivity and attempt to recover previous purchasing behaviour.,OPEN
OPP-000383,727,Bath Supermarket,6,80,Convenience,C,REVENUE_RECOVERY,43,LOW,"[""Revenue declined 47.7% vs previous 30d"", ""Revenue gap of \u20b91,452""]","Prioritize an outlet visit to investigate lost volume, identify affected products/categories, and attempt revenue recovery.",OPEN
OPP-000384,729,Modi General Store,12,64,General Trade,A,REVENUE_RECOVERY,93,HIGH,"[""Revenue declined 44.9% vs previous 30d"", ""Revenue gap of \u20b920,525"", ""Order frequency declined 50.0%"", ""Revenue growth materially below peer benchmark""]","Prioritize an outlet visit to investigate lost volume, identify affected products/categories, and attempt revenue recovery.",OPEN
OPP-000385,734,Yogi Mart,10,63,Modern Trade,C,REVENUE_RECOVERY,70,MEDIUM,"[""Revenue declined 47.2% vs previous 30d"", ""Revenue gap of \u20b93,979"", ""Revenue growth materially below peer benchmark""]","Prioritize an outlet visit to investigate lost volume, identify affected products/categories, and attempt revenue recovery.",OPEN
OPP-000386,735,Deshmukh Mart,4,48,Supermarket,B,REVENUE_RECOVERY,57,MEDIUM,"[""Revenue declined 27.0% vs previous 30d"", ""Revenue gap of \u20b94,493"", ""Order frequency declined"", ""Revenue growth below peer benchmark""]","Prioritize an outlet visit to investigate lost volume, identify affected products/categories, and attempt revenue recovery.",OPEN
OPP-000387,740,Saini Mart,4,32,Convenience,B,REVENUE_RECOVERY,75,HIGH,"[""Revenue declined 35.4% vs previous 30d"", ""Revenue gap of \u20b93,377"", ""Order frequency declined 50.0%"", ""Revenue growth below peer benchmark""]","Prioritize an outlet visit to investigate lost volume, identify affected products/categories, and attempt revenue recovery.",OPEN
OPP-000388,741,Dubey Traders,4,54,Convenience,A,REVENUE_RECOVERY,55,MEDIUM,"[""Revenue declined 15.4% vs previous 30d"", ""Revenue gap of \u20b91,851"", ""Order frequency declined 60.0%"", ""Revenue growth below peer benchmark""]","Prioritize an outlet visit to investigate lost volume, identify affected products/categories, and attempt revenue recovery.",OPEN
OPP-000389,744,Suri Supermarket,3,91,General Trade,C,REVENUE_RECOVERY,58,MEDIUM,"[""Revenue declined 34.8% vs previous 30d"", ""Revenue gap of \u20b91,534"", ""Order frequency declined 50.0%""]","Prioritize an outlet visit to investigate lost volume, identify affected products/categories, and attempt revenue recovery.",OPEN
OPP-000390,750,Sawhney Traders,5,31,Convenience,A,REVENUE_RECOVERY,100,HIGH,"[""Revenue declined 100.0% vs previous 30d"", ""Revenue gap of \u20b95,871"", ""Order frequency declined 100.0%"", ""Revenue growth materially below peer benchmark""]","Prioritize an outlet visit to investigate lost volume, identify affected products/categories, and attempt revenue recovery.",OPEN
OPP-000391,750,Sawhney Traders,5,31,Convenience,A,INACTIVE_OUTLET,85,HIGH,"[""No order for 47 days"", ""Zero revenue in current 30d"", ""Previous 30d revenue was \u20b95,871""]",Prioritize a reactivation visit. Investigate the reason for inactivity and attempt to recover previous purchasing behaviour.,OPEN
OPP-000392,754,Chaudhary General Store,5,51,General Trade,B,REVENUE_RECOVERY,70,MEDIUM,"[""Revenue declined 56.6% vs previous 30d"", ""Revenue gap of \u20b91,704"", ""Order frequency declined 50.0%"", ""Revenue growth below peer benchmark""]","Prioritize an outlet visit to investigate lost volume, identify affected products/categories, and attempt revenue recovery.",OPEN
OPP-000393,755,Pillai Supermarket,12,64,General Trade,C,REVENUE_RECOVERY,80,HIGH,"[""Revenue declined 100.0% vs previous 30d"", ""Revenue gap of \u20b9681"", ""Order frequency declined 100.0%"", ""Revenue growth materially below peer benchmark""]","Prioritize an outlet visit to investigate lost volume, identify affected products/categories, and attempt revenue recovery.",OPEN
OPP-000394,755,Pillai Supermarket,12,64,General Trade,C,INACTIVE_OUTLET,65,MEDIUM,"[""No order for 59 days"", ""Zero revenue in current 30d""]",Prioritize a reactivation visit. Investigate the reason for inactivity and attempt to recover previous purchasing behaviour.,OPEN
OPP-000395,756,Parmer Traders,5,17,General Trade,B,REVENUE_RECOVERY,80,HIGH,"[""Revenue declined 74.6% vs previous 30d"", ""Revenue gap of \u20b91,931"", ""Order frequency declined 50.0%"", ""Revenue growth materially below peer benchmark""]","Prioritize an outlet visit to investigate lost volume, identify affected products/categories, and attempt revenue recovery.",OPEN
OPP-000396,763,Chand General Store,8,70,General Trade,B,REVENUE_RECOVERY,63,MEDIUM,"[""Revenue declined 35.2% vs previous 30d"", ""Revenue gap of \u20b91,717"", ""Order frequency declined 50.0%"", ""Revenue growth below peer benchmark""]","Prioritize an outlet visit to investigate lost volume, identify affected products/categories, and attempt revenue recovery.",OPEN
OPP-000397,766,Bedi General Store,10,6,Supermarket,C,REVENUE_RECOVERY,80,HIGH,"[""Revenue declined 100.0% vs previous 30d"", ""Revenue gap of \u20b91,296"", ""Order frequency declined 100.0%"", ""Revenue growth materially below peer benchmark""]","Prioritize an outlet visit to investigate lost volume, identify affected products/categories, and attempt revenue recovery.",OPEN
OPP-000398,766,Bedi General Store,10,6,Supermarket,C,INACTIVE_OUTLET,60,MEDIUM,"[""No order for 31 days"", ""Zero revenue in current 30d"", ""Previous 30d revenue was \u20b91,296""]",Prioritize a reactivation visit. Investigate the reason for inactivity and attempt to recover previous purchasing behaviour.,OPEN
OPP-000399,767,Nath General Store,4,58,Convenience,A,REVENUE_RECOVERY,100,HIGH,"[""Revenue declined 91.7% vs previous 30d"", ""Revenue gap of \u20b924,198"", ""Order frequency declined 66.7%"", ""Revenue growth materially below peer benchmark""]","Prioritize an outlet visit to investigate lost volume, identify affected products/categories, and attempt revenue recovery.",OPEN
OPP-000400,771,Biswas Supermarket,6,45,General Trade,C,REVENUE_RECOVERY,92,HIGH,"[""Revenue declined 100.0% vs previous 30d"", ""Revenue gap of \u20b93,504"", ""Order frequency declined 100.0%"", ""Revenue growth materially below peer benchmark""]","Prioritize an outlet visit to investigate lost volume, identify affected products/categories, and attempt revenue recovery.",OPEN
OPP-000401,771,Biswas Supermarket,6,45,General Trade,C,INACTIVE_OUTLET,60,MEDIUM,"[""No order for 33 days"", ""Zero revenue in current 30d"", ""Previous 30d revenue was \u20b93,504""]",Prioritize a reactivation visit. Investigate the reason for inactivity and attempt to recover previous purchasing behaviour.,OPEN
OPP-000402,774,Kaul Retail,4,12,Pharmacy,B,REVENUE_RECOVERY,95,HIGH,"[""Revenue declined 62.2% vs previous 30d"", ""Revenue gap of \u20b98,567"", ""Order frequency declined 33.3%"", ""Revenue growth materially below peer benchmark""]","Prioritize an outlet visit to investigate lost volume, identify affected products/categories, and attempt revenue recovery.",OPEN
OPP-000403,775,Narasimhan Traders,8,97,Supermarket,A,REVENUE_RECOVERY,100,HIGH,"[""Revenue declined 100.0% vs previous 30d"", ""Revenue gap of \u20b919,578"", ""Order frequency declined 100.0%"", ""Revenue growth materially below peer benchmark""]","Prioritize an outlet visit to investigate lost volume, identify affected products/categories, and attempt revenue recovery.",OPEN
OPP-000404,775,Narasimhan Traders,8,97,Supermarket,A,INACTIVE_OUTLET,70,MEDIUM,"[""No order for 38 days"", ""Zero revenue in current 30d"", ""Previous 30d revenue was \u20b919,578""]",Prioritize a reactivation visit. Investigate the reason for inactivity and attempt to recover previous purchasing behaviour.,OPEN
OPP-000405,784,Choudhary Mart,7,13,General Trade,C,REVENUE_RECOVERY,43,LOW,"[""Revenue declined 31.2% vs previous 30d"", ""Revenue gap of \u20b91,154""]","Prioritize an outlet visit to investigate lost volume, identify affected products/categories, and attempt revenue recovery.",OPEN
OPP-000406,785,Bal Mart,12,53,General Trade,C,REVENUE_RECOVERY,92,HIGH,"[""Revenue declined 100.0% vs previous 30d"", ""Revenue gap of \u20b94,127"", ""Order frequency declined 100.0%"", ""Revenue growth materially below peer benchmark""]","Prioritize an outlet visit to investigate lost volume, identify affected products/categories, and attempt revenue recovery.",OPEN
OPP-000407,785,Bal Mart,12,53,General Trade,C,INACTIVE_OUTLET,60,MEDIUM,"[""No order for 34 days"", ""Zero revenue in current 30d"", ""Previous 30d revenue was \u20b94,127""]",Prioritize a reactivation visit. Investigate the reason for inactivity and attempt to recover previous purchasing behaviour.,OPEN
OPP-000408,786,Deep Supermarket,6,72,Convenience,C,REVENUE_RECOVERY,80,HIGH,"[""Revenue declined 100.0% vs previous 30d"", ""Revenue gap of \u20b9904"", ""Order frequency declined 100.0%"", ""Revenue growth materially below peer benchmark""]","Prioritize an outlet visit to investigate lost volume, identify affected products/categories, and attempt revenue recovery.",OPEN
OPP-000409,786,Deep Supermarket,6,72,Convenience,C,INACTIVE_OUTLET,65,MEDIUM,"[""No order for 45 days"", ""Zero revenue in current 30d""]",Prioritize a reactivation visit. Investigate the reason for inactivity and attempt to recover previous purchasing behaviour.,OPEN
OPP-000410,787,Aurora General Store,4,54,Modern Trade,C,REVENUE_RECOVERY,67,MEDIUM,"[""Revenue declined 86.3% vs previous 30d"", ""Revenue gap of \u20b93,876"", ""Revenue growth below peer benchmark""]","Prioritize an outlet visit to investigate lost volume, identify affected products/categories, and attempt revenue recovery.",OPEN
OPP-000411,788,Parmar Traders,3,89,Convenience,A,REVENUE_RECOVERY,100,HIGH,"[""Revenue declined 75.0% vs previous 30d"", ""Revenue gap of \u20b927,196"", ""Order frequency declined 75.0%"", ""Revenue growth materially below peer benchmark""]","Prioritize an outlet visit to investigate lost volume, identify affected products/categories, and attempt revenue recovery.",OPEN
OPP-000412,789,Khanna General Store,3,91,Modern Trade,A,REVENUE_RECOVERY,62,MEDIUM,"[""Revenue declined 15.2% vs previous 30d"", ""Revenue gap of \u20b92,793"", ""Order frequency declined 25.0%"", ""Revenue growth below peer benchmark""]","Prioritize an outlet visit to investigate lost volume, identify affected products/categories, and attempt revenue recovery.",OPEN
OPP-000413,791,Babu Traders,6,10,General Trade,C,REVENUE_RECOVERY,80,HIGH,"[""Revenue declined 100.0% vs previous 30d"", ""Revenue gap of \u20b91,859"", ""Order frequency declined 100.0%"", ""Revenue growth materially below peer benchmark""]","Prioritize an outlet visit to investigate lost volume, identify affected products/categories, and attempt revenue recovery.",OPEN
OPP-000414,791,Babu Traders,6,10,General Trade,C,INACTIVE_OUTLET,75,HIGH,"[""No order for 55 days"", ""Zero revenue in current 30d"", ""Previous 30d revenue was \u20b91,859""]",Prioritize a reactivation visit. Investigate the reason for inactivity and attempt to recover previous purchasing behaviour.,OPEN
OPP-000415,792,Ghosh General Store,12,66,Supermarket,A,REVENUE_RECOVERY,70,MEDIUM,"[""Revenue declined 24.1% vs previous 30d"", ""Revenue gap of \u20b99,288"", ""Revenue growth materially below peer benchmark""]","Prioritize an outlet visit to investigate lost volume, identify affected products/categories, and attempt revenue recovery.",OPEN
OPP-000416,794,Ben Retail,6,45,Convenience,A,REVENUE_RECOVERY,85,HIGH,"[""Revenue declined 64.1% vs previous 30d"", ""Revenue gap of \u20b918,969"", ""Revenue growth materially below peer benchmark""]","Prioritize an outlet visit to investigate lost volume, identify affected products/categories, and attempt revenue recovery.",OPEN
OPP-000417,796,Sama Retail,7,68,Modern Trade,C,REVENUE_RECOVERY,92,HIGH,"[""Revenue declined 100.0% vs previous 30d"", ""Revenue gap of \u20b93,244"", ""Order frequency declined 100.0%"", ""Revenue growth materially below peer benchmark""]","Prioritize an outlet visit to investigate lost volume, identify affected products/categories, and attempt revenue recovery.",OPEN
OPP-000418,796,Sama Retail,7,68,Modern Trade,C,INACTIVE_OUTLET,75,HIGH,"[""No order for 54 days"", ""Zero revenue in current 30d"", ""Previous 30d revenue was \u20b93,244""]",Prioritize a reactivation visit. Investigate the reason for inactivity and attempt to recover previous purchasing behaviour.,OPEN
OPP-000419,801,Sen Traders,3,88,Supermarket,B,REVENUE_RECOVERY,52,LOW,"[""Revenue declined 26.1% vs previous 30d"", ""Revenue gap of \u20b92,340"", ""Revenue growth below peer benchmark""]","Prioritize an outlet visit to investigate lost volume, identify affected products/categories, and attempt revenue recovery.",OPEN
OPP-000420,804,Chopra Retail,2,9,Modern Trade,C,REVENUE_RECOVERY,35,LOW,"[""Revenue declined 19.1% vs previous 30d"", ""Revenue gap of \u20b9792""]","Prioritize an outlet visit to investigate lost volume, identify affected products/categories, and attempt revenue recovery.",OPEN
OPP-000421,815,Ratti Traders,6,72,Supermarket,B,REVENUE_RECOVERY,77,HIGH,"[""Revenue declined 54.7% vs previous 30d"", ""Revenue gap of \u20b94,907"", ""Revenue growth materially below peer benchmark""]","Prioritize an outlet visit to investigate lost volume, identify affected products/categories, and attempt revenue recovery.",OPEN
OPP-000422,816,Sandhu Retail,12,87,Supermarket,C,REVENUE_RECOVERY,35,LOW,"[""Revenue declined 20.0% vs previous 30d"", ""Revenue gap of \u20b91,027""]","Prioritize an outlet visit to investigate lost volume, identify affected products/categories, and attempt revenue recovery.",OPEN
OPP-000423,818,Swaminathan Retail,7,13,Pharmacy,B,REVENUE_RECOVERY,75,HIGH,"[""Revenue declined 40.7% vs previous 30d"", ""Revenue gap of \u20b94,530"", ""Order frequency declined 50.0%"", ""Revenue growth below peer benchmark""]","Prioritize an outlet visit to investigate lost volume, identify affected products/categories, and attempt revenue recovery.",OPEN
OPP-000424,822,Nagy Mart,10,63,Supermarket,C,REVENUE_RECOVERY,50,LOW,"[""Revenue declined 52.7% vs previous 30d"", ""Revenue growth materially below peer benchmark""]","Prioritize an outlet visit to investigate lost volume, identify affected products/categories, and attempt revenue recovery.",OPEN
OPP-000425,823,Divan Retail,7,44,Pharmacy,C,REVENUE_RECOVERY,63,MEDIUM,"[""Revenue declined 45.6% vs previous 30d"", ""Revenue gap of \u20b91,961"", ""Order frequency declined 50.0%"", ""Revenue growth below peer benchmark""]","Prioritize an outlet visit to investigate lost volume, identify affected products/categories, and attempt revenue recovery.",OPEN
OPP-000426,824,Bhatti General Store,8,69,Supermarket,B,REVENUE_RECOVERY,100,HIGH,"[""Revenue declined 55.5% vs previous 30d"", ""Revenue gap of \u20b912,157"", ""Order frequency declined 50.0%"", ""Revenue growth materially below peer benchmark""]","Prioritize an outlet visit to investigate lost volume, identify affected products/categories, and attempt revenue recovery.",OPEN
OPP-000427,827,Nair Traders,11,56,Pharmacy,B,REVENUE_RECOVERY,82,HIGH,"[""Revenue declined 60.0% vs previous 30d"", ""Revenue gap of \u20b94,076"", ""Order frequency declined 50.0%"", ""Revenue growth below peer benchmark""]","Prioritize an outlet visit to investigate lost volume, identify affected products/categories, and attempt revenue recovery.",OPEN
OPP-000428,828,Raj General Store,6,98,Convenience,A,REVENUE_RECOVERY,100,HIGH,"[""Revenue declined 62.6% vs previous 30d"", ""Revenue gap of \u20b939,716"", ""Order frequency declined 50.0%"", ""Revenue growth materially below peer benchmark""]","Prioritize an outlet visit to investigate lost volume, identify affected products/categories, and attempt revenue recovery.",OPEN
OPP-000429,833,Sani General Store,5,31,Modern Trade,A,REVENUE_RECOVERY,70,MEDIUM,"[""Revenue declined 19.0% vs previous 30d"", ""Revenue gap of \u20b95,216"", ""Order frequency declined 25.0%"", ""Revenue growth below peer benchmark""]","Prioritize an outlet visit to investigate lost volume, identify affected products/categories, and attempt revenue recovery.",OPEN
OPP-000430,837,Sani Supermarket,5,51,Convenience,B,REVENUE_RECOVERY,100,HIGH,"[""Revenue declined 94.5% vs previous 30d"", ""Revenue gap of \u20b98,293"", ""Order frequency declined 50.0%"", ""Revenue growth materially below peer benchmark""]","Prioritize an outlet visit to investigate lost volume, identify affected products/categories, and attempt revenue recovery.",OPEN
OPP-000431,838,Seth General Store,10,100,Modern Trade,B,REVENUE_RECOVERY,67,MEDIUM,"[""Revenue declined 29.0% vs previous 30d"", ""Revenue gap of \u20b93,052"", ""Order frequency declined 75.0%"", ""Revenue growth below peer benchmark""]","Prioritize an outlet visit to investigate lost volume, identify affected products/categories, and attempt revenue recovery.",OPEN
OPP-000432,840,Sachdev Supermarket,12,36,General Trade,B,REVENUE_RECOVERY,100,HIGH,"[""Revenue declined 100.0% vs previous 30d"", ""Revenue gap of \u20b98,409"", ""Order frequency declined 100.0%"", ""Revenue growth materially below peer benchmark""]","Prioritize an outlet visit to investigate lost volume, identify affected products/categories, and attempt revenue recovery.",OPEN
OPP-000433,840,Sachdev Supermarket,12,36,General Trade,B,INACTIVE_OUTLET,70,MEDIUM,"[""No order for 44 days"", ""Zero revenue in current 30d"", ""Previous 30d revenue was \u20b98,409""]",Prioritize a reactivation visit. Investigate the reason for inactivity and attempt to recover previous purchasing behaviour.,OPEN
OPP-000434,841,Nori Mart,4,41,Supermarket,B,REVENUE_RECOVERY,100,HIGH,"[""Revenue declined 64.3% vs previous 30d"", ""Revenue gap of \u20b95,202"", ""Order frequency declined 50.0%"", ""Revenue growth materially below peer benchmark""]","Prioritize an outlet visit to investigate lost volume, identify affected products/categories, and attempt revenue recovery.",OPEN
OPP-000435,843,Rastogi Traders,3,89,Supermarket,B,REVENUE_RECOVERY,100,HIGH,"[""Revenue declined 100.0% vs previous 30d"", ""Revenue gap of \u20b916,503"", ""Order frequency declined 100.0%"", ""Revenue growth materially below peer benchmark""]","Prioritize an outlet visit to investigate lost volume, identify affected products/categories, and attempt revenue recovery.",OPEN
OPP-000436,843,Rastogi Traders,3,89,Supermarket,B,INACTIVE_OUTLET,85,HIGH,"[""No order for 53 days"", ""Zero revenue in current 30d"", ""Previous 30d revenue was \u20b916,503""]",Prioritize a reactivation visit. Investigate the reason for inactivity and attempt to recover previous purchasing behaviour.,OPEN
OPP-000437,845,Chandran Mart,4,39,Supermarket,C,REVENUE_RECOVERY,92,HIGH,"[""Revenue declined 100.0% vs previous 30d"", ""Revenue gap of \u20b92,769"", ""Order frequency declined 100.0%"", ""Revenue growth materially below peer benchmark""]","Prioritize an outlet visit to investigate lost volume, identify affected products/categories, and attempt revenue recovery.",OPEN
OPP-000438,845,Chandran Mart,4,39,Supermarket,C,INACTIVE_OUTLET,60,MEDIUM,"[""No order for 39 days"", ""Zero revenue in current 30d"", ""Previous 30d revenue was \u20b92,769""]",Prioritize a reactivation visit. Investigate the reason for inactivity and attempt to recover previous purchasing behaviour.,OPEN
OPP-000439,846,Munshi Traders,4,81,General Trade,C,REVENUE_RECOVERY,92,HIGH,"[""Revenue declined 100.0% vs previous 30d"", ""Revenue gap of \u20b92,831"", ""Order frequency declined 100.0%"", ""Revenue growth materially below peer benchmark""]","Prioritize an outlet visit to investigate lost volume, identify affected products/categories, and attempt revenue recovery.",OPEN
OPP-000440,846,Munshi Traders,4,81,General Trade,C,INACTIVE_OUTLET,60,MEDIUM,"[""No order for 39 days"", ""Zero revenue in current 30d"", ""Previous 30d revenue was \u20b92,831""]",Prioritize a reactivation visit. Investigate the reason for inactivity and attempt to recover previous purchasing behaviour.,OPEN
OPP-000441,848,Munshi Retail,5,90,Pharmacy,B,REVENUE_RECOVERY,68,MEDIUM,"[""Revenue declined 36.5% vs previous 30d"", ""Revenue gap of \u20b97,805"", ""Revenue growth below peer benchmark""]","Prioritize an outlet visit to investigate lost volume, identify affected products/categories, and attempt revenue recovery.",OPEN
OPP-000442,850,Prasad General Store,4,26,General Trade,B,REVENUE_RECOVERY,92,HIGH,"[""Revenue declined 100.0% vs previous 30d"", ""Revenue gap of \u20b92,408"", ""Order frequency declined 100.0%"", ""Revenue growth materially below peer benchmark""]","Prioritize an outlet visit to investigate lost volume, identify affected products/categories, and attempt revenue recovery.",OPEN
OPP-000443,850,Prasad General Store,4,26,General Trade,B,INACTIVE_OUTLET,60,MEDIUM,"[""No order for 35 days"", ""Zero revenue in current 30d"", ""Previous 30d revenue was \u20b92,408""]",Prioritize a reactivation visit. Investigate the reason for inactivity and attempt to recover previous purchasing behaviour.,OPEN
OPP-000444,852,Som Retail,8,34,Supermarket,C,REVENUE_RECOVERY,62,MEDIUM,"[""Revenue declined 55.8% vs previous 30d"", ""Revenue gap of \u20b93,325""]","Prioritize an outlet visit to investigate lost volume, identify affected products/categories, and attempt revenue recovery.",OPEN
OPP-000445,854,Chand General Store,3,83,Pharmacy,C,REVENUE_RECOVERY,92,HIGH,"[""Revenue declined 78.0% vs previous 30d"", ""Revenue gap of \u20b94,618"", ""Order frequency declined 50.0%"", ""Revenue growth materially below peer benchmark""]","Prioritize an outlet visit to investigate lost volume, identify affected products/categories, and attempt revenue recovery.",OPEN
OPP-000446,860,De Retail,6,80,Convenience,C,REVENUE_RECOVERY,100,HIGH,"[""Revenue declined 84.8% vs previous 30d"", ""Revenue gap of \u20b95,859"", ""Order frequency declined 50.0%"", ""Revenue growth materially below peer benchmark""]","Prioritize an outlet visit to investigate lost volume, identify affected products/categories, and attempt revenue recovery.",OPEN
OPP-000447,864,Roy Supermarket,5,51,General Trade,A,REVENUE_RECOVERY,52,LOW,"[""Revenue declined 19.3% vs previous 30d"", ""Revenue gap of \u20b94,615"", ""Revenue growth below peer benchmark""]","Prioritize an outlet visit to investigate lost volume, identify affected products/categories, and attempt revenue recovery.",OPEN
OPP-000448,866,Sampath Mart,8,34,Pharmacy,B,REVENUE_RECOVERY,62,MEDIUM,"[""Revenue declined 19.8% vs previous 30d"", ""Revenue gap of \u20b93,299"", ""Order frequency declined 40.0%"", ""Revenue growth below peer benchmark""]","Prioritize an outlet visit to investigate lost volume, identify affected products/categories, and attempt revenue recovery.",OPEN
OPP-000449,867,Behl Retail,11,56,Convenience,C,REVENUE_RECOVERY,80,HIGH,"[""Revenue declined 55.5% vs previous 30d"", ""Revenue gap of \u20b91,707"", ""Order frequency declined 50.0%"", ""Revenue growth materially below peer benchmark""]","Prioritize an outlet visit to investigate lost volume, identify affected products/categories, and attempt revenue recovery.",OPEN
OPP-000450,870,Pandey Traders,10,21,General Trade,B,REVENUE_RECOVERY,95,HIGH,"[""Revenue declined 69.3% vs previous 30d"", ""Revenue gap of \u20b95,271"", ""Order frequency declined 25.0%"", ""Revenue growth materially below peer benchmark""]","Prioritize an outlet visit to investigate lost volume, identify affected products/categories, and attempt revenue recovery.",OPEN
OPP-000451,873,Kala Mart,4,1,Pharmacy,C,REVENUE_RECOVERY,65,MEDIUM,"[""Revenue declined 100.0% vs previous 30d"", ""Order frequency declined 100.0%"", ""Revenue growth materially below peer benchmark""]","Prioritize an outlet visit to investigate lost volume, identify affected products/categories, and attempt revenue recovery.",OPEN
OPP-000452,873,Kala Mart,4,1,Pharmacy,C,INACTIVE_OUTLET,65,MEDIUM,"[""No order for 56 days"", ""Zero revenue in current 30d""]",Prioritize a reactivation visit. Investigate the reason for inactivity and attempt to recover previous purchasing behaviour.,OPEN
OPP-000453,874,Dubey General Store,12,87,Supermarket,C,REVENUE_RECOVERY,82,HIGH,"[""Revenue declined 66.8% vs previous 30d"", ""Revenue gap of \u20b94,054"", ""Order frequency declined 75.0%"", ""Revenue growth below peer benchmark""]","Prioritize an outlet visit to investigate lost volume, identify affected products/categories, and attempt revenue recovery.",OPEN
OPP-000454,876,Kapur Retail,4,62,Convenience,C,REVENUE_RECOVERY,100,HIGH,"[""Revenue declined 100.0% vs previous 30d"", ""Revenue gap of \u20b96,760"", ""Order frequency declined 100.0%"", ""Revenue growth materially below peer benchmark""]","Prioritize an outlet visit to investigate lost volume, identify affected products/categories, and attempt revenue recovery.",OPEN
OPP-000455,876,Kapur Retail,4,62,Convenience,C,INACTIVE_OUTLET,70,MEDIUM,"[""No order for 38 days"", ""Zero revenue in current 30d"", ""Previous 30d revenue was \u20b96,760""]",Prioritize a reactivation visit. Investigate the reason for inactivity and attempt to recover previous purchasing behaviour.,OPEN
OPP-000456,878,Palla General Store,2,37,Convenience,C,REVENUE_RECOVERY,100,HIGH,"[""Revenue declined 100.0% vs previous 30d"", ""Revenue gap of \u20b95,018"", ""Order frequency declined 100.0%"", ""Revenue growth materially below peer benchmark""]","Prioritize an outlet visit to investigate lost volume, identify affected products/categories, and attempt revenue recovery.",OPEN
OPP-000457,878,Palla General Store,2,37,Convenience,C,INACTIVE_OUTLET,70,MEDIUM,"[""No order for 34 days"", ""Zero revenue in current 30d"", ""Previous 30d revenue was \u20b95,018""]",Prioritize a reactivation visit. Investigate the reason for inactivity and attempt to recover previous purchasing behaviour.,OPEN
OPP-000458,879,Pillai Traders,10,33,General Trade,B,REVENUE_RECOVERY,100,HIGH,"[""Revenue declined 100.0% vs previous 30d"", ""Revenue gap of \u20b98,779"", ""Order frequency declined 100.0%"", ""Revenue growth materially below peer benchmark""]","Prioritize an outlet visit to investigate lost volume, identify affected products/categories, and attempt revenue recovery.",OPEN
OPP-000459,881,Mallick General Store,3,88,Supermarket,A,REVENUE_RECOVERY,85,HIGH,"[""Revenue declined 53.0% vs previous 30d"", ""Revenue gap of \u20b917,179"", ""Revenue growth materially below peer benchmark""]","Prioritize an outlet visit to investigate lost volume, identify affected products/categories, and attempt revenue recovery.",OPEN
OPP-000460,888,Mahajan Mart,12,15,Pharmacy,A,REVENUE_RECOVERY,65,MEDIUM,"[""Revenue declined 100.0% vs previous 30d"", ""Order frequency declined 100.0%"", ""Revenue growth materially below peer benchmark""]","Prioritize an outlet visit to investigate lost volume, identify affected products/categories, and attempt revenue recovery.",OPEN
OPP-000461,888,Mahajan Mart,12,15,Pharmacy,A,INACTIVE_OUTLET,65,MEDIUM,"[""No order for 53 days"", ""Zero revenue in current 30d""]",Prioritize a reactivation visit. Investigate the reason for inactivity and attempt to recover previous purchasing behaviour.,OPEN
OPP-000462,892,Ahuja Retail,9,85,Convenience,C,REVENUE_RECOVERY,80,HIGH,"[""Revenue declined 100.0% vs previous 30d"", ""Revenue gap of \u20b91,996"", ""Order frequency declined 100.0%"", ""Revenue growth materially below peer benchmark""]","Prioritize an outlet visit to investigate lost volume, identify affected products/categories, and attempt revenue recovery.",OPEN
OPP-000463,892,Ahuja Retail,9,85,Convenience,C,INACTIVE_OUTLET,60,MEDIUM,"[""No order for 41 days"", ""Zero revenue in current 30d"", ""Previous 30d revenue was \u20b91,996""]",Prioritize a reactivation visit. Investigate the reason for inactivity and attempt to recover previous purchasing behaviour.,OPEN
OPP-000464,893,Golla General Store,3,89,Modern Trade,C,REVENUE_RECOVERY,100,HIGH,"[""Revenue declined 75.2% vs previous 30d"", ""Revenue gap of \u20b98,284"", ""Order frequency declined 66.7%"", ""Revenue growth materially below peer benchmark""]","Prioritize an outlet visit to investigate lost volume, identify affected products/categories, and attempt revenue recovery.",OPEN
OPP-000465,895,Rattan Retail,4,81,Pharmacy,A,STOCK_RISK,20,LOW,"[""1 stockout event(s) in last 90d""]",Review outlet inventory and prioritize replenishment of affected SKUs before another stockout causes lost sales.,OPEN
OPP-000466,901,Kale Retail,12,15,Pharmacy,C,REVENUE_RECOVERY,92,HIGH,"[""Revenue declined 85.5% vs previous 30d"", ""Revenue gap of \u20b92,917"", ""Order frequency declined 50.0%"", ""Revenue growth materially below peer benchmark""]","Prioritize an outlet visit to investigate lost volume, identify affected products/categories, and attempt revenue recovery.",OPEN
OPP-000467,903,Saini Traders,7,44,Modern Trade,C,REVENUE_RECOVERY,92,HIGH,"[""Revenue declined 73.2% vs previous 30d"", ""Revenue gap of \u20b93,062"", ""Order frequency declined 50.0%"", ""Revenue growth materially below peer benchmark""]","Prioritize an outlet visit to investigate lost volume, identify affected products/categories, and attempt revenue recovery.",OPEN
OPP-000468,904,Setty Mart,4,54,Convenience,C,REVENUE_RECOVERY,72,MEDIUM,"[""Revenue declined 61.2% vs previous 30d"", ""Revenue gap of \u20b92,887"", ""Order frequency declined 33.3%""]","Prioritize an outlet visit to investigate lost volume, identify affected products/categories, and attempt revenue recovery.",OPEN
OPP-000469,907,Pingle Supermarket,12,46,General Trade,A,REVENUE_RECOVERY,100,HIGH,"[""Revenue declined 77.4% vs previous 30d"", ""Revenue gap of \u20b913,031"", ""Order frequency declined 50.0%"", ""Revenue growth materially below peer benchmark""]","Prioritize an outlet visit to investigate lost volume, identify affected products/categories, and attempt revenue recovery.",OPEN
OPP-000470,908,Muni Mart,6,80,Pharmacy,A,REVENUE_RECOVERY,85,HIGH,"[""Revenue declined 29.5% vs previous 30d"", ""Revenue gap of \u20b98,512"", ""Order frequency declined 50.0%"", ""Revenue growth materially below peer benchmark""]","Prioritize an outlet visit to investigate lost volume, identify affected products/categories, and attempt revenue recovery.",OPEN
OPP-000471,909,Nair Supermarket,1,99,Supermarket,C,REVENUE_RECOVERY,100,HIGH,"[""Revenue declined 100.0% vs previous 30d"", ""Revenue gap of \u20b98,562"", ""Order frequency declined 100.0%"", ""Revenue growth materially below peer benchmark""]","Prioritize an outlet visit to investigate lost volume, identify affected products/categories, and attempt revenue recovery.",OPEN
OPP-000472,909,Nair Supermarket,1,99,Supermarket,C,INACTIVE_OUTLET,70,MEDIUM,"[""No order for 40 days"", ""Zero revenue in current 30d"", ""Previous 30d revenue was \u20b98,562""]",Prioritize a reactivation visit. Investigate the reason for inactivity and attempt to recover previous purchasing behaviour.,OPEN
OPP-000473,911,Ben General Store,7,79,Convenience,C,REVENUE_RECOVERY,92,HIGH,"[""Revenue declined 100.0% vs previous 30d"", ""Revenue gap of \u20b94,329"", ""Order frequency declined 100.0%"", ""Revenue growth materially below peer benchmark""]","Prioritize an outlet visit to investigate lost volume, identify affected products/categories, and attempt revenue recovery.",OPEN
OPP-000474,911,Ben General Store,7,79,Convenience,C,INACTIVE_OUTLET,60,MEDIUM,"[""No order for 33 days"", ""Zero revenue in current 30d"", ""Previous 30d revenue was \u20b94,329""]",Prioritize a reactivation visit. Investigate the reason for inactivity and attempt to recover previous purchasing behaviour.,OPEN
OPP-000475,913,Dugar Retail,10,94,Supermarket,A,REVENUE_RECOVERY,100,HIGH,"[""Revenue declined 77.1% vs previous 30d"", ""Revenue gap of \u20b930,441"", ""Order frequency declined 60.0%"", ""Revenue growth materially below peer benchmark""]","Prioritize an outlet visit to investigate lost volume, identify affected products/categories, and attempt revenue recovery.",OPEN
OPP-000476,914,Bawa General Store,7,57,Modern Trade,C,REVENUE_RECOVERY,100,HIGH,"[""Revenue declined 96.8% vs previous 30d"", ""Revenue gap of \u20b95,109"", ""Order frequency declined 75.0%"", ""Revenue growth materially below peer benchmark""]","Prioritize an outlet visit to investigate lost volume, identify affected products/categories, and attempt revenue recovery.",OPEN
OPP-000477,915,Bumb Retail,6,65,Pharmacy,A,REVENUE_RECOVERY,93,HIGH,"[""Revenue declined 32.0% vs previous 30d"", ""Revenue gap of \u20b96,031"", ""Order frequency declined 80.0%"", ""Revenue growth materially below peer benchmark""]","Prioritize an outlet visit to investigate lost volume, identify affected products/categories, and attempt revenue recovery.",OPEN
OPP-000478,918,Samra Traders,2,9,Modern Trade,B,REVENUE_RECOVERY,100,HIGH,"[""Revenue declined 100.0% vs previous 30d"", ""Revenue gap of \u20b913,257"", ""Order frequency declined 100.0%"", ""Revenue growth materially below peer benchmark""]","Prioritize an outlet visit to investigate lost volume, identify affected products/categories, and attempt revenue recovery.",OPEN
OPP-000479,918,Samra Traders,2,9,Modern Trade,B,INACTIVE_OUTLET,70,MEDIUM,"[""No order for 40 days"", ""Zero revenue in current 30d"", ""Previous 30d revenue was \u20b913,257""]",Prioritize a reactivation visit. Investigate the reason for inactivity and attempt to recover previous purchasing behaviour.,OPEN
OPP-000480,922,Mahajan Traders,7,84,Modern Trade,C,REVENUE_RECOVERY,92,HIGH,"[""Revenue declined 76.2% vs previous 30d"", ""Revenue gap of \u20b92,408"", ""Order frequency declined 50.0%"", ""Revenue growth materially below peer benchmark""]","Prioritize an outlet visit to investigate lost volume, identify affected products/categories, and attempt revenue recovery.",OPEN
OPP-000481,924,Vala Retail,12,66,Modern Trade,B,REVENUE_RECOVERY,100,HIGH,"[""Revenue declined 100.0% vs previous 30d"", ""Revenue gap of \u20b96,595"", ""Order frequency declined 100.0%"", ""Revenue growth materially below peer benchmark""]","Prioritize an outlet visit to investigate lost volume, identify affected products/categories, and attempt revenue recovery.",OPEN
OPP-000482,924,Vala Retail,12,66,Modern Trade,B,INACTIVE_OUTLET,85,HIGH,"[""No order for 47 days"", ""Zero revenue in current 30d"", ""Previous 30d revenue was \u20b96,595""]",Prioritize a reactivation visit. Investigate the reason for inactivity and attempt to recover previous purchasing behaviour.,OPEN
OPP-000483,925,Comar Retail,8,76,Pharmacy,B,REVENUE_RECOVERY,92,HIGH,"[""Revenue declined 94.4% vs previous 30d"", ""Revenue gap of \u20b94,367"", ""Order frequency declined 50.0%"", ""Revenue growth materially below peer benchmark""]","Prioritize an outlet visit to investigate lost volume, identify affected products/categories, and attempt revenue recovery.",OPEN
OPP-000484,927,Sani General Store,4,58,Pharmacy,C,REVENUE_RECOVERY,35,LOW,"[""Revenue declined 28.9% vs previous 30d"", ""Revenue gap of \u20b91,111""]","Prioritize an outlet visit to investigate lost volume, identify affected products/categories, and attempt revenue recovery.",OPEN
OPP-000485,929,Mander Supermarket,12,87,Modern Trade,C,REVENUE_RECOVERY,100,HIGH,"[""Revenue declined 100.0% vs previous 30d"", ""Revenue gap of \u20b96,601"", ""Order frequency declined 100.0%"", ""Revenue growth materially below peer benchmark""]","Prioritize an outlet visit to investigate lost volume, identify affected products/categories, and attempt revenue recovery.",OPEN
OPP-000486,929,Mander Supermarket,12,87,Modern Trade,C,INACTIVE_OUTLET,70,MEDIUM,"[""No order for 33 days"", ""Zero revenue in current 30d"", ""Previous 30d revenue was \u20b96,601""]",Prioritize a reactivation visit. Investigate the reason for inactivity and attempt to recover previous purchasing behaviour.,OPEN
OPP-000487,931,Vyas Traders,8,55,General Trade,B,REVENUE_RECOVERY,100,HIGH,"[""Revenue declined 68.0% vs previous 30d"", ""Revenue gap of \u20b912,588"", ""Order frequency declined 50.0%"", ""Revenue growth materially below peer benchmark""]","Prioritize an outlet visit to investigate lost volume, identify affected products/categories, and attempt revenue recovery.",OPEN
OPP-000488,932,Morar Retail,6,72,Convenience,C,REVENUE_RECOVERY,92,HIGH,"[""Revenue declined 100.0% vs previous 30d"", ""Revenue gap of \u20b92,592"", ""Order frequency declined 100.0%"", ""Revenue growth materially below peer benchmark""]","Prioritize an outlet visit to investigate lost volume, identify affected products/categories, and attempt revenue recovery.",OPEN
OPP-000489,932,Morar Retail,6,72,Convenience,C,INACTIVE_OUTLET,60,MEDIUM,"[""No order for 42 days"", ""Zero revenue in current 30d"", ""Previous 30d revenue was \u20b92,592""]",Prioritize a reactivation visit. Investigate the reason for inactivity and attempt to recover previous purchasing behaviour.,OPEN
OPP-000490,937,Amble Mart,2,38,Modern Trade,A,REVENUE_RECOVERY,85,HIGH,"[""Revenue declined 58.6% vs previous 30d"", ""Revenue gap of \u20b916,415"", ""Revenue growth materially below peer benchmark""]","Prioritize an outlet visit to investigate lost volume, identify affected products/categories, and attempt revenue recovery.",OPEN
OPP-000491,938,Jayaraman Traders,2,37,General Trade,A,REVENUE_RECOVERY,93,HIGH,"[""Revenue declined 44.5% vs previous 30d"", ""Revenue gap of \u20b97,726"", ""Order frequency declined 50.0%"", ""Revenue growth materially below peer benchmark""]","Prioritize an outlet visit to investigate lost volume, identify affected products/categories, and attempt revenue recovery.",OPEN
OPP-000492,942,Kumer Retail,12,50,Convenience,C,REVENUE_RECOVERY,80,HIGH,"[""Revenue declined 100.0% vs previous 30d"", ""Revenue gap of \u20b91,679"", ""Order frequency declined 100.0%"", ""Revenue growth materially below peer benchmark""]","Prioritize an outlet visit to investigate lost volume, identify affected products/categories, and attempt revenue recovery.",OPEN
OPP-000493,942,Kumer Retail,12,50,Convenience,C,INACTIVE_OUTLET,60,MEDIUM,"[""No order for 31 days"", ""Zero revenue in current 30d"", ""Previous 30d revenue was \u20b91,679""]",Prioritize a reactivation visit. Investigate the reason for inactivity and attempt to recover previous purchasing behaviour.,OPEN
OPP-000494,944,Narang General Store,6,72,Modern Trade,C,REVENUE_RECOVERY,45,LOW,"[""Revenue declined 25.7% vs previous 30d"", ""Revenue gap of \u20b91,232"", ""Order frequency declined 25.0%""]","Prioritize an outlet visit to investigate lost volume, identify affected products/categories, and attempt revenue recovery.",OPEN
OPP-000495,945,Dar Traders,9,73,Convenience,A,REVENUE_RECOVERY,93,HIGH,"[""Revenue declined 34.0% vs previous 30d"", ""Revenue gap of \u20b95,165"", ""Order frequency declined 50.0%"", ""Revenue growth materially below peer benchmark""]","Prioritize an outlet visit to investigate lost volume, identify affected products/categories, and attempt revenue recovery.",OPEN
OPP-000496,947,Tank Supermarket,7,57,Supermarket,C,REVENUE_RECOVERY,43,LOW,"[""Revenue declined 43.7% vs previous 30d"", ""Revenue gap of \u20b9562""]","Prioritize an outlet visit to investigate lost volume, identify affected products/categories, and attempt revenue recovery.",OPEN
OPP-000497,948,Sani General Store,7,44,Convenience,A,REVENUE_RECOVERY,42,LOW,"[""Revenue gap of \u20b93,475"", ""Order frequency declined 37.5%"", ""Revenue growth below peer benchmark""]","Prioritize an outlet visit to investigate lost volume, identify affected products/categories, and attempt revenue recovery.",OPEN
OPP-000498,950,Dayal Retail,12,53,Modern Trade,A,REVENUE_RECOVERY,88,HIGH,"[""Revenue declined 41.6% vs previous 30d"", ""Revenue gap of \u20b97,657"", ""Order frequency declined 33.3%"", ""Revenue growth materially below peer benchmark""]","Prioritize an outlet visit to investigate lost volume, identify affected products/categories, and attempt revenue recovery.",OPEN
OPP-000499,951,Rai Retail,7,13,Supermarket,A,REVENUE_RECOVERY,80,HIGH,"[""Revenue declined 28.8% vs previous 30d"", ""Revenue gap of \u20b99,939"", ""Order frequency declined 33.3%"", ""Revenue growth materially below peer benchmark""]","Prioritize an outlet visit to investigate lost volume, identify affected products/categories, and attempt revenue recovery.",OPEN
OPP-000500,953,Karpe Retail,12,50,Pharmacy,B,REVENUE_RECOVERY,100,HIGH,"[""Revenue declined 100.0% vs previous 30d"", ""Revenue gap of \u20b915,832"", ""Order frequency declined 100.0%"", ""Revenue growth materially below peer benchmark""]","Prioritize an outlet visit to investigate lost volume, identify affected products/categories, and attempt revenue recovery.",OPEN
OPP-000501,953,Karpe Retail,12,50,Pharmacy,B,INACTIVE_OUTLET,70,MEDIUM,"[""No order for 36 days"", ""Zero revenue in current 30d"", ""Previous 30d revenue was \u20b915,832""]",Prioritize a reactivation visit. Investigate the reason for inactivity and attempt to recover previous purchasing behaviour.,OPEN
OPP-000502,955,Pandya Mart,4,32,Supermarket,C,REVENUE_RECOVERY,92,HIGH,"[""Revenue declined 100.0% vs previous 30d"", ""Revenue gap of \u20b92,177"", ""Order frequency declined 100.0%"", ""Revenue growth materially below peer benchmark""]","Prioritize an outlet visit to investigate lost volume, identify affected products/categories, and attempt revenue recovery.",OPEN
OPP-000503,955,Pandya Mart,4,32,Supermarket,C,INACTIVE_OUTLET,60,MEDIUM,"[""No order for 40 days"", ""Zero revenue in current 30d"", ""Previous 30d revenue was \u20b92,177""]",Prioritize a reactivation visit. Investigate the reason for inactivity and attempt to recover previous purchasing behaviour.,OPEN
OPP-000504,956,Bora Mart,6,65,Supermarket,C,REVENUE_RECOVERY,65,MEDIUM,"[""Revenue declined 100.0% vs previous 30d"", ""Order frequency declined 100.0%"", ""Revenue growth materially below peer benchmark""]","Prioritize an outlet visit to investigate lost volume, identify affected products/categories, and attempt revenue recovery.",OPEN
OPP-000505,956,Bora Mart,6,65,Supermarket,C,INACTIVE_OUTLET,65,MEDIUM,"[""No order for 59 days"", ""Zero revenue in current 30d""]",Prioritize a reactivation visit. Investigate the reason for inactivity and attempt to recover previous purchasing behaviour.,OPEN
OPP-000506,958,Basak Traders,2,38,Supermarket,A,REVENUE_RECOVERY,62,MEDIUM,"[""Revenue declined 18.1% vs previous 30d"", ""Revenue gap of \u20b93,189"", ""Revenue growth materially below peer benchmark""]","Prioritize an outlet visit to investigate lost volume, identify affected products/categories, and attempt revenue recovery.",OPEN
OPP-000507,960,Bahl General Store,2,9,Modern Trade,A,REVENUE_RECOVERY,100,HIGH,"[""Revenue declined 81.1% vs previous 30d"", ""Revenue gap of \u20b955,459"", ""Order frequency declined 72.7%"", ""Revenue growth materially below peer benchmark""]","Prioritize an outlet visit to investigate lost volume, identify affected products/categories, and attempt revenue recovery.",OPEN
OPP-000508,961,Sharaf Retail,1,27,Supermarket,B,REVENUE_RECOVERY,100,HIGH,"[""Revenue declined 77.5% vs previous 30d"", ""Revenue gap of \u20b922,491"", ""Order frequency declined 85.7%"", ""Revenue growth materially below peer benchmark""]","Prioritize an outlet visit to investigate lost volume, identify affected products/categories, and attempt revenue recovery.",OPEN
OPP-000509,963,Munshi General Store,1,3,Convenience,C,REVENUE_RECOVERY,43,LOW,"[""Revenue declined 36.7% vs previous 30d"", ""Revenue gap of \u20b91,027""]","Prioritize an outlet visit to investigate lost volume, identify affected products/categories, and attempt revenue recovery.",OPEN
OPP-000510,970,Bail Supermarket,4,22,Convenience,A,REVENUE_RECOVERY,95,HIGH,"[""Revenue declined 58.4% vs previous 30d"", ""Revenue gap of \u20b921,005"", ""Order frequency declined 33.3%"", ""Revenue growth materially below peer benchmark""]","Prioritize an outlet visit to investigate lost volume, identify affected products/categories, and attempt revenue recovery.",OPEN
OPP-000511,971,Nair Supermarket,4,96,Modern Trade,A,STOCK_RISK,80,HIGH,"[""29 stockout events in last 90d"", ""Stockout rate: 14.9%""]",Review outlet inventory and prioritize replenishment of affected SKUs before another stockout causes lost sales.,OPEN
OPP-000512,974,Pathak Retail,12,16,Convenience,B,REVENUE_RECOVERY,100,HIGH,"[""Revenue declined 67.1% vs previous 30d"", ""Revenue gap of \u20b95,120"", ""Order frequency declined 75.0%"", ""Revenue growth materially below peer benchmark""]","Prioritize an outlet visit to investigate lost volume, identify affected products/categories, and attempt revenue recovery.",OPEN
OPP-000513,975,Chakrabarti Supermarket,8,7,Pharmacy,C,REVENUE_RECOVERY,77,HIGH,"[""Revenue declined 62.3% vs previous 30d"", ""Revenue gap of \u20b94,176"", ""Order frequency declined 33.3%"", ""Revenue growth below peer benchmark""]","Prioritize an outlet visit to investigate lost volume, identify affected products/categories, and attempt revenue recovery.",OPEN
OPP-000514,978,Kohli Mart,4,81,General Trade,C,REVENUE_RECOVERY,90,HIGH,"[""Revenue declined 81.0% vs previous 30d"", ""Revenue gap of \u20b96,259"", ""Order frequency declined 66.7%"", ""Revenue growth below peer benchmark""]","Prioritize an outlet visit to investigate lost volume, identify affected products/categories, and attempt revenue recovery.",OPEN
OPP-000515,985,Nori General Store,6,14,Convenience,C,REVENUE_RECOVERY,70,MEDIUM,"[""Revenue declined 69.5% vs previous 30d"", ""Revenue gap of \u20b92,000"", ""Order frequency declined 50.0%"", ""Revenue growth below peer benchmark""]","Prioritize an outlet visit to investigate lost volume, identify affected products/categories, and attempt revenue recovery.",OPEN
OPP-000516,988,Ganguly Mart,2,40,Modern Trade,C,REVENUE_RECOVERY,35,LOW,"[""Revenue declined 21.2% vs previous 30d"", ""Revenue gap of \u20b91,052""]","Prioritize an outlet visit to investigate lost volume, identify affected products/categories, and attempt revenue recovery.",OPEN
OPP-000517,989,Bose Mart,4,48,General Trade,B,REVENUE_RECOVERY,35,LOW,"[""Revenue declined 18.8% vs previous 30d"", ""Revenue gap of \u20b91,330""]","Prioritize an outlet visit to investigate lost volume, identify affected products/categories, and attempt revenue recovery.",OPEN
OPP-000518,993,Uppal Mart,6,29,Modern Trade,B,REVENUE_RECOVERY,50,LOW,"[""Revenue declined 17.4% vs previous 30d"", ""Revenue gap of \u20b91,133"", ""Order frequency declined 50.0%""]","Prioritize an outlet visit to investigate lost volume, identify affected products/categories, and attempt revenue recovery.",OPEN
OPP-000519,1000,Dhingra Mart,12,16,Modern Trade,C,REVENUE_RECOVERY,70,MEDIUM,"[""Revenue declined 47.9% vs previous 30d"", ""Revenue gap of \u20b93,237"", ""Order frequency declined 66.7%""]","Prioritize an outlet visit to investigate lost volume, identify affected products/categories, and attempt revenue recovery.",OPEN
OPP-000520,1001,Kunda Mart,4,41,General Trade,B,REVENUE_RECOVERY,100,HIGH,"[""Revenue declined 100.0% vs previous 30d"", ""Revenue gap of \u20b98,430"", ""Order frequency declined 100.0%"", ""Revenue growth materially below peer benchmark""]","Prioritize an outlet visit to investigate lost volume, identify affected products/categories, and attempt revenue recovery.",OPEN
OPP-000521,1001,Kunda Mart,4,41,General Trade,B,INACTIVE_OUTLET,85,HIGH,"[""No order for 52 days"", ""Zero revenue in current 30d"", ""Previous 30d revenue was \u20b98,430""]",Prioritize a reactivation visit. Investigate the reason for inactivity and attempt to recover previous purchasing behaviour.,OPEN
OPP-000522,1002,Hora General Store,2,38,Supermarket,B,REVENUE_RECOVERY,100,HIGH,"[""Revenue declined 92.0% vs previous 30d"", ""Revenue gap of \u20b98,649"", ""Order frequency declined 50.0%"", ""Revenue growth materially below peer benchmark""]","Prioritize an outlet visit to investigate lost volume, identify affected products/categories, and attempt revenue recovery.",OPEN
OPP-000523,1006,Goel Mart,7,84,Pharmacy,B,REVENUE_RECOVERY,100,HIGH,"[""Revenue declined 66.7% vs previous 30d"", ""Revenue gap of \u20b95,913"", ""Order frequency declined 75.0%"", ""Revenue growth materially below peer benchmark""]","Prioritize an outlet visit to investigate lost volume, identify affected products/categories, and attempt revenue recovery.",OPEN
OPP-000524,1008,Shetty Mart,2,38,Convenience,B,REVENUE_RECOVERY,77,HIGH,"[""Revenue declined 25.4% vs previous 30d"", ""Revenue gap of \u20b92,649"", ""Order frequency declined 50.0%"", ""Revenue growth materially below peer benchmark""]","Prioritize an outlet visit to investigate lost volume, identify affected products/categories, and attempt revenue recovery.",OPEN
OPP-000525,1012,Dora Retail,8,70,Supermarket,B,REVENUE_RECOVERY,100,HIGH,"[""Revenue declined 94.5% vs previous 30d"", ""Revenue gap of \u20b917,016"", ""Order frequency declined 75.0%"", ""Revenue growth materially below peer benchmark""]","Prioritize an outlet visit to investigate lost volume, identify affected products/categories, and attempt revenue recovery.",OPEN
OPP-000526,1019,Bhalla Traders,12,46,Pharmacy,B,REVENUE_RECOVERY,100,HIGH,"[""Revenue declined 100.0% vs previous 30d"", ""Revenue gap of \u20b95,763"", ""Order frequency declined 100.0%"", ""Revenue growth materially below peer benchmark""]","Prioritize an outlet visit to investigate lost volume, identify affected products/categories, and attempt revenue recovery.",OPEN
OPP-000527,1019,Bhalla Traders,12,46,Pharmacy,B,INACTIVE_OUTLET,70,MEDIUM,"[""No order for 34 days"", ""Zero revenue in current 30d"", ""Previous 30d revenue was \u20b95,763""]",Prioritize a reactivation visit. Investigate the reason for inactivity and attempt to recover previous purchasing behaviour.,OPEN
OPP-000528,1022,Borah Traders,2,9,General Trade,B,REVENUE_RECOVERY,100,HIGH,"[""Revenue declined 90.1% vs previous 30d"", ""Revenue gap of \u20b917,070"", ""Order frequency declined 60.0%"", ""Revenue growth materially below peer benchmark""]","Prioritize an outlet visit to investigate lost volume, identify affected products/categories, and attempt revenue recovery.",OPEN
OPP-000529,1025,Seth Supermarket,2,9,General Trade,A,REVENUE_RECOVERY,95,HIGH,"[""Revenue declined 66.6% vs previous 30d"", ""Revenue gap of \u20b913,495"", ""Order frequency declined 28.6%"", ""Revenue growth materially below peer benchmark""]","Prioritize an outlet visit to investigate lost volume, identify affected products/categories, and attempt revenue recovery.",OPEN
OPP-000530,1026,Barad Mart,5,51,Convenience,C,REVENUE_RECOVERY,100,HIGH,"[""Revenue declined 100.0% vs previous 30d"", ""Revenue gap of \u20b95,375"", ""Order frequency declined 100.0%"", ""Revenue growth materially below peer benchmark""]","Prioritize an outlet visit to investigate lost volume, identify affected products/categories, and attempt revenue recovery.",OPEN
OPP-000531,1026,Barad Mart,5,51,Convenience,C,INACTIVE_OUTLET,85,HIGH,"[""No order for 57 days"", ""Zero revenue in current 30d"", ""Previous 30d revenue was \u20b95,375""]",Prioritize a reactivation visit. Investigate the reason for inactivity and attempt to recover previous purchasing behaviour.,OPEN
OPP-000532,1027,Bhandari Retail,1,27,Pharmacy,C,REVENUE_RECOVERY,80,HIGH,"[""Revenue declined 100.0% vs previous 30d"", ""Revenue gap of \u20b91,705"", ""Order frequency declined 100.0%"", ""Revenue growth materially below peer benchmark""]","Prioritize an outlet visit to investigate lost volume, identify affected products/categories, and attempt revenue recovery.",OPEN
OPP-000533,1027,Bhandari Retail,1,27,Pharmacy,C,INACTIVE_OUTLET,60,MEDIUM,"[""No order for 39 days"", ""Zero revenue in current 30d"", ""Previous 30d revenue was \u20b91,705""]",Prioritize a reactivation visit. Investigate the reason for inactivity and attempt to recover previous purchasing behaviour.,OPEN
OPP-000534,1028,Pillay Supermarket,12,78,Modern Trade,C,REVENUE_RECOVERY,70,MEDIUM,"[""Revenue declined 62.5% vs previous 30d"", ""Revenue gap of \u20b91,590"", ""Order frequency declined 50.0%"", ""Revenue growth below peer benchmark""]","Prioritize an outlet visit to investigate lost volume, identify affected products/categories, and attempt revenue recovery.",OPEN
OPP-000535,1029,Mangat Traders,4,26,General Trade,C,REVENUE_RECOVERY,70,MEDIUM,"[""Revenue declined 48.3% vs previous 30d"", ""Revenue gap of \u20b93,172"", ""Order frequency declined 66.7%""]","Prioritize an outlet visit to investigate lost volume, identify affected products/categories, and attempt revenue recovery.",OPEN
OPP-000536,1031,Chana Retail,2,37,Pharmacy,B,REVENUE_RECOVERY,100,HIGH,"[""Revenue declined 100.0% vs previous 30d"", ""Revenue gap of \u20b98,521"", ""Order frequency declined 100.0%"", ""Revenue growth materially below peer benchmark""]","Prioritize an outlet visit to investigate lost volume, identify affected products/categories, and attempt revenue recovery.",OPEN
OPP-000537,1031,Chana Retail,2,37,Pharmacy,B,INACTIVE_OUTLET,85,HIGH,"[""No order for 57 days"", ""Zero revenue in current 30d"", ""Previous 30d revenue was \u20b98,521""]",Prioritize a reactivation visit. Investigate the reason for inactivity and attempt to recover previous purchasing behaviour.,OPEN
OPP-000538,1032,Tripathi Supermarket,4,54,Pharmacy,A,REVENUE_RECOVERY,85,HIGH,"[""Revenue declined 41.1% vs previous 30d"", ""Revenue gap of \u20b94,146"", ""Order frequency declined 50.0%"", ""Revenue growth materially below peer benchmark""]","Prioritize an outlet visit to investigate lost volume, identify affected products/categories, and attempt revenue recovery.",OPEN
OPP-000539,1033,Rajagopalan General Store,5,90,Modern Trade,A,REVENUE_RECOVERY,93,HIGH,"[""Revenue declined 34.4% vs previous 30d"", ""Revenue gap of \u20b910,198"", ""Order frequency declined 57.1%"", ""Revenue growth materially below peer benchmark""]","Prioritize an outlet visit to investigate lost volume, identify affected products/categories, and attempt revenue recovery.",OPEN
OPP-000540,1034,Shere General Store,8,69,Modern Trade,C,REVENUE_RECOVERY,90,HIGH,"[""Revenue declined 57.0% vs previous 30d"", ""Revenue gap of \u20b95,985"", ""Order frequency declined 50.0%"", ""Revenue growth below peer benchmark""]","Prioritize an outlet visit to investigate lost volume, identify affected products/categories, and attempt revenue recovery.",OPEN
OPP-000541,1037,Guha Traders,4,96,Modern Trade,B,REVENUE_RECOVERY,35,LOW,"[""Revenue declined 15.3% vs previous 30d"", ""Revenue gap of \u20b9527""]","Prioritize an outlet visit to investigate lost volume, identify affected products/categories, and attempt revenue recovery.",OPEN
OPP-000542,1042,Bhatia Supermarket,7,28,General Trade,C,REVENUE_RECOVERY,92,HIGH,"[""Revenue declined 100.0% vs previous 30d"", ""Revenue gap of \u20b92,908"", ""Order frequency declined 100.0%"", ""Revenue growth materially below peer benchmark""]","Prioritize an outlet visit to investigate lost volume, identify affected products/categories, and attempt revenue recovery.",OPEN
OPP-000543,1042,Bhatia Supermarket,7,28,General Trade,C,INACTIVE_OUTLET,75,HIGH,"[""No order for 47 days"", ""Zero revenue in current 30d"", ""Previous 30d revenue was \u20b92,908""]",Prioritize a reactivation visit. Investigate the reason for inactivity and attempt to recover previous purchasing behaviour.,OPEN
OPP-000544,1046,Chad Mart,6,14,Convenience,B,REVENUE_RECOVERY,92,HIGH,"[""Revenue declined 53.5% vs previous 30d"", ""Revenue gap of \u20b94,893"", ""Order frequency declined 66.7%"", ""Revenue growth materially below peer benchmark""]","Prioritize an outlet visit to investigate lost volume, identify affected products/categories, and attempt revenue recovery.",OPEN
OPP-000545,1048,Gera Mart,3,2,General Trade,B,REVENUE_RECOVERY,100,HIGH,"[""Revenue declined 52.6% vs previous 30d"", ""Revenue gap of \u20b97,527"", ""Order frequency declined 75.0%"", ""Revenue growth materially below peer benchmark""]","Prioritize an outlet visit to investigate lost volume, identify affected products/categories, and attempt revenue recovery.",OPEN
OPP-000546,1049,Baral Mart,4,48,Pharmacy,A,REVENUE_RECOVERY,100,HIGH,"[""Revenue declined 86.2% vs previous 30d"", ""Revenue gap of \u20b920,152"", ""Order frequency declined 75.0%"", ""Revenue growth materially below peer benchmark""]","Prioritize an outlet visit to investigate lost volume, identify affected products/categories, and attempt revenue recovery.",OPEN
OPP-000547,1050,Kota Supermarket,12,92,Modern Trade,C,REVENUE_RECOVERY,65,MEDIUM,"[""Revenue declined 49.0% vs previous 30d"", ""Revenue gap of \u20b94,642"", ""Order frequency declined 33.3%""]","Prioritize an outlet visit to investigate lost volume, identify affected products/categories, and attempt revenue recovery.",OPEN
OPP-000548,1051,Sarma Mart,4,81,Supermarket,C,REVENUE_RECOVERY,100,HIGH,"[""Revenue declined 94.5% vs previous 30d"", ""Revenue gap of \u20b95,178"", ""Order frequency declined 66.7%"", ""Revenue growth materially below peer benchmark""]","Prioritize an outlet visit to investigate lost volume, identify affected products/categories, and attempt revenue recovery.",OPEN
OPP-000549,1053,Viswanathan General Store,5,82,Modern Trade,B,REVENUE_RECOVERY,55,MEDIUM,"[""Revenue declined 31.4% vs previous 30d"", ""Revenue gap of \u20b92,395""]","Prioritize an outlet visit to investigate lost volume, identify affected products/categories, and attempt revenue recovery.",OPEN
OPP-000550,1055,Dutt Mart,2,38,General Trade,A,REVENUE_RECOVERY,93,HIGH,"[""Revenue declined 38.5% vs previous 30d"", ""Revenue gap of \u20b98,195"", ""Order frequency declined 80.0%"", ""Revenue growth materially below peer benchmark""]","Prioritize an outlet visit to investigate lost volume, identify affected products/categories, and attempt revenue recovery.",OPEN
OPP-000551,1057,Pradhan Retail,2,37,Supermarket,B,REVENUE_RECOVERY,100,HIGH,"[""Revenue declined 58.1% vs previous 30d"", ""Revenue gap of \u20b96,625"", ""Order frequency declined 50.0%"", ""Revenue growth materially below peer benchmark""]","Prioritize an outlet visit to investigate lost volume, identify affected products/categories, and attempt revenue recovery.",OPEN
OPP-000552,1058,Mandal Traders,4,32,Convenience,C,REVENUE_RECOVERY,82,HIGH,"[""Revenue declined 84.3% vs previous 30d"", ""Revenue gap of \u20b94,842"", ""Order frequency declined 66.7%"", ""Revenue growth below peer benchmark""]","Prioritize an outlet visit to investigate lost volume, identify affected products/categories, and attempt revenue recovery.",OPEN
OPP-000553,1064,Bhatti Traders,4,62,General Trade,C,REVENUE_RECOVERY,90,HIGH,"[""Revenue declined 70.0% vs previous 30d"", ""Revenue gap of \u20b95,216"", ""Order frequency declined 50.0%"", ""Revenue growth below peer benchmark""]","Prioritize an outlet visit to investigate lost volume, identify affected products/categories, and attempt revenue recovery.",OPEN
OPP-000554,1067,Raju Supermarket,4,25,Supermarket,A,REVENUE_RECOVERY,88,HIGH,"[""Revenue declined 42.6% vs previous 30d"", ""Revenue gap of \u20b96,919"", ""Order frequency declined 40.0%"", ""Revenue growth materially below peer benchmark""]","Prioritize an outlet visit to investigate lost volume, identify affected products/categories, and attempt revenue recovery.",OPEN
OPP-000555,1068,Mander Retail,4,96,Convenience,B,REVENUE_RECOVERY,92,HIGH,"[""Revenue declined 100.0% vs previous 30d"", ""Revenue gap of \u20b94,052"", ""Order frequency declined 100.0%"", ""Revenue growth materially below peer benchmark""]","Prioritize an outlet visit to investigate lost volume, identify affected products/categories, and attempt revenue recovery.",OPEN
OPP-000556,1068,Mander Retail,4,96,Convenience,B,INACTIVE_OUTLET,60,MEDIUM,"[""No order for 37 days"", ""Zero revenue in current 30d"", ""Previous 30d revenue was \u20b94,052""]",Prioritize a reactivation visit. Investigate the reason for inactivity and attempt to recover previous purchasing behaviour.,OPEN
OPP-000557,1069,Krishnan Traders,12,50,Supermarket,A,REVENUE_RECOVERY,100,HIGH,"[""Revenue declined 100.0% vs previous 30d"", ""Revenue gap of \u20b96,876"", ""Order frequency declined 100.0%"", ""Revenue growth materially below peer benchmark""]","Prioritize an outlet visit to investigate lost volume, identify affected products/categories, and attempt revenue recovery.",OPEN
OPP-000558,1069,Krishnan Traders,12,50,Supermarket,A,INACTIVE_OUTLET,70,MEDIUM,"[""No order for 37 days"", ""Zero revenue in current 30d"", ""Previous 30d revenue was \u20b96,876""]",Prioritize a reactivation visit. Investigate the reason for inactivity and attempt to recover previous purchasing behaviour.,OPEN
OPP-000559,1071,Nath Retail,4,32,General Trade,A,REVENUE_RECOVERY,100,HIGH,"[""Revenue declined 88.4% vs previous 30d"", ""Revenue gap of \u20b922,111"", ""Order frequency declined 75.0%"", ""Revenue growth materially below peer benchmark""]","Prioritize an outlet visit to investigate lost volume, identify affected products/categories, and attempt revenue recovery.",OPEN
OPP-000560,1072,Bumb Mart,12,78,Supermarket,C,REVENUE_RECOVERY,92,HIGH,"[""Revenue declined 100.0% vs previous 30d"", ""Revenue gap of \u20b92,334"", ""Order frequency declined 100.0%"", ""Revenue growth materially below peer benchmark""]","Prioritize an outlet visit to investigate lost volume, identify affected products/categories, and attempt revenue recovery.",OPEN
OPP-000561,1072,Bumb Mart,12,78,Supermarket,C,INACTIVE_OUTLET,60,MEDIUM,"[""No order for 34 days"", ""Zero revenue in current 30d"", ""Previous 30d revenue was \u20b92,334""]",Prioritize a reactivation visit. Investigate the reason for inactivity and attempt to recover previous purchasing behaviour.,OPEN
OPP-000562,1076,Ramanathan Traders,12,19,Supermarket,C,REVENUE_RECOVERY,80,HIGH,"[""Revenue declined 100.0% vs previous 30d"", ""Revenue gap of \u20b91,332"", ""Order frequency declined 100.0%"", ""Revenue growth materially below peer benchmark""]","Prioritize an outlet visit to investigate lost volume, identify affected products/categories, and attempt revenue recovery.",OPEN
OPP-000563,1076,Ramanathan Traders,12,19,Supermarket,C,INACTIVE_OUTLET,75,HIGH,"[""No order for 57 days"", ""Zero revenue in current 30d"", ""Previous 30d revenue was \u20b91,332""]",Prioritize a reactivation visit. Investigate the reason for inactivity and attempt to recover previous purchasing behaviour.,OPEN
OPP-000564,1077,Dayal Traders,4,1,Convenience,A,REVENUE_RECOVERY,95,HIGH,"[""Revenue declined 64.1% vs previous 30d"", ""Revenue gap of \u20b910,228"", ""Order frequency declined 33.3%"", ""Revenue growth materially below peer benchmark""]","Prioritize an outlet visit to investigate lost volume, identify affected products/categories, and attempt revenue recovery.",OPEN
OPP-000565,1078,Chad Mart,4,22,Modern Trade,B,REVENUE_RECOVERY,100,HIGH,"[""Revenue declined 86.9% vs previous 30d"", ""Revenue gap of \u20b916,321"", ""Order frequency declined 83.3%"", ""Revenue growth materially below peer benchmark""]","Prioritize an outlet visit to investigate lost volume, identify affected products/categories, and attempt revenue recovery.",OPEN
OPP-000566,1080,Puri Supermarket,8,34,General Trade,B,REVENUE_RECOVERY,100,HIGH,"[""Revenue declined 80.2% vs previous 30d"", ""Revenue gap of \u20b97,009"", ""Order frequency declined 50.0%"", ""Revenue growth materially below peer benchmark""]","Prioritize an outlet visit to investigate lost volume, identify affected products/categories, and attempt revenue recovery.",OPEN
OPP-000567,1088,Badami Retail,5,82,General Trade,A,REVENUE_RECOVERY,100,HIGH,"[""Revenue declined 75.4% vs previous 30d"", ""Revenue gap of \u20b935,211"", ""Order frequency declined 71.4%"", ""Revenue growth materially below peer benchmark""]","Prioritize an outlet visit to investigate lost volume, identify affected products/categories, and attempt revenue recovery.",OPEN
OPP-000568,1089,Patil Traders,7,57,Convenience,C,REVENUE_RECOVERY,92,HIGH,"[""Revenue declined 100.0% vs previous 30d"", ""Revenue gap of \u20b93,159"", ""Order frequency declined 100.0%"", ""Revenue growth materially below peer benchmark""]","Prioritize an outlet visit to investigate lost volume, identify affected products/categories, and attempt revenue recovery.",OPEN
OPP-000569,1089,Patil Traders,7,57,Convenience,C,INACTIVE_OUTLET,75,HIGH,"[""No order for 50 days"", ""Zero revenue in current 30d"", ""Previous 30d revenue was \u20b93,159""]",Prioritize a reactivation visit. Investigate the reason for inactivity and attempt to recover previous purchasing behaviour.,OPEN
OPP-000570,1091,Gole Traders,6,74,General Trade,A,REVENUE_RECOVERY,100,HIGH,"[""Revenue declined 78.2% vs previous 30d"", ""Revenue gap of \u20b933,695"", ""Order frequency declined 50.0%"", ""Revenue growth materially below peer benchmark""]","Prioritize an outlet visit to investigate lost volume, identify affected products/categories, and attempt revenue recovery.",OPEN
OPP-000571,1092,Kala General Store,4,60,Pharmacy,C,REVENUE_RECOVERY,80,HIGH,"[""Revenue declined 100.0% vs previous 30d"", ""Revenue gap of \u20b91,754"", ""Order frequency declined 100.0%"", ""Revenue growth materially below peer benchmark""]","Prioritize an outlet visit to investigate lost volume, identify affected products/categories, and attempt revenue recovery.",OPEN
OPP-000572,1092,Kala General Store,4,60,Pharmacy,C,INACTIVE_OUTLET,60,MEDIUM,"[""No order for 34 days"", ""Zero revenue in current 30d"", ""Previous 30d revenue was \u20b91,754""]",Prioritize a reactivation visit. Investigate the reason for inactivity and attempt to recover previous purchasing behaviour.,OPEN
OPP-000573,1095,Handa Traders,12,18,General Trade,C,REVENUE_RECOVERY,100,HIGH,"[""Revenue declined 100.0% vs previous 30d"", ""Revenue gap of \u20b96,831"", ""Order frequency declined 100.0%"", ""Revenue growth materially below peer benchmark""]","Prioritize an outlet visit to investigate lost volume, identify affected products/categories, and attempt revenue recovery.",OPEN
OPP-000574,1095,Handa Traders,12,18,General Trade,C,INACTIVE_OUTLET,85,HIGH,"[""No order for 53 days"", ""Zero revenue in current 30d"", ""Previous 30d revenue was \u20b96,831""]",Prioritize a reactivation visit. Investigate the reason for inactivity and attempt to recover previous purchasing behaviour.,OPEN
OPP-000575,1097,Devan Traders,7,84,Modern Trade,C,REVENUE_RECOVERY,45,LOW,"[""Revenue declined 18.0% vs previous 30d"", ""Revenue gap of \u20b9623"", ""Order frequency declined 25.0%""]","Prioritize an outlet visit to investigate lost volume, identify affected products/categories, and attempt revenue recovery.",OPEN
OPP-000576,1099,Brahmbhatt Supermarket,5,17,General Trade,C,REVENUE_RECOVERY,80,HIGH,"[""Revenue declined 100.0% vs previous 30d"", ""Revenue gap of \u20b9961"", ""Order frequency declined 100.0%"", ""Revenue growth materially below peer benchmark""]","Prioritize an outlet visit to investigate lost volume, identify affected products/categories, and attempt revenue recovery.",OPEN
OPP-000577,1099,Brahmbhatt Supermarket,5,17,General Trade,C,INACTIVE_OUTLET,50,LOW,"[""No order for 44 days"", ""Zero revenue in current 30d""]",Prioritize a reactivation visit. Investigate the reason for inactivity and attempt to recover previous purchasing behaviour.,OPEN
OPP-000578,1100,Merchant Retail,12,50,Modern Trade,B,REVENUE_RECOVERY,70,MEDIUM,"[""Revenue declined 45.9% vs previous 30d"", ""Revenue gap of \u20b94,782"", ""Revenue growth materially below peer benchmark""]","Prioritize an outlet visit to investigate lost volume, identify affected products/categories, and attempt revenue recovery.",OPEN
OPP-000579,1103,Zacharia General Store,1,77,Supermarket,B,REVENUE_RECOVERY,35,LOW,"[""Revenue gap of \u20b9821"", ""Order frequency declined 50.0%"", ""Revenue growth below peer benchmark""]","Prioritize an outlet visit to investigate lost volume, identify affected products/categories, and attempt revenue recovery.",OPEN
OPP-000580,1108,Puri Supermarket,5,51,General Trade,A,REVENUE_RECOVERY,42,LOW,"[""Revenue gap of \u20b93,214"", ""Order frequency declined 33.3%"", ""Revenue growth below peer benchmark""]","Prioritize an outlet visit to investigate lost volume, identify affected products/categories, and attempt revenue recovery.",OPEN
OPP-000581,1109,Dube Traders,7,84,Pharmacy,C,REVENUE_RECOVERY,70,MEDIUM,"[""Revenue declined 69.8% vs previous 30d"", ""Revenue gap of \u20b91,986"", ""Order frequency declined 50.0%"", ""Revenue growth below peer benchmark""]","Prioritize an outlet visit to investigate lost volume, identify affected products/categories, and attempt revenue recovery.",OPEN
OPP-000582,1110,Gaba General Store,4,96,Supermarket,C,REVENUE_RECOVERY,80,HIGH,"[""Revenue declined 100.0% vs previous 30d"", ""Revenue gap of \u20b9825"", ""Order frequency declined 100.0%"", ""Revenue growth materially below peer benchmark""]","Prioritize an outlet visit to investigate lost volume, identify affected products/categories, and attempt revenue recovery.",OPEN
OPP-000583,1110,Gaba General Store,4,96,Supermarket,C,INACTIVE_OUTLET,50,LOW,"[""No order for 43 days"", ""Zero revenue in current 30d""]",Prioritize a reactivation visit. Investigate the reason for inactivity and attempt to recover previous purchasing behaviour.,OPEN
OPP-000584,1112,Gandhi Supermarket,1,23,Supermarket,A,REVENUE_RECOVERY,100,HIGH,"[""Revenue declined 53.0% vs previous 30d"", ""Revenue gap of \u20b97,977"", ""Order frequency declined 50.0%"", ""Revenue growth materially below peer benchmark""]","Prioritize an outlet visit to investigate lost volume, identify affected products/categories, and attempt revenue recovery.",OPEN
OPP-000585,1113,Sarma General Store,9,93,Modern Trade,B,REVENUE_RECOVERY,100,HIGH,"[""Revenue declined 93.4% vs previous 30d"", ""Revenue gap of \u20b95,987"", ""Order frequency declined 50.0%"", ""Revenue growth materially below peer benchmark""]","Prioritize an outlet visit to investigate lost volume, identify affected products/categories, and attempt revenue recovery.",OPEN
OPP-000586,1114,Bassi General Store,1,23,Pharmacy,C,REVENUE_RECOVERY,92,HIGH,"[""Revenue declined 100.0% vs previous 30d"", ""Revenue gap of \u20b94,162"", ""Order frequency declined 100.0%"", ""Revenue growth materially below peer benchmark""]","Prioritize an outlet visit to investigate lost volume, identify affected products/categories, and attempt revenue recovery.",OPEN
OPP-000587,1114,Bassi General Store,1,23,Pharmacy,C,INACTIVE_OUTLET,75,HIGH,"[""No order for 55 days"", ""Zero revenue in current 30d"", ""Previous 30d revenue was \u20b94,162""]",Prioritize a reactivation visit. Investigate the reason for inactivity and attempt to recover previous purchasing behaviour.,OPEN
OPP-000588,1116,Patla Supermarket,12,66,Convenience,A,REVENUE_RECOVERY,42,LOW,"[""Revenue gap of \u20b93,282"", ""Revenue growth materially below peer benchmark""]","Prioritize an outlet visit to investigate lost volume, identify affected products/categories, and attempt revenue recovery.",OPEN
OPP-000589,1117,Khanna Traders,8,76,Supermarket,B,REVENUE_RECOVERY,92,HIGH,"[""Revenue declined 100.0% vs previous 30d"", ""Revenue gap of \u20b92,871"", ""Order frequency declined 100.0%"", ""Revenue growth materially below peer benchmark""]","Prioritize an outlet visit to investigate lost volume, identify affected products/categories, and attempt revenue recovery.",OPEN
OPP-000590,1117,Khanna Traders,8,76,Supermarket,B,INACTIVE_OUTLET,75,HIGH,"[""No order for 45 days"", ""Zero revenue in current 30d"", ""Previous 30d revenue was \u20b92,871""]",Prioritize a reactivation visit. Investigate the reason for inactivity and attempt to recover previous purchasing behaviour.,OPEN
OPP-000591,1119,Mane Supermarket,10,63,Convenience,B,REVENUE_RECOVERY,100,HIGH,"[""Revenue declined 92.6% vs previous 30d"", ""Revenue gap of \u20b98,054"", ""Order frequency declined 50.0%"", ""Revenue growth materially below peer benchmark""]","Prioritize an outlet visit to investigate lost volume, identify affected products/categories, and attempt revenue recovery.",OPEN
OPP-000592,1121,Kaur General Store,6,72,General Trade,C,REVENUE_RECOVERY,92,HIGH,"[""Revenue declined 100.0% vs previous 30d"", ""Revenue gap of \u20b93,144"", ""Order frequency declined 100.0%"", ""Revenue growth materially below peer benchmark""]","Prioritize an outlet visit to investigate lost volume, identify affected products/categories, and attempt revenue recovery.",OPEN
OPP-000593,1121,Kaur General Store,6,72,General Trade,C,INACTIVE_OUTLET,60,MEDIUM,"[""No order for 37 days"", ""Zero revenue in current 30d"", ""Previous 30d revenue was \u20b93,144""]",Prioritize a reactivation visit. Investigate the reason for inactivity and attempt to recover previous purchasing behaviour.,OPEN
OPP-000594,1125,Singh General Store,12,78,General Trade,B,REVENUE_RECOVERY,100,HIGH,"[""Revenue declined 70.3% vs previous 30d"", ""Revenue gap of \u20b95,253"", ""Order frequency declined 66.7%"", ""Revenue growth materially below peer benchmark""]","Prioritize an outlet visit to investigate lost volume, identify affected products/categories, and attempt revenue recovery.",OPEN
OPP-000595,1127,Pillai Retail,8,55,Pharmacy,B,REVENUE_RECOVERY,48,LOW,"[""Revenue declined 40.3% vs previous 30d"", ""Revenue gap of \u20b9879"", ""Revenue growth below peer benchmark""]","Prioritize an outlet visit to investigate lost volume, identify affected products/categories, and attempt revenue recovery.",OPEN
OPP-000596,1128,Sastry Mart,3,11,Convenience,C,REVENUE_RECOVERY,80,HIGH,"[""Revenue declined 100.0% vs previous 30d"", ""Revenue gap of \u20b91,129"", ""Order frequency declined 100.0%"", ""Revenue growth materially below peer benchmark""]","Prioritize an outlet visit to investigate lost volume, identify affected products/categories, and attempt revenue recovery.",OPEN
OPP-000597,1128,Sastry Mart,3,11,Convenience,C,INACTIVE_OUTLET,60,MEDIUM,"[""No order for 32 days"", ""Zero revenue in current 30d"", ""Previous 30d revenue was \u20b91,129""]",Prioritize a reactivation visit. Investigate the reason for inactivity and attempt to recover previous purchasing behaviour.,OPEN
OPP-000598,1130,Manda Supermarket,4,41,Modern Trade,B,REVENUE_RECOVERY,100,HIGH,"[""Revenue declined 81.9% vs previous 30d"", ""Revenue gap of \u20b910,377"", ""Order frequency declined 75.0%"", ""Revenue growth materially below peer benchmark""]","Prioritize an outlet visit to investigate lost volume, identify affected products/categories, and attempt revenue recovery.",OPEN
OPP-000599,1132,Thakkar General Store,12,19,Pharmacy,B,REVENUE_RECOVERY,100,HIGH,"[""Revenue declined 100.0% vs previous 30d"", ""Revenue gap of \u20b911,384"", ""Order frequency declined 100.0%"", ""Revenue growth materially below peer benchmark""]","Prioritize an outlet visit to investigate lost volume, identify affected products/categories, and attempt revenue recovery.",OPEN
OPP-000600,1132,Thakkar General Store,12,19,Pharmacy,B,INACTIVE_OUTLET,70,MEDIUM,"[""No order for 41 days"", ""Zero revenue in current 30d"", ""Previous 30d revenue was \u20b911,384""]",Prioritize a reactivation visit. Investigate the reason for inactivity and attempt to recover previous purchasing behaviour.,OPEN
OPP-000601,1136,Iyengar Supermarket,8,76,Modern Trade,B,REVENUE_RECOVERY,52,LOW,"[""Revenue declined 21.2% vs previous 30d"", ""Revenue gap of \u20b92,680"", ""Revenue growth below peer benchmark""]","Prioritize an outlet visit to investigate lost volume, identify affected products/categories, and attempt revenue recovery.",OPEN
OPP-000602,1142,Chauhan Supermarket,4,62,General Trade,B,REVENUE_RECOVERY,100,HIGH,"[""Revenue declined 100.0% vs previous 30d"", ""Revenue gap of \u20b914,953"", ""Order frequency declined 100.0%"", ""Revenue growth materially below peer benchmark""]","Prioritize an outlet visit to investigate lost volume, identify affected products/categories, and attempt revenue recovery.",OPEN
OPP-000603,1142,Chauhan Supermarket,4,62,General Trade,B,INACTIVE_OUTLET,70,MEDIUM,"[""No order for 43 days"", ""Zero revenue in current 30d"", ""Previous 30d revenue was \u20b914,953""]",Prioritize a reactivation visit. Investigate the reason for inactivity and attempt to recover previous purchasing behaviour.,OPEN
OPP-000604,1144,Dash Traders,3,88,Modern Trade,A,REVENUE_RECOVERY,85,HIGH,"[""Revenue declined 54.6% vs previous 30d"", ""Revenue gap of \u20b98,636"", ""Revenue growth materially below peer benchmark""]","Prioritize an outlet visit to investigate lost volume, identify affected products/categories, and attempt revenue recovery.",OPEN
OPP-000605,1146,Chacko General Store,1,49,Supermarket,B,REVENUE_RECOVERY,40,LOW,"[""Revenue declined 24.2% vs previous 30d"", ""Revenue gap of \u20b91,364"", ""Revenue growth below peer benchmark""]","Prioritize an outlet visit to investigate lost volume, identify affected products/categories, and attempt revenue recovery.",OPEN
OPP-000606,1149,Sengupta General Store,6,80,Convenience,A,REVENUE_RECOVERY,80,HIGH,"[""Revenue declined 23.0% vs previous 30d"", ""Revenue gap of \u20b98,407"", ""Order frequency declined 25.0%"", ""Revenue growth materially below peer benchmark""]","Prioritize an outlet visit to investigate lost volume, identify affected products/categories, and attempt revenue recovery.",OPEN
OPP-000607,1153,Chand Traders,8,69,Pharmacy,A,REVENUE_RECOVERY,93,HIGH,"[""Revenue declined 38.7% vs previous 30d"", ""Revenue gap of \u20b97,403"", ""Order frequency declined 50.0%"", ""Revenue growth materially below peer benchmark""]","Prioritize an outlet visit to investigate lost volume, identify affected products/categories, and attempt revenue recovery.",OPEN
OPP-000608,1154,Kapadia Mart,4,1,General Trade,C,REVENUE_RECOVERY,100,HIGH,"[""Revenue declined 100.0% vs previous 30d"", ""Revenue gap of \u20b95,560"", ""Order frequency declined 100.0%"", ""Revenue growth materially below peer benchmark""]","Prioritize an outlet visit to investigate lost volume, identify affected products/categories, and attempt revenue recovery.",OPEN
OPP-000609,1154,Kapadia Mart,4,1,General Trade,C,INACTIVE_OUTLET,70,MEDIUM,"[""No order for 32 days"", ""Zero revenue in current 30d"", ""Previous 30d revenue was \u20b95,560""]",Prioritize a reactivation visit. Investigate the reason for inactivity and attempt to recover previous purchasing behaviour.,OPEN
OPP-000610,1156,Palla Traders,12,16,Modern Trade,B,REVENUE_RECOVERY,100,HIGH,"[""Revenue declined 68.8% vs previous 30d"", ""Revenue gap of \u20b910,398"", ""Order frequency declined 66.7%"", ""Revenue growth materially below peer benchmark""]","Prioritize an outlet visit to investigate lost volume, identify affected products/categories, and attempt revenue recovery.",OPEN
OPP-000611,1158,Sachdeva Retail,1,99,Pharmacy,A,REVENUE_RECOVERY,85,HIGH,"[""Revenue declined 53.4% vs previous 30d"", ""Revenue gap of \u20b98,253"", ""Revenue growth materially below peer benchmark""]","Prioritize an outlet visit to investigate lost volume, identify affected products/categories, and attempt revenue recovery.",OPEN
OPP-000612,1159,Bera General Store,4,62,Pharmacy,B,REVENUE_RECOVERY,100,HIGH,"[""Revenue declined 100.0% vs previous 30d"", ""Revenue gap of \u20b98,137"", ""Order frequency declined 100.0%"", ""Revenue growth materially below peer benchmark""]","Prioritize an outlet visit to investigate lost volume, identify affected products/categories, and attempt revenue recovery.",OPEN
OPP-000613,1159,Bera General Store,4,62,Pharmacy,B,INACTIVE_OUTLET,70,MEDIUM,"[""No order for 38 days"", ""Zero revenue in current 30d"", ""Previous 30d revenue was \u20b98,137""]",Prioritize a reactivation visit. Investigate the reason for inactivity and attempt to recover previous purchasing behaviour.,OPEN
OPP-000614,1160,Randhawa General Store,7,24,Supermarket,B,REVENUE_RECOVERY,80,HIGH,"[""Revenue declined 100.0% vs previous 30d"", ""Revenue gap of \u20b91,868"", ""Order frequency declined 100.0%"", ""Revenue growth materially below peer benchmark""]","Prioritize an outlet visit to investigate lost volume, identify affected products/categories, and attempt revenue recovery.",OPEN
OPP-000615,1160,Randhawa General Store,7,24,Supermarket,B,INACTIVE_OUTLET,75,HIGH,"[""No order for 47 days"", ""Zero revenue in current 30d"", ""Previous 30d revenue was \u20b91,868""]",Prioritize a reactivation visit. Investigate the reason for inactivity and attempt to recover previous purchasing behaviour.,OPEN
OPP-000616,1161,Thakkar General Store,4,26,Convenience,C,REVENUE_RECOVERY,50,LOW,"[""Revenue declined 61.9% vs previous 30d"", ""Revenue gap of \u20b91,977""]","Prioritize an outlet visit to investigate lost volume, identify affected products/categories, and attempt revenue recovery.",OPEN
OPP-000617,1163,Keer General Store,8,55,General Trade,C,REVENUE_RECOVERY,92,HIGH,"[""Revenue declined 100.0% vs previous 30d"", ""Revenue gap of \u20b93,411"", ""Order frequency declined 100.0%"", ""Revenue growth materially below peer benchmark""]","Prioritize an outlet visit to investigate lost volume, identify affected products/categories, and attempt revenue recovery.",OPEN
OPP-000618,1163,Keer General Store,8,55,General Trade,C,INACTIVE_OUTLET,60,MEDIUM,"[""No order for 33 days"", ""Zero revenue in current 30d"", ""Previous 30d revenue was \u20b93,411""]",Prioritize a reactivation visit. Investigate the reason for inactivity and attempt to recover previous purchasing behaviour.,OPEN
OPP-000619,1164,Raju Traders,12,30,General Trade,B,REVENUE_RECOVERY,100,HIGH,"[""Revenue declined 100.0% vs previous 30d"", ""Revenue gap of \u20b914,955"", ""Order frequency declined 100.0%"", ""Revenue growth materially below peer benchmark""]","Prioritize an outlet visit to investigate lost volume, identify affected products/categories, and attempt revenue recovery.",OPEN
OPP-000620,1164,Raju Traders,12,30,General Trade,B,INACTIVE_OUTLET,85,HIGH,"[""No order for 45 days"", ""Zero revenue in current 30d"", ""Previous 30d revenue was \u20b914,955""]",Prioritize a reactivation visit. Investigate the reason for inactivity and attempt to recover previous purchasing behaviour.,OPEN
OPP-000621,1167,Kapur Traders,7,13,Supermarket,A,REVENUE_RECOVERY,93,HIGH,"[""Revenue declined 31.2% vs previous 30d"", ""Revenue gap of \u20b913,974"", ""Order frequency declined 60.0%"", ""Revenue growth materially below peer benchmark""]","Prioritize an outlet visit to investigate lost volume, identify affected products/categories, and attempt revenue recovery.",OPEN
OPP-000622,1169,Nagar Retail,7,68,Modern Trade,B,REVENUE_RECOVERY,100,HIGH,"[""Revenue declined 63.8% vs previous 30d"", ""Revenue gap of \u20b96,322"", ""Order frequency declined 66.7%"", ""Revenue growth materially below peer benchmark""]","Prioritize an outlet visit to investigate lost volume, identify affected products/categories, and attempt revenue recovery.",OPEN
OPP-000623,1170,Chaudhary Supermarket,5,17,Modern Trade,A,REVENUE_RECOVERY,95,HIGH,"[""Revenue declined 75.0% vs previous 30d"", ""Revenue gap of \u20b99,626"", ""Order frequency declined 33.3%"", ""Revenue growth materially below peer benchmark""]","Prioritize an outlet visit to investigate lost volume, identify affected products/categories, and attempt revenue recovery.",OPEN
OPP-000624,1173,Devan General Store,6,45,Pharmacy,B,REVENUE_RECOVERY,100,HIGH,"[""Revenue declined 81.4% vs previous 30d"", ""Revenue gap of \u20b912,744"", ""Order frequency declined 60.0%"", ""Revenue growth materially below peer benchmark""]","Prioritize an outlet visit to investigate lost volume, identify affected products/categories, and attempt revenue recovery.",OPEN
OPP-000625,1175,Mangat Supermarket,9,95,Convenience,B,REVENUE_RECOVERY,77,HIGH,"[""Revenue declined 83.6% vs previous 30d"", ""Revenue gap of \u20b94,441"", ""Revenue growth materially below peer benchmark""]","Prioritize an outlet visit to investigate lost volume, identify affected products/categories, and attempt revenue recovery.",OPEN
OPP-000626,1176,Sodhi Traders,12,50,Convenience,C,REVENUE_RECOVERY,80,HIGH,"[""Revenue declined 100.0% vs previous 30d"", ""Revenue gap of \u20b91,429"", ""Order frequency declined 100.0%"", ""Revenue growth materially below peer benchmark""]","Prioritize an outlet visit to investigate lost volume, identify affected products/categories, and attempt revenue recovery.",OPEN
OPP-000627,1176,Sodhi Traders,12,50,Convenience,C,INACTIVE_OUTLET,60,MEDIUM,"[""No order for 37 days"", ""Zero revenue in current 30d"", ""Previous 30d revenue was \u20b91,429""]",Prioritize a reactivation visit. Investigate the reason for inactivity and attempt to recover previous purchasing behaviour.,OPEN
OPP-000628,1178,Singh Retail,8,34,Supermarket,C,REVENUE_RECOVERY,35,LOW,"[""Revenue declined 22.2% vs previous 30d"", ""Revenue gap of \u20b9818""]","Prioritize an outlet visit to investigate lost volume, identify affected products/categories, and attempt revenue recovery.",OPEN
OPP-000629,1179,Sen Mart,8,69,Supermarket,B,REVENUE_RECOVERY,83,HIGH,"[""Revenue declined 41.5% vs previous 30d"", ""Revenue gap of \u20b96,856"", ""Order frequency declined 60.0%"", ""Revenue growth below peer benchmark""]","Prioritize an outlet visit to investigate lost volume, identify affected products/categories, and attempt revenue recovery.",OPEN
OPP-000630,1181,Buch Supermarket,12,78,Supermarket,B,REVENUE_RECOVERY,100,HIGH,"[""Revenue declined 52.1% vs previous 30d"", ""Revenue gap of \u20b98,872"", ""Order frequency declined 60.0%"", ""Revenue growth materially below peer benchmark""]","Prioritize an outlet visit to investigate lost volume, identify affected products/categories, and attempt revenue recovery.",OPEN
OPP-000631,1183,Kunda Supermarket,10,33,General Trade,B,REVENUE_RECOVERY,80,HIGH,"[""Revenue declined 100.0% vs previous 30d"", ""Revenue gap of \u20b91,313"", ""Order frequency declined 100.0%"", ""Revenue growth materially below peer benchmark""]","Prioritize an outlet visit to investigate lost volume, identify affected products/categories, and attempt revenue recovery.",OPEN
OPP-000632,1183,Kunda Supermarket,10,33,General Trade,B,INACTIVE_OUTLET,75,HIGH,"[""No order for 58 days"", ""Zero revenue in current 30d"", ""Previous 30d revenue was \u20b91,313""]",Prioritize a reactivation visit. Investigate the reason for inactivity and attempt to recover previous purchasing behaviour.,OPEN
OPP-000633,1184,Kale Traders,10,33,Modern Trade,C,REVENUE_RECOVERY,92,HIGH,"[""Revenue declined 100.0% vs previous 30d"", ""Revenue gap of \u20b92,300"", ""Order frequency declined 100.0%"", ""Revenue growth materially below peer benchmark""]","Prioritize an outlet visit to investigate lost volume, identify affected products/categories, and attempt revenue recovery.",OPEN
OPP-000634,1184,Kale Traders,10,33,Modern Trade,C,INACTIVE_OUTLET,75,HIGH,"[""No order for 57 days"", ""Zero revenue in current 30d"", ""Previous 30d revenue was \u20b92,300""]",Prioritize a reactivation visit. Investigate the reason for inactivity and attempt to recover previous purchasing behaviour.,OPEN
OPP-000635,1186,Wable Mart,12,64,Modern Trade,B,REVENUE_RECOVERY,60,MEDIUM,"[""Revenue declined 32.5% vs previous 30d"", ""Revenue gap of \u20b92,079"", ""Revenue growth below peer benchmark""]","Prioritize an outlet visit to investigate lost volume, identify affected products/categories, and attempt revenue recovery.",OPEN
OPP-000636,1187,Sampath Mart,3,83,Modern Trade,A,REVENUE_RECOVERY,95,HIGH,"[""Revenue declined 82.6% vs previous 30d"", ""Revenue gap of \u20b935,044"", ""Order frequency declined 40.0%"", ""Revenue growth materially below peer benchmark""]","Prioritize an outlet visit to investigate lost volume, identify affected products/categories, and attempt revenue recovery.",OPEN
OPP-000637,1188,Choudhry Mart,2,9,Pharmacy,A,REVENUE_RECOVERY,75,HIGH,"[""Revenue declined 21.3% vs previous 30d"", ""Revenue gap of \u20b96,584"", ""Order frequency declined"", ""Revenue growth materially below peer benchmark""]","Prioritize an outlet visit to investigate lost volume, identify affected products/categories, and attempt revenue recovery.",OPEN
OPP-000638,1189,Mani General Store,9,93,Convenience,A,REVENUE_RECOVERY,93,HIGH,"[""Revenue declined 49.6% vs previous 30d"", ""Revenue gap of \u20b911,317"", ""Order frequency declined 50.0%"", ""Revenue growth materially below peer benchmark""]","Prioritize an outlet visit to investigate lost volume, identify affected products/categories, and attempt revenue recovery.",OPEN
OPP-000639,1190,Khanna General Store,3,2,Supermarket,A,REVENUE_RECOVERY,95,HIGH,"[""Revenue declined 50.4% vs previous 30d"", ""Revenue gap of \u20b923,937"", ""Order frequency declined 42.9%"", ""Revenue growth materially below peer benchmark""]","Prioritize an outlet visit to investigate lost volume, identify affected products/categories, and attempt revenue recovery.",OPEN
OPP-000640,1196,Shankar Supermarket,6,14,Supermarket,B,REVENUE_RECOVERY,78,HIGH,"[""Revenue declined 37.8% vs previous 30d"", ""Revenue gap of \u20b96,011"", ""Order frequency declined 25.0%"", ""Revenue growth below peer benchmark""]","Prioritize an outlet visit to investigate lost volume, identify affected products/categories, and attempt revenue recovery.",OPEN
OPP-000641,1199,Tata General Store,9,85,General Trade,C,REVENUE_RECOVERY,58,MEDIUM,"[""Revenue declined 48.8% vs previous 30d"", ""Revenue gap of \u20b91,072"", ""Order frequency declined 50.0%""]","Prioritize an outlet visit to investigate lost volume, identify affected products/categories, and attempt revenue recovery.",OPEN
OPP-000642,1201,Babu Retail,10,94,Modern Trade,A,REVENUE_RECOVERY,100,HIGH,"[""Revenue declined 72.5% vs previous 30d"", ""Revenue gap of \u20b935,579"", ""Order frequency declined 60.0%"", ""Revenue growth materially below peer benchmark""]","Prioritize an outlet visit to investigate lost volume, identify affected products/categories, and attempt revenue recovery.",OPEN
OPP-000643,1203,Khurana Traders,4,32,Convenience,B,REVENUE_RECOVERY,100,HIGH,"[""Revenue declined 84.1% vs previous 30d"", ""Revenue gap of \u20b99,657"", ""Order frequency declined 66.7%"", ""Revenue growth materially below peer benchmark""]","Prioritize an outlet visit to investigate lost volume, identify affected products/categories, and attempt revenue recovery.",OPEN
OPP-000644,1204,Dhawan Traders,12,50,Convenience,C,REVENUE_RECOVERY,100,HIGH,"[""Revenue declined 100.0% vs previous 30d"", ""Revenue gap of \u20b95,124"", ""Order frequency declined 100.0%"", ""Revenue growth materially below peer benchmark""]","Prioritize an outlet visit to investigate lost volume, identify affected products/categories, and attempt revenue recovery.",OPEN
OPP-000645,1206,Sanghvi General Store,12,61,Supermarket,C,REVENUE_RECOVERY,85,HIGH,"[""Revenue declined 68.5% vs previous 30d"", ""Revenue gap of \u20b96,354"", ""Order frequency declined 25.0%"", ""Revenue growth below peer benchmark""]","Prioritize an outlet visit to investigate lost volume, identify affected products/categories, and attempt revenue recovery.",OPEN
OPP-000646,1207,Agarwal Supermarket,2,38,Pharmacy,A,REVENUE_RECOVERY,100,HIGH,"[""Revenue declined 70.1% vs previous 30d"", ""Revenue gap of \u20b921,002"", ""Order frequency declined 75.0%"", ""Revenue growth materially below peer benchmark""]","Prioritize an outlet visit to investigate lost volume, identify affected products/categories, and attempt revenue recovery.",OPEN
OPP-000647,1209,Khosla Supermarket,4,48,General Trade,C,REVENUE_RECOVERY,80,HIGH,"[""Revenue declined 100.0% vs previous 30d"", ""Revenue gap of \u20b91,318"", ""Order frequency declined 100.0%"", ""Revenue growth materially below peer benchmark""]","Prioritize an outlet visit to investigate lost volume, identify affected products/categories, and attempt revenue recovery.",OPEN
OPP-000648,1209,Khosla Supermarket,4,48,General Trade,C,INACTIVE_OUTLET,60,MEDIUM,"[""No order for 41 days"", ""Zero revenue in current 30d"", ""Previous 30d revenue was \u20b91,318""]",Prioritize a reactivation visit. Investigate the reason for inactivity and attempt to recover previous purchasing behaviour.,OPEN
OPP-000649,1218,Tripathi General Store,8,55,General Trade,B,REVENUE_RECOVERY,92,HIGH,"[""Revenue declined 79.7% vs previous 30d"", ""Revenue gap of \u20b92,380"", ""Order frequency declined 50.0%"", ""Revenue growth materially below peer benchmark""]","Prioritize an outlet visit to investigate lost volume, identify affected products/categories, and attempt revenue recovery.",OPEN
OPP-000650,1220,Ramakrishnan General Store,4,25,Modern Trade,B,REVENUE_RECOVERY,65,MEDIUM,"[""Revenue declined 80.2% vs previous 30d"", ""Revenue gap of \u20b91,848"", ""Revenue growth materially below peer benchmark""]","Prioritize an outlet visit to investigate lost volume, identify affected products/categories, and attempt revenue recovery.",OPEN
OPP-000651,1221,Singhal Traders,10,6,General Trade,C,REVENUE_RECOVERY,92,HIGH,"[""Revenue declined 100.0% vs previous 30d"", ""Revenue gap of \u20b93,330"", ""Order frequency declined 100.0%"", ""Revenue growth materially below peer benchmark""]","Prioritize an outlet visit to investigate lost volume, identify affected products/categories, and attempt revenue recovery.",OPEN
OPP-000652,1221,Singhal Traders,10,6,General Trade,C,INACTIVE_OUTLET,60,MEDIUM,"[""No order for 34 days"", ""Zero revenue in current 30d"", ""Previous 30d revenue was \u20b93,330""]",Prioritize a reactivation visit. Investigate the reason for inactivity and attempt to recover previous purchasing behaviour.,OPEN
OPP-000653,1223,Ram Supermarket,5,17,General Trade,B,REVENUE_RECOVERY,75,HIGH,"[""Revenue declined 48.0% vs previous 30d"", ""Revenue gap of \u20b93,901"", ""Order frequency declined 66.7%"", ""Revenue growth below peer benchmark""]","Prioritize an outlet visit to investigate lost volume, identify affected products/categories, and attempt revenue recovery.",OPEN
OPP-000654,1227,Parikh Traders,7,44,General Trade,B,REVENUE_RECOVERY,48,LOW,"[""Revenue declined 35.0% vs previous 30d"", ""Revenue gap of \u20b91,868"", ""Revenue growth below peer benchmark""]","Prioritize an outlet visit to investigate lost volume, identify affected products/categories, and attempt revenue recovery.",OPEN
OPP-000655,1229,Pai Retail,7,13,Convenience,A,REVENUE_RECOVERY,95,HIGH,"[""Revenue declined 62.0% vs previous 30d"", ""Revenue gap of \u20b920,564"", ""Order frequency declined 42.9%"", ""Revenue growth materially below peer benchmark""]","Prioritize an outlet visit to investigate lost volume, identify affected products/categories, and attempt revenue recovery.",OPEN
OPP-000656,1234,Basu Supermarket,4,48,Pharmacy,C,REVENUE_RECOVERY,35,LOW,"[""Revenue declined 24.7% vs previous 30d"", ""Revenue gap of \u20b91,096""]","Prioritize an outlet visit to investigate lost volume, identify affected products/categories, and attempt revenue recovery.",OPEN
OPP-000657,1237,Gill Traders,6,86,Convenience,B,REVENUE_RECOVERY,92,HIGH,"[""Revenue declined 100.0% vs previous 30d"", ""Revenue gap of \u20b93,704"", ""Order frequency declined 100.0%"", ""Revenue growth materially below peer benchmark""]","Prioritize an outlet visit to investigate lost volume, identify affected products/categories, and attempt revenue recovery.",OPEN
OPP-000658,1237,Gill Traders,6,86,Convenience,B,INACTIVE_OUTLET,75,HIGH,"[""No order for 52 days"", ""Zero revenue in current 30d"", ""Previous 30d revenue was \u20b93,704""]",Prioritize a reactivation visit. Investigate the reason for inactivity and attempt to recover previous purchasing behaviour.,OPEN
OPP-000659,1238,Shetty Traders,7,24,Pharmacy,C,REVENUE_RECOVERY,40,LOW,"[""Revenue declined 58.5% vs previous 30d"", ""Revenue growth below peer benchmark""]","Prioritize an outlet visit to investigate lost volume, identify affected products/categories, and attempt revenue recovery.",OPEN
OPP-000660,1239,Srinivas Traders,7,44,General Trade,B,REVENUE_RECOVERY,47,LOW,"[""Revenue declined 21.1% vs previous 30d"", ""Revenue gap of \u20b92,063""]","Prioritize an outlet visit to investigate lost volume, identify affected products/categories, and attempt revenue recovery.",OPEN
OPP-000661,1240,Gopal Retail,12,61,Convenience,C,REVENUE_RECOVERY,92,HIGH,"[""Revenue declined 100.0% vs previous 30d"", ""Revenue gap of \u20b92,350"", ""Order frequency declined 100.0%"", ""Revenue growth materially below peer benchmark""]","Prioritize an outlet visit to investigate lost volume, identify affected products/categories, and attempt revenue recovery.",OPEN
OPP-000662,1243,Shankar Supermarket,4,39,Modern Trade,C,REVENUE_RECOVERY,35,LOW,"[""Revenue declined 21.3% vs previous 30d"", ""Revenue gap of \u20b91,028""]","Prioritize an outlet visit to investigate lost volume, identify affected products/categories, and attempt revenue recovery.",OPEN
OPP-000663,1247,Bassi Retail,12,19,General Trade,C,REVENUE_RECOVERY,77,HIGH,"[""Revenue declined 55.4% vs previous 30d"", ""Revenue gap of \u20b92,555"", ""Order frequency declined 66.7%""]","Prioritize an outlet visit to investigate lost volume, identify affected products/categories, and attempt revenue recovery.",OPEN
OPP-000664,1250,Mutti Supermarket,4,54,Pharmacy,C,REVENUE_RECOVERY,92,HIGH,"[""Revenue declined 100.0% vs previous 30d"", ""Revenue gap of \u20b92,308"", ""Order frequency declined 100.0%"", ""Revenue growth materially below peer benchmark""]","Prioritize an outlet visit to investigate lost volume, identify affected products/categories, and attempt revenue recovery.",OPEN
OPP-000665,1251,Mukherjee Retail,12,87,Supermarket,C,REVENUE_RECOVERY,65,MEDIUM,"[""Revenue declined 100.0% vs previous 30d"", ""Order frequency declined 100.0%"", ""Revenue growth materially below peer benchmark""]","Prioritize an outlet visit to investigate lost volume, identify affected products/categories, and attempt revenue recovery.",OPEN
OPP-000666,1251,Mukherjee Retail,12,87,Supermarket,C,INACTIVE_OUTLET,50,LOW,"[""No order for 38 days"", ""Zero revenue in current 30d""]",Prioritize a reactivation visit. Investigate the reason for inactivity and attempt to recover previous purchasing behaviour.,OPEN
OPP-000667,1252,Varma Traders,12,16,Pharmacy,C,REVENUE_RECOVERY,92,HIGH,"[""Revenue declined 100.0% vs previous 30d"", ""Revenue gap of \u20b92,106"", ""Order frequency declined 100.0%"", ""Revenue growth materially below peer benchmark""]","Prioritize an outlet visit to investigate lost volume, identify affected products/categories, and attempt revenue recovery.",OPEN
OPP-000668,1252,Varma Traders,12,16,Pharmacy,C,INACTIVE_OUTLET,60,MEDIUM,"[""No order for 41 days"", ""Zero revenue in current 30d"", ""Previous 30d revenue was \u20b92,106""]",Prioritize a reactivation visit. Investigate the reason for inactivity and attempt to recover previous purchasing behaviour.,OPEN
OPP-000669,1255,Kulkarni Supermarket,3,88,General Trade,C,REVENUE_RECOVERY,82,HIGH,"[""Revenue declined 55.3% vs previous 30d"", ""Revenue gap of \u20b92,958"", ""Order frequency declined 50.0%"", ""Revenue growth below peer benchmark""]","Prioritize an outlet visit to investigate lost volume, identify affected products/categories, and attempt revenue recovery.",OPEN
OPP-000670,1256,Bansal Traders,4,12,General Trade,C,REVENUE_RECOVERY,70,MEDIUM,"[""Revenue declined 49.4% vs previous 30d"", ""Revenue gap of \u20b94,097"", ""Order frequency declined 50.0%""]","Prioritize an outlet visit to investigate lost volume, identify affected products/categories, and attempt revenue recovery.",OPEN
OPP-000671,1257,Halder General Store,7,13,Supermarket,B,REVENUE_RECOVERY,77,HIGH,"[""Revenue declined 66.6% vs previous 30d"", ""Revenue gap of \u20b94,222"", ""Revenue growth materially below peer benchmark""]","Prioritize an outlet visit to investigate lost volume, identify affected products/categories, and attempt revenue recovery.",OPEN
OPP-000672,1259,Parikh Retail,12,53,Modern Trade,A,REVENUE_RECOVERY,93,HIGH,"[""Revenue declined 30.6% vs previous 30d"", ""Revenue gap of \u20b97,829"", ""Order frequency declined 50.0%"", ""Revenue growth materially below peer benchmark""]","Prioritize an outlet visit to investigate lost volume, identify affected products/categories, and attempt revenue recovery.",OPEN
OPP-000673,1260,Batta Traders,8,34,Modern Trade,C,REVENUE_RECOVERY,70,MEDIUM,"[""Revenue declined 68.0% vs previous 30d"", ""Revenue gap of \u20b91,901"", ""Order frequency declined 50.0%"", ""Revenue growth below peer benchmark""]","Prioritize an outlet visit to investigate lost volume, identify affected products/categories, and attempt revenue recovery.",OPEN
OPP-000674,1261,Narula Retail,3,2,Convenience,A,REVENUE_RECOVERY,80,HIGH,"[""Revenue declined 25.1% vs previous 30d"", ""Revenue gap of \u20b95,999"", ""Order frequency declined 25.0%"", ""Revenue growth materially below peer benchmark""]","Prioritize an outlet visit to investigate lost volume, identify affected products/categories, and attempt revenue recovery.",OPEN
OPP-000675,1264,Pillai Traders,1,52,Modern Trade,B,REVENUE_RECOVERY,95,HIGH,"[""Revenue declined 58.5% vs previous 30d"", ""Revenue gap of \u20b98,160"", ""Order frequency declined 33.3%"", ""Revenue growth materially below peer benchmark""]","Prioritize an outlet visit to investigate lost volume, identify affected products/categories, and attempt revenue recovery.",OPEN
OPP-000676,1265,Sarkar Retail,12,16,Convenience,C,REVENUE_RECOVERY,92,HIGH,"[""Revenue declined 100.0% vs previous 30d"", ""Revenue gap of \u20b94,661"", ""Order frequency declined 100.0%"", ""Revenue growth materially below peer benchmark""]","Prioritize an outlet visit to investigate lost volume, identify affected products/categories, and attempt revenue recovery.",OPEN
OPP-000677,1265,Sarkar Retail,12,16,Convenience,C,INACTIVE_OUTLET,60,MEDIUM,"[""No order for 33 days"", ""Zero revenue in current 30d"", ""Previous 30d revenue was \u20b94,661""]",Prioritize a reactivation visit. Investigate the reason for inactivity and attempt to recover previous purchasing behaviour.,OPEN
OPP-000678,1266,Ratta Supermarket,4,12,Modern Trade,B,REVENUE_RECOVERY,95,HIGH,"[""Revenue declined 75.6% vs previous 30d"", ""Revenue gap of \u20b99,352"", ""Order frequency declined 25.0%"", ""Revenue growth materially below peer benchmark""]","Prioritize an outlet visit to investigate lost volume, identify affected products/categories, and attempt revenue recovery.",OPEN
OPP-000679,1268,Raju Supermarket,5,31,Modern Trade,B,REVENUE_RECOVERY,100,HIGH,"[""Revenue declined 70.3% vs previous 30d"", ""Revenue gap of \u20b97,019"", ""Order frequency declined 50.0%"", ""Revenue growth materially below peer benchmark""]","Prioritize an outlet visit to investigate lost volume, identify affected products/categories, and attempt revenue recovery.",OPEN
OPP-000680,1280,Gole Traders,2,40,Pharmacy,C,REVENUE_RECOVERY,58,MEDIUM,"[""Revenue declined 43.4% vs previous 30d"", ""Revenue gap of \u20b91,488"", ""Order frequency declined 50.0%""]","Prioritize an outlet visit to investigate lost volume, identify affected products/categories, and attempt revenue recovery.",OPEN
OPP-000681,1281,Memon Traders,4,41,Pharmacy,A,REVENUE_RECOVERY,52,LOW,"[""Revenue declined 17.2% vs previous 30d"", ""Revenue gap of \u20b92,009"", ""Revenue growth below peer benchmark""]","Prioritize an outlet visit to investigate lost volume, identify affected products/categories, and attempt revenue recovery.",OPEN
OPP-000682,1283,Chauhan General Store,3,83,General Trade,B,REVENUE_RECOVERY,92,HIGH,"[""Revenue declined 58.9% vs previous 30d"", ""Revenue gap of \u20b92,932"", ""Order frequency declined 50.0%"", ""Revenue growth materially below peer benchmark""]","Prioritize an outlet visit to investigate lost volume, identify affected products/categories, and attempt revenue recovery.",OPEN
OPP-000683,1285,Narang Mart,4,41,Pharmacy,C,REVENUE_RECOVERY,43,LOW,"[""Revenue declined 38.9% vs previous 30d"", ""Revenue gap of \u20b91,631""]","Prioritize an outlet visit to investigate lost volume, identify affected products/categories, and attempt revenue recovery.",OPEN
OPP-000684,1291,Sawhney General Store,6,5,Supermarket,C,REVENUE_RECOVERY,80,HIGH,"[""Revenue declined 100.0% vs previous 30d"", ""Revenue gap of \u20b9692"", ""Order frequency declined 100.0%"", ""Revenue growth materially below peer benchmark""]","Prioritize an outlet visit to investigate lost volume, identify affected products/categories, and attempt revenue recovery.",OPEN
OPP-000685,1291,Sawhney General Store,6,5,Supermarket,C,INACTIVE_OUTLET,65,MEDIUM,"[""No order for 49 days"", ""Zero revenue in current 30d""]",Prioritize a reactivation visit. Investigate the reason for inactivity and attempt to recover previous purchasing behaviour.,OPEN
OPP-000686,1292,Panchal Retail,4,54,Pharmacy,B,REVENUE_RECOVERY,100,HIGH,"[""Revenue declined 100.0% vs previous 30d"", ""Revenue gap of \u20b97,240"", ""Order frequency declined 100.0%"", ""Revenue growth materially below peer benchmark""]","Prioritize an outlet visit to investigate lost volume, identify affected products/categories, and attempt revenue recovery.",OPEN
OPP-000687,1292,Panchal Retail,4,54,Pharmacy,B,INACTIVE_OUTLET,70,MEDIUM,"[""No order for 34 days"", ""Zero revenue in current 30d"", ""Previous 30d revenue was \u20b97,240""]",Prioritize a reactivation visit. Investigate the reason for inactivity and attempt to recover previous purchasing behaviour.,OPEN
OPP-000688,1297,Maharaj Traders,10,43,Supermarket,C,REVENUE_RECOVERY,92,HIGH,"[""Revenue declined 100.0% vs previous 30d"", ""Revenue gap of \u20b93,355"", ""Order frequency declined 100.0%"", ""Revenue growth materially below peer benchmark""]","Prioritize an outlet visit to investigate lost volume, identify affected products/categories, and attempt revenue recovery.",OPEN
OPP-000689,1297,Maharaj Traders,10,43,Supermarket,C,INACTIVE_OUTLET,75,HIGH,"[""No order for 54 days"", ""Zero revenue in current 30d"", ""Previous 30d revenue was \u20b93,355""]",Prioritize a reactivation visit. Investigate the reason for inactivity and attempt to recover previous purchasing behaviour.,OPEN
OPP-000690,1298,Bhandari Mart,12,59,Convenience,A,REVENUE_RECOVERY,70,MEDIUM,"[""Revenue declined 21.2% vs previous 30d"", ""Revenue gap of \u20b910,765"", ""Revenue growth materially below peer benchmark""]","Prioritize an outlet visit to investigate lost volume, identify affected products/categories, and attempt revenue recovery.",OPEN
OPP-000691,1299,Borde Supermarket,5,82,Convenience,C,REVENUE_RECOVERY,65,MEDIUM,"[""Revenue declined 100.0% vs previous 30d"", ""Order frequency declined 100.0%"", ""Revenue growth materially below peer benchmark""]","Prioritize an outlet visit to investigate lost volume, identify affected products/categories, and attempt revenue recovery.",OPEN
OPP-000692,1299,Borde Supermarket,5,82,Convenience,C,INACTIVE_OUTLET,50,LOW,"[""No order for 34 days"", ""Zero revenue in current 30d""]",Prioritize a reactivation visit. Investigate the reason for inactivity and attempt to recover previous purchasing behaviour.,OPEN
OPP-000693,1308,Date Supermarket,12,46,General Trade,A,STOCK_RISK,20,LOW,"[""1 stockout event(s) in last 90d""]",Review outlet inventory and prioritize replenishment of affected SKUs before another stockout causes lost sales.,OPEN
OPP-000694,1309,Bhavsar General Store,6,65,Pharmacy,B,REVENUE_RECOVERY,100,HIGH,"[""Revenue declined 85.2% vs previous 30d"", ""Revenue gap of \u20b96,229"", ""Order frequency declined 66.7%"", ""Revenue growth materially below peer benchmark""]","Prioritize an outlet visit to investigate lost volume, identify affected products/categories, and attempt revenue recovery.",OPEN
OPP-000695,1311,Peri General Store,12,64,Modern Trade,B,REVENUE_RECOVERY,100,HIGH,"[""Revenue declined 100.0% vs previous 30d"", ""Revenue gap of \u20b95,683"", ""Order frequency declined 100.0%"", ""Revenue growth materially below peer benchmark""]","Prioritize an outlet visit to investigate lost volume, identify affected products/categories, and attempt revenue recovery.",OPEN
OPP-000696,1311,Peri General Store,12,64,Modern Trade,B,INACTIVE_OUTLET,70,MEDIUM,"[""No order for 42 days"", ""Zero revenue in current 30d"", ""Previous 30d revenue was \u20b95,683""]",Prioritize a reactivation visit. Investigate the reason for inactivity and attempt to recover previous purchasing behaviour.,OPEN
OPP-000697,1312,Pathak General Store,6,5,Convenience,B,REVENUE_RECOVERY,100,HIGH,"[""Revenue declined 93.5% vs previous 30d"", ""Revenue gap of \u20b922,076"", ""Order frequency declined 60.0%"", ""Revenue growth materially below peer benchmark""]","Prioritize an outlet visit to investigate lost volume, identify affected products/categories, and attempt revenue recovery.",OPEN
OPP-000698,1315,Dube Supermarket,10,94,Convenience,A,REVENUE_RECOVERY,100,HIGH,"[""Revenue declined 52.2% vs previous 30d"", ""Revenue gap of \u20b95,104"", ""Order frequency declined 66.7%"", ""Revenue growth materially below peer benchmark""]","Prioritize an outlet visit to investigate lost volume, identify affected products/categories, and attempt revenue recovery.",OPEN
OPP-000699,1316,Sengupta General Store,5,31,Modern Trade,B,REVENUE_RECOVERY,85,HIGH,"[""Revenue declined 55.0% vs previous 30d"", ""Revenue gap of \u20b910,772"", ""Order frequency declined 25.0%"", ""Revenue growth below peer benchmark""]","Prioritize an outlet visit to investigate lost volume, identify affected products/categories, and attempt revenue recovery.",OPEN
OPP-000700,1321,Devan Retail,9,95,Pharmacy,C,REVENUE_RECOVERY,82,HIGH,"[""Revenue declined 59.4% vs previous 30d"", ""Revenue gap of \u20b92,325"", ""Order frequency declined 50.0%"", ""Revenue growth below peer benchmark""]","Prioritize an outlet visit to investigate lost volume, identify affected products/categories, and attempt revenue recovery.",OPEN
OPP-000701,1322,Wagle Supermarket,4,39,Pharmacy,C,REVENUE_RECOVERY,92,HIGH,"[""Revenue declined 100.0% vs previous 30d"", ""Revenue gap of \u20b92,220"", ""Order frequency declined 100.0%"", ""Revenue growth materially below peer benchmark""]","Prioritize an outlet visit to investigate lost volume, identify affected products/categories, and attempt revenue recovery.",OPEN
OPP-000702,1322,Wagle Supermarket,4,39,Pharmacy,C,INACTIVE_OUTLET,60,MEDIUM,"[""No order for 36 days"", ""Zero revenue in current 30d"", ""Previous 30d revenue was \u20b92,220""]",Prioritize a reactivation visit. Investigate the reason for inactivity and attempt to recover previous purchasing behaviour.,OPEN
OPP-000703,1323,Peri Mart,1,3,Modern Trade,C,REVENUE_RECOVERY,65,MEDIUM,"[""Revenue declined 100.0% vs previous 30d"", ""Order frequency declined 100.0%"", ""Revenue growth materially below peer benchmark""]","Prioritize an outlet visit to investigate lost volume, identify affected products/categories, and attempt revenue recovery.",OPEN
OPP-000704,1323,Peri Mart,1,3,Modern Trade,C,INACTIVE_OUTLET,65,MEDIUM,"[""No order for 55 days"", ""Zero revenue in current 30d""]",Prioritize a reactivation visit. Investigate the reason for inactivity and attempt to recover previous purchasing behaviour.,OPEN
OPP-000705,1330,Grewal Supermarket,12,59,General Trade,B,REVENUE_RECOVERY,95,HIGH,"[""Revenue declined 61.3% vs previous 30d"", ""Revenue gap of \u20b911,221"", ""Order frequency declined 40.0%"", ""Revenue growth materially below peer benchmark""]","Prioritize an outlet visit to investigate lost volume, identify affected products/categories, and attempt revenue recovery.",OPEN
OPP-000706,1333,Ram General Store,2,75,Pharmacy,B,REVENUE_RECOVERY,95,HIGH,"[""Revenue declined 82.2% vs previous 30d"", ""Revenue gap of \u20b98,217"", ""Order frequency declined 33.3%"", ""Revenue growth materially below peer benchmark""]","Prioritize an outlet visit to investigate lost volume, identify affected products/categories, and attempt revenue recovery.",OPEN
OPP-000707,1335,Lala Retail,9,73,Convenience,C,REVENUE_RECOVERY,35,LOW,"[""Revenue declined 25.7% vs previous 30d"", ""Order frequency declined 50.0%""]","Prioritize an outlet visit to investigate lost volume, identify affected products/categories, and attempt revenue recovery.",OPEN
OPP-000708,1336,Lad Retail,12,18,Supermarket,C,REVENUE_RECOVERY,67,MEDIUM,"[""Revenue declined 67.3% vs previous 30d"", ""Revenue gap of \u20b93,767"", ""Revenue growth below peer benchmark""]","Prioritize an outlet visit to investigate lost volume, identify affected products/categories, and attempt revenue recovery.",OPEN
OPP-000709,1338,Kala Traders,6,65,Pharmacy,B,REVENUE_RECOVERY,100,HIGH,"[""Revenue declined 75.2% vs previous 30d"", ""Revenue gap of \u20b922,661"", ""Order frequency declined 60.0%"", ""Revenue growth materially below peer benchmark""]","Prioritize an outlet visit to investigate lost volume, identify affected products/categories, and attempt revenue recovery.",OPEN
OPP-000710,1343,Deshmukh General Store,4,62,Convenience,C,REVENUE_RECOVERY,80,HIGH,"[""Revenue declined 100.0% vs previous 30d"", ""Revenue gap of \u20b91,764"", ""Order frequency declined 100.0%"", ""Revenue growth materially below peer benchmark""]","Prioritize an outlet visit to investigate lost volume, identify affected products/categories, and attempt revenue recovery.",OPEN
OPP-000711,1343,Deshmukh General Store,4,62,Convenience,C,INACTIVE_OUTLET,60,MEDIUM,"[""No order for 41 days"", ""Zero revenue in current 30d"", ""Previous 30d revenue was \u20b91,764""]",Prioritize a reactivation visit. Investigate the reason for inactivity and attempt to recover previous purchasing behaviour.,OPEN
OPP-000712,1345,Seth General Store,3,20,Pharmacy,C,REVENUE_RECOVERY,100,HIGH,"[""Revenue declined 100.0% vs previous 30d"", ""Revenue gap of \u20b913,252"", ""Order frequency declined 100.0%"", ""Revenue growth materially below peer benchmark""]","Prioritize an outlet visit to investigate lost volume, identify affected products/categories, and attempt revenue recovery.",OPEN
OPP-000713,1345,Seth General Store,3,20,Pharmacy,C,INACTIVE_OUTLET,70,MEDIUM,"[""No order for 36 days"", ""Zero revenue in current 30d"", ""Previous 30d revenue was \u20b913,252""]",Prioritize a reactivation visit. Investigate the reason for inactivity and attempt to recover previous purchasing behaviour.,OPEN
OPP-000714,1347,Saxena General Store,4,4,General Trade,B,REVENUE_RECOVERY,75,HIGH,"[""Revenue declined 31.7% vs previous 30d"", ""Revenue gap of \u20b94,255"", ""Order frequency declined 66.7%"", ""Revenue growth below peer benchmark""]","Prioritize an outlet visit to investigate lost volume, identify affected products/categories, and attempt revenue recovery.",OPEN
OPP-000715,1351,Bhattacharyya Traders,12,50,Modern Trade,B,REVENUE_RECOVERY,100,HIGH,"[""Revenue declined 73.1% vs previous 30d"", ""Revenue gap of \u20b913,103"", ""Order frequency declined 66.7%"", ""Revenue growth materially below peer benchmark""]","Prioritize an outlet visit to investigate lost volume, identify affected products/categories, and attempt revenue recovery.",OPEN
OPP-000716,1355,Ghosh Mart,12,46,Supermarket,B,REVENUE_RECOVERY,85,HIGH,"[""Revenue declined 40.4% vs previous 30d"", ""Revenue gap of \u20b94,776"", ""Order frequency declined 60.0%"", ""Revenue growth materially below peer benchmark""]","Prioritize an outlet visit to investigate lost volume, identify affected products/categories, and attempt revenue recovery.",OPEN
OPP-000717,1361,Dewan General Store,7,57,Modern Trade,C,REVENUE_RECOVERY,70,MEDIUM,"[""Revenue declined 38.3% vs previous 30d"", ""Revenue gap of \u20b93,022"", ""Order frequency declined 66.7%""]","Prioritize an outlet visit to investigate lost volume, identify affected products/categories, and attempt revenue recovery.",OPEN
OPP-000718,1365,Patel Supermarket,6,10,Pharmacy,A,REVENUE_RECOVERY,100,HIGH,"[""Revenue declined 100.0% vs previous 30d"", ""Revenue gap of \u20b932,126"", ""Order frequency declined 100.0%"", ""Revenue growth materially below peer benchmark""]","Prioritize an outlet visit to investigate lost volume, identify affected products/categories, and attempt revenue recovery.",OPEN
OPP-000719,1365,Patel Supermarket,6,10,Pharmacy,A,INACTIVE_OUTLET,70,MEDIUM,"[""No order for 34 days"", ""Zero revenue in current 30d"", ""Previous 30d revenue was \u20b932,126""]",Prioritize a reactivation visit. Investigate the reason for inactivity and attempt to recover previous purchasing behaviour.,OPEN
OPP-000720,1366,Pillay Supermarket,6,65,Modern Trade,B,REVENUE_RECOVERY,100,HIGH,"[""Revenue declined 96.2% vs previous 30d"", ""Revenue gap of \u20b920,719"", ""Order frequency declined 83.3%"", ""Revenue growth materially below peer benchmark""]","Prioritize an outlet visit to investigate lost volume, identify affected products/categories, and attempt revenue recovery.",OPEN
OPP-000721,1367,Sibal Mart,1,49,Convenience,C,REVENUE_RECOVERY,77,HIGH,"[""Revenue declined 62.3% vs previous 30d"", ""Revenue gap of \u20b94,686"", ""Order frequency declined 50.0%""]","Prioritize an outlet visit to investigate lost volume, identify affected products/categories, and attempt revenue recovery.",OPEN
OPP-000722,1368,Dayal General Store,8,7,Modern Trade,B,REVENUE_RECOVERY,100,HIGH,"[""Revenue declined 74.5% vs previous 30d"", ""Revenue gap of \u20b910,288"", ""Order frequency declined 50.0%"", ""Revenue growth materially below peer benchmark""]","Prioritize an outlet visit to investigate lost volume, identify affected products/categories, and attempt revenue recovery.",OPEN
OPP-000723,1369,Chadha Mart,12,50,Supermarket,A,REVENUE_RECOVERY,80,HIGH,"[""Revenue declined 15.2% vs previous 30d"", ""Revenue gap of \u20b95,758"", ""Order frequency declined 33.3%"", ""Revenue growth materially below peer benchmark""]","Prioritize an outlet visit to investigate lost volume, identify affected products/categories, and attempt revenue recovery.",OPEN
OPP-000724,1373,Srinivas General Store,7,79,Pharmacy,B,REVENUE_RECOVERY,77,HIGH,"[""Revenue declined 61.9% vs previous 30d"", ""Revenue gap of \u20b93,951"", ""Revenue growth materially below peer benchmark""]","Prioritize an outlet visit to investigate lost volume, identify affected products/categories, and attempt revenue recovery.",OPEN
OPP-000725,1375,Roy Retail,7,84,Modern Trade,B,REVENUE_RECOVERY,100,HIGH,"[""Revenue declined 71.3% vs previous 30d"", ""Revenue gap of \u20b95,765"", ""Order frequency declined 66.7%"", ""Revenue growth materially below peer benchmark""]","Prioritize an outlet visit to investigate lost volume, identify affected products/categories, and attempt revenue recovery.",OPEN
OPP-000726,1376,Rout General Store,8,69,Convenience,C,REVENUE_RECOVERY,100,HIGH,"[""Revenue declined 84.8% vs previous 30d"", ""Revenue gap of \u20b96,228"", ""Order frequency declined 75.0%"", ""Revenue growth materially below peer benchmark""]","Prioritize an outlet visit to investigate lost volume, identify affected products/categories, and attempt revenue recovery.",OPEN
OPP-000727,1377,Borah Traders,5,90,Convenience,B,REVENUE_RECOVERY,100,HIGH,"[""Revenue declined 74.3% vs previous 30d"", ""Revenue gap of \u20b95,199"", ""Order frequency declined 66.7%"", ""Revenue growth materially below peer benchmark""]","Prioritize an outlet visit to investigate lost volume, identify affected products/categories, and attempt revenue recovery.",OPEN
OPP-000728,1378,Dass Traders,4,48,General Trade,A,REVENUE_RECOVERY,100,HIGH,"[""Revenue declined 71.0% vs previous 30d"", ""Revenue gap of \u20b910,466"", ""Order frequency declined 83.3%"", ""Revenue growth materially below peer benchmark""]","Prioritize an outlet visit to investigate lost volume, identify affected products/categories, and attempt revenue recovery.",OPEN
OPP-000729,1383,Varughese Retail,6,29,Convenience,C,REVENUE_RECOVERY,65,MEDIUM,"[""Revenue declined 100.0% vs previous 30d"", ""Order frequency declined 100.0%"", ""Revenue growth materially below peer benchmark""]","Prioritize an outlet visit to investigate lost volume, identify affected products/categories, and attempt revenue recovery.",OPEN
OPP-000730,1383,Varughese Retail,6,29,Convenience,C,INACTIVE_OUTLET,65,MEDIUM,"[""No order for 58 days"", ""Zero revenue in current 30d""]",Prioritize a reactivation visit. Investigate the reason for inactivity and attempt to recover previous purchasing behaviour.,OPEN
OPP-000731,1386,Gopal Mart,12,16,General Trade,C,REVENUE_RECOVERY,100,HIGH,"[""Revenue declined 100.0% vs previous 30d"", ""Revenue gap of \u20b96,932"", ""Order frequency declined 100.0%"", ""Revenue growth materially below peer benchmark""]","Prioritize an outlet visit to investigate lost volume, identify affected products/categories, and attempt revenue recovery.",OPEN
OPP-000732,1386,Gopal Mart,12,16,General Trade,C,INACTIVE_OUTLET,70,MEDIUM,"[""No order for 31 days"", ""Zero revenue in current 30d"", ""Previous 30d revenue was \u20b96,932""]",Prioritize a reactivation visit. Investigate the reason for inactivity and attempt to recover previous purchasing behaviour.,OPEN
OPP-000733,1387,Dayal General Store,6,98,Pharmacy,C,REVENUE_RECOVERY,80,HIGH,"[""Revenue declined 100.0% vs previous 30d"", ""Revenue gap of \u20b91,165"", ""Order frequency declined 100.0%"", ""Revenue growth materially below peer benchmark""]","Prioritize an outlet visit to investigate lost volume, identify affected products/categories, and attempt revenue recovery.",OPEN
OPP-000734,1389,Thakkar General Store,1,3,Modern Trade,B,REVENUE_RECOVERY,55,MEDIUM,"[""Revenue declined 17.8% vs previous 30d"", ""Revenue gap of \u20b91,626"", ""Order frequency declined 50.0%"", ""Revenue growth below peer benchmark""]","Prioritize an outlet visit to investigate lost volume, identify affected products/categories, and attempt revenue recovery.",OPEN
OPP-000735,1399,Pal Traders,5,71,Modern Trade,C,REVENUE_RECOVERY,92,HIGH,"[""Revenue declined 100.0% vs previous 30d"", ""Revenue gap of \u20b92,321"", ""Order frequency declined 100.0%"", ""Revenue growth materially below peer benchmark""]","Prioritize an outlet visit to investigate lost volume, identify affected products/categories, and attempt revenue recovery.",OPEN
OPP-000736,1399,Pal Traders,5,71,Modern Trade,C,INACTIVE_OUTLET,60,MEDIUM,"[""No order for 39 days"", ""Zero revenue in current 30d"", ""Previous 30d revenue was \u20b92,321""]",Prioritize a reactivation visit. Investigate the reason for inactivity and attempt to recover previous purchasing behaviour.,OPEN
OPP-000737,1402,Brar General Store,4,8,Supermarket,C,REVENUE_RECOVERY,82,HIGH,"[""Revenue declined 82.8% vs previous 30d"", ""Revenue gap of \u20b92,152"", ""Order frequency declined 66.7%"", ""Revenue growth below peer benchmark""]","Prioritize an outlet visit to investigate lost volume, identify affected products/categories, and attempt revenue recovery.",OPEN
OPP-000738,1403,Krishna Traders,6,45,General Trade,A,REVENUE_RECOVERY,100,HIGH,"[""Revenue declined 73.8% vs previous 30d"", ""Revenue gap of \u20b940,902"", ""Order frequency declined 77.8%"", ""Revenue growth materially below peer benchmark""]","Prioritize an outlet visit to investigate lost volume, identify affected products/categories, and attempt revenue recovery.",OPEN
OPP-000739,1406,Dass Mart,12,61,Supermarket,C,REVENUE_RECOVERY,80,HIGH,"[""Revenue declined 100.0% vs previous 30d"", ""Revenue gap of \u20b91,186"", ""Order frequency declined 100.0%"", ""Revenue growth materially below peer benchmark""]","Prioritize an outlet visit to investigate lost volume, identify affected products/categories, and attempt revenue recovery.",OPEN
OPP-000740,1406,Dass Mart,12,61,Supermarket,C,INACTIVE_OUTLET,75,HIGH,"[""No order for 47 days"", ""Zero revenue in current 30d"", ""Previous 30d revenue was \u20b91,186""]",Prioritize a reactivation visit. Investigate the reason for inactivity and attempt to recover previous purchasing behaviour.,OPEN
OPP-000741,1407,Mitter Retail,4,4,Convenience,C,REVENUE_RECOVERY,80,HIGH,"[""Revenue declined 100.0% vs previous 30d"", ""Revenue gap of \u20b91,210"", ""Order frequency declined 100.0%"", ""Revenue growth materially below peer benchmark""]","Prioritize an outlet visit to investigate lost volume, identify affected products/categories, and attempt revenue recovery.",OPEN
OPP-000742,1407,Mitter Retail,4,4,Convenience,C,INACTIVE_OUTLET,60,MEDIUM,"[""No order for 34 days"", ""Zero revenue in current 30d"", ""Previous 30d revenue was \u20b91,210""]",Prioritize a reactivation visit. Investigate the reason for inactivity and attempt to recover previous purchasing behaviour.,OPEN
OPP-000743,1409,Chander Mart,6,98,Convenience,C,REVENUE_RECOVERY,58,MEDIUM,"[""Revenue declined 48.7% vs previous 30d"", ""Revenue gap of \u20b91,702"", ""Order frequency declined 50.0%""]","Prioritize an outlet visit to investigate lost volume, identify affected products/categories, and attempt revenue recovery.",OPEN
OPP-000744,1413,Garg Traders,3,89,Supermarket,B,REVENUE_RECOVERY,92,HIGH,"[""Revenue declined 90.3% vs previous 30d"", ""Revenue gap of \u20b94,470"", ""Order frequency declined 50.0%"", ""Revenue growth materially below peer benchmark""]","Prioritize an outlet visit to investigate lost volume, identify affected products/categories, and attempt revenue recovery.",OPEN
OPP-000745,1414,Nazareth Traders,5,47,Pharmacy,C,REVENUE_RECOVERY,92,HIGH,"[""Revenue declined 100.0% vs previous 30d"", ""Revenue gap of \u20b92,532"", ""Order frequency declined 100.0%"", ""Revenue growth materially below peer benchmark""]","Prioritize an outlet visit to investigate lost volume, identify affected products/categories, and attempt revenue recovery.",OPEN
OPP-000746,1414,Nazareth Traders,5,47,Pharmacy,C,INACTIVE_OUTLET,75,HIGH,"[""No order for 59 days"", ""Zero revenue in current 30d"", ""Previous 30d revenue was \u20b92,532""]",Prioritize a reactivation visit. Investigate the reason for inactivity and attempt to recover previous purchasing behaviour.,OPEN
OPP-000747,1417,Bumb Traders,4,81,General Trade,C,REVENUE_RECOVERY,92,HIGH,"[""Revenue declined 100.0% vs previous 30d"", ""Revenue gap of \u20b93,663"", ""Order frequency declined 100.0%"", ""Revenue growth materially below peer benchmark""]","Prioritize an outlet visit to investigate lost volume, identify affected products/categories, and attempt revenue recovery.",OPEN
OPP-000748,1417,Bumb Traders,4,81,General Trade,C,INACTIVE_OUTLET,75,HIGH,"[""No order for 57 days"", ""Zero revenue in current 30d"", ""Previous 30d revenue was \u20b93,663""]",Prioritize a reactivation visit. Investigate the reason for inactivity and attempt to recover previous purchasing behaviour.,OPEN
OPP-000749,1418,Bath Mart,12,92,General Trade,C,REVENUE_RECOVERY,92,HIGH,"[""Revenue declined 100.0% vs previous 30d"", ""Revenue gap of \u20b93,413"", ""Order frequency declined 100.0%"", ""Revenue growth materially below peer benchmark""]","Prioritize an outlet visit to investigate lost volume, identify affected products/categories, and attempt revenue recovery.",OPEN
OPP-000750,1418,Bath Mart,12,92,General Trade,C,INACTIVE_OUTLET,60,MEDIUM,"[""No order for 34 days"", ""Zero revenue in current 30d"", ""Previous 30d revenue was \u20b93,413""]",Prioritize a reactivation visit. Investigate the reason for inactivity and attempt to recover previous purchasing behaviour.,OPEN
OPP-000751,1419,Lanka Supermarket,6,10,Pharmacy,B,REVENUE_RECOVERY,95,HIGH,"[""Revenue declined 79.5% vs previous 30d"", ""Revenue gap of \u20b911,303"", ""Order frequency declined 33.3%"", ""Revenue growth materially below peer benchmark""]","Prioritize an outlet visit to investigate lost volume, identify affected products/categories, and attempt revenue recovery.",OPEN
OPP-000752,1420,Kade Retail,5,90,General Trade,B,REVENUE_RECOVERY,45,LOW,"[""Revenue declined 16.0% vs previous 30d"", ""Revenue gap of \u20b9928"", ""Order frequency declined 40.0%""]","Prioritize an outlet visit to investigate lost volume, identify affected products/categories, and attempt revenue recovery.",OPEN
OPP-000753,1423,Tank Supermarket,9,93,General Trade,C,REVENUE_RECOVERY,65,MEDIUM,"[""Revenue declined 100.0% vs previous 30d"", ""Order frequency declined 100.0%"", ""Revenue growth materially below peer benchmark""]","Prioritize an outlet visit to investigate lost volume, identify affected products/categories, and attempt revenue recovery.",OPEN
OPP-000754,1423,Tank Supermarket,9,93,General Trade,C,INACTIVE_OUTLET,50,LOW,"[""No order for 36 days"", ""Zero revenue in current 30d""]",Prioritize a reactivation visit. Investigate the reason for inactivity and attempt to recover previous purchasing behaviour.,OPEN
OPP-000755,1424,Mann Traders,4,48,Modern Trade,B,REVENUE_RECOVERY,85,HIGH,"[""Revenue declined 75.6% vs previous 30d"", ""Revenue gap of \u20b95,007"", ""Revenue growth materially below peer benchmark""]","Prioritize an outlet visit to investigate lost volume, identify affected products/categories, and attempt revenue recovery.",OPEN
OPP-000756,1425,Mittal General Store,12,30,Convenience,B,REVENUE_RECOVERY,100,HIGH,"[""Revenue declined 100.0% vs previous 30d"", ""Revenue gap of \u20b913,819"", ""Order frequency declined 100.0%"", ""Revenue growth materially below peer benchmark""]","Prioritize an outlet visit to investigate lost volume, identify affected products/categories, and attempt revenue recovery.",OPEN
OPP-000757,1426,Subramanian Retail,8,55,Modern Trade,B,REVENUE_RECOVERY,78,HIGH,"[""Revenue declined 34.3% vs previous 30d"", ""Revenue gap of \u20b99,888"", ""Order frequency declined 37.5%"", ""Revenue growth below peer benchmark""]","Prioritize an outlet visit to investigate lost volume, identify affected products/categories, and attempt revenue recovery.",OPEN
OPP-000758,1430,Setty General Store,8,97,Convenience,A,REVENUE_RECOVERY,78,HIGH,"[""Revenue declined 43.5% vs previous 30d"", ""Revenue gap of \u20b911,509"", ""Revenue growth materially below peer benchmark""]","Prioritize an outlet visit to investigate lost volume, identify affected products/categories, and attempt revenue recovery.",OPEN
OPP-000759,1431,Bora Supermarket,4,4,Pharmacy,B,REVENUE_RECOVERY,100,HIGH,"[""Revenue declined 100.0% vs previous 30d"", ""Revenue gap of \u20b95,466"", ""Order frequency declined 100.0%"", ""Revenue growth materially below peer benchmark""]","Prioritize an outlet visit to investigate lost volume, identify affected products/categories, and attempt revenue recovery.",OPEN
OPP-000760,1431,Bora Supermarket,4,4,Pharmacy,B,INACTIVE_OUTLET,70,MEDIUM,"[""No order for 40 days"", ""Zero revenue in current 30d"", ""Previous 30d revenue was \u20b95,466""]",Prioritize a reactivation visit. Investigate the reason for inactivity and attempt to recover previous purchasing behaviour.,OPEN
OPP-000761,1433,Dugar General Store,12,18,Supermarket,C,REVENUE_RECOVERY,100,HIGH,"[""Revenue declined 91.5% vs previous 30d"", ""Revenue gap of \u20b96,979"", ""Order frequency declined 66.7%"", ""Revenue growth materially below peer benchmark""]","Prioritize an outlet visit to investigate lost volume, identify affected products/categories, and attempt revenue recovery.",OPEN
OPP-000762,1438,Jani General Store,5,17,Convenience,C,REVENUE_RECOVERY,80,HIGH,"[""Revenue declined 100.0% vs previous 30d"", ""Revenue gap of \u20b91,065"", ""Order frequency declined 100.0%"", ""Revenue growth materially below peer benchmark""]","Prioritize an outlet visit to investigate lost volume, identify affected products/categories, and attempt revenue recovery.",OPEN
OPP-000763,1438,Jani General Store,5,17,Convenience,C,INACTIVE_OUTLET,75,HIGH,"[""No order for 57 days"", ""Zero revenue in current 30d"", ""Previous 30d revenue was \u20b91,065""]",Prioritize a reactivation visit. Investigate the reason for inactivity and attempt to recover previous purchasing behaviour.,OPEN
OPP-000764,1439,Oak Supermarket,11,56,Modern Trade,B,REVENUE_RECOVERY,60,MEDIUM,"[""Revenue declined 47.9% vs previous 30d"", ""Revenue gap of \u20b93,815"", ""Revenue growth below peer benchmark""]","Prioritize an outlet visit to investigate lost volume, identify affected products/categories, and attempt revenue recovery.",OPEN
OPP-000765,1443,Pai Traders,4,54,General Trade,B,REVENUE_RECOVERY,100,HIGH,"[""Revenue declined 100.0% vs previous 30d"", ""Revenue gap of \u20b98,381"", ""Order frequency declined 100.0%"", ""Revenue growth materially below peer benchmark""]","Prioritize an outlet visit to investigate lost volume, identify affected products/categories, and attempt revenue recovery.",OPEN
OPP-000766,1443,Pai Traders,4,54,General Trade,B,INACTIVE_OUTLET,70,MEDIUM,"[""No order for 39 days"", ""Zero revenue in current 30d"", ""Previous 30d revenue was \u20b98,381""]",Prioritize a reactivation visit. Investigate the reason for inactivity and attempt to recover previous purchasing behaviour.,OPEN
OPP-000767,1446,Prabhakar Retail,4,8,Supermarket,C,REVENUE_RECOVERY,80,HIGH,"[""Revenue declined 100.0% vs previous 30d"", ""Revenue gap of \u20b9588"", ""Order frequency declined 100.0%"", ""Revenue growth materially below peer benchmark""]","Prioritize an outlet visit to investigate lost volume, identify affected products/categories, and attempt revenue recovery.",OPEN
OPP-000768,1446,Prabhakar Retail,4,8,Supermarket,C,INACTIVE_OUTLET,65,MEDIUM,"[""No order for 58 days"", ""Zero revenue in current 30d""]",Prioritize a reactivation visit. Investigate the reason for inactivity and attempt to recover previous purchasing behaviour.,OPEN
OPP-000769,1447,Varma Retail,1,52,Pharmacy,C,REVENUE_RECOVERY,92,HIGH,"[""Revenue declined 100.0% vs previous 30d"", ""Revenue gap of \u20b93,369"", ""Order frequency declined 100.0%"", ""Revenue growth materially below peer benchmark""]","Prioritize an outlet visit to investigate lost volume, identify affected products/categories, and attempt revenue recovery.",OPEN
OPP-000770,1447,Varma Retail,1,52,Pharmacy,C,INACTIVE_OUTLET,60,MEDIUM,"[""No order for 33 days"", ""Zero revenue in current 30d"", ""Previous 30d revenue was \u20b93,369""]",Prioritize a reactivation visit. Investigate the reason for inactivity and attempt to recover previous purchasing behaviour.,OPEN
OPP-000771,1449,Nagar Supermarket,7,79,Convenience,B,REVENUE_RECOVERY,62,MEDIUM,"[""Revenue declined 22.0% vs previous 30d"", ""Revenue gap of \u20b92,555"", ""Order frequency declined 33.3%"", ""Revenue growth below peer benchmark""]","Prioritize an outlet visit to investigate lost volume, identify affected products/categories, and attempt revenue recovery.",OPEN
OPP-000772,1451,Shukla Supermarket,8,69,Pharmacy,C,REVENUE_RECOVERY,92,HIGH,"[""Revenue declined 100.0% vs previous 30d"", ""Revenue gap of \u20b92,795"", ""Order frequency declined 100.0%"", ""Revenue growth materially below peer benchmark""]","Prioritize an outlet visit to investigate lost volume, identify affected products/categories, and attempt revenue recovery.",OPEN
OPP-000773,1451,Shukla Supermarket,8,69,Pharmacy,C,INACTIVE_OUTLET,75,HIGH,"[""No order for 47 days"", ""Zero revenue in current 30d"", ""Previous 30d revenue was \u20b92,795""]",Prioritize a reactivation visit. Investigate the reason for inactivity and attempt to recover previous purchasing behaviour.,OPEN
OPP-000774,1452,Das Supermarket,4,48,Modern Trade,B,REVENUE_RECOVERY,100,HIGH,"[""Revenue declined 100.0% vs previous 30d"", ""Revenue gap of \u20b915,086"", ""Order frequency declined 100.0%"", ""Revenue growth materially below peer benchmark""]","Prioritize an outlet visit to investigate lost volume, identify affected products/categories, and attempt revenue recovery.",OPEN
OPP-000775,1452,Das Supermarket,4,48,Modern Trade,B,INACTIVE_OUTLET,70,MEDIUM,"[""No order for 37 days"", ""Zero revenue in current 30d"", ""Previous 30d revenue was \u20b915,086""]",Prioritize a reactivation visit. Investigate the reason for inactivity and attempt to recover previous purchasing behaviour.,OPEN
OPP-000776,1455,Kota Traders,3,11,General Trade,A,REVENUE_RECOVERY,100,HIGH,"[""Revenue declined 100.0% vs previous 30d"", ""Revenue gap of \u20b918,128"", ""Order frequency declined 100.0%"", ""Revenue growth materially below peer benchmark""]","Prioritize an outlet visit to investigate lost volume, identify affected products/categories, and attempt revenue recovery.",OPEN
OPP-000777,1455,Kota Traders,3,11,General Trade,A,INACTIVE_OUTLET,70,MEDIUM,"[""No order for 36 days"", ""Zero revenue in current 30d"", ""Previous 30d revenue was \u20b918,128""]",Prioritize a reactivation visit. Investigate the reason for inactivity and attempt to recover previous purchasing behaviour.,OPEN
OPP-000778,1456,Dhaliwal Traders,3,20,Modern Trade,C,REVENUE_RECOVERY,77,HIGH,"[""Revenue declined 96.1% vs previous 30d"", ""Revenue gap of \u20b92,532"", ""Revenue growth materially below peer benchmark""]","Prioritize an outlet visit to investigate lost volume, identify affected products/categories, and attempt revenue recovery.",OPEN
OPP-000779,1458,Bedi Traders,6,74,General Trade,B,REVENUE_RECOVERY,68,MEDIUM,"[""Revenue declined 45.6% vs previous 30d"", ""Revenue gap of \u20b95,384"", ""Revenue growth below peer benchmark""]","Prioritize an outlet visit to investigate lost volume, identify affected products/categories, and attempt revenue recovery.",OPEN
OPP-000780,1463,Dutta Traders,3,11,Convenience,B,REVENUE_RECOVERY,100,HIGH,"[""Revenue declined 74.5% vs previous 30d"", ""Revenue gap of \u20b912,478"", ""Order frequency declined 80.0%"", ""Revenue growth materially below peer benchmark""]","Prioritize an outlet visit to investigate lost volume, identify affected products/categories, and attempt revenue recovery.",OPEN
OPP-000781,1465,Munshi Retail,1,77,Modern Trade,C,REVENUE_RECOVERY,92,HIGH,"[""Revenue declined 100.0% vs previous 30d"", ""Revenue gap of \u20b94,039"", ""Order frequency declined 100.0%"", ""Revenue growth materially below peer benchmark""]","Prioritize an outlet visit to investigate lost volume, identify affected products/categories, and attempt revenue recovery.",OPEN
OPP-000782,1465,Munshi Retail,1,77,Modern Trade,C,INACTIVE_OUTLET,60,MEDIUM,"[""No order for 38 days"", ""Zero revenue in current 30d"", ""Previous 30d revenue was \u20b94,039""]",Prioritize a reactivation visit. Investigate the reason for inactivity and attempt to recover previous purchasing behaviour.,OPEN
OPP-000783,1467,Dutta Traders,9,95,General Trade,C,REVENUE_RECOVERY,67,MEDIUM,"[""Revenue declined 68.6% vs previous 30d"", ""Revenue gap of \u20b92,110"", ""Revenue growth below peer benchmark""]","Prioritize an outlet visit to investigate lost volume, identify affected products/categories, and attempt revenue recovery.",OPEN
OPP-000784,1469,Varma Supermarket,4,81,Pharmacy,B,REVENUE_RECOVERY,58,MEDIUM,"[""Revenue declined 47.0% vs previous 30d"", ""Revenue gap of \u20b91,899"", ""Revenue growth materially below peer benchmark""]","Prioritize an outlet visit to investigate lost volume, identify affected products/categories, and attempt revenue recovery.",OPEN
OPP-000785,1473,Tank Mart,2,9,Modern Trade,B,REVENUE_RECOVERY,85,HIGH,"[""Revenue declined 38.5% vs previous 30d"", ""Revenue gap of \u20b93,695"", ""Order frequency declined 50.0%"", ""Revenue growth materially below peer benchmark""]","Prioritize an outlet visit to investigate lost volume, identify affected products/categories, and attempt revenue recovery.",OPEN
OPP-000786,1474,Bajaj Supermarket,7,13,Modern Trade,C,REVENUE_RECOVERY,92,HIGH,"[""Revenue declined 100.0% vs previous 30d"", ""Revenue gap of \u20b94,645"", ""Order frequency declined 100.0%"", ""Revenue growth materially below peer benchmark""]","Prioritize an outlet visit to investigate lost volume, identify affected products/categories, and attempt revenue recovery.",OPEN
OPP-000787,1474,Bajaj Supermarket,7,13,Modern Trade,C,INACTIVE_OUTLET,75,HIGH,"[""No order for 45 days"", ""Zero revenue in current 30d"", ""Previous 30d revenue was \u20b94,645""]",Prioritize a reactivation visit. Investigate the reason for inactivity and attempt to recover previous purchasing behaviour.,OPEN
OPP-000788,1477,Tiwari Mart,6,10,Supermarket,A,REVENUE_RECOVERY,93,HIGH,"[""Revenue declined 39.9% vs previous 30d"", ""Revenue gap of \u20b913,510"", ""Order frequency declined 66.7%"", ""Revenue growth materially below peer benchmark""]","Prioritize an outlet visit to investigate lost volume, identify affected products/categories, and attempt revenue recovery.",OPEN
OPP-000789,1480,Kale Mart,4,12,Pharmacy,A,REVENUE_RECOVERY,88,HIGH,"[""Revenue declined 37.9% vs previous 30d"", ""Revenue gap of \u20b914,279"", ""Order frequency declined 33.3%"", ""Revenue growth materially below peer benchmark""]","Prioritize an outlet visit to investigate lost volume, identify affected products/categories, and attempt revenue recovery.",OPEN
OPP-000790,1481,Pandit Traders,12,18,Pharmacy,C,REVENUE_RECOVERY,58,MEDIUM,"[""Revenue declined 44.7% vs previous 30d"", ""Revenue gap of \u20b91,653"", ""Order frequency declined 50.0%""]","Prioritize an outlet visit to investigate lost volume, identify affected products/categories, and attempt revenue recovery.",OPEN
OPP-000791,1484,Manda Retail,11,56,General Trade,B,REVENUE_RECOVERY,55,MEDIUM,"[""Revenue declined 39.3% vs previous 30d"", ""Revenue gap of \u20b93,708""]","Prioritize an outlet visit to investigate lost volume, identify affected products/categories, and attempt revenue recovery.",OPEN
OPP-000792,1487,Mangal Retail,8,76,Supermarket,B,REVENUE_RECOVERY,100,HIGH,"[""Revenue declined 93.8% vs previous 30d"", ""Revenue gap of \u20b917,752"", ""Order frequency declined 75.0%"", ""Revenue growth materially below peer benchmark""]","Prioritize an outlet visit to investigate lost volume, identify affected products/categories, and attempt revenue recovery.",OPEN
OPP-000793,1494,Pau Traders,3,67,Pharmacy,C,REVENUE_RECOVERY,100,HIGH,"[""Revenue declined 100.0% vs previous 30d"", ""Revenue gap of \u20b910,515"", ""Order frequency declined 100.0%"", ""Revenue growth materially below peer benchmark""]","Prioritize an outlet visit to investigate lost volume, identify affected products/categories, and attempt revenue recovery.",OPEN
OPP-000794,1494,Pau Traders,3,67,Pharmacy,C,INACTIVE_OUTLET,70,MEDIUM,"[""No order for 32 days"", ""Zero revenue in current 30d"", ""Previous 30d revenue was \u20b910,515""]",Prioritize a reactivation visit. Investigate the reason for inactivity and attempt to recover previous purchasing behaviour.,OPEN
OPP-000795,1495,Rau Retail,4,25,General Trade,A,REVENUE_RECOVERY,100,HIGH,"[""Revenue declined 91.3% vs previous 30d"", ""Revenue gap of \u20b918,568"", ""Order frequency declined 60.0%"", ""Revenue growth materially below peer benchmark""]","Prioritize an outlet visit to investigate lost volume, identify affected products/categories, and attempt revenue recovery.",OPEN
OPP-000796,1497,Bath General Store,4,60,Convenience,C,REVENUE_RECOVERY,62,MEDIUM,"[""Revenue declined 54.3% vs previous 30d"", ""Revenue gap of \u20b93,573""]","Prioritize an outlet visit to investigate lost volume, identify affected products/categories, and attempt revenue recovery.",OPEN
OPP-000797,1498,Rattan Supermarket,7,24,General Trade,A,REVENUE_RECOVERY,100,HIGH,"[""Revenue declined 80.7% vs previous 30d"", ""Revenue gap of \u20b919,382"", ""Order frequency declined 50.0%"", ""Revenue growth materially below peer benchmark""]","Prioritize an outlet visit to investigate lost volume, identify affected products/categories, and attempt revenue recovery.",OPEN
OPP-000798,1501,Patil Retail,12,53,Modern Trade,C,REVENUE_RECOVERY,92,HIGH,"[""Revenue declined 100.0% vs previous 30d"", ""Revenue gap of \u20b93,229"", ""Order frequency declined 100.0%"", ""Revenue growth materially below peer benchmark""]","Prioritize an outlet visit to investigate lost volume, identify affected products/categories, and attempt revenue recovery.",OPEN
OPP-000799,1501,Patil Retail,12,53,Modern Trade,C,INACTIVE_OUTLET,60,MEDIUM,"[""No order for 32 days"", ""Zero revenue in current 30d"", ""Previous 30d revenue was \u20b93,229""]",Prioritize a reactivation visit. Investigate the reason for inactivity and attempt to recover previous purchasing behaviour.,OPEN
OPP-000800,1504,Raju Supermarket,6,45,Convenience,B,REVENUE_RECOVERY,92,HIGH,"[""Revenue declined 100.0% vs previous 30d"", ""Revenue gap of \u20b93,612"", ""Order frequency declined 100.0%"", ""Revenue growth materially below peer benchmark""]","Prioritize an outlet visit to investigate lost volume, identify affected products/categories, and attempt revenue recovery.",OPEN
OPP-000801,1504,Raju Supermarket,6,45,Convenience,B,INACTIVE_OUTLET,75,HIGH,"[""No order for 58 days"", ""Zero revenue in current 30d"", ""Previous 30d revenue was \u20b93,612""]",Prioritize a reactivation visit. Investigate the reason for inactivity and attempt to recover previous purchasing behaviour.,OPEN
OPP-000802,1505,Thaman Traders,12,66,Supermarket,B,REVENUE_RECOVERY,65,MEDIUM,"[""Revenue declined 73.7% vs previous 30d"", ""Revenue gap of \u20b91,830"", ""Revenue growth materially below peer benchmark""]","Prioritize an outlet visit to investigate lost volume, identify affected products/categories, and attempt revenue recovery.",OPEN
OPP-000803,1506,Seshadri Traders,4,81,Convenience,B,REVENUE_RECOVERY,62,MEDIUM,"[""Revenue declined 26.8% vs previous 30d"", ""Revenue gap of \u20b92,186"", ""Order frequency declined 33.3%"", ""Revenue growth below peer benchmark""]","Prioritize an outlet visit to investigate lost volume, identify affected products/categories, and attempt revenue recovery.",OPEN
OPP-000804,1511,Ramesh Mart,12,87,Convenience,B,REVENUE_RECOVERY,92,HIGH,"[""Revenue declined 75.7% vs previous 30d"", ""Revenue gap of \u20b94,266"", ""Order frequency declined 50.0%"", ""Revenue growth materially below peer benchmark""]","Prioritize an outlet visit to investigate lost volume, identify affected products/categories, and attempt revenue recovery.",OPEN
OPP-000805,1512,Prakash Mart,6,74,Convenience,C,REVENUE_RECOVERY,80,HIGH,"[""Revenue declined 100.0% vs previous 30d"", ""Revenue gap of \u20b91,943"", ""Order frequency declined 100.0%"", ""Revenue growth materially below peer benchmark""]","Prioritize an outlet visit to investigate lost volume, identify affected products/categories, and attempt revenue recovery.",OPEN
OPP-000806,1512,Prakash Mart,6,74,Convenience,C,INACTIVE_OUTLET,60,MEDIUM,"[""No order for 43 days"", ""Zero revenue in current 30d"", ""Previous 30d revenue was \u20b91,943""]",Prioritize a reactivation visit. Investigate the reason for inactivity and attempt to recover previous purchasing behaviour.,OPEN
OPP-000807,1513,Nori Supermarket,5,90,Modern Trade,A,REVENUE_RECOVERY,100,HIGH,"[""Revenue declined 70.1% vs previous 30d"", ""Revenue gap of \u20b930,843"", ""Order frequency declined 66.7%"", ""Revenue growth materially below peer benchmark""]","Prioritize an outlet visit to investigate lost volume, identify affected products/categories, and attempt revenue recovery.",OPEN
OPP-000808,1515,Dhawan Mart,9,85,Supermarket,B,REVENUE_RECOVERY,100,HIGH,"[""Revenue declined 77.1% vs previous 30d"", ""Revenue gap of \u20b911,351"", ""Order frequency declined 50.0%"", ""Revenue growth materially below peer benchmark""]","Prioritize an outlet visit to investigate lost volume, identify affected products/categories, and attempt revenue recovery.",OPEN
OPP-000809,1517,Upadhyay Supermarket,10,21,Pharmacy,A,REVENUE_RECOVERY,88,HIGH,"[""Revenue declined 31.3% vs previous 30d"", ""Revenue gap of \u20b97,676"", ""Order frequency declined 40.0%"", ""Revenue growth materially below peer benchmark""]","Prioritize an outlet visit to investigate lost volume, identify affected products/categories, and attempt revenue recovery.",OPEN
OPP-000810,1518,Ratti General Store,1,49,Pharmacy,C,REVENUE_RECOVERY,80,HIGH,"[""Revenue declined 100.0% vs previous 30d"", ""Revenue gap of \u20b9893"", ""Order frequency declined 100.0%"", ""Revenue growth materially below peer benchmark""]","Prioritize an outlet visit to investigate lost volume, identify affected products/categories, and attempt revenue recovery.",OPEN
OPP-000811,1518,Ratti General Store,1,49,Pharmacy,C,INACTIVE_OUTLET,65,MEDIUM,"[""No order for 52 days"", ""Zero revenue in current 30d""]",Prioritize a reactivation visit. Investigate the reason for inactivity and attempt to recover previous purchasing behaviour.,OPEN
OPP-000812,1520,Baria Supermarket,6,86,Modern Trade,A,REVENUE_RECOVERY,88,HIGH,"[""Revenue declined 42.5% vs previous 30d"", ""Revenue gap of \u20b910,089"", ""Order frequency declined 25.0%"", ""Revenue growth materially below peer benchmark""]","Prioritize an outlet visit to investigate lost volume, identify affected products/categories, and attempt revenue recovery.",OPEN
OPP-000813,1521,Bath Traders,6,65,General Trade,C,REVENUE_RECOVERY,43,LOW,"[""Revenue declined 31.7% vs previous 30d"", ""Revenue gap of \u20b9854""]","Prioritize an outlet visit to investigate lost volume, identify affected products/categories, and attempt revenue recovery.",OPEN
OPP-000814,1523,Devan Traders,2,37,General Trade,B,REVENUE_RECOVERY,100,HIGH,"[""Revenue declined 100.0% vs previous 30d"", ""Revenue gap of \u20b99,057"", ""Order frequency declined 100.0%"", ""Revenue growth materially below peer benchmark""]","Prioritize an outlet visit to investigate lost volume, identify affected products/categories, and attempt revenue recovery.",OPEN
OPP-000815,1523,Devan Traders,2,37,General Trade,B,INACTIVE_OUTLET,85,HIGH,"[""No order for 59 days"", ""Zero revenue in current 30d"", ""Previous 30d revenue was \u20b99,057""]",Prioritize a reactivation visit. Investigate the reason for inactivity and attempt to recover previous purchasing behaviour.,OPEN
OPP-000816,1524,Nath General Store,10,21,Pharmacy,C,REVENUE_RECOVERY,80,HIGH,"[""Revenue declined 56.9% vs previous 30d"", ""Revenue gap of \u20b91,789"", ""Order frequency declined 50.0%"", ""Revenue growth materially below peer benchmark""]","Prioritize an outlet visit to investigate lost volume, identify affected products/categories, and attempt revenue recovery.",OPEN
OPP-000817,1525,Som General Store,7,84,Modern Trade,C,REVENUE_RECOVERY,92,HIGH,"[""Revenue declined 100.0% vs previous 30d"", ""Revenue gap of \u20b93,281"", ""Order frequency declined 100.0%"", ""Revenue growth materially below peer benchmark""]","Prioritize an outlet visit to investigate lost volume, identify affected products/categories, and attempt revenue recovery.",OPEN
OPP-000818,1525,Som General Store,7,84,Modern Trade,C,INACTIVE_OUTLET,60,MEDIUM,"[""No order for 42 days"", ""Zero revenue in current 30d"", ""Previous 30d revenue was \u20b93,281""]",Prioritize a reactivation visit. Investigate the reason for inactivity and attempt to recover previous purchasing behaviour.,OPEN
OPP-000819,1526,Venkataraman Traders,3,88,Pharmacy,A,REVENUE_RECOVERY,83,HIGH,"[""Revenue declined 33.3% vs previous 30d"", ""Revenue gap of \u20b913,261"", ""Order frequency declined"", ""Revenue growth materially below peer benchmark""]","Prioritize an outlet visit to investigate lost volume, identify affected products/categories, and attempt revenue recovery.",OPEN
OPP-000820,1528,Dixit Mart,8,69,Pharmacy,A,REVENUE_RECOVERY,78,HIGH,"[""Revenue declined 49.4% vs previous 30d"", ""Revenue gap of \u20b913,462"", ""Revenue growth materially below peer benchmark""]","Prioritize an outlet visit to investigate lost volume, identify affected products/categories, and attempt revenue recovery.",OPEN
OPP-000821,1530,Dey General Store,11,56,General Trade,B,REVENUE_RECOVERY,92,HIGH,"[""Revenue declined 100.0% vs previous 30d"", ""Revenue gap of \u20b92,882"", ""Order frequency declined 100.0%"", ""Revenue growth materially below peer benchmark""]","Prioritize an outlet visit to investigate lost volume, identify affected products/categories, and attempt revenue recovery.",OPEN
OPP-000822,1530,Dey General Store,11,56,General Trade,B,INACTIVE_OUTLET,75,HIGH,"[""No order for 57 days"", ""Zero revenue in current 30d"", ""Previous 30d revenue was \u20b92,882""]",Prioritize a reactivation visit. Investigate the reason for inactivity and attempt to recover previous purchasing behaviour.,OPEN
OPP-000823,1531,Narang Retail,1,77,Supermarket,B,REVENUE_RECOVERY,62,MEDIUM,"[""Revenue declined 29.6% vs previous 30d"", ""Revenue gap of \u20b92,317"", ""Revenue growth materially below peer benchmark""]","Prioritize an outlet visit to investigate lost volume, identify affected products/categories, and attempt revenue recovery.",OPEN
OPP-000824,1538,Upadhyay Retail,4,25,Convenience,B,REVENUE_RECOVERY,52,LOW,"[""Revenue declined 22.1% vs previous 30d"", ""Revenue gap of \u20b92,297"", ""Revenue growth below peer benchmark""]","Prioritize an outlet visit to investigate lost volume, identify affected products/categories, and attempt revenue recovery.",OPEN
OPP-000825,1539,Walia Traders,3,89,Modern Trade,B,REVENUE_RECOVERY,80,HIGH,"[""Revenue declined 100.0% vs previous 30d"", ""Revenue gap of \u20b91,550"", ""Order frequency declined 100.0%"", ""Revenue growth materially below peer benchmark""]","Prioritize an outlet visit to investigate lost volume, identify affected products/categories, and attempt revenue recovery.",OPEN
OPP-000826,1539,Walia Traders,3,89,Modern Trade,B,INACTIVE_OUTLET,75,HIGH,"[""No order for 57 days"", ""Zero revenue in current 30d"", ""Previous 30d revenue was \u20b91,550""]",Prioritize a reactivation visit. Investigate the reason for inactivity and attempt to recover previous purchasing behaviour.,OPEN
OPP-000827,1541,Mistry Traders,4,1,Modern Trade,B,REVENUE_RECOVERY,100,HIGH,"[""Revenue declined 100.0% vs previous 30d"", ""Revenue gap of \u20b95,451"", ""Order frequency declined 100.0%"", ""Revenue growth materially below peer benchmark""]","Prioritize an outlet visit to investigate lost volume, identify affected products/categories, and attempt revenue recovery.",OPEN
OPP-000828,1541,Mistry Traders,4,1,Modern Trade,B,INACTIVE_OUTLET,70,MEDIUM,"[""No order for 36 days"", ""Zero revenue in current 30d"", ""Previous 30d revenue was \u20b95,451""]",Prioritize a reactivation visit. Investigate the reason for inactivity and attempt to recover previous purchasing behaviour.,OPEN
OPP-000829,1542,Soman General Store,4,41,Supermarket,B,REVENUE_RECOVERY,100,HIGH,"[""Revenue declined 100.0% vs previous 30d"", ""Revenue gap of \u20b97,599"", ""Order frequency declined 100.0%"", ""Revenue growth materially below peer benchmark""]","Prioritize an outlet visit to investigate lost volume, identify affected products/categories, and attempt revenue recovery.",OPEN
OPP-000830,1542,Soman General Store,4,41,Supermarket,B,INACTIVE_OUTLET,85,HIGH,"[""No order for 46 days"", ""Zero revenue in current 30d"", ""Previous 30d revenue was \u20b97,599""]",Prioritize a reactivation visit. Investigate the reason for inactivity and attempt to recover previous purchasing behaviour.,OPEN
OPP-000831,1543,Badal Supermarket,12,59,Supermarket,B,REVENUE_RECOVERY,78,HIGH,"[""Revenue declined 49.9% vs previous 30d"", ""Revenue gap of \u20b95,395"", ""Revenue growth materially below peer benchmark""]","Prioritize an outlet visit to investigate lost volume, identify affected products/categories, and attempt revenue recovery.",OPEN
OPP-000832,1547,Saha Traders,4,39,Pharmacy,C,REVENUE_RECOVERY,100,HIGH,"[""Revenue declined 100.0% vs previous 30d"", ""Revenue gap of \u20b98,434"", ""Order frequency declined 100.0%"", ""Revenue growth materially below peer benchmark""]","Prioritize an outlet visit to investigate lost volume, identify affected products/categories, and attempt revenue recovery.",OPEN
OPP-000833,1547,Saha Traders,4,39,Pharmacy,C,INACTIVE_OUTLET,70,MEDIUM,"[""No order for 41 days"", ""Zero revenue in current 30d"", ""Previous 30d revenue was \u20b98,434""]",Prioritize a reactivation visit. Investigate the reason for inactivity and attempt to recover previous purchasing behaviour.,OPEN
OPP-000834,1548,Morar Traders,6,80,General Trade,C,REVENUE_RECOVERY,100,HIGH,"[""Revenue declined 100.0% vs previous 30d"", ""Revenue gap of \u20b95,339"", ""Order frequency declined 100.0%"", ""Revenue growth materially below peer benchmark""]","Prioritize an outlet visit to investigate lost volume, identify affected products/categories, and attempt revenue recovery.",OPEN
OPP-000835,1548,Morar Traders,6,80,General Trade,C,INACTIVE_OUTLET,70,MEDIUM,"[""No order for 38 days"", ""Zero revenue in current 30d"", ""Previous 30d revenue was \u20b95,339""]",Prioritize a reactivation visit. Investigate the reason for inactivity and attempt to recover previous purchasing behaviour.,OPEN
OPP-000836,1550,Som General Store,5,51,Convenience,B,REVENUE_RECOVERY,100,HIGH,"[""Revenue declined 79.3% vs previous 30d"", ""Revenue gap of \u20b98,650"", ""Order frequency declined 75.0%"", ""Revenue growth materially below peer benchmark""]","Prioritize an outlet visit to investigate lost volume, identify affected products/categories, and attempt revenue recovery.",OPEN
OPP-000837,1553,Behl Traders,12,64,Modern Trade,B,REVENUE_RECOVERY,100,HIGH,"[""Revenue declined 57.1% vs previous 30d"", ""Revenue gap of \u20b96,014"", ""Order frequency declined 80.0%"", ""Revenue growth materially below peer benchmark""]","Prioritize an outlet visit to investigate lost volume, identify affected products/categories, and attempt revenue recovery.",OPEN
OPP-000838,1554,Srinivasan Traders,4,1,Modern Trade,C,REVENUE_RECOVERY,92,HIGH,"[""Revenue declined 100.0% vs previous 30d"", ""Revenue gap of \u20b92,868"", ""Order frequency declined 100.0%"", ""Revenue growth materially below peer benchmark""]","Prioritize an outlet visit to investigate lost volume, identify affected products/categories, and attempt revenue recovery.",OPEN
OPP-000839,1554,Srinivasan Traders,4,1,Modern Trade,C,INACTIVE_OUTLET,60,MEDIUM,"[""No order for 43 days"", ""Zero revenue in current 30d"", ""Previous 30d revenue was \u20b92,868""]",Prioritize a reactivation visit. Investigate the reason for inactivity and attempt to recover previous purchasing behaviour.,OPEN
OPP-000840,1555,Garde Traders,7,84,Modern Trade,C,REVENUE_RECOVERY,48,LOW,"[""Revenue declined 49.2% vs previous 30d"", ""Revenue gap of \u20b91,887"", ""Revenue growth below peer benchmark""]","Prioritize an outlet visit to investigate lost volume, identify affected products/categories, and attempt revenue recovery.",OPEN
OPP-000841,1563,Bahl General Store,3,67,Pharmacy,C,REVENUE_RECOVERY,100,HIGH,"[""Revenue declined 100.0% vs previous 30d"", ""Revenue gap of \u20b95,819"", ""Order frequency declined 100.0%"", ""Revenue growth materially below peer benchmark""]","Prioritize an outlet visit to investigate lost volume, identify affected products/categories, and attempt revenue recovery.",OPEN
OPP-000842,1563,Bahl General Store,3,67,Pharmacy,C,INACTIVE_OUTLET,70,MEDIUM,"[""No order for 34 days"", ""Zero revenue in current 30d"", ""Previous 30d revenue was \u20b95,819""]",Prioritize a reactivation visit. Investigate the reason for inactivity and attempt to recover previous purchasing behaviour.,OPEN
OPP-000843,1564,Sastry Supermarket,12,16,General Trade,C,REVENUE_RECOVERY,100,HIGH,"[""Revenue declined 100.0% vs previous 30d"", ""Revenue gap of \u20b97,087"", ""Order frequency declined 100.0%"", ""Revenue growth materially below peer benchmark""]","Prioritize an outlet visit to investigate lost volume, identify affected products/categories, and attempt revenue recovery.",OPEN
OPP-000844,1564,Sastry Supermarket,12,16,General Trade,C,INACTIVE_OUTLET,85,HIGH,"[""No order for 48 days"", ""Zero revenue in current 30d"", ""Previous 30d revenue was \u20b97,087""]",Prioritize a reactivation visit. Investigate the reason for inactivity and attempt to recover previous purchasing behaviour.,OPEN
OPP-000845,1566,Sahota General Store,7,84,General Trade,B,REVENUE_RECOVERY,100,HIGH,"[""Revenue declined 100.0% vs previous 30d"", ""Revenue gap of \u20b96,382"", ""Order frequency declined 100.0%"", ""Revenue growth materially below peer benchmark""]","Prioritize an outlet visit to investigate lost volume, identify affected products/categories, and attempt revenue recovery.",OPEN
OPP-000846,1566,Sahota General Store,7,84,General Trade,B,INACTIVE_OUTLET,70,MEDIUM,"[""No order for 37 days"", ""Zero revenue in current 30d"", ""Previous 30d revenue was \u20b96,382""]",Prioritize a reactivation visit. Investigate the reason for inactivity and attempt to recover previous purchasing behaviour.,OPEN
OPP-000847,1569,Jani Traders,8,97,Supermarket,B,REVENUE_RECOVERY,92,HIGH,"[""Revenue declined 100.0% vs previous 30d"", ""Revenue gap of \u20b92,290"", ""Order frequency declined 100.0%"", ""Revenue growth materially below peer benchmark""]","Prioritize an outlet visit to investigate lost volume, identify affected products/categories, and attempt revenue recovery.",OPEN
OPP-000848,1569,Jani Traders,8,97,Supermarket,B,INACTIVE_OUTLET,60,MEDIUM,"[""No order for 42 days"", ""Zero revenue in current 30d"", ""Previous 30d revenue was \u20b92,290""]",Prioritize a reactivation visit. Investigate the reason for inactivity and attempt to recover previous purchasing behaviour.,OPEN
OPP-000849,1570,Roy Mart,12,36,Modern Trade,A,REVENUE_RECOVERY,100,HIGH,"[""Revenue declined 100.0% vs previous 30d"", ""Revenue gap of \u20b98,931"", ""Order frequency declined 100.0%"", ""Revenue growth materially below peer benchmark""]","Prioritize an outlet visit to investigate lost volume, identify affected products/categories, and attempt revenue recovery.",OPEN
OPP-000850,1570,Roy Mart,12,36,Modern Trade,A,INACTIVE_OUTLET,70,MEDIUM,"[""No order for 40 days"", ""Zero revenue in current 30d"", ""Previous 30d revenue was \u20b98,931""]",Prioritize a reactivation visit. Investigate the reason for inactivity and attempt to recover previous purchasing behaviour.,OPEN
OPP-000851,1571,Thaker Retail,9,73,Modern Trade,C,REVENUE_RECOVERY,80,HIGH,"[""Revenue declined 100.0% vs previous 30d"", ""Revenue gap of \u20b9815"", ""Order frequency declined 100.0%"", ""Revenue growth materially below peer benchmark""]","Prioritize an outlet visit to investigate lost volume, identify affected products/categories, and attempt revenue recovery.",OPEN
OPP-000852,1571,Thaker Retail,9,73,Modern Trade,C,INACTIVE_OUTLET,50,LOW,"[""No order for 44 days"", ""Zero revenue in current 30d""]",Prioritize a reactivation visit. Investigate the reason for inactivity and attempt to recover previous purchasing behaviour.,OPEN
OPP-000853,1572,Sinha Mart,12,87,Modern Trade,A,REVENUE_RECOVERY,85,HIGH,"[""Revenue declined 76.5% vs previous 30d"", ""Revenue gap of \u20b917,609"", ""Revenue growth materially below peer benchmark""]","Prioritize an outlet visit to investigate lost volume, identify affected products/categories, and attempt revenue recovery.",OPEN
OPP-000854,1575,Venkataraman Supermarket,3,83,Supermarket,C,REVENUE_RECOVERY,100,HIGH,"[""Revenue declined 74.7% vs previous 30d"", ""Revenue gap of \u20b95,608"", ""Order frequency declined 66.7%"", ""Revenue growth materially below peer benchmark""]","Prioritize an outlet visit to investigate lost volume, identify affected products/categories, and attempt revenue recovery.",OPEN
OPP-000855,1578,Sridhar Traders,7,84,Convenience,B,REVENUE_RECOVERY,70,MEDIUM,"[""Revenue declined 37.9% vs previous 30d"", ""Revenue gap of \u20b93,726"", ""Order frequency declined 33.3%"", ""Revenue growth below peer benchmark""]","Prioritize an outlet visit to investigate lost volume, identify affected products/categories, and attempt revenue recovery.",OPEN
OPP-000856,1579,Vora General Store,12,30,Pharmacy,B,REVENUE_RECOVERY,75,HIGH,"[""Revenue declined 33.4% vs previous 30d"", ""Revenue gap of \u20b92,474"", ""Order frequency declined 50.0%"", ""Revenue growth below peer benchmark""]","Prioritize an outlet visit to investigate lost volume, identify affected products/categories, and attempt revenue recovery.",OPEN
OPP-000857,1580,Puri Supermarket,2,9,Convenience,C,REVENUE_RECOVERY,92,HIGH,"[""Revenue declined 100.0% vs previous 30d"", ""Revenue gap of \u20b92,757"", ""Order frequency declined 100.0%"", ""Revenue growth materially below peer benchmark""]","Prioritize an outlet visit to investigate lost volume, identify affected products/categories, and attempt revenue recovery.",OPEN
OPP-000858,1580,Puri Supermarket,2,9,Convenience,C,INACTIVE_OUTLET,60,MEDIUM,"[""No order for 37 days"", ""Zero revenue in current 30d"", ""Previous 30d revenue was \u20b92,757""]",Prioritize a reactivation visit. Investigate the reason for inactivity and attempt to recover previous purchasing behaviour.,OPEN
OPP-000859,1584,Walia Traders,4,32,Pharmacy,C,REVENUE_RECOVERY,80,HIGH,"[""Revenue declined 100.0% vs previous 30d"", ""Revenue gap of \u20b9760"", ""Order frequency declined 100.0%"", ""Revenue growth materially below peer benchmark""]","Prioritize an outlet visit to investigate lost volume, identify affected products/categories, and attempt revenue recovery.",OPEN
OPP-000860,1584,Walia Traders,4,32,Pharmacy,C,INACTIVE_OUTLET,65,MEDIUM,"[""No order for 57 days"", ""Zero revenue in current 30d""]",Prioritize a reactivation visit. Investigate the reason for inactivity and attempt to recover previous purchasing behaviour.,OPEN
OPP-000861,1589,Handa Retail,4,62,Supermarket,B,REVENUE_RECOVERY,60,MEDIUM,"[""Revenue declined 37.3% vs previous 30d"", ""Revenue gap of \u20b93,399"", ""Revenue growth below peer benchmark""]","Prioritize an outlet visit to investigate lost volume, identify affected products/categories, and attempt revenue recovery.",OPEN
OPP-000862,1590,Koshy Traders,12,87,General Trade,B,REVENUE_RECOVERY,100,HIGH,"[""Revenue declined 91.9% vs previous 30d"", ""Revenue gap of \u20b96,138"", ""Order frequency declined 50.0%"", ""Revenue growth materially below peer benchmark""]","Prioritize an outlet visit to investigate lost volume, identify affected products/categories, and attempt revenue recovery.",OPEN
OPP-000863,1591,Mallick Supermarket,4,1,Pharmacy,C,REVENUE_RECOVERY,77,HIGH,"[""Revenue declined 96.0% vs previous 30d"", ""Revenue gap of \u20b93,630"", ""Revenue growth materially below peer benchmark""]","Prioritize an outlet visit to investigate lost volume, identify affected products/categories, and attempt revenue recovery.",OPEN
OPP-000864,1592,Misra Traders,12,87,Supermarket,A,REVENUE_RECOVERY,100,HIGH,"[""Revenue declined 73.9% vs previous 30d"", ""Revenue gap of \u20b919,795"", ""Order frequency declined 85.7%"", ""Revenue growth materially below peer benchmark""]","Prioritize an outlet visit to investigate lost volume, identify affected products/categories, and attempt revenue recovery.",OPEN
OPP-000865,1595,Mani Mart,4,25,Convenience,C,REVENUE_RECOVERY,77,HIGH,"[""Revenue declined 56.1% vs previous 30d"", ""Revenue gap of \u20b92,704"", ""Order frequency declined 66.7%""]","Prioritize an outlet visit to investigate lost volume, identify affected products/categories, and attempt revenue recovery.",OPEN
OPP-000866,1597,Suresh Retail,4,48,Supermarket,B,REVENUE_RECOVERY,77,HIGH,"[""Revenue declined 54.6% vs previous 30d"", ""Revenue gap of \u20b92,495"", ""Revenue growth materially below peer benchmark""]","Prioritize an outlet visit to investigate lost volume, identify affected products/categories, and attempt revenue recovery.",OPEN
OPP-000867,1605,Rana Mart,5,42,Convenience,C,REVENUE_RECOVERY,80,HIGH,"[""Revenue declined 100.0% vs previous 30d"", ""Revenue gap of \u20b91,100"", ""Order frequency declined 100.0%"", ""Revenue growth materially below peer benchmark""]","Prioritize an outlet visit to investigate lost volume, identify affected products/categories, and attempt revenue recovery.",OPEN
OPP-000868,1605,Rana Mart,5,42,Convenience,C,INACTIVE_OUTLET,75,HIGH,"[""No order for 59 days"", ""Zero revenue in current 30d"", ""Previous 30d revenue was \u20b91,100""]",Prioritize a reactivation visit. Investigate the reason for inactivity and attempt to recover previous purchasing behaviour.,OPEN
OPP-000869,1608,Mannan Traders,7,24,Supermarket,B,REVENUE_RECOVERY,100,HIGH,"[""Revenue declined 100.0% vs previous 30d"", ""Revenue gap of \u20b96,481"", ""Order frequency declined 100.0%"", ""Revenue growth materially below peer benchmark""]","Prioritize an outlet visit to investigate lost volume, identify affected products/categories, and attempt revenue recovery.",OPEN
OPP-000870,1608,Mannan Traders,7,24,Supermarket,B,INACTIVE_OUTLET,70,MEDIUM,"[""No order for 33 days"", ""Zero revenue in current 30d"", ""Previous 30d revenue was \u20b96,481""]",Prioritize a reactivation visit. Investigate the reason for inactivity and attempt to recover previous purchasing behaviour.,OPEN
OPP-000871,1615,Srinivas Traders,12,59,General Trade,C,REVENUE_RECOVERY,82,HIGH,"[""Revenue declined 67.5% vs previous 30d"", ""Revenue gap of \u20b94,623"", ""Order frequency declined 50.0%"", ""Revenue growth below peer benchmark""]","Prioritize an outlet visit to investigate lost volume, identify affected products/categories, and attempt revenue recovery.",OPEN
OPP-000872,1619,Madan General Store,10,6,Supermarket,B,REVENUE_RECOVERY,50,LOW,"[""Revenue declined 17.8% vs previous 30d"", ""Revenue gap of \u20b91,730"", ""Order frequency declined 33.3%"", ""Revenue growth below peer benchmark""]","Prioritize an outlet visit to investigate lost volume, identify affected products/categories, and attempt revenue recovery.",OPEN
OPP-000873,1620,Magar Traders,1,27,Supermarket,B,REVENUE_RECOVERY,58,MEDIUM,"[""Revenue declined 45.3% vs previous 30d"", ""Revenue gap of \u20b91,957"", ""Revenue growth materially below peer benchmark""]","Prioritize an outlet visit to investigate lost volume, identify affected products/categories, and attempt revenue recovery.",OPEN
OPP-000874,1621,Devan Traders,4,4,General Trade,C,REVENUE_RECOVERY,100,HIGH,"[""Revenue declined 100.0% vs previous 30d"", ""Revenue gap of \u20b96,405"", ""Order frequency declined 100.0%"", ""Revenue growth materially below peer benchmark""]","Prioritize an outlet visit to investigate lost volume, identify affected products/categories, and attempt revenue recovery.",OPEN
OPP-000875,1621,Devan Traders,4,4,General Trade,C,INACTIVE_OUTLET,70,MEDIUM,"[""No order for 38 days"", ""Zero revenue in current 30d"", ""Previous 30d revenue was \u20b96,405""]",Prioritize a reactivation visit. Investigate the reason for inactivity and attempt to recover previous purchasing behaviour.,OPEN
OPP-000876,1622,Chopra Traders,4,96,Pharmacy,B,REVENUE_RECOVERY,95,HIGH,"[""Revenue declined 52.9% vs previous 30d"", ""Revenue gap of \u20b96,719"", ""Order frequency declined 33.3%"", ""Revenue growth materially below peer benchmark""]","Prioritize an outlet visit to investigate lost volume, identify affected products/categories, and attempt revenue recovery.",OPEN
OPP-000877,1634,Chaudhry Supermarket,10,6,Convenience,B,REVENUE_RECOVERY,95,HIGH,"[""Revenue declined 75.2% vs previous 30d"", ""Revenue gap of \u20b99,466"", ""Order frequency declined 40.0%"", ""Revenue growth materially below peer benchmark""]","Prioritize an outlet visit to investigate lost volume, identify affected products/categories, and attempt revenue recovery.",OPEN
OPP-000878,1635,Devan General Store,6,29,General Trade,B,REVENUE_RECOVERY,63,MEDIUM,"[""Revenue declined 42.2% vs previous 30d"", ""Revenue gap of \u20b91,339"", ""Order frequency declined 66.7%"", ""Revenue growth below peer benchmark""]","Prioritize an outlet visit to investigate lost volume, identify affected products/categories, and attempt revenue recovery.",OPEN
OPP-000879,1638,Ray Mart,4,96,Convenience,A,REVENUE_RECOVERY,93,HIGH,"[""Revenue declined 42.1% vs previous 30d"", ""Revenue gap of \u20b915,453"", ""Order frequency declined 57.1%"", ""Revenue growth materially below peer benchmark""]","Prioritize an outlet visit to investigate lost volume, identify affected products/categories, and attempt revenue recovery.",OPEN
OPP-000880,1639,Soni Traders,9,85,Supermarket,C,REVENUE_RECOVERY,92,HIGH,"[""Revenue declined 100.0% vs previous 30d"", ""Revenue gap of \u20b93,148"", ""Order frequency declined 100.0%"", ""Revenue growth materially below peer benchmark""]","Prioritize an outlet visit to investigate lost volume, identify affected products/categories, and attempt revenue recovery.",OPEN
OPP-000881,1639,Soni Traders,9,85,Supermarket,C,INACTIVE_OUTLET,60,MEDIUM,"[""No order for 38 days"", ""Zero revenue in current 30d"", ""Previous 30d revenue was \u20b93,148""]",Prioritize a reactivation visit. Investigate the reason for inactivity and attempt to recover previous purchasing behaviour.,OPEN
OPP-000882,1641,Iyengar Retail,3,67,Modern Trade,C,REVENUE_RECOVERY,92,HIGH,"[""Revenue declined 91.6% vs previous 30d"", ""Revenue gap of \u20b93,911"", ""Order frequency declined 50.0%"", ""Revenue growth materially below peer benchmark""]","Prioritize an outlet visit to investigate lost volume, identify affected products/categories, and attempt revenue recovery.",OPEN
OPP-000883,1642,Mani Traders,2,75,General Trade,C,REVENUE_RECOVERY,67,MEDIUM,"[""Revenue declined 61.6% vs previous 30d"", ""Revenue gap of \u20b92,471"", ""Revenue growth below peer benchmark""]","Prioritize an outlet visit to investigate lost volume, identify affected products/categories, and attempt revenue recovery.",OPEN
OPP-000884,1648,Warrior General Store,7,13,General Trade,C,REVENUE_RECOVERY,80,HIGH,"[""Revenue declined 100.0% vs previous 30d"", ""Revenue gap of \u20b91,948"", ""Order frequency declined 100.0%"", ""Revenue growth materially below peer benchmark""]","Prioritize an outlet visit to investigate lost volume, identify affected products/categories, and attempt revenue recovery.",OPEN
OPP-000885,1648,Warrior General Store,7,13,General Trade,C,INACTIVE_OUTLET,75,HIGH,"[""No order for 57 days"", ""Zero revenue in current 30d"", ""Previous 30d revenue was \u20b91,948""]",Prioritize a reactivation visit. Investigate the reason for inactivity and attempt to recover previous purchasing behaviour.,OPEN
OPP-000886,1649,Barad General Store,2,40,Convenience,B,REVENUE_RECOVERY,100,HIGH,"[""Revenue declined 85.9% vs previous 30d"", ""Revenue gap of \u20b98,445"", ""Order frequency declined 66.7%"", ""Revenue growth materially below peer benchmark""]","Prioritize an outlet visit to investigate lost volume, identify affected products/categories, and attempt revenue recovery.",OPEN
OPP-000887,1650,Gill Mart,4,25,General Trade,C,REVENUE_RECOVERY,82,HIGH,"[""Revenue declined 76.6% vs previous 30d"", ""Revenue gap of \u20b94,138"", ""Order frequency declined 75.0%"", ""Revenue growth below peer benchmark""]","Prioritize an outlet visit to investigate lost volume, identify affected products/categories, and attempt revenue recovery.",OPEN
OPP-000888,1655,Tandon Supermarket,4,1,Supermarket,B,REVENUE_RECOVERY,100,HIGH,"[""Revenue declined 100.0% vs previous 30d"", ""Revenue gap of \u20b98,063"", ""Order frequency declined 100.0%"", ""Revenue growth materially below peer benchmark""]","Prioritize an outlet visit to investigate lost volume, identify affected products/categories, and attempt revenue recovery.",OPEN
OPP-000889,1655,Tandon Supermarket,4,1,Supermarket,B,INACTIVE_OUTLET,70,MEDIUM,"[""No order for 35 days"", ""Zero revenue in current 30d"", ""Previous 30d revenue was \u20b98,063""]",Prioritize a reactivation visit. Investigate the reason for inactivity and attempt to recover previous purchasing behaviour.,OPEN
OPP-000890,1656,Grewal Mart,2,9,Modern Trade,C,REVENUE_RECOVERY,100,HIGH,"[""Revenue declined 100.0% vs previous 30d"", ""Revenue gap of \u20b95,467"", ""Order frequency declined 100.0%"", ""Revenue growth materially below peer benchmark""]","Prioritize an outlet visit to investigate lost volume, identify affected products/categories, and attempt revenue recovery.",OPEN
OPP-000891,1662,Nayak Traders,1,49,Pharmacy,A,REVENUE_RECOVERY,100,HIGH,"[""Revenue declined 62.6% vs previous 30d"", ""Revenue gap of \u20b924,629"", ""Order frequency declined 57.1%"", ""Revenue growth materially below peer benchmark""]","Prioritize an outlet visit to investigate lost volume, identify affected products/categories, and attempt revenue recovery.",OPEN
OPP-000892,1665,Viswanathan Supermarket,9,93,Supermarket,C,REVENUE_RECOVERY,43,LOW,"[""Revenue declined 38.4% vs previous 30d"", ""Revenue gap of \u20b9678""]","Prioritize an outlet visit to investigate lost volume, identify affected products/categories, and attempt revenue recovery.",OPEN
OPP-000893,1674,Gaba Retail,12,36,Pharmacy,C,REVENUE_RECOVERY,43,LOW,"[""Revenue declined 32.4% vs previous 30d"", ""Revenue gap of \u20b91,508""]","Prioritize an outlet visit to investigate lost volume, identify affected products/categories, and attempt revenue recovery.",OPEN
OPP-000894,1676,Kurian Supermarket,12,64,Convenience,B,REVENUE_RECOVERY,92,HIGH,"[""Revenue declined 100.0% vs previous 30d"", ""Revenue gap of \u20b92,755"", ""Order frequency declined 100.0%"", ""Revenue growth materially below peer benchmark""]","Prioritize an outlet visit to investigate lost volume, identify affected products/categories, and attempt revenue recovery.",OPEN
OPP-000895,1676,Kurian Supermarket,12,64,Convenience,B,INACTIVE_OUTLET,75,HIGH,"[""No order for 56 days"", ""Zero revenue in current 30d"", ""Previous 30d revenue was \u20b92,755""]",Prioritize a reactivation visit. Investigate the reason for inactivity and attempt to recover previous purchasing behaviour.,OPEN
OPP-000896,1677,Grewal General Store,4,41,Pharmacy,A,REVENUE_RECOVERY,85,HIGH,"[""Revenue declined 59.3% vs previous 30d"", ""Revenue gap of \u20b923,706"", ""Revenue growth materially below peer benchmark""]","Prioritize an outlet visit to investigate lost volume, identify affected products/categories, and attempt revenue recovery.",OPEN
OPP-000897,1678,Atwal Traders,8,97,Supermarket,B,REVENUE_RECOVERY,100,HIGH,"[""Revenue declined 100.0% vs previous 30d"", ""Revenue gap of \u20b96,357"", ""Order frequency declined 100.0%"", ""Revenue growth materially below peer benchmark""]","Prioritize an outlet visit to investigate lost volume, identify affected products/categories, and attempt revenue recovery.",OPEN
OPP-000898,1684,Sane Mart,3,20,Modern Trade,A,REVENUE_RECOVERY,85,HIGH,"[""Revenue declined 25.4% vs previous 30d"", ""Revenue gap of \u20b97,030"", ""Order frequency declined 60.0%"", ""Revenue growth materially below peer benchmark""]","Prioritize an outlet visit to investigate lost volume, identify affected products/categories, and attempt revenue recovery.",OPEN
OPP-000899,1687,Chadha Traders,1,52,Supermarket,C,REVENUE_RECOVERY,85,HIGH,"[""Revenue declined 97.4% vs previous 30d"", ""Revenue gap of \u20b95,298"", ""Revenue growth materially below peer benchmark""]","Prioritize an outlet visit to investigate lost volume, identify affected products/categories, and attempt revenue recovery.",OPEN
OPP-000900,1689,Chandran Supermarket,5,42,Modern Trade,C,REVENUE_RECOVERY,100,HIGH,"[""Revenue declined 100.0% vs previous 30d"", ""Revenue gap of \u20b98,931"", ""Order frequency declined 100.0%"", ""Revenue growth materially below peer benchmark""]","Prioritize an outlet visit to investigate lost volume, identify affected products/categories, and attempt revenue recovery.",OPEN
OPP-000901,1689,Chandran Supermarket,5,42,Modern Trade,C,INACTIVE_OUTLET,70,MEDIUM,"[""No order for 37 days"", ""Zero revenue in current 30d"", ""Previous 30d revenue was \u20b98,931""]",Prioritize a reactivation visit. Investigate the reason for inactivity and attempt to recover previous purchasing behaviour.,OPEN
OPP-000902,1690,Goyal General Store,3,91,Convenience,B,REVENUE_RECOVERY,52,LOW,"[""Revenue declined 29.9% vs previous 30d"", ""Revenue gap of \u20b93,441"", ""Revenue growth below peer benchmark""]","Prioritize an outlet visit to investigate lost volume, identify affected products/categories, and attempt revenue recovery.",OPEN
OPP-000903,1691,Dey Supermarket,5,71,General Trade,B,REVENUE_RECOVERY,85,HIGH,"[""Revenue declined 60.1% vs previous 30d"", ""Revenue gap of \u20b95,266"", ""Order frequency declined 33.3%"", ""Revenue growth below peer benchmark""]","Prioritize an outlet visit to investigate lost volume, identify affected products/categories, and attempt revenue recovery.",OPEN
OPP-000904,1695,Ahuja Retail,5,51,Convenience,C,REVENUE_RECOVERY,100,HIGH,"[""Revenue declined 100.0% vs previous 30d"", ""Revenue gap of \u20b96,064"", ""Order frequency declined 100.0%"", ""Revenue growth materially below peer benchmark""]","Prioritize an outlet visit to investigate lost volume, identify affected products/categories, and attempt revenue recovery.",OPEN
OPP-000905,1695,Ahuja Retail,5,51,Convenience,C,INACTIVE_OUTLET,70,MEDIUM,"[""No order for 34 days"", ""Zero revenue in current 30d"", ""Previous 30d revenue was \u20b96,064""]",Prioritize a reactivation visit. Investigate the reason for inactivity and attempt to recover previous purchasing behaviour.,OPEN
OPP-000906,1696,Lal Mart,9,73,Convenience,C,REVENUE_RECOVERY,55,MEDIUM,"[""Revenue declined 66.7% vs previous 30d"", ""Revenue gap of \u20b91,614"", ""Revenue growth below peer benchmark""]","Prioritize an outlet visit to investigate lost volume, identify affected products/categories, and attempt revenue recovery.",OPEN
OPP-000907,1701,Narayan Traders,2,40,Supermarket,A,REVENUE_RECOVERY,100,HIGH,"[""Revenue declined 68.6% vs previous 30d"", ""Revenue gap of \u20b913,325"", ""Order frequency declined 50.0%"", ""Revenue growth materially below peer benchmark""]","Prioritize an outlet visit to investigate lost volume, identify affected products/categories, and attempt revenue recovery.",OPEN
OPP-000908,1704,Lal Traders,7,68,Supermarket,A,REVENUE_RECOVERY,100,HIGH,"[""Revenue declined 94.0% vs previous 30d"", ""Revenue gap of \u20b942,601"", ""Order frequency declined 85.7%"", ""Revenue growth materially below peer benchmark""]","Prioritize an outlet visit to investigate lost volume, identify affected products/categories, and attempt revenue recovery.",OPEN
OPP-000909,1706,Keer Supermarket,7,13,Modern Trade,C,REVENUE_RECOVERY,92,HIGH,"[""Revenue declined 100.0% vs previous 30d"", ""Revenue gap of \u20b93,450"", ""Order frequency declined 100.0%"", ""Revenue growth materially below peer benchmark""]","Prioritize an outlet visit to investigate lost volume, identify affected products/categories, and attempt revenue recovery.",OPEN
OPP-000910,1706,Keer Supermarket,7,13,Modern Trade,C,INACTIVE_OUTLET,75,HIGH,"[""No order for 46 days"", ""Zero revenue in current 30d"", ""Previous 30d revenue was \u20b93,450""]",Prioritize a reactivation visit. Investigate the reason for inactivity and attempt to recover previous purchasing behaviour.,OPEN
OPP-000911,1709,Shroff Supermarket,4,25,Supermarket,A,REVENUE_RECOVERY,42,LOW,"[""Revenue gap of \u20b93,182"", ""Order frequency declined 25.0%"", ""Revenue growth below peer benchmark""]","Prioritize an outlet visit to investigate lost volume, identify affected products/categories, and attempt revenue recovery.",OPEN
OPP-000912,1714,Mukhopadhyay Mart,5,42,Supermarket,B,REVENUE_RECOVERY,67,MEDIUM,"[""Revenue declined 54.0% vs previous 30d"", ""Revenue gap of \u20b93,007"", ""Revenue growth below peer benchmark""]","Prioritize an outlet visit to investigate lost volume, identify affected products/categories, and attempt revenue recovery.",OPEN
OPP-000913,1715,Dalal Traders,1,49,General Trade,B,REVENUE_RECOVERY,95,HIGH,"[""Revenue declined 50.2% vs previous 30d"", ""Revenue gap of \u20b910,385"", ""Order frequency declined 25.0%"", ""Revenue growth materially below peer benchmark""]","Prioritize an outlet visit to investigate lost volume, identify affected products/categories, and attempt revenue recovery.",OPEN
OPP-000914,1716,Merchant Retail,2,40,General Trade,C,REVENUE_RECOVERY,35,LOW,"[""Revenue declined 28.8% vs previous 30d"", ""Revenue gap of \u20b9698""]","Prioritize an outlet visit to investigate lost volume, identify affected products/categories, and attempt revenue recovery.",OPEN
OPP-000915,1718,Kant Retail,8,69,Pharmacy,A,REVENUE_RECOVERY,95,HIGH,"[""Revenue declined 51.0% vs previous 30d"", ""Revenue gap of \u20b98,834"", ""Order frequency declined 33.3%"", ""Revenue growth materially below peer benchmark""]","Prioritize an outlet visit to investigate lost volume, identify affected products/categories, and attempt revenue recovery.",OPEN
OPP-000916,1719,Kanda Supermarket,3,88,Modern Trade,C,REVENUE_RECOVERY,100,HIGH,"[""Revenue declined 83.9% vs previous 30d"", ""Revenue gap of \u20b95,778"", ""Order frequency declined 50.0%"", ""Revenue growth materially below peer benchmark""]","Prioritize an outlet visit to investigate lost volume, identify affected products/categories, and attempt revenue recovery.",OPEN
OPP-000917,1720,Deol Mart,7,28,Modern Trade,B,REVENUE_RECOVERY,65,MEDIUM,"[""Revenue declined 63.5% vs previous 30d"", ""Revenue gap of \u20b91,872"", ""Revenue growth materially below peer benchmark""]","Prioritize an outlet visit to investigate lost volume, identify affected products/categories, and attempt revenue recovery.",OPEN
OPP-000918,1722,Dua Retail,2,38,Modern Trade,C,REVENUE_RECOVERY,100,HIGH,"[""Revenue declined 100.0% vs previous 30d"", ""Revenue gap of \u20b95,869"", ""Order frequency declined 100.0%"", ""Revenue growth materially below peer benchmark""]","Prioritize an outlet visit to investigate lost volume, identify affected products/categories, and attempt revenue recovery.",OPEN
OPP-000919,1725,Sagar Traders,12,53,Pharmacy,B,REVENUE_RECOVERY,100,HIGH,"[""Revenue declined 100.0% vs previous 30d"", ""Revenue gap of \u20b916,008"", ""Order frequency declined 100.0%"", ""Revenue growth materially below peer benchmark""]","Prioritize an outlet visit to investigate lost volume, identify affected products/categories, and attempt revenue recovery.",OPEN
OPP-000920,1725,Sagar Traders,12,53,Pharmacy,B,INACTIVE_OUTLET,70,MEDIUM,"[""No order for 43 days"", ""Zero revenue in current 30d"", ""Previous 30d revenue was \u20b916,008""]",Prioritize a reactivation visit. Investigate the reason for inactivity and attempt to recover previous purchasing behaviour.,OPEN
OPP-000921,1726,Sinha Traders,10,33,General Trade,A,REVENUE_RECOVERY,77,HIGH,"[""Revenue declined 29.2% vs previous 30d"", ""Revenue gap of \u20b92,033"", ""Order frequency declined 66.7%"", ""Revenue growth materially below peer benchmark""]","Prioritize an outlet visit to investigate lost volume, identify affected products/categories, and attempt revenue recovery.",OPEN
OPP-000922,1727,Yogi General Store,3,89,General Trade,A,REVENUE_RECOVERY,100,HIGH,"[""Revenue declined 100.0% vs previous 30d"", ""Revenue gap of \u20b914,452"", ""Order frequency declined 100.0%"", ""Revenue growth materially below peer benchmark""]","Prioritize an outlet visit to investigate lost volume, identify affected products/categories, and attempt revenue recovery.",OPEN
OPP-000923,1727,Yogi General Store,3,89,General Trade,A,INACTIVE_OUTLET,85,HIGH,"[""No order for 45 days"", ""Zero revenue in current 30d"", ""Previous 30d revenue was \u20b914,452""]",Prioritize a reactivation visit. Investigate the reason for inactivity and attempt to recover previous purchasing behaviour.,OPEN
OPP-000924,1729,Kota Traders,8,34,Modern Trade,C,REVENUE_RECOVERY,80,HIGH,"[""Revenue declined 100.0% vs previous 30d"", ""Revenue gap of \u20b91,415"", ""Order frequency declined 100.0%"", ""Revenue growth materially below peer benchmark""]","Prioritize an outlet visit to investigate lost volume, identify affected products/categories, and attempt revenue recovery.",OPEN
OPP-000925,1729,Kota Traders,8,34,Modern Trade,C,INACTIVE_OUTLET,60,MEDIUM,"[""No order for 36 days"", ""Zero revenue in current 30d"", ""Previous 30d revenue was \u20b91,415""]",Prioritize a reactivation visit. Investigate the reason for inactivity and attempt to recover previous purchasing behaviour.,OPEN
OPP-000926,1734,Pathak Mart,3,83,Supermarket,B,REVENUE_RECOVERY,92,HIGH,"[""Revenue declined 91.7% vs previous 30d"", ""Revenue gap of \u20b93,221"", ""Order frequency declined 50.0%"", ""Revenue growth materially below peer benchmark""]","Prioritize an outlet visit to investigate lost volume, identify affected products/categories, and attempt revenue recovery.",OPEN
OPP-000927,1736,Choudhury Mart,12,78,Modern Trade,B,REVENUE_RECOVERY,100,HIGH,"[""Revenue declined 58.6% vs previous 30d"", ""Revenue gap of \u20b911,148"", ""Order frequency declined 80.0%"", ""Revenue growth materially below peer benchmark""]","Prioritize an outlet visit to investigate lost volume, identify affected products/categories, and attempt revenue recovery.",OPEN
OPP-000928,1737,Bhatia Supermarket,3,88,General Trade,B,REVENUE_RECOVERY,100,HIGH,"[""Revenue declined 100.0% vs previous 30d"", ""Revenue gap of \u20b97,587"", ""Order frequency declined 100.0%"", ""Revenue growth materially below peer benchmark""]","Prioritize an outlet visit to investigate lost volume, identify affected products/categories, and attempt revenue recovery.",OPEN
OPP-000929,1737,Bhatia Supermarket,3,88,General Trade,B,INACTIVE_OUTLET,70,MEDIUM,"[""No order for 35 days"", ""Zero revenue in current 30d"", ""Previous 30d revenue was \u20b97,587""]",Prioritize a reactivation visit. Investigate the reason for inactivity and attempt to recover previous purchasing behaviour.,OPEN
OPP-000930,1738,Tiwari General Store,4,48,Modern Trade,A,REVENUE_RECOVERY,78,HIGH,"[""Revenue declined 37.0% vs previous 30d"", ""Revenue gap of \u20b97,890"", ""Revenue growth materially below peer benchmark""]","Prioritize an outlet visit to investigate lost volume, identify affected products/categories, and attempt revenue recovery.",OPEN
OPP-000931,1738,Tiwari General Store,4,48,Modern Trade,A,STOCK_RISK,50,LOW,"[""4 stockout events in last 90d""]",Review outlet inventory and prioritize replenishment of affected SKUs before another stockout causes lost sales.,OPEN
OPP-000932,1744,Venkatesh Retail,12,30,Modern Trade,A,REVENUE_RECOVERY,78,HIGH,"[""Revenue declined 40.3% vs previous 30d"", ""Revenue gap of \u20b919,915"", ""Revenue growth materially below peer benchmark""]","Prioritize an outlet visit to investigate lost volume, identify affected products/categories, and attempt revenue recovery.",OPEN
OPP-000933,1747,Jha Supermarket,6,80,Pharmacy,C,REVENUE_RECOVERY,100,HIGH,"[""Revenue declined 82.2% vs previous 30d"", ""Revenue gap of \u20b97,145"", ""Order frequency declined 66.7%"", ""Revenue growth materially below peer benchmark""]","Prioritize an outlet visit to investigate lost volume, identify affected products/categories, and attempt revenue recovery.",OPEN
OPP-000934,1749,Chand Retail,12,53,Convenience,A,REVENUE_RECOVERY,93,HIGH,"[""Revenue declined 38.2% vs previous 30d"", ""Revenue gap of \u20b913,211"", ""Order frequency declined 57.1%"", ""Revenue growth materially below peer benchmark""]","Prioritize an outlet visit to investigate lost volume, identify affected products/categories, and attempt revenue recovery.",OPEN
OPP-000935,1750,Uppal General Store,11,56,Modern Trade,C,REVENUE_RECOVERY,77,HIGH,"[""Revenue declined 87.5% vs previous 30d"", ""Revenue gap of \u20b92,578"", ""Revenue growth materially below peer benchmark""]","Prioritize an outlet visit to investigate lost volume, identify affected products/categories, and attempt revenue recovery.",OPEN
OPP-000936,1752,Bhakta Mart,4,41,Pharmacy,B,REVENUE_RECOVERY,100,HIGH,"[""Revenue declined 93.9% vs previous 30d"", ""Revenue gap of \u20b922,756"", ""Order frequency declined 85.7%"", ""Revenue growth materially below peer benchmark""]","Prioritize an outlet visit to investigate lost volume, identify affected products/categories, and attempt revenue recovery.",OPEN
OPP-000937,1753,Setty General Store,7,68,General Trade,C,REVENUE_RECOVERY,92,HIGH,"[""Revenue declined 100.0% vs previous 30d"", ""Revenue gap of \u20b92,855"", ""Order frequency declined 100.0%"", ""Revenue growth materially below peer benchmark""]","Prioritize an outlet visit to investigate lost volume, identify affected products/categories, and attempt revenue recovery.",OPEN
OPP-000938,1753,Setty General Store,7,68,General Trade,C,INACTIVE_OUTLET,75,HIGH,"[""No order for 55 days"", ""Zero revenue in current 30d"", ""Previous 30d revenue was \u20b92,855""]",Prioritize a reactivation visit. Investigate the reason for inactivity and attempt to recover previous purchasing behaviour.,OPEN
OPP-000939,1755,Varghese Retail,2,9,Convenience,C,REVENUE_RECOVERY,92,HIGH,"[""Revenue declined 100.0% vs previous 30d"", ""Revenue gap of \u20b93,828"", ""Order frequency declined 100.0%"", ""Revenue growth materially below peer benchmark""]","Prioritize an outlet visit to investigate lost volume, identify affected products/categories, and attempt revenue recovery.",OPEN
OPP-000940,1755,Varghese Retail,2,9,Convenience,C,INACTIVE_OUTLET,75,HIGH,"[""No order for 47 days"", ""Zero revenue in current 30d"", ""Previous 30d revenue was \u20b93,828""]",Prioritize a reactivation visit. Investigate the reason for inactivity and attempt to recover previous purchasing behaviour.,OPEN
OPP-000941,1756,Sagar General Store,3,91,Convenience,B,REVENUE_RECOVERY,100,HIGH,"[""Revenue declined 72.1% vs previous 30d"", ""Revenue gap of \u20b912,392"", ""Order frequency declined 75.0%"", ""Revenue growth materially below peer benchmark""]","Prioritize an outlet visit to investigate lost volume, identify affected products/categories, and attempt revenue recovery.",OPEN
OPP-000942,1758,Bhardwaj Mart,5,90,General Trade,C,REVENUE_RECOVERY,92,HIGH,"[""Revenue declined 100.0% vs previous 30d"", ""Revenue gap of \u20b92,300"", ""Order frequency declined 100.0%"", ""Revenue growth materially below peer benchmark""]","Prioritize an outlet visit to investigate lost volume, identify affected products/categories, and attempt revenue recovery.",OPEN
OPP-000943,1758,Bhardwaj Mart,5,90,General Trade,C,INACTIVE_OUTLET,75,HIGH,"[""No order for 53 days"", ""Zero revenue in current 30d"", ""Previous 30d revenue was \u20b92,300""]",Prioritize a reactivation visit. Investigate the reason for inactivity and attempt to recover previous purchasing behaviour.,OPEN
OPP-000944,1759,Shere Traders,7,13,Pharmacy,A,REVENUE_RECOVERY,37,LOW,"[""Revenue gap of \u20b92,345"", ""Order frequency declined"", ""Revenue growth below peer benchmark""]","Prioritize an outlet visit to investigate lost volume, identify affected products/categories, and attempt revenue recovery.",OPEN
OPP-000945,1760,Morar Supermarket,8,76,Convenience,C,REVENUE_RECOVERY,100,HIGH,"[""Revenue declined 100.0% vs previous 30d"", ""Revenue gap of \u20b95,424"", ""Order frequency declined 100.0%"", ""Revenue growth materially below peer benchmark""]","Prioritize an outlet visit to investigate lost volume, identify affected products/categories, and attempt revenue recovery.",OPEN
OPP-000946,1760,Morar Supermarket,8,76,Convenience,C,INACTIVE_OUTLET,70,MEDIUM,"[""No order for 37 days"", ""Zero revenue in current 30d"", ""Previous 30d revenue was \u20b95,424""]",Prioritize a reactivation visit. Investigate the reason for inactivity and attempt to recover previous purchasing behaviour.,OPEN
OPP-000947,1762,Randhawa Mart,6,80,General Trade,C,REVENUE_RECOVERY,82,HIGH,"[""Revenue declined 62.0% vs previous 30d"", ""Revenue gap of \u20b92,490"", ""Order frequency declined 50.0%"", ""Revenue growth below peer benchmark""]","Prioritize an outlet visit to investigate lost volume, identify affected products/categories, and attempt revenue recovery.",OPEN
OPP-000948,1763,Kumar General Store,4,26,Supermarket,B,REVENUE_RECOVERY,100,HIGH,"[""Revenue declined 100.0% vs previous 30d"", ""Revenue gap of \u20b914,394"", ""Order frequency declined 100.0%"", ""Revenue growth materially below peer benchmark""]","Prioritize an outlet visit to investigate lost volume, identify affected products/categories, and attempt revenue recovery.",OPEN
OPP-000949,1763,Kumar General Store,4,26,Supermarket,B,INACTIVE_OUTLET,70,MEDIUM,"[""No order for 32 days"", ""Zero revenue in current 30d"", ""Previous 30d revenue was \u20b914,394""]",Prioritize a reactivation visit. Investigate the reason for inactivity and attempt to recover previous purchasing behaviour.,OPEN
OPP-000950,1764,Aggarwal Mart,6,80,Supermarket,B,REVENUE_RECOVERY,100,HIGH,"[""Revenue declined 93.0% vs previous 30d"", ""Revenue gap of \u20b99,495"", ""Order frequency declined 66.7%"", ""Revenue growth materially below peer benchmark""]","Prioritize an outlet visit to investigate lost volume, identify affected products/categories, and attempt revenue recovery.",OPEN
OPP-000951,1765,Kamdar Mart,3,67,General Trade,B,REVENUE_RECOVERY,100,HIGH,"[""Revenue declined 100.0% vs previous 30d"", ""Revenue gap of \u20b911,286"", ""Order frequency declined 100.0%"", ""Revenue growth materially below peer benchmark""]","Prioritize an outlet visit to investigate lost volume, identify affected products/categories, and attempt revenue recovery.",OPEN
OPP-000952,1769,Padmanabhan Retail,12,53,Supermarket,A,REVENUE_RECOVERY,52,LOW,"[""Revenue gap of \u20b93,584"", ""Order frequency declined 25.0%"", ""Revenue growth materially below peer benchmark""]","Prioritize an outlet visit to investigate lost volume, identify affected products/categories, and attempt revenue recovery.",OPEN
OPP-000953,1771,Bhasin Mart,5,17,Supermarket,B,REVENUE_RECOVERY,100,HIGH,"[""Revenue declined 82.0% vs previous 30d"", ""Revenue gap of \u20b96,957"", ""Order frequency declined 50.0%"", ""Revenue growth materially below peer benchmark""]","Prioritize an outlet visit to investigate lost volume, identify affected products/categories, and attempt revenue recovery.",OPEN
OPP-000954,1773,Sodhi Traders,6,10,Supermarket,C,REVENUE_RECOVERY,50,LOW,"[""Revenue declined 76.8% vs previous 30d"", ""Revenue growth materially below peer benchmark""]","Prioritize an outlet visit to investigate lost volume, identify affected products/categories, and attempt revenue recovery.",OPEN
OPP-000955,1776,Rege Mart,4,26,Pharmacy,C,REVENUE_RECOVERY,100,HIGH,"[""Revenue declined 100.0% vs previous 30d"", ""Revenue gap of \u20b97,056"", ""Order frequency declined 100.0%"", ""Revenue growth materially below peer benchmark""]","Prioritize an outlet visit to investigate lost volume, identify affected products/categories, and attempt revenue recovery.",OPEN
OPP-000956,1776,Rege Mart,4,26,Pharmacy,C,INACTIVE_OUTLET,85,HIGH,"[""No order for 51 days"", ""Zero revenue in current 30d"", ""Previous 30d revenue was \u20b97,056""]",Prioritize a reactivation visit. Investigate the reason for inactivity and attempt to recover previous purchasing behaviour.,OPEN
OPP-000957,1778,Deshmukh General Store,6,74,Modern Trade,C,REVENUE_RECOVERY,92,HIGH,"[""Revenue declined 100.0% vs previous 30d"", ""Revenue gap of \u20b92,355"", ""Order frequency declined 100.0%"", ""Revenue growth materially below peer benchmark""]","Prioritize an outlet visit to investigate lost volume, identify affected products/categories, and attempt revenue recovery.",OPEN
OPP-000958,1778,Deshmukh General Store,6,74,Modern Trade,C,INACTIVE_OUTLET,60,MEDIUM,"[""No order for 31 days"", ""Zero revenue in current 30d"", ""Previous 30d revenue was \u20b92,355""]",Prioritize a reactivation visit. Investigate the reason for inactivity and attempt to recover previous purchasing behaviour.,OPEN
OPP-000959,1779,Salvi Supermarket,10,21,Supermarket,C,REVENUE_RECOVERY,92,HIGH,"[""Revenue declined 100.0% vs previous 30d"", ""Revenue gap of \u20b94,957"", ""Order frequency declined 100.0%"", ""Revenue growth materially below peer benchmark""]","Prioritize an outlet visit to investigate lost volume, identify affected products/categories, and attempt revenue recovery.",OPEN
OPP-000960,1779,Salvi Supermarket,10,21,Supermarket,C,INACTIVE_OUTLET,60,MEDIUM,"[""No order for 44 days"", ""Zero revenue in current 30d"", ""Previous 30d revenue was \u20b94,957""]",Prioritize a reactivation visit. Investigate the reason for inactivity and attempt to recover previous purchasing behaviour.,OPEN
OPP-000961,1785,Buch Mart,8,70,General Trade,B,REVENUE_RECOVERY,62,MEDIUM,"[""Revenue declined 16.3% vs previous 30d"", ""Revenue gap of \u20b92,579"", ""Order frequency declined 60.0%""]","Prioritize an outlet visit to investigate lost volume, identify affected products/categories, and attempt revenue recovery.",OPEN
OPP-000962,1786,Zacharia Traders,5,42,Pharmacy,B,REVENUE_RECOVERY,77,HIGH,"[""Revenue declined 72.6% vs previous 30d"", ""Revenue gap of \u20b94,050"", ""Revenue growth materially below peer benchmark""]","Prioritize an outlet visit to investigate lost volume, identify affected products/categories, and attempt revenue recovery.",OPEN
OPP-000963,1787,Deol Retail,4,54,Pharmacy,C,REVENUE_RECOVERY,65,MEDIUM,"[""Revenue declined 100.0% vs previous 30d"", ""Order frequency declined 100.0%"", ""Revenue growth materially below peer benchmark""]","Prioritize an outlet visit to investigate lost volume, identify affected products/categories, and attempt revenue recovery.",OPEN
OPP-000964,1787,Deol Retail,4,54,Pharmacy,C,INACTIVE_OUTLET,65,MEDIUM,"[""No order for 55 days"", ""Zero revenue in current 30d""]",Prioritize a reactivation visit. Investigate the reason for inactivity and attempt to recover previous purchasing behaviour.,OPEN
OPP-000965,1788,Pall Mart,5,47,Modern Trade,B,REVENUE_RECOVERY,100,HIGH,"[""Revenue declined 85.6% vs previous 30d"", ""Revenue gap of \u20b95,632"", ""Order frequency declined 50.0%"", ""Revenue growth materially below peer benchmark""]","Prioritize an outlet visit to investigate lost volume, identify affected products/categories, and attempt revenue recovery.",OPEN
OPP-000966,1790,Gokhale Mart,4,39,Pharmacy,B,REVENUE_RECOVERY,100,HIGH,"[""Revenue declined 100.0% vs previous 30d"", ""Revenue gap of \u20b98,742"", ""Order frequency declined 100.0%"", ""Revenue growth materially below peer benchmark""]","Prioritize an outlet visit to investigate lost volume, identify affected products/categories, and attempt revenue recovery.",OPEN
OPP-000967,1790,Gokhale Mart,4,39,Pharmacy,B,INACTIVE_OUTLET,85,HIGH,"[""No order for 51 days"", ""Zero revenue in current 30d"", ""Previous 30d revenue was \u20b98,742""]",Prioritize a reactivation visit. Investigate the reason for inactivity and attempt to recover previous purchasing behaviour.,OPEN
OPP-000968,1794,Datta Mart,8,55,Convenience,A,REVENUE_RECOVERY,85,HIGH,"[""Revenue declined 64.3% vs previous 30d"", ""Revenue gap of \u20b914,522"", ""Revenue growth materially below peer benchmark""]","Prioritize an outlet visit to investigate lost volume, identify affected products/categories, and attempt revenue recovery.",OPEN
OPP-000969,1796,Aggarwal Retail,1,27,Pharmacy,C,REVENUE_RECOVERY,70,MEDIUM,"[""Revenue declined 67.9% vs previous 30d"", ""Revenue gap of \u20b91,092"", ""Order frequency declined 66.7%"", ""Revenue growth below peer benchmark""]","Prioritize an outlet visit to investigate lost volume, identify affected products/categories, and attempt revenue recovery.",OPEN
OPP-000970,1800,Samra Traders,12,78,Modern Trade,A,REVENUE_RECOVERY,88,HIGH,"[""Revenue declined 45.1% vs previous 30d"", ""Revenue gap of \u20b98,220"", ""Order frequency declined 33.3%"", ""Revenue growth materially below peer benchmark""]","Prioritize an outlet visit to investigate lost volume, identify affected products/categories, and attempt revenue recovery.",OPEN
OPP-000971,1801,Wali Mart,5,47,General Trade,B,REVENUE_RECOVERY,100,HIGH,"[""Revenue declined 66.9% vs previous 30d"", ""Revenue gap of \u20b913,352"", ""Order frequency declined 66.7%"", ""Revenue growth materially below peer benchmark""]","Prioritize an outlet visit to investigate lost volume, identify affected products/categories, and attempt revenue recovery.",OPEN
OPP-000972,1805,Sharma General Store,8,34,General Trade,A,REVENUE_RECOVERY,100,HIGH,"[""Revenue declined 100.0% vs previous 30d"", ""Revenue gap of \u20b910,831"", ""Order frequency declined 100.0%"", ""Revenue growth materially below peer benchmark""]","Prioritize an outlet visit to investigate lost volume, identify affected products/categories, and attempt revenue recovery.",OPEN
OPP-000973,1805,Sharma General Store,8,34,General Trade,A,INACTIVE_OUTLET,85,HIGH,"[""No order for 49 days"", ""Zero revenue in current 30d"", ""Previous 30d revenue was \u20b910,831""]",Prioritize a reactivation visit. Investigate the reason for inactivity and attempt to recover previous purchasing behaviour.,OPEN
OPP-000974,1806,Pal Mart,4,48,Pharmacy,C,REVENUE_RECOVERY,50,LOW,"[""Revenue declined 55.7% vs previous 30d"", ""Revenue gap of \u20b91,535""]","Prioritize an outlet visit to investigate lost volume, identify affected products/categories, and attempt revenue recovery.",OPEN
OPP-000975,1808,Majumdar Retail,2,37,General Trade,C,REVENUE_RECOVERY,43,LOW,"[""Revenue declined 38.8% vs previous 30d"", ""Revenue gap of \u20b91,319""]","Prioritize an outlet visit to investigate lost volume, identify affected products/categories, and attempt revenue recovery.",OPEN
OPP-000976,1809,Gulati Traders,4,62,Convenience,A,REVENUE_RECOVERY,95,HIGH,"[""Revenue declined 62.8% vs previous 30d"", ""Revenue gap of \u20b914,859"", ""Order frequency declined 33.3%"", ""Revenue growth materially below peer benchmark""]","Prioritize an outlet visit to investigate lost volume, identify affected products/categories, and attempt revenue recovery.",OPEN
OPP-000977,1811,Balay Mart,12,66,Pharmacy,C,REVENUE_RECOVERY,92,HIGH,"[""Revenue declined 100.0% vs previous 30d"", ""Revenue gap of \u20b92,617"", ""Order frequency declined 100.0%"", ""Revenue growth materially below peer benchmark""]","Prioritize an outlet visit to investigate lost volume, identify affected products/categories, and attempt revenue recovery.",OPEN
OPP-000978,1811,Balay Mart,12,66,Pharmacy,C,INACTIVE_OUTLET,75,HIGH,"[""No order for 45 days"", ""Zero revenue in current 30d"", ""Previous 30d revenue was \u20b92,617""]",Prioritize a reactivation visit. Investigate the reason for inactivity and attempt to recover previous purchasing behaviour.,OPEN
OPP-000979,1814,Khosla Supermarket,3,83,General Trade,C,REVENUE_RECOVERY,92,HIGH,"[""Revenue declined 100.0% vs previous 30d"", ""Revenue gap of \u20b94,392"", ""Order frequency declined 100.0%"", ""Revenue growth materially below peer benchmark""]","Prioritize an outlet visit to investigate lost volume, identify affected products/categories, and attempt revenue recovery.",OPEN
OPP-000980,1814,Khosla Supermarket,3,83,General Trade,C,INACTIVE_OUTLET,75,HIGH,"[""No order for 50 days"", ""Zero revenue in current 30d"", ""Previous 30d revenue was \u20b94,392""]",Prioritize a reactivation visit. Investigate the reason for inactivity and attempt to recover previous purchasing behaviour.,OPEN
OPP-000981,1815,Jhaveri General Store,6,98,Convenience,B,REVENUE_RECOVERY,65,MEDIUM,"[""Revenue declined 100.0% vs previous 30d"", ""Order frequency declined 100.0%"", ""Revenue growth materially below peer benchmark""]","Prioritize an outlet visit to investigate lost volume, identify affected products/categories, and attempt revenue recovery.",OPEN
OPP-000982,1815,Jhaveri General Store,6,98,Convenience,B,INACTIVE_OUTLET,65,MEDIUM,"[""No order for 51 days"", ""Zero revenue in current 30d""]",Prioritize a reactivation visit. Investigate the reason for inactivity and attempt to recover previous purchasing behaviour.,OPEN
OPP-000983,1817,Chaudhuri Traders,5,42,General Trade,C,REVENUE_RECOVERY,70,MEDIUM,"[""Revenue declined 52.9% vs previous 30d"", ""Revenue gap of \u20b91,296"", ""Order frequency declined 50.0%"", ""Revenue growth below peer benchmark""]","Prioritize an outlet visit to investigate lost volume, identify affected products/categories, and attempt revenue recovery.",OPEN
OPP-000984,1820,Bava General Store,5,51,Convenience,A,STOCK_RISK,20,LOW,"[""1 stockout event(s) in last 90d""]",Review outlet inventory and prioritize replenishment of affected SKUs before another stockout causes lost sales.,OPEN
OPP-000985,1821,Konda Supermarket,12,50,Supermarket,C,REVENUE_RECOVERY,65,MEDIUM,"[""Revenue declined 100.0% vs previous 30d"", ""Order frequency declined 100.0%"", ""Revenue growth materially below peer benchmark""]","Prioritize an outlet visit to investigate lost volume, identify affected products/categories, and attempt revenue recovery.",OPEN
OPP-000986,1821,Konda Supermarket,12,50,Supermarket,C,INACTIVE_OUTLET,65,MEDIUM,"[""No order for 57 days"", ""Zero revenue in current 30d""]",Prioritize a reactivation visit. Investigate the reason for inactivity and attempt to recover previous purchasing behaviour.,OPEN
OPP-000987,1828,Bhalla Mart,6,72,General Trade,B,REVENUE_RECOVERY,100,HIGH,"[""Revenue declined 86.6% vs previous 30d"", ""Revenue gap of \u20b915,344"", ""Order frequency declined 83.3%"", ""Revenue growth materially below peer benchmark""]","Prioritize an outlet visit to investigate lost volume, identify affected products/categories, and attempt revenue recovery.",OPEN
OPP-000988,1829,Dey Retail,6,80,General Trade,C,REVENUE_RECOVERY,100,HIGH,"[""Revenue declined 100.0% vs previous 30d"", ""Revenue gap of \u20b913,333"", ""Order frequency declined 100.0%"", ""Revenue growth materially below peer benchmark""]","Prioritize an outlet visit to investigate lost volume, identify affected products/categories, and attempt revenue recovery.",OPEN
OPP-000989,1829,Dey Retail,6,80,General Trade,C,INACTIVE_OUTLET,70,MEDIUM,"[""No order for 34 days"", ""Zero revenue in current 30d"", ""Previous 30d revenue was \u20b913,333""]",Prioritize a reactivation visit. Investigate the reason for inactivity and attempt to recover previous purchasing behaviour.,OPEN
OPP-000990,1830,Thakur Mart,10,21,Modern Trade,A,REVENUE_RECOVERY,62,MEDIUM,"[""Revenue declined 19.3% vs previous 30d"", ""Revenue gap of \u20b94,854"", ""Revenue growth materially below peer benchmark""]","Prioritize an outlet visit to investigate lost volume, identify affected products/categories, and attempt revenue recovery.",OPEN
OPP-000991,1832,Kaur Mart,12,19,General Trade,B,REVENUE_RECOVERY,70,MEDIUM,"[""Revenue declined 48.9% vs previous 30d"", ""Revenue gap of \u20b94,316"", ""Revenue growth materially below peer benchmark""]","Prioritize an outlet visit to investigate lost volume, identify affected products/categories, and attempt revenue recovery.",OPEN
OPP-000992,1835,Khalsa Traders,7,28,General Trade,B,REVENUE_RECOVERY,52,LOW,"[""Revenue declined 25.4% vs previous 30d"", ""Revenue gap of \u20b94,540"", ""Revenue growth below peer benchmark""]","Prioritize an outlet visit to investigate lost volume, identify affected products/categories, and attempt revenue recovery.",OPEN
OPP-000993,1836,Mittal Supermarket,12,53,General Trade,C,REVENUE_RECOVERY,92,HIGH,"[""Revenue declined 100.0% vs previous 30d"", ""Revenue gap of \u20b93,445"", ""Order frequency declined 100.0%"", ""Revenue growth materially below peer benchmark""]","Prioritize an outlet visit to investigate lost volume, identify affected products/categories, and attempt revenue recovery.",OPEN
OPP-000994,1836,Mittal Supermarket,12,53,General Trade,C,INACTIVE_OUTLET,60,MEDIUM,"[""No order for 37 days"", ""Zero revenue in current 30d"", ""Previous 30d revenue was \u20b93,445""]",Prioritize a reactivation visit. Investigate the reason for inactivity and attempt to recover previous purchasing behaviour.,OPEN
OPP-000995,1839,Kant General Store,12,30,Convenience,B,REVENUE_RECOVERY,92,HIGH,"[""Revenue declined 100.0% vs previous 30d"", ""Revenue gap of \u20b93,236"", ""Order frequency declined 100.0%"", ""Revenue growth materially below peer benchmark""]","Prioritize an outlet visit to investigate lost volume, identify affected products/categories, and attempt revenue recovery.",OPEN
OPP-000996,1839,Kant General Store,12,30,Convenience,B,INACTIVE_OUTLET,75,HIGH,"[""No order for 53 days"", ""Zero revenue in current 30d"", ""Previous 30d revenue was \u20b93,236""]",Prioritize a reactivation visit. Investigate the reason for inactivity and attempt to recover previous purchasing behaviour.,OPEN
OPP-000997,1843,Bhat Traders,12,18,Pharmacy,C,REVENUE_RECOVERY,80,HIGH,"[""Revenue declined 100.0% vs previous 30d"", ""Revenue gap of \u20b91,995"", ""Order frequency declined 100.0%"", ""Revenue growth materially below peer benchmark""]","Prioritize an outlet visit to investigate lost volume, identify affected products/categories, and attempt revenue recovery.",OPEN
OPP-000998,1843,Bhat Traders,12,18,Pharmacy,C,INACTIVE_OUTLET,60,MEDIUM,"[""No order for 40 days"", ""Zero revenue in current 30d"", ""Previous 30d revenue was \u20b91,995""]",Prioritize a reactivation visit. Investigate the reason for inactivity and attempt to recover previous purchasing behaviour.,OPEN
OPP-000999,1844,Gill Mart,10,6,Convenience,B,REVENUE_RECOVERY,100,HIGH,"[""Revenue declined 82.8% vs previous 30d"", ""Revenue gap of \u20b98,419"", ""Order frequency declined 75.0%"", ""Revenue growth materially below peer benchmark""]","Prioritize an outlet visit to investigate lost volume, identify affected products/categories, and attempt revenue recovery.",OPEN
OPP-001000,1846,Tandon General Store,6,65,Convenience,A,REVENUE_RECOVERY,100,HIGH,"[""Revenue declined 100.0% vs previous 30d"", ""Revenue gap of \u20b912,887"", ""Order frequency declined 100.0%"", ""Revenue growth materially below peer benchmark""]","Prioritize an outlet visit to investigate lost volume, identify affected products/categories, and attempt revenue recovery.",OPEN
OPP-001001,1846,Tandon General Store,6,65,Convenience,A,INACTIVE_OUTLET,85,HIGH,"[""No order for 46 days"", ""Zero revenue in current 30d"", ""Previous 30d revenue was \u20b912,887""]",Prioritize a reactivation visit. Investigate the reason for inactivity and attempt to recover previous purchasing behaviour.,OPEN
OPP-001002,1847,Batta Retail,4,22,Pharmacy,C,REVENUE_RECOVERY,43,LOW,"[""Revenue declined 34.4% vs previous 30d"", ""Revenue gap of \u20b9789""]","Prioritize an outlet visit to investigate lost volume, identify affected products/categories, and attempt revenue recovery.",OPEN
OPP-001003,1850,Vohra Supermarket,12,92,General Trade,C,REVENUE_RECOVERY,80,HIGH,"[""Revenue declined 100.0% vs previous 30d"", ""Revenue gap of \u20b91,228"", ""Order frequency declined 100.0%"", ""Revenue growth materially below peer benchmark""]","Prioritize an outlet visit to investigate lost volume, identify affected products/categories, and attempt revenue recovery.",OPEN
OPP-001004,1850,Vohra Supermarket,12,92,General Trade,C,INACTIVE_OUTLET,75,HIGH,"[""No order for 48 days"", ""Zero revenue in current 30d"", ""Previous 30d revenue was \u20b91,228""]",Prioritize a reactivation visit. Investigate the reason for inactivity and attempt to recover previous purchasing behaviour.,OPEN
OPP-001005,1851,Nagar Mart,5,31,Convenience,B,REVENUE_RECOVERY,100,HIGH,"[""Revenue declined 100.0% vs previous 30d"", ""Revenue gap of \u20b912,066"", ""Order frequency declined 100.0%"", ""Revenue growth materially below peer benchmark""]","Prioritize an outlet visit to investigate lost volume, identify affected products/categories, and attempt revenue recovery.",OPEN
OPP-001006,1851,Nagar Mart,5,31,Convenience,B,INACTIVE_OUTLET,70,MEDIUM,"[""No order for 33 days"", ""Zero revenue in current 30d"", ""Previous 30d revenue was \u20b912,066""]",Prioritize a reactivation visit. Investigate the reason for inactivity and attempt to recover previous purchasing behaviour.,OPEN
OPP-001007,1852,Saha General Store,4,4,Modern Trade,A,REVENUE_RECOVERY,100,HIGH,"[""Revenue declined 84.9% vs previous 30d"", ""Revenue gap of \u20b929,895"", ""Order frequency declined 60.0%"", ""Revenue growth materially below peer benchmark""]","Prioritize an outlet visit to investigate lost volume, identify affected products/categories, and attempt revenue recovery.",OPEN
OPP-001008,1854,Dixit Traders,5,90,Supermarket,B,REVENUE_RECOVERY,100,HIGH,"[""Revenue declined 100.0% vs previous 30d"", ""Revenue gap of \u20b914,687"", ""Order frequency declined 100.0%"", ""Revenue growth materially below peer benchmark""]","Prioritize an outlet visit to investigate lost volume, identify affected products/categories, and attempt revenue recovery.",OPEN
OPP-001009,1854,Dixit Traders,5,90,Supermarket,B,INACTIVE_OUTLET,70,MEDIUM,"[""No order for 39 days"", ""Zero revenue in current 30d"", ""Previous 30d revenue was \u20b914,687""]",Prioritize a reactivation visit. Investigate the reason for inactivity and attempt to recover previous purchasing behaviour.,OPEN
OPP-001010,1856,Puri Traders,5,90,Convenience,C,REVENUE_RECOVERY,65,MEDIUM,"[""Revenue declined 43.7% vs previous 30d"", ""Revenue gap of \u20b92,613"", ""Order frequency declined 33.3%""]","Prioritize an outlet visit to investigate lost volume, identify affected products/categories, and attempt revenue recovery.",OPEN
OPP-001011,1857,Gour Traders,6,80,General Trade,C,REVENUE_RECOVERY,92,HIGH,"[""Revenue declined 100.0% vs previous 30d"", ""Revenue gap of \u20b93,833"", ""Order frequency declined 100.0%"", ""Revenue growth materially below peer benchmark""]","Prioritize an outlet visit to investigate lost volume, identify affected products/categories, and attempt revenue recovery.",OPEN
OPP-001012,1857,Gour Traders,6,80,General Trade,C,INACTIVE_OUTLET,60,MEDIUM,"[""No order for 34 days"", ""Zero revenue in current 30d"", ""Previous 30d revenue was \u20b93,833""]",Prioritize a reactivation visit. Investigate the reason for inactivity and attempt to recover previous purchasing behaviour.,OPEN
OPP-001013,1858,Yogi General Store,12,61,Modern Trade,B,REVENUE_RECOVERY,100,HIGH,"[""Revenue declined 100.0% vs previous 30d"", ""Revenue gap of \u20b924,992"", ""Order frequency declined 100.0%"", ""Revenue growth materially below peer benchmark""]","Prioritize an outlet visit to investigate lost volume, identify affected products/categories, and attempt revenue recovery.",OPEN
OPP-001014,1858,Yogi General Store,12,61,Modern Trade,B,INACTIVE_OUTLET,70,MEDIUM,"[""No order for 39 days"", ""Zero revenue in current 30d"", ""Previous 30d revenue was \u20b924,992""]",Prioritize a reactivation visit. Investigate the reason for inactivity and attempt to recover previous purchasing behaviour.,OPEN
OPP-001015,1861,Kar Traders,10,100,General Trade,C,REVENUE_RECOVERY,92,HIGH,"[""Revenue declined 100.0% vs previous 30d"", ""Revenue gap of \u20b94,539"", ""Order frequency declined 100.0%"", ""Revenue growth materially below peer benchmark""]","Prioritize an outlet visit to investigate lost volume, identify affected products/categories, and attempt revenue recovery.",OPEN
OPP-001016,1861,Kar Traders,10,100,General Trade,C,INACTIVE_OUTLET,60,MEDIUM,"[""No order for 35 days"", ""Zero revenue in current 30d"", ""Previous 30d revenue was \u20b94,539""]",Prioritize a reactivation visit. Investigate the reason for inactivity and attempt to recover previous purchasing behaviour.,OPEN
OPP-001017,1867,Saha Retail,9,73,Pharmacy,B,REVENUE_RECOVERY,92,HIGH,"[""Revenue declined 100.0% vs previous 30d"", ""Revenue gap of \u20b92,938"", ""Order frequency declined 100.0%"", ""Revenue growth materially below peer benchmark""]","Prioritize an outlet visit to investigate lost volume, identify affected products/categories, and attempt revenue recovery.",OPEN
OPP-001018,1867,Saha Retail,9,73,Pharmacy,B,INACTIVE_OUTLET,75,HIGH,"[""No order for 54 days"", ""Zero revenue in current 30d"", ""Previous 30d revenue was \u20b92,938""]",Prioritize a reactivation visit. Investigate the reason for inactivity and attempt to recover previous purchasing behaviour.,OPEN
OPP-001019,1868,Wagle Traders,5,82,General Trade,A,REVENUE_RECOVERY,100,HIGH,"[""Revenue declined 92.3% vs previous 30d"", ""Revenue gap of \u20b930,310"", ""Order frequency declined 50.0%"", ""Revenue growth materially below peer benchmark""]","Prioritize an outlet visit to investigate lost volume, identify affected products/categories, and attempt revenue recovery.",OPEN
OPP-001020,1872,Kumer Mart,12,30,Pharmacy,A,REVENUE_RECOVERY,100,HIGH,"[""Revenue declined 98.5% vs previous 30d"", ""Revenue gap of \u20b943,024"", ""Order frequency declined 88.9%"", ""Revenue growth materially below peer benchmark""]","Prioritize an outlet visit to investigate lost volume, identify affected products/categories, and attempt revenue recovery.",OPEN
OPP-001021,1874,Narayanan Mart,4,41,Modern Trade,C,REVENUE_RECOVERY,92,HIGH,"[""Revenue declined 100.0% vs previous 30d"", ""Revenue gap of \u20b92,006"", ""Order frequency declined 100.0%"", ""Revenue growth materially below peer benchmark""]","Prioritize an outlet visit to investigate lost volume, identify affected products/categories, and attempt revenue recovery.",OPEN
OPP-001022,1874,Narayanan Mart,4,41,Modern Trade,C,INACTIVE_OUTLET,60,MEDIUM,"[""No order for 38 days"", ""Zero revenue in current 30d"", ""Previous 30d revenue was \u20b92,006""]",Prioritize a reactivation visit. Investigate the reason for inactivity and attempt to recover previous purchasing behaviour.,OPEN
OPP-001023,1875,Brar Supermarket,7,13,General Trade,B,REVENUE_RECOVERY,52,LOW,"[""Revenue declined 24.5% vs previous 30d"", ""Revenue gap of \u20b92,724"", ""Revenue growth below peer benchmark""]","Prioritize an outlet visit to investigate lost volume, identify affected products/categories, and attempt revenue recovery.",OPEN
OPP-001024,1878,Chanda Retail,10,100,Pharmacy,A,REVENUE_RECOVERY,93,HIGH,"[""Revenue declined 46.2% vs previous 30d"", ""Revenue gap of \u20b923,579"", ""Order frequency declined 50.0%"", ""Revenue growth materially below peer benchmark""]","Prioritize an outlet visit to investigate lost volume, identify affected products/categories, and attempt revenue recovery.",OPEN
OPP-001025,1879,Wason Supermarket,4,96,Pharmacy,B,REVENUE_RECOVERY,100,HIGH,"[""Revenue declined 87.4% vs previous 30d"", ""Revenue gap of \u20b97,914"", ""Order frequency declined 66.7%"", ""Revenue growth materially below peer benchmark""]","Prioritize an outlet visit to investigate lost volume, identify affected products/categories, and attempt revenue recovery.",OPEN
OPP-001026,1885,Bora Retail,4,81,Supermarket,B,REVENUE_RECOVERY,62,MEDIUM,"[""Revenue declined 29.4% vs previous 30d"", ""Revenue gap of \u20b94,735"", ""Order frequency declined 40.0%"", ""Revenue growth below peer benchmark""]","Prioritize an outlet visit to investigate lost volume, identify affected products/categories, and attempt revenue recovery.",OPEN
OPP-001027,1886,Guha Supermarket,4,41,Modern Trade,C,REVENUE_RECOVERY,100,HIGH,"[""Revenue declined 100.0% vs previous 30d"", ""Revenue gap of \u20b95,492"", ""Order frequency declined 100.0%"", ""Revenue growth materially below peer benchmark""]","Prioritize an outlet visit to investigate lost volume, identify affected products/categories, and attempt revenue recovery.",OPEN
OPP-001028,1886,Guha Supermarket,4,41,Modern Trade,C,INACTIVE_OUTLET,70,MEDIUM,"[""No order for 41 days"", ""Zero revenue in current 30d"", ""Previous 30d revenue was \u20b95,492""]",Prioritize a reactivation visit. Investigate the reason for inactivity and attempt to recover previous purchasing behaviour.,OPEN
OPP-001029,1887,Kalla Supermarket,3,67,Pharmacy,B,REVENUE_RECOVERY,47,LOW,"[""Revenue declined 19.9% vs previous 30d"", ""Revenue gap of \u20b93,301""]","Prioritize an outlet visit to investigate lost volume, identify affected products/categories, and attempt revenue recovery.",OPEN
OPP-001030,1888,Srinivas Retail,12,18,Convenience,A,REVENUE_RECOVERY,42,LOW,"[""Revenue gap of \u20b93,547"", ""Revenue growth materially below peer benchmark""]","Prioritize an outlet visit to investigate lost volume, identify affected products/categories, and attempt revenue recovery.",OPEN
OPP-001031,1893,Kakar Mart,12,36,Supermarket,C,REVENUE_RECOVERY,80,HIGH,"[""Revenue declined 100.0% vs previous 30d"", ""Revenue gap of \u20b91,558"", ""Order frequency declined 100.0%"", ""Revenue growth materially below peer benchmark""]","Prioritize an outlet visit to investigate lost volume, identify affected products/categories, and attempt revenue recovery.",OPEN
OPP-001032,1893,Kakar Mart,12,36,Supermarket,C,INACTIVE_OUTLET,75,HIGH,"[""No order for 59 days"", ""Zero revenue in current 30d"", ""Previous 30d revenue was \u20b91,558""]",Prioritize a reactivation visit. Investigate the reason for inactivity and attempt to recover previous purchasing behaviour.,OPEN
OPP-001033,1896,Srinivas Supermarket,7,13,General Trade,B,REVENUE_RECOVERY,100,HIGH,"[""Revenue declined 100.0% vs previous 30d"", ""Revenue gap of \u20b99,943"", ""Order frequency declined 100.0%"", ""Revenue growth materially below peer benchmark""]","Prioritize an outlet visit to investigate lost volume, identify affected products/categories, and attempt revenue recovery.",OPEN
OPP-001034,1896,Srinivas Supermarket,7,13,General Trade,B,INACTIVE_OUTLET,70,MEDIUM,"[""No order for 36 days"", ""Zero revenue in current 30d"", ""Previous 30d revenue was \u20b99,943""]",Prioritize a reactivation visit. Investigate the reason for inactivity and attempt to recover previous purchasing behaviour.,OPEN
OPP-001035,1897,Kibe Mart,9,93,Modern Trade,B,REVENUE_RECOVERY,92,HIGH,"[""Revenue declined 100.0% vs previous 30d"", ""Revenue gap of \u20b93,211"", ""Order frequency declined 100.0%"", ""Revenue growth materially below peer benchmark""]","Prioritize an outlet visit to investigate lost volume, identify affected products/categories, and attempt revenue recovery.",OPEN
OPP-001036,1897,Kibe Mart,9,93,Modern Trade,B,INACTIVE_OUTLET,60,MEDIUM,"[""No order for 41 days"", ""Zero revenue in current 30d"", ""Previous 30d revenue was \u20b93,211""]",Prioritize a reactivation visit. Investigate the reason for inactivity and attempt to recover previous purchasing behaviour.,OPEN
OPP-001037,1900,Khatri Mart,9,35,Pharmacy,A,REVENUE_RECOVERY,100,HIGH,"[""Revenue declined 100.0% vs previous 30d"", ""Revenue gap of \u20b923,018"", ""Order frequency declined 100.0%"", ""Revenue growth materially below peer benchmark""]","Prioritize an outlet visit to investigate lost volume, identify affected products/categories, and attempt revenue recovery.",OPEN
OPP-001038,1900,Khatri Mart,9,35,Pharmacy,A,INACTIVE_OUTLET,85,HIGH,"[""No order for 50 days"", ""Zero revenue in current 30d"", ""Previous 30d revenue was \u20b923,018""]",Prioritize a reactivation visit. Investigate the reason for inactivity and attempt to recover previous purchasing behaviour.,OPEN
OPP-001039,1901,Nagy General Store,1,23,Modern Trade,B,REVENUE_RECOVERY,92,HIGH,"[""Revenue declined 82.1% vs previous 30d"", ""Revenue gap of \u20b93,796"", ""Order frequency declined 50.0%"", ""Revenue growth materially below peer benchmark""]","Prioritize an outlet visit to investigate lost volume, identify affected products/categories, and attempt revenue recovery.",OPEN
OPP-001040,1904,Shukla Supermarket,10,63,Supermarket,C,REVENUE_RECOVERY,63,MEDIUM,"[""Revenue declined 31.3% vs previous 30d"", ""Revenue gap of \u20b91,196"", ""Order frequency declined 50.0%"", ""Revenue growth below peer benchmark""]","Prioritize an outlet visit to investigate lost volume, identify affected products/categories, and attempt revenue recovery.",OPEN
OPP-001041,1905,Walla Retail,12,50,Modern Trade,C,REVENUE_RECOVERY,100,HIGH,"[""Revenue declined 100.0% vs previous 30d"", ""Revenue gap of \u20b96,046"", ""Order frequency declined 100.0%"", ""Revenue growth materially below peer benchmark""]","Prioritize an outlet visit to investigate lost volume, identify affected products/categories, and attempt revenue recovery.",OPEN
OPP-001042,1905,Walla Retail,12,50,Modern Trade,C,INACTIVE_OUTLET,70,MEDIUM,"[""No order for 32 days"", ""Zero revenue in current 30d"", ""Previous 30d revenue was \u20b96,046""]",Prioritize a reactivation visit. Investigate the reason for inactivity and attempt to recover previous purchasing behaviour.,OPEN
OPP-001043,1906,Parmer Mart,1,49,Modern Trade,C,REVENUE_RECOVERY,43,LOW,"[""Revenue declined 44.7% vs previous 30d"", ""Revenue gap of \u20b9955""]","Prioritize an outlet visit to investigate lost volume, identify affected products/categories, and attempt revenue recovery.",OPEN
OPP-001044,1912,Shukla Mart,1,49,General Trade,A,STOCK_RISK,35,LOW,"[""2 stockout events in last 90d""]",Review outlet inventory and prioritize replenishment of affected SKUs before another stockout causes lost sales.,OPEN
OPP-001045,1923,Babu Traders,9,93,Convenience,C,REVENUE_RECOVERY,35,LOW,"[""Revenue declined 21.4% vs previous 30d"", ""Revenue gap of \u20b9770""]","Prioritize an outlet visit to investigate lost volume, identify affected products/categories, and attempt revenue recovery.",OPEN
OPP-001046,1925,Sahni Retail,1,27,Supermarket,C,REVENUE_RECOVERY,100,HIGH,"[""Revenue declined 100.0% vs previous 30d"", ""Revenue gap of \u20b95,193"", ""Order frequency declined 100.0%"", ""Revenue growth materially below peer benchmark""]","Prioritize an outlet visit to investigate lost volume, identify affected products/categories, and attempt revenue recovery.",OPEN
OPP-001047,1925,Sahni Retail,1,27,Supermarket,C,INACTIVE_OUTLET,70,MEDIUM,"[""No order for 35 days"", ""Zero revenue in current 30d"", ""Previous 30d revenue was \u20b95,193""]",Prioritize a reactivation visit. Investigate the reason for inactivity and attempt to recover previous purchasing behaviour.,OPEN
OPP-001048,1926,Merchant Retail,1,49,Pharmacy,B,REVENUE_RECOVERY,100,HIGH,"[""Revenue declined 69.2% vs previous 30d"", ""Revenue gap of \u20b98,727"", ""Order frequency declined 50.0%"", ""Revenue growth materially below peer benchmark""]","Prioritize an outlet visit to investigate lost volume, identify affected products/categories, and attempt revenue recovery.",OPEN
OPP-001049,1928,Hayre Traders,12,19,Supermarket,C,REVENUE_RECOVERY,92,HIGH,"[""Revenue declined 100.0% vs previous 30d"", ""Revenue gap of \u20b93,866"", ""Order frequency declined 100.0%"", ""Revenue growth materially below peer benchmark""]","Prioritize an outlet visit to investigate lost volume, identify affected products/categories, and attempt revenue recovery.",OPEN
OPP-001050,1928,Hayre Traders,12,19,Supermarket,C,INACTIVE_OUTLET,60,MEDIUM,"[""No order for 37 days"", ""Zero revenue in current 30d"", ""Previous 30d revenue was \u20b93,866""]",Prioritize a reactivation visit. Investigate the reason for inactivity and attempt to recover previous purchasing behaviour.,OPEN
OPP-001051,1932,Korpal Retail,2,9,Convenience,B,REVENUE_RECOVERY,92,HIGH,"[""Revenue declined 100.0% vs previous 30d"", ""Revenue gap of \u20b92,583"", ""Order frequency declined 100.0%"", ""Revenue growth materially below peer benchmark""]","Prioritize an outlet visit to investigate lost volume, identify affected products/categories, and attempt revenue recovery.",OPEN
OPP-001052,1932,Korpal Retail,2,9,Convenience,B,INACTIVE_OUTLET,60,MEDIUM,"[""No order for 34 days"", ""Zero revenue in current 30d"", ""Previous 30d revenue was \u20b92,583""]",Prioritize a reactivation visit. Investigate the reason for inactivity and attempt to recover previous purchasing behaviour.,OPEN
OPP-001053,1933,Tata General Store,4,96,Convenience,B,REVENUE_RECOVERY,100,HIGH,"[""Revenue declined 59.9% vs previous 30d"", ""Revenue gap of \u20b97,591"", ""Order frequency declined 50.0%"", ""Revenue growth materially below peer benchmark""]","Prioritize an outlet visit to investigate lost volume, identify affected products/categories, and attempt revenue recovery.",OPEN
OPP-001054,1934,Nazareth Supermarket,4,58,Pharmacy,B,REVENUE_RECOVERY,100,HIGH,"[""Revenue declined 81.5% vs previous 30d"", ""Revenue gap of \u20b913,657"", ""Order frequency declined 75.0%"", ""Revenue growth materially below peer benchmark""]","Prioritize an outlet visit to investigate lost volume, identify affected products/categories, and attempt revenue recovery.",OPEN
OPP-001055,1937,Swaminathan Retail,10,43,Modern Trade,C,REVENUE_RECOVERY,65,MEDIUM,"[""Revenue declined 68.3% vs previous 30d"", ""Revenue gap of \u20b91,231"", ""Revenue growth materially below peer benchmark""]","Prioritize an outlet visit to investigate lost volume, identify affected products/categories, and attempt revenue recovery.",OPEN
OPP-001056,1939,Ganguly Traders,4,25,Modern Trade,C,REVENUE_RECOVERY,100,HIGH,"[""Revenue declined 100.0% vs previous 30d"", ""Revenue gap of \u20b95,566"", ""Order frequency declined 100.0%"", ""Revenue growth materially below peer benchmark""]","Prioritize an outlet visit to investigate lost volume, identify affected products/categories, and attempt revenue recovery.",OPEN
OPP-001057,1939,Ganguly Traders,4,25,Modern Trade,C,INACTIVE_OUTLET,70,MEDIUM,"[""No order for 41 days"", ""Zero revenue in current 30d"", ""Previous 30d revenue was \u20b95,566""]",Prioritize a reactivation visit. Investigate the reason for inactivity and attempt to recover previous purchasing behaviour.,OPEN
OPP-001058,1940,Pandey General Store,4,1,Supermarket,A,REVENUE_RECOVERY,95,HIGH,"[""Revenue declined 55.5% vs previous 30d"", ""Revenue gap of \u20b923,809"", ""Order frequency declined 42.9%"", ""Revenue growth materially below peer benchmark""]","Prioritize an outlet visit to investigate lost volume, identify affected products/categories, and attempt revenue recovery.",OPEN
OPP-001059,1943,Suresh Supermarket,4,81,Convenience,B,REVENUE_RECOVERY,100,HIGH,"[""Revenue declined 66.8% vs previous 30d"", ""Revenue gap of \u20b97,870"", ""Order frequency declined 66.7%"", ""Revenue growth materially below peer benchmark""]","Prioritize an outlet visit to investigate lost volume, identify affected products/categories, and attempt revenue recovery.",OPEN
OPP-001060,1944,Gour Retail,6,29,Supermarket,B,REVENUE_RECOVERY,95,HIGH,"[""Revenue declined 70.4% vs previous 30d"", ""Revenue gap of \u20b98,188"", ""Order frequency declined 33.3%"", ""Revenue growth materially below peer benchmark""]","Prioritize an outlet visit to investigate lost volume, identify affected products/categories, and attempt revenue recovery.",OPEN
OPP-001061,1950,Ahuja Traders,5,51,Modern Trade,B,REVENUE_RECOVERY,68,MEDIUM,"[""Revenue declined 34.0% vs previous 30d"", ""Revenue gap of \u20b96,837"", ""Order frequency declined""]","Prioritize an outlet visit to investigate lost volume, identify affected products/categories, and attempt revenue recovery.",OPEN
OPP-001062,1951,Sachar Supermarket,7,44,Pharmacy,C,REVENUE_RECOVERY,80,HIGH,"[""Revenue declined 100.0% vs previous 30d"", ""Revenue gap of \u20b9708"", ""Order frequency declined 100.0%"", ""Revenue growth materially below peer benchmark""]","Prioritize an outlet visit to investigate lost volume, identify affected products/categories, and attempt revenue recovery.",OPEN
OPP-001063,1951,Sachar Supermarket,7,44,Pharmacy,C,INACTIVE_OUTLET,50,LOW,"[""No order for 42 days"", ""Zero revenue in current 30d""]",Prioritize a reactivation visit. Investigate the reason for inactivity and attempt to recover previous purchasing behaviour.,OPEN
OPP-001064,1952,Devan Traders,9,95,Pharmacy,A,REVENUE_RECOVERY,100,HIGH,"[""Revenue declined 100.0% vs previous 30d"", ""Revenue gap of \u20b912,398"", ""Order frequency declined 100.0%"", ""Revenue growth materially below peer benchmark""]","Prioritize an outlet visit to investigate lost volume, identify affected products/categories, and attempt revenue recovery.",OPEN
OPP-001065,1952,Devan Traders,9,95,Pharmacy,A,INACTIVE_OUTLET,85,HIGH,"[""No order for 47 days"", ""Zero revenue in current 30d"", ""Previous 30d revenue was \u20b912,398""]",Prioritize a reactivation visit. Investigate the reason for inactivity and attempt to recover previous purchasing behaviour.,OPEN
OPP-001066,1958,Tiwari Retail,7,13,General Trade,C,REVENUE_RECOVERY,82,HIGH,"[""Revenue declined 60.4% vs previous 30d"", ""Revenue gap of \u20b94,249"", ""Order frequency declined 50.0%"", ""Revenue growth below peer benchmark""]","Prioritize an outlet visit to investigate lost volume, identify affected products/categories, and attempt revenue recovery.",OPEN
OPP-001067,1960,Prakash Retail,4,54,Supermarket,C,REVENUE_RECOVERY,65,MEDIUM,"[""Revenue declined 100.0% vs previous 30d"", ""Order frequency declined 100.0%"", ""Revenue growth materially below peer benchmark""]","Prioritize an outlet visit to investigate lost volume, identify affected products/categories, and attempt revenue recovery.",OPEN
OPP-001068,1960,Prakash Retail,4,54,Supermarket,C,INACTIVE_OUTLET,65,MEDIUM,"[""No order for 50 days"", ""Zero revenue in current 30d""]",Prioritize a reactivation visit. Investigate the reason for inactivity and attempt to recover previous purchasing behaviour.,OPEN
OPP-001069,1962,Subramanian Retail,9,93,Supermarket,B,REVENUE_RECOVERY,100,HIGH,"[""Revenue declined 89.7% vs previous 30d"", ""Revenue gap of \u20b98,788"", ""Order frequency declined 50.0%"", ""Revenue growth materially below peer benchmark""]","Prioritize an outlet visit to investigate lost volume, identify affected products/categories, and attempt revenue recovery.",OPEN
OPP-001070,1963,Sura Supermarket,12,53,Convenience,C,REVENUE_RECOVERY,100,HIGH,"[""Revenue declined 100.0% vs previous 30d"", ""Revenue gap of \u20b95,034"", ""Order frequency declined 100.0%"", ""Revenue growth materially below peer benchmark""]","Prioritize an outlet visit to investigate lost volume, identify affected products/categories, and attempt revenue recovery.",OPEN
OPP-001071,1963,Sura Supermarket,12,53,Convenience,C,INACTIVE_OUTLET,70,MEDIUM,"[""No order for 33 days"", ""Zero revenue in current 30d"", ""Previous 30d revenue was \u20b95,034""]",Prioritize a reactivation visit. Investigate the reason for inactivity and attempt to recover previous purchasing behaviour.,OPEN
OPP-001072,1964,Babu Traders,7,84,Modern Trade,B,REVENUE_RECOVERY,35,LOW,"[""Revenue declined 20.1% vs previous 30d"", ""Revenue gap of \u20b91,717""]","Prioritize an outlet visit to investigate lost volume, identify affected products/categories, and attempt revenue recovery.",OPEN
OPP-001073,1966,Wali Traders,12,18,Supermarket,C,REVENUE_RECOVERY,100,HIGH,"[""Revenue declined 100.0% vs previous 30d"", ""Revenue gap of \u20b912,341"", ""Order frequency declined 100.0%"", ""Revenue growth materially below peer benchmark""]","Prioritize an outlet visit to investigate lost volume, identify affected products/categories, and attempt revenue recovery.",OPEN
OPP-001074,1967,Sabharwal Traders,4,1,General Trade,C,REVENUE_RECOVERY,92,HIGH,"[""Revenue declined 100.0% vs previous 30d"", ""Revenue gap of \u20b93,321"", ""Order frequency declined 100.0%"", ""Revenue growth materially below peer benchmark""]","Prioritize an outlet visit to investigate lost volume, identify affected products/categories, and attempt revenue recovery.",OPEN
OPP-001075,1967,Sabharwal Traders,4,1,General Trade,C,INACTIVE_OUTLET,75,HIGH,"[""No order for 50 days"", ""Zero revenue in current 30d"", ""Previous 30d revenue was \u20b93,321""]",Prioritize a reactivation visit. Investigate the reason for inactivity and attempt to recover previous purchasing behaviour.,OPEN
OPP-001076,1968,Arora Supermarket,10,6,Pharmacy,B,REVENUE_RECOVERY,62,MEDIUM,"[""Revenue declined 21.0% vs previous 30d"", ""Revenue gap of \u20b92,908"", ""Order frequency declined 25.0%"", ""Revenue growth below peer benchmark""]","Prioritize an outlet visit to investigate lost volume, identify affected products/categories, and attempt revenue recovery.",OPEN
OPP-001077,1971,Maharaj Traders,9,95,Convenience,B,REVENUE_RECOVERY,40,LOW,"[""Revenue declined 18.2% vs previous 30d"", ""Revenue gap of \u20b9898"", ""Revenue growth below peer benchmark""]","Prioritize an outlet visit to investigate lost volume, identify affected products/categories, and attempt revenue recovery.",OPEN
OPP-001078,1972,Wason General Store,4,26,Pharmacy,C,REVENUE_RECOVERY,100,HIGH,"[""Revenue declined 100.0% vs previous 30d"", ""Revenue gap of \u20b97,077"", ""Order frequency declined 100.0%"", ""Revenue growth materially below peer benchmark""]","Prioritize an outlet visit to investigate lost volume, identify affected products/categories, and attempt revenue recovery.",OPEN
OPP-001079,1972,Wason General Store,4,26,Pharmacy,C,INACTIVE_OUTLET,70,MEDIUM,"[""No order for 34 days"", ""Zero revenue in current 30d"", ""Previous 30d revenue was \u20b97,077""]",Prioritize a reactivation visit. Investigate the reason for inactivity and attempt to recover previous purchasing behaviour.,OPEN
OPP-001080,1978,Chhabra Retail,1,3,Convenience,C,REVENUE_RECOVERY,100,HIGH,"[""Revenue declined 100.0% vs previous 30d"", ""Revenue gap of \u20b95,420"", ""Order frequency declined 100.0%"", ""Revenue growth materially below peer benchmark""]","Prioritize an outlet visit to investigate lost volume, identify affected products/categories, and attempt revenue recovery.",OPEN
OPP-001081,1978,Chhabra Retail,1,3,Convenience,C,INACTIVE_OUTLET,70,MEDIUM,"[""No order for 36 days"", ""Zero revenue in current 30d"", ""Previous 30d revenue was \u20b95,420""]",Prioritize a reactivation visit. Investigate the reason for inactivity and attempt to recover previous purchasing behaviour.,OPEN
OPP-001082,1979,Char Retail,7,28,General Trade,C,REVENUE_RECOVERY,58,MEDIUM,"[""Revenue declined 33.4% vs previous 30d"", ""Revenue gap of \u20b91,319"", ""Order frequency declined 50.0%""]","Prioritize an outlet visit to investigate lost volume, identify affected products/categories, and attempt revenue recovery.",OPEN
OPP-001083,1983,Handa General Store,2,40,General Trade,C,REVENUE_RECOVERY,100,HIGH,"[""Revenue declined 100.0% vs previous 30d"", ""Revenue gap of \u20b95,599"", ""Order frequency declined 100.0%"", ""Revenue growth materially below peer benchmark""]","Prioritize an outlet visit to investigate lost volume, identify affected products/categories, and attempt revenue recovery.",OPEN
OPP-001084,1983,Handa General Store,2,40,General Trade,C,INACTIVE_OUTLET,70,MEDIUM,"[""No order for 34 days"", ""Zero revenue in current 30d"", ""Previous 30d revenue was \u20b95,599""]",Prioritize a reactivation visit. Investigate the reason for inactivity and attempt to recover previous purchasing behaviour.,OPEN
OPP-001085,1984,Vyas Retail,5,31,Modern Trade,C,REVENUE_RECOVERY,63,MEDIUM,"[""Revenue declined 49.1% vs previous 30d"", ""Revenue gap of \u20b91,487"", ""Order frequency declined 50.0%"", ""Revenue growth below peer benchmark""]","Prioritize an outlet visit to investigate lost volume, identify affected products/categories, and attempt revenue recovery.",OPEN
OPP-001086,1987,Loke Mart,6,80,Modern Trade,C,REVENUE_RECOVERY,80,HIGH,"[""Revenue declined 100.0% vs previous 30d"", ""Revenue gap of \u20b91,933"", ""Order frequency declined 100.0%"", ""Revenue growth materially below peer benchmark""]","Prioritize an outlet visit to investigate lost volume, identify affected products/categories, and attempt revenue recovery.",OPEN
OPP-001087,1987,Loke Mart,6,80,Modern Trade,C,INACTIVE_OUTLET,60,MEDIUM,"[""No order for 36 days"", ""Zero revenue in current 30d"", ""Previous 30d revenue was \u20b91,933""]",Prioritize a reactivation visit. Investigate the reason for inactivity and attempt to recover previous purchasing behaviour.,OPEN
OPP-001088,1992,Sharaf Retail,4,1,Supermarket,B,REVENUE_RECOVERY,100,HIGH,"[""Revenue declined 67.8% vs previous 30d"", ""Revenue gap of \u20b96,424"", ""Order frequency declined 50.0%"", ""Revenue growth materially below peer benchmark""]","Prioritize an outlet visit to investigate lost volume, identify affected products/categories, and attempt revenue recovery.",OPEN
OPP-001089,1993,Kohli General Store,4,60,Convenience,A,REVENUE_RECOVERY,100,HIGH,"[""Revenue declined 91.3% vs previous 30d"", ""Revenue gap of \u20b917,502"", ""Order frequency declined 80.0%"", ""Revenue growth materially below peer benchmark""]","Prioritize an outlet visit to investigate lost volume, identify affected products/categories, and attempt revenue recovery.",OPEN
OPP-001090,1994,Kara Supermarket,12,18,Supermarket,B,REVENUE_RECOVERY,92,HIGH,"[""Revenue declined 82.1% vs previous 30d"", ""Revenue gap of \u20b92,922"", ""Order frequency declined 50.0%"", ""Revenue growth materially below peer benchmark""]","Prioritize an outlet visit to investigate lost volume, identify affected products/categories, and attempt revenue recovery.",OPEN
OPP-001091,1996,Buch Traders,6,86,Modern Trade,C,REVENUE_RECOVERY,80,HIGH,"[""Revenue declined 100.0% vs previous 30d"", ""Revenue gap of \u20b91,583"", ""Order frequency declined 100.0%"", ""Revenue growth materially below peer benchmark""]","Prioritize an outlet visit to investigate lost volume, identify affected products/categories, and attempt revenue recovery.",OPEN
OPP-001092,1996,Buch Traders,6,86,Modern Trade,C,INACTIVE_OUTLET,75,HIGH,"[""No order for 56 days"", ""Zero revenue in current 30d"", ""Previous 30d revenue was \u20b91,583""]",Prioritize a reactivation visit. Investigate the reason for inactivity and attempt to recover previous purchasing behaviour.,OPEN
OPP-001093,1999,Ravi Retail,12,15,Supermarket,C,REVENUE_RECOVERY,65,MEDIUM,"[""Revenue declined 87.9% vs previous 30d"", ""Revenue gap of \u20b91,272"", ""Revenue growth materially below peer benchmark""]","Prioritize an outlet visit to investigate lost volume, identify affected products/categories, and attempt revenue recovery.",OPEN
OPP-001094,2000,Raghavan Retail,2,75,Supermarket,B,REVENUE_RECOVERY,65,MEDIUM,"[""Revenue declined 19.2% vs previous 30d"", ""Revenue gap of \u20b9589"", ""Order frequency declined 50.0%"", ""Revenue growth materially below peer benchmark""]","Prioritize an outlet visit to investigate lost volume, identify affected products/categories, and attempt revenue recovery.",OPEN
OPP-001095,2003,Bhalla Supermarket,12,18,General Trade,A,REVENUE_RECOVERY,95,HIGH,"[""Revenue declined 64.3% vs previous 30d"", ""Revenue gap of \u20b921,292"", ""Order frequency declined 42.9%"", ""Revenue growth materially below peer benchmark""]","Prioritize an outlet visit to investigate lost volume, identify affected products/categories, and attempt revenue recovery.",OPEN
OPP-001096,2004,Andra Retail,5,47,Modern Trade,B,REVENUE_RECOVERY,100,HIGH,"[""Revenue declined 100.0% vs previous 30d"", ""Revenue gap of \u20b95,005"", ""Order frequency declined 100.0%"", ""Revenue growth materially below peer benchmark""]","Prioritize an outlet visit to investigate lost volume, identify affected products/categories, and attempt revenue recovery.",OPEN
OPP-001097,2004,Andra Retail,5,47,Modern Trade,B,INACTIVE_OUTLET,85,HIGH,"[""No order for 55 days"", ""Zero revenue in current 30d"", ""Previous 30d revenue was \u20b95,005""]",Prioritize a reactivation visit. Investigate the reason for inactivity and attempt to recover previous purchasing behaviour.,OPEN
OPP-001098,2006,Butala Supermarket,10,94,Modern Trade,A,REVENUE_RECOVERY,62,MEDIUM,"[""Revenue declined 16.2% vs previous 30d"", ""Revenue gap of \u20b94,649"", ""Revenue growth materially below peer benchmark""]","Prioritize an outlet visit to investigate lost volume, identify affected products/categories, and attempt revenue recovery.",OPEN
OPP-001099,2007,Tata Mart,9,35,Pharmacy,C,REVENUE_RECOVERY,100,HIGH,"[""Revenue declined 100.0% vs previous 30d"", ""Revenue gap of \u20b97,678"", ""Order frequency declined 100.0%"", ""Revenue growth materially below peer benchmark""]","Prioritize an outlet visit to investigate lost volume, identify affected products/categories, and attempt revenue recovery.",OPEN
OPP-001100,2009,Narula Mart,12,53,Convenience,B,REVENUE_RECOVERY,70,MEDIUM,"[""Revenue declined 45.5% vs previous 30d"", ""Revenue gap of \u20b93,074"", ""Revenue growth materially below peer benchmark""]","Prioritize an outlet visit to investigate lost volume, identify affected products/categories, and attempt revenue recovery.",OPEN
OPP-001101,2012,Basak General Store,12,30,Pharmacy,C,REVENUE_RECOVERY,92,HIGH,"[""Revenue declined 100.0% vs previous 30d"", ""Revenue gap of \u20b93,958"", ""Order frequency declined 100.0%"", ""Revenue growth materially below peer benchmark""]","Prioritize an outlet visit to investigate lost volume, identify affected products/categories, and attempt revenue recovery.",OPEN
OPP-001102,2012,Basak General Store,12,30,Pharmacy,C,INACTIVE_OUTLET,60,MEDIUM,"[""No order for 36 days"", ""Zero revenue in current 30d"", ""Previous 30d revenue was \u20b93,958""]",Prioritize a reactivation visit. Investigate the reason for inactivity and attempt to recover previous purchasing behaviour.,OPEN
OPP-001103,2013,Karpe General Store,6,74,General Trade,C,REVENUE_RECOVERY,77,HIGH,"[""Revenue declined 51.0% vs previous 30d"", ""Revenue gap of \u20b94,352"", ""Order frequency declined 75.0%""]","Prioritize an outlet visit to investigate lost volume, identify affected products/categories, and attempt revenue recovery.",OPEN
OPP-001104,2015,Soman Mart,3,67,Modern Trade,B,REVENUE_RECOVERY,100,HIGH,"[""Revenue declined 100.0% vs previous 30d"", ""Revenue gap of \u20b97,184"", ""Order frequency declined 100.0%"", ""Revenue growth materially below peer benchmark""]","Prioritize an outlet visit to investigate lost volume, identify affected products/categories, and attempt revenue recovery.",OPEN
OPP-001105,2015,Soman Mart,3,67,Modern Trade,B,INACTIVE_OUTLET,70,MEDIUM,"[""No order for 31 days"", ""Zero revenue in current 30d"", ""Previous 30d revenue was \u20b97,184""]",Prioritize a reactivation visit. Investigate the reason for inactivity and attempt to recover previous purchasing behaviour.,OPEN
OPP-001106,2018,Borde Mart,2,37,Pharmacy,B,REVENUE_RECOVERY,92,HIGH,"[""Revenue declined 55.5% vs previous 30d"", ""Revenue gap of \u20b92,730"", ""Order frequency declined 50.0%"", ""Revenue growth materially below peer benchmark""]","Prioritize an outlet visit to investigate lost volume, identify affected products/categories, and attempt revenue recovery.",OPEN
OPP-001107,2021,Gola Supermarket,3,83,Convenience,B,REVENUE_RECOVERY,75,HIGH,"[""Revenue declined 41.6% vs previous 30d"", ""Revenue gap of \u20b94,163"", ""Order frequency declined 50.0%"", ""Revenue growth below peer benchmark""]","Prioritize an outlet visit to investigate lost volume, identify affected products/categories, and attempt revenue recovery.",OPEN
OPP-001108,2023,Babu Supermarket,4,96,General Trade,A,REVENUE_RECOVERY,100,HIGH,"[""Revenue declined 77.0% vs previous 30d"", ""Revenue gap of \u20b921,483"", ""Order frequency declined 50.0%"", ""Revenue growth materially below peer benchmark""]","Prioritize an outlet visit to investigate lost volume, identify affected products/categories, and attempt revenue recovery.",OPEN
OPP-001109,2024,Johal Supermarket,8,97,Convenience,C,REVENUE_RECOVERY,92,HIGH,"[""Revenue declined 100.0% vs previous 30d"", ""Revenue gap of \u20b93,459"", ""Order frequency declined 100.0%"", ""Revenue growth materially below peer benchmark""]","Prioritize an outlet visit to investigate lost volume, identify affected products/categories, and attempt revenue recovery.",OPEN
OPP-001110,2024,Johal Supermarket,8,97,Convenience,C,INACTIVE_OUTLET,75,HIGH,"[""No order for 52 days"", ""Zero revenue in current 30d"", ""Previous 30d revenue was \u20b93,459""]",Prioritize a reactivation visit. Investigate the reason for inactivity and attempt to recover previous purchasing behaviour.,OPEN
OPP-001111,2025,Dhawan Retail,4,1,Convenience,C,REVENUE_RECOVERY,62,MEDIUM,"[""Revenue declined 57.1% vs previous 30d"", ""Revenue gap of \u20b94,633""]","Prioritize an outlet visit to investigate lost volume, identify affected products/categories, and attempt revenue recovery.",OPEN
OPP-001112,2027,Bose Supermarket,4,26,Convenience,C,REVENUE_RECOVERY,75,HIGH,"[""Revenue declined 84.5% vs previous 30d"", ""Revenue gap of \u20b95,167"", ""Revenue growth below peer benchmark""]","Prioritize an outlet visit to investigate lost volume, identify affected products/categories, and attempt revenue recovery.",OPEN
OPP-001113,2030,Khosla General Store,12,18,Modern Trade,B,REVENUE_RECOVERY,67,MEDIUM,"[""Revenue declined 23.8% vs previous 30d"", ""Revenue gap of \u20b94,679"", ""Order frequency declined 50.0%"", ""Revenue growth below peer benchmark""]","Prioritize an outlet visit to investigate lost volume, identify affected products/categories, and attempt revenue recovery.",OPEN
OPP-001114,2031,Ramachandran Mart,6,14,Modern Trade,B,REVENUE_RECOVERY,45,LOW,"[""Revenue declined 23.2% vs previous 30d"", ""Revenue gap of \u20b91,752"", ""Order frequency declined 33.3%""]","Prioritize an outlet visit to investigate lost volume, identify affected products/categories, and attempt revenue recovery.",OPEN
OPP-001115,2032,Zachariah Supermarket,6,5,Pharmacy,A,REVENUE_RECOVERY,80,HIGH,"[""Revenue declined 21.7% vs previous 30d"", ""Revenue gap of \u20b95,644"", ""Order frequency declined 40.0%"", ""Revenue growth materially below peer benchmark""]","Prioritize an outlet visit to investigate lost volume, identify affected products/categories, and attempt revenue recovery.",OPEN
OPP-001116,2033,Narula Mart,4,58,Convenience,A,REVENUE_RECOVERY,100,HIGH,"[""Revenue declined 59.7% vs previous 30d"", ""Revenue gap of \u20b926,989"", ""Order frequency declined 57.1%"", ""Revenue growth materially below peer benchmark""]","Prioritize an outlet visit to investigate lost volume, identify affected products/categories, and attempt revenue recovery.",OPEN
OPP-001117,2035,Dey Retail,10,63,General Trade,C,REVENUE_RECOVERY,65,MEDIUM,"[""Revenue declined 63.6% vs previous 30d"", ""Revenue gap of \u20b91,197"", ""Revenue growth materially below peer benchmark""]","Prioritize an outlet visit to investigate lost volume, identify affected products/categories, and attempt revenue recovery.",OPEN
OPP-001118,2036,Brar Retail,12,36,Supermarket,B,REVENUE_RECOVERY,100,HIGH,"[""Revenue declined 100.0% vs previous 30d"", ""Revenue gap of \u20b97,749"", ""Order frequency declined 100.0%"", ""Revenue growth materially below peer benchmark""]","Prioritize an outlet visit to investigate lost volume, identify affected products/categories, and attempt revenue recovery.",OPEN
OPP-001119,2036,Brar Retail,12,36,Supermarket,B,INACTIVE_OUTLET,85,HIGH,"[""No order for 45 days"", ""Zero revenue in current 30d"", ""Previous 30d revenue was \u20b97,749""]",Prioritize a reactivation visit. Investigate the reason for inactivity and attempt to recover previous purchasing behaviour.,OPEN
OPP-001120,2037,Tella Supermarket,4,4,General Trade,C,REVENUE_RECOVERY,92,HIGH,"[""Revenue declined 93.2% vs previous 30d"", ""Revenue gap of \u20b94,128"", ""Order frequency declined 50.0%"", ""Revenue growth materially below peer benchmark""]","Prioritize an outlet visit to investigate lost volume, identify affected products/categories, and attempt revenue recovery.",OPEN
OPP-001121,2039,Bera Mart,9,85,General Trade,B,REVENUE_RECOVERY,92,HIGH,"[""Revenue declined 100.0% vs previous 30d"", ""Revenue gap of \u20b92,866"", ""Order frequency declined 100.0%"", ""Revenue growth materially below peer benchmark""]","Prioritize an outlet visit to investigate lost volume, identify affected products/categories, and attempt revenue recovery.",OPEN
OPP-001122,2039,Bera Mart,9,85,General Trade,B,INACTIVE_OUTLET,60,MEDIUM,"[""No order for 34 days"", ""Zero revenue in current 30d"", ""Previous 30d revenue was \u20b92,866""]",Prioritize a reactivation visit. Investigate the reason for inactivity and attempt to recover previous purchasing behaviour.,OPEN
OPP-001123,2040,Chaudhari Traders,5,47,Modern Trade,C,REVENUE_RECOVERY,50,LOW,"[""Revenue declined 15.7% vs previous 30d"", ""Revenue gap of \u20b9682"", ""Order frequency declined 50.0%""]","Prioritize an outlet visit to investigate lost volume, identify affected products/categories, and attempt revenue recovery.",OPEN
OPP-001124,2042,Kata Mart,6,14,General Trade,C,REVENUE_RECOVERY,58,MEDIUM,"[""Revenue declined 40.4% vs previous 30d"", ""Revenue gap of \u20b91,117"", ""Order frequency declined 66.7%""]","Prioritize an outlet visit to investigate lost volume, identify affected products/categories, and attempt revenue recovery.",OPEN
OPP-001125,2045,Ranganathan Traders,8,55,Supermarket,C,REVENUE_RECOVERY,65,MEDIUM,"[""Revenue declined 100.0% vs previous 30d"", ""Order frequency declined 100.0%"", ""Revenue growth materially below peer benchmark""]","Prioritize an outlet visit to investigate lost volume, identify affected products/categories, and attempt revenue recovery.",OPEN
OPP-001126,2045,Ranganathan Traders,8,55,Supermarket,C,INACTIVE_OUTLET,65,MEDIUM,"[""No order for 53 days"", ""Zero revenue in current 30d""]",Prioritize a reactivation visit. Investigate the reason for inactivity and attempt to recover previous purchasing behaviour.,OPEN
OPP-001127,2046,Narain Supermarket,4,26,Pharmacy,B,REVENUE_RECOVERY,92,HIGH,"[""Revenue declined 100.0% vs previous 30d"", ""Revenue gap of \u20b92,019"", ""Order frequency declined 100.0%"", ""Revenue growth materially below peer benchmark""]","Prioritize an outlet visit to investigate lost volume, identify affected products/categories, and attempt revenue recovery.",OPEN
OPP-001128,2046,Narain Supermarket,4,26,Pharmacy,B,INACTIVE_OUTLET,60,MEDIUM,"[""No order for 43 days"", ""Zero revenue in current 30d"", ""Previous 30d revenue was \u20b92,019""]",Prioritize a reactivation visit. Investigate the reason for inactivity and attempt to recover previous purchasing behaviour.,OPEN
OPP-001129,2048,Mahajan Mart,5,51,General Trade,C,REVENUE_RECOVERY,75,HIGH,"[""Revenue declined 45.7% vs previous 30d"", ""Revenue gap of \u20b92,019"", ""Order frequency declined 50.0%"", ""Revenue growth below peer benchmark""]","Prioritize an outlet visit to investigate lost volume, identify affected products/categories, and attempt revenue recovery.",OPEN
OPP-001130,2049,Seshadri Supermarket,5,17,Convenience,C,REVENUE_RECOVERY,92,HIGH,"[""Revenue declined 100.0% vs previous 30d"", ""Revenue gap of \u20b93,118"", ""Order frequency declined 100.0%"", ""Revenue growth materially below peer benchmark""]","Prioritize an outlet visit to investigate lost volume, identify affected products/categories, and attempt revenue recovery.",OPEN
OPP-001131,2049,Seshadri Supermarket,5,17,Convenience,C,INACTIVE_OUTLET,75,HIGH,"[""No order for 57 days"", ""Zero revenue in current 30d"", ""Previous 30d revenue was \u20b93,118""]",Prioritize a reactivation visit. Investigate the reason for inactivity and attempt to recover previous purchasing behaviour.,OPEN
OPP-001132,2052,Parekh Traders,4,12,General Trade,A,REVENUE_RECOVERY,88,HIGH,"[""Revenue declined 38.8% vs previous 30d"", ""Revenue gap of \u20b99,613"", ""Order frequency declined 25.0%"", ""Revenue growth materially below peer benchmark""]","Prioritize an outlet visit to investigate lost volume, identify affected products/categories, and attempt revenue recovery.",OPEN
OPP-001133,2054,Sankaran General Store,10,100,General Trade,C,REVENUE_RECOVERY,92,HIGH,"[""Revenue declined 100.0% vs previous 30d"", ""Revenue gap of \u20b93,745"", ""Order frequency declined 100.0%"", ""Revenue growth materially below peer benchmark""]","Prioritize an outlet visit to investigate lost volume, identify affected products/categories, and attempt revenue recovery.",OPEN
OPP-001134,2054,Sankaran General Store,10,100,General Trade,C,INACTIVE_OUTLET,75,HIGH,"[""No order for 53 days"", ""Zero revenue in current 30d"", ""Previous 30d revenue was \u20b93,745""]",Prioritize a reactivation visit. Investigate the reason for inactivity and attempt to recover previous purchasing behaviour.,OPEN
OPP-001135,2056,Rai Supermarket,3,83,General Trade,A,REVENUE_RECOVERY,88,HIGH,"[""Revenue declined 42.3% vs previous 30d"", ""Revenue gap of \u20b914,859"", ""Order frequency declined 33.3%"", ""Revenue growth materially below peer benchmark""]","Prioritize an outlet visit to investigate lost volume, identify affected products/categories, and attempt revenue recovery.",OPEN
OPP-001136,2059,Koshy Retail,3,20,Convenience,C,REVENUE_RECOVERY,87,HIGH,"[""Revenue declined 74.1% vs previous 30d"", ""Revenue gap of \u20b93,950"", ""Order frequency declined 33.3%"", ""Revenue growth materially below peer benchmark""]","Prioritize an outlet visit to investigate lost volume, identify affected products/categories, and attempt revenue recovery.",OPEN
OPP-001137,2063,Dube General Store,12,30,Supermarket,B,REVENUE_RECOVERY,100,HIGH,"[""Revenue declined 61.1% vs previous 30d"", ""Revenue gap of \u20b912,915"", ""Order frequency declined 50.0%"", ""Revenue growth materially below peer benchmark""]","Prioritize an outlet visit to investigate lost volume, identify affected products/categories, and attempt revenue recovery.",OPEN
OPP-001138,2065,Dube Supermarket,12,78,Supermarket,C,REVENUE_RECOVERY,80,HIGH,"[""Revenue declined 100.0% vs previous 30d"", ""Revenue gap of \u20b91,984"", ""Order frequency declined 100.0%"", ""Revenue growth materially below peer benchmark""]","Prioritize an outlet visit to investigate lost volume, identify affected products/categories, and attempt revenue recovery.",OPEN
OPP-001139,2065,Dube Supermarket,12,78,Supermarket,C,INACTIVE_OUTLET,60,MEDIUM,"[""No order for 36 days"", ""Zero revenue in current 30d"", ""Previous 30d revenue was \u20b91,984""]",Prioritize a reactivation visit. Investigate the reason for inactivity and attempt to recover previous purchasing behaviour.,OPEN
OPP-001140,2067,Nadig General Store,5,51,Convenience,C,REVENUE_RECOVERY,100,HIGH,"[""Revenue declined 90.6% vs previous 30d"", ""Revenue gap of \u20b95,288"", ""Order frequency declined 50.0%"", ""Revenue growth materially below peer benchmark""]","Prioritize an outlet visit to investigate lost volume, identify affected products/categories, and attempt revenue recovery.",OPEN
OPP-001141,2068,Patel Mart,4,81,Convenience,C,REVENUE_RECOVERY,55,MEDIUM,"[""Revenue declined 75.7% vs previous 30d"", ""Revenue gap of \u20b9639"", ""Revenue growth below peer benchmark""]","Prioritize an outlet visit to investigate lost volume, identify affected products/categories, and attempt revenue recovery.",OPEN
OPP-001142,2077,Deo Supermarket,10,94,Convenience,B,REVENUE_RECOVERY,92,HIGH,"[""Revenue declined 100.0% vs previous 30d"", ""Revenue gap of \u20b94,462"", ""Order frequency declined 100.0%"", ""Revenue growth materially below peer benchmark""]","Prioritize an outlet visit to investigate lost volume, identify affected products/categories, and attempt revenue recovery.",OPEN
OPP-001143,2077,Deo Supermarket,10,94,Convenience,B,INACTIVE_OUTLET,75,HIGH,"[""No order for 48 days"", ""Zero revenue in current 30d"", ""Previous 30d revenue was \u20b94,462""]",Prioritize a reactivation visit. Investigate the reason for inactivity and attempt to recover previous purchasing behaviour.,OPEN
OPP-001144,2078,Chahal General Store,10,43,Supermarket,B,REVENUE_RECOVERY,100,HIGH,"[""Revenue declined 100.0% vs previous 30d"", ""Revenue gap of \u20b913,639"", ""Order frequency declined 100.0%"", ""Revenue growth materially below peer benchmark""]","Prioritize an outlet visit to investigate lost volume, identify affected products/categories, and attempt revenue recovery.",OPEN
OPP-001145,2078,Chahal General Store,10,43,Supermarket,B,INACTIVE_OUTLET,85,HIGH,"[""No order for 50 days"", ""Zero revenue in current 30d"", ""Previous 30d revenue was \u20b913,639""]",Prioritize a reactivation visit. Investigate the reason for inactivity and attempt to recover previous purchasing behaviour.,OPEN
OPP-001146,2080,Sankar General Store,7,68,Pharmacy,C,REVENUE_RECOVERY,80,HIGH,"[""Revenue declined 100.0% vs previous 30d"", ""Revenue gap of \u20b9898"", ""Order frequency declined 100.0%"", ""Revenue growth materially below peer benchmark""]","Prioritize an outlet visit to investigate lost volume, identify affected products/categories, and attempt revenue recovery.",OPEN
OPP-001147,2080,Sankar General Store,7,68,Pharmacy,C,INACTIVE_OUTLET,50,LOW,"[""No order for 33 days"", ""Zero revenue in current 30d""]",Prioritize a reactivation visit. Investigate the reason for inactivity and attempt to recover previous purchasing behaviour.,OPEN
OPP-001148,2082,Vala Mart,8,70,Modern Trade,C,REVENUE_RECOVERY,82,HIGH,"[""Revenue declined 57.7% vs previous 30d"", ""Revenue gap of \u20b92,128"", ""Order frequency declined 50.0%"", ""Revenue growth below peer benchmark""]","Prioritize an outlet visit to investigate lost volume, identify affected products/categories, and attempt revenue recovery.",OPEN
OPP-001149,2084,Chauhan Supermarket,9,93,Convenience,C,REVENUE_RECOVERY,80,HIGH,"[""Revenue declined 100.0% vs previous 30d"", ""Revenue gap of \u20b9941"", ""Order frequency declined 100.0%"", ""Revenue growth materially below peer benchmark""]","Prioritize an outlet visit to investigate lost volume, identify affected products/categories, and attempt revenue recovery.",OPEN
OPP-001150,2084,Chauhan Supermarket,9,93,Convenience,C,INACTIVE_OUTLET,50,LOW,"[""No order for 31 days"", ""Zero revenue in current 30d""]",Prioritize a reactivation visit. Investigate the reason for inactivity and attempt to recover previous purchasing behaviour.,OPEN
OPP-001151,2085,Bal Traders,7,13,Convenience,C,REVENUE_RECOVERY,65,MEDIUM,"[""Revenue declined 100.0% vs previous 30d"", ""Order frequency declined 100.0%"", ""Revenue growth materially below peer benchmark""]","Prioritize an outlet visit to investigate lost volume, identify affected products/categories, and attempt revenue recovery.",OPEN
OPP-001152,2085,Bal Traders,7,13,Convenience,C,INACTIVE_OUTLET,65,MEDIUM,"[""No order for 48 days"", ""Zero revenue in current 30d""]",Prioritize a reactivation visit. Investigate the reason for inactivity and attempt to recover previous purchasing behaviour.,OPEN
OPP-001153,2087,Pandya Supermarket,12,15,Convenience,A,REVENUE_RECOVERY,70,MEDIUM,"[""Revenue declined 25.7% vs previous 30d"", ""Revenue gap of \u20b96,924"", ""Revenue growth materially below peer benchmark""]","Prioritize an outlet visit to investigate lost volume, identify affected products/categories, and attempt revenue recovery.",OPEN
OPP-001154,2088,Chander Traders,10,43,Supermarket,C,REVENUE_RECOVERY,100,HIGH,"[""Revenue declined 100.0% vs previous 30d"", ""Revenue gap of \u20b98,582"", ""Order frequency declined 100.0%"", ""Revenue growth materially below peer benchmark""]","Prioritize an outlet visit to investigate lost volume, identify affected products/categories, and attempt revenue recovery.",OPEN
OPP-001155,2088,Chander Traders,10,43,Supermarket,C,INACTIVE_OUTLET,70,MEDIUM,"[""No order for 33 days"", ""Zero revenue in current 30d"", ""Previous 30d revenue was \u20b98,582""]",Prioritize a reactivation visit. Investigate the reason for inactivity and attempt to recover previous purchasing behaviour.,OPEN
OPP-001156,2090,Rajan Supermarket,12,18,General Trade,A,REVENUE_RECOVERY,92,HIGH,"[""Revenue declined 100.0% vs previous 30d"", ""Revenue gap of \u20b93,262"", ""Order frequency declined 100.0%"", ""Revenue growth materially below peer benchmark""]","Prioritize an outlet visit to investigate lost volume, identify affected products/categories, and attempt revenue recovery.",OPEN
OPP-001157,2090,Rajan Supermarket,12,18,General Trade,A,INACTIVE_OUTLET,75,HIGH,"[""No order for 46 days"", ""Zero revenue in current 30d"", ""Previous 30d revenue was \u20b93,262""]",Prioritize a reactivation visit. Investigate the reason for inactivity and attempt to recover previous purchasing behaviour.,OPEN
OPP-001158,2092,Manne Traders,7,44,Modern Trade,C,REVENUE_RECOVERY,92,HIGH,"[""Revenue declined 100.0% vs previous 30d"", ""Revenue gap of \u20b93,288"", ""Order frequency declined 100.0%"", ""Revenue growth materially below peer benchmark""]","Prioritize an outlet visit to investigate lost volume, identify affected products/categories, and attempt revenue recovery.",OPEN
OPP-001159,2092,Manne Traders,7,44,Modern Trade,C,INACTIVE_OUTLET,75,HIGH,"[""No order for 47 days"", ""Zero revenue in current 30d"", ""Previous 30d revenue was \u20b93,288""]",Prioritize a reactivation visit. Investigate the reason for inactivity and attempt to recover previous purchasing behaviour.,OPEN
OPP-001160,2093,Sachdev General Store,12,78,Modern Trade,B,REVENUE_RECOVERY,85,HIGH,"[""Revenue declined 40.6% vs previous 30d"", ""Revenue gap of \u20b93,792"", ""Order frequency declined 66.7%"", ""Revenue growth materially below peer benchmark""]","Prioritize an outlet visit to investigate lost volume, identify affected products/categories, and attempt revenue recovery.",OPEN
OPP-001161,2095,Chad Retail,5,47,Modern Trade,C,REVENUE_RECOVERY,80,HIGH,"[""Revenue declined 100.0% vs previous 30d"", ""Revenue gap of \u20b91,091"", ""Order frequency declined 100.0%"", ""Revenue growth materially below peer benchmark""]","Prioritize an outlet visit to investigate lost volume, identify affected products/categories, and attempt revenue recovery.",OPEN
OPP-001162,2095,Chad Retail,5,47,Modern Trade,C,INACTIVE_OUTLET,60,MEDIUM,"[""No order for 41 days"", ""Zero revenue in current 30d"", ""Previous 30d revenue was \u20b91,091""]",Prioritize a reactivation visit. Investigate the reason for inactivity and attempt to recover previous purchasing behaviour.,OPEN
OPP-001163,2098,Gara General Store,12,78,Pharmacy,C,REVENUE_RECOVERY,43,LOW,"[""Revenue declined 33.9% vs previous 30d"", ""Revenue gap of \u20b91,355""]","Prioritize an outlet visit to investigate lost volume, identify affected products/categories, and attempt revenue recovery.",OPEN
OPP-001164,2099,Rai Mart,4,96,Modern Trade,A,REVENUE_RECOVERY,88,HIGH,"[""Revenue declined 49.4% vs previous 30d"", ""Revenue gap of \u20b98,217"", ""Order frequency declined 33.3%"", ""Revenue growth materially below peer benchmark""]","Prioritize an outlet visit to investigate lost volume, identify affected products/categories, and attempt revenue recovery.",OPEN
OPP-001165,2101,Dewan Mart,8,55,Convenience,C,REVENUE_RECOVERY,100,HIGH,"[""Revenue declined 81.4% vs previous 30d"", ""Revenue gap of \u20b95,531"", ""Order frequency declined 50.0%"", ""Revenue growth materially below peer benchmark""]","Prioritize an outlet visit to investigate lost volume, identify affected products/categories, and attempt revenue recovery.",OPEN
OPP-001166,2103,Mitra Mart,10,100,Pharmacy,B,REVENUE_RECOVERY,100,HIGH,"[""Revenue declined 94.8% vs previous 30d"", ""Revenue gap of \u20b98,936"", ""Order frequency declined 66.7%"", ""Revenue growth materially below peer benchmark""]","Prioritize an outlet visit to investigate lost volume, identify affected products/categories, and attempt revenue recovery.",OPEN
OPP-001167,2106,Dhingra Retail,2,75,Convenience,C,REVENUE_RECOVERY,82,HIGH,"[""Revenue declined 55.5% vs previous 30d"", ""Revenue gap of \u20b93,687"", ""Order frequency declined 66.7%"", ""Revenue growth below peer benchmark""]","Prioritize an outlet visit to investigate lost volume, identify affected products/categories, and attempt revenue recovery.",OPEN
OPP-001168,2107,Bhatnagar Traders,10,33,Convenience,C,REVENUE_RECOVERY,100,HIGH,"[""Revenue declined 100.0% vs previous 30d"", ""Revenue gap of \u20b95,112"", ""Order frequency declined 100.0%"", ""Revenue growth materially below peer benchmark""]","Prioritize an outlet visit to investigate lost volume, identify affected products/categories, and attempt revenue recovery.",OPEN
OPP-001169,2108,Ganesh Traders,4,54,Supermarket,C,REVENUE_RECOVERY,92,HIGH,"[""Revenue declined 100.0% vs previous 30d"", ""Revenue gap of \u20b93,483"", ""Order frequency declined 100.0%"", ""Revenue growth materially below peer benchmark""]","Prioritize an outlet visit to investigate lost volume, identify affected products/categories, and attempt revenue recovery.",OPEN
OPP-001170,2108,Ganesh Traders,4,54,Supermarket,C,INACTIVE_OUTLET,60,MEDIUM,"[""No order for 37 days"", ""Zero revenue in current 30d"", ""Previous 30d revenue was \u20b93,483""]",Prioritize a reactivation visit. Investigate the reason for inactivity and attempt to recover previous purchasing behaviour.,OPEN
OPP-001171,2110,Majumdar Retail,12,50,Convenience,B,REVENUE_RECOVERY,100,HIGH,"[""Revenue declined 100.0% vs previous 30d"", ""Revenue gap of \u20b96,384"", ""Order frequency declined 100.0%"", ""Revenue growth materially below peer benchmark""]","Prioritize an outlet visit to investigate lost volume, identify affected products/categories, and attempt revenue recovery.",OPEN
OPP-001172,2110,Majumdar Retail,12,50,Convenience,B,INACTIVE_OUTLET,70,MEDIUM,"[""No order for 41 days"", ""Zero revenue in current 30d"", ""Previous 30d revenue was \u20b96,384""]",Prioritize a reactivation visit. Investigate the reason for inactivity and attempt to recover previous purchasing behaviour.,OPEN
OPP-001173,2112,Mistry Traders,2,38,Pharmacy,C,REVENUE_RECOVERY,100,HIGH,"[""Revenue declined 100.0% vs previous 30d"", ""Revenue gap of \u20b97,649"", ""Order frequency declined 100.0%"", ""Revenue growth materially below peer benchmark""]","Prioritize an outlet visit to investigate lost volume, identify affected products/categories, and attempt revenue recovery.",OPEN
OPP-001174,2112,Mistry Traders,2,38,Pharmacy,C,INACTIVE_OUTLET,70,MEDIUM,"[""No order for 34 days"", ""Zero revenue in current 30d"", ""Previous 30d revenue was \u20b97,649""]",Prioritize a reactivation visit. Investigate the reason for inactivity and attempt to recover previous purchasing behaviour.,OPEN
OPP-001175,2113,Sule Supermarket,12,53,Pharmacy,C,REVENUE_RECOVERY,92,HIGH,"[""Revenue declined 100.0% vs previous 30d"", ""Revenue gap of \u20b93,918"", ""Order frequency declined 100.0%"", ""Revenue growth materially below peer benchmark""]","Prioritize an outlet visit to investigate lost volume, identify affected products/categories, and attempt revenue recovery.",OPEN
OPP-001176,2113,Sule Supermarket,12,53,Pharmacy,C,INACTIVE_OUTLET,60,MEDIUM,"[""No order for 34 days"", ""Zero revenue in current 30d"", ""Previous 30d revenue was \u20b93,918""]",Prioritize a reactivation visit. Investigate the reason for inactivity and attempt to recover previous purchasing behaviour.,OPEN
OPP-001177,2114,Bose General Store,6,98,Pharmacy,C,REVENUE_RECOVERY,67,MEDIUM,"[""Revenue declined 62.7% vs previous 30d"", ""Revenue gap of \u20b92,870"", ""Revenue growth below peer benchmark""]","Prioritize an outlet visit to investigate lost volume, identify affected products/categories, and attempt revenue recovery.",OPEN
OPP-001178,2116,Krishnamurthy Supermarket,7,84,Modern Trade,C,REVENUE_RECOVERY,75,HIGH,"[""Revenue declined 44.8% vs previous 30d"", ""Revenue gap of \u20b93,455"", ""Order frequency declined 50.0%"", ""Revenue growth below peer benchmark""]","Prioritize an outlet visit to investigate lost volume, identify affected products/categories, and attempt revenue recovery.",OPEN
OPP-001179,2120,Shankar Mart,6,45,General Trade,C,REVENUE_RECOVERY,92,HIGH,"[""Revenue declined 100.0% vs previous 30d"", ""Revenue gap of \u20b92,586"", ""Order frequency declined 100.0%"", ""Revenue growth materially below peer benchmark""]","Prioritize an outlet visit to investigate lost volume, identify affected products/categories, and attempt revenue recovery.",OPEN
OPP-001180,2120,Shankar Mart,6,45,General Trade,C,INACTIVE_OUTLET,75,HIGH,"[""No order for 48 days"", ""Zero revenue in current 30d"", ""Previous 30d revenue was \u20b92,586""]",Prioritize a reactivation visit. Investigate the reason for inactivity and attempt to recover previous purchasing behaviour.,OPEN
OPP-001181,2122,Deshmukh Traders,10,33,Convenience,C,REVENUE_RECOVERY,80,HIGH,"[""Revenue declined 100.0% vs previous 30d"", ""Revenue gap of \u20b91,176"", ""Order frequency declined 100.0%"", ""Revenue growth materially below peer benchmark""]","Prioritize an outlet visit to investigate lost volume, identify affected products/categories, and attempt revenue recovery.",OPEN
OPP-001182,2122,Deshmukh Traders,10,33,Convenience,C,INACTIVE_OUTLET,60,MEDIUM,"[""No order for 43 days"", ""Zero revenue in current 30d"", ""Previous 30d revenue was \u20b91,176""]",Prioritize a reactivation visit. Investigate the reason for inactivity and attempt to recover previous purchasing behaviour.,OPEN
OPP-001183,2123,Modi General Store,12,66,General Trade,C,REVENUE_RECOVERY,80,HIGH,"[""Revenue declined 100.0% vs previous 30d"", ""Revenue gap of \u20b91,512"", ""Order frequency declined 100.0%"", ""Revenue growth materially below peer benchmark""]","Prioritize an outlet visit to investigate lost volume, identify affected products/categories, and attempt revenue recovery.",OPEN
OPP-001184,2123,Modi General Store,12,66,General Trade,C,INACTIVE_OUTLET,75,HIGH,"[""No order for 56 days"", ""Zero revenue in current 30d"", ""Previous 30d revenue was \u20b91,512""]",Prioritize a reactivation visit. Investigate the reason for inactivity and attempt to recover previous purchasing behaviour.,OPEN
OPP-001185,2125,Randhawa Traders,2,9,Convenience,A,REVENUE_RECOVERY,100,HIGH,"[""Revenue declined 100.0% vs previous 30d"", ""Revenue gap of \u20b912,506"", ""Order frequency declined 100.0%"", ""Revenue growth materially below peer benchmark""]","Prioritize an outlet visit to investigate lost volume, identify affected products/categories, and attempt revenue recovery.",OPEN
OPP-001186,2125,Randhawa Traders,2,9,Convenience,A,INACTIVE_OUTLET,85,HIGH,"[""No order for 45 days"", ""Zero revenue in current 30d"", ""Previous 30d revenue was \u20b912,506""]",Prioritize a reactivation visit. Investigate the reason for inactivity and attempt to recover previous purchasing behaviour.,OPEN
OPP-001187,2128,Narayan Supermarket,12,53,Modern Trade,C,REVENUE_RECOVERY,92,HIGH,"[""Revenue declined 100.0% vs previous 30d"", ""Revenue gap of \u20b92,577"", ""Order frequency declined 100.0%"", ""Revenue growth materially below peer benchmark""]","Prioritize an outlet visit to investigate lost volume, identify affected products/categories, and attempt revenue recovery.",OPEN
OPP-001188,2128,Narayan Supermarket,12,53,Modern Trade,C,INACTIVE_OUTLET,60,MEDIUM,"[""No order for 31 days"", ""Zero revenue in current 30d"", ""Previous 30d revenue was \u20b92,577""]",Prioritize a reactivation visit. Investigate the reason for inactivity and attempt to recover previous purchasing behaviour.,OPEN
OPP-001189,2129,Sarraf Retail,12,53,Modern Trade,A,REVENUE_RECOVERY,77,HIGH,"[""Revenue declined 23.6% vs previous 30d"", ""Revenue gap of \u20b93,985"", ""Order frequency declined 66.7%"", ""Revenue growth materially below peer benchmark""]","Prioritize an outlet visit to investigate lost volume, identify affected products/categories, and attempt revenue recovery.",OPEN
OPP-001190,2129,Sarraf Retail,12,53,Modern Trade,A,STOCK_RISK,80,HIGH,"[""37 stockout events in last 90d"", ""Stockout rate: 19.0%""]",Review outlet inventory and prioritize replenishment of affected SKUs before another stockout causes lost sales.,OPEN
OPP-001191,2130,Natt Traders,7,57,Modern Trade,C,REVENUE_RECOVERY,65,MEDIUM,"[""Revenue declined 100.0% vs previous 30d"", ""Order frequency declined 100.0%"", ""Revenue growth materially below peer benchmark""]","Prioritize an outlet visit to investigate lost volume, identify affected products/categories, and attempt revenue recovery.",OPEN
OPP-001192,2130,Natt Traders,7,57,Modern Trade,C,INACTIVE_OUTLET,65,MEDIUM,"[""No order for 49 days"", ""Zero revenue in current 30d""]",Prioritize a reactivation visit. Investigate the reason for inactivity and attempt to recover previous purchasing behaviour.,OPEN
OPP-001193,2134,Nagi Mart,8,34,Modern Trade,C,REVENUE_RECOVERY,92,HIGH,"[""Revenue declined 100.0% vs previous 30d"", ""Revenue gap of \u20b94,164"", ""Order frequency declined 100.0%"", ""Revenue growth materially below peer benchmark""]","Prioritize an outlet visit to investigate lost volume, identify affected products/categories, and attempt revenue recovery.",OPEN
OPP-001194,2134,Nagi Mart,8,34,Modern Trade,C,INACTIVE_OUTLET,60,MEDIUM,"[""No order for 38 days"", ""Zero revenue in current 30d"", ""Previous 30d revenue was \u20b94,164""]",Prioritize a reactivation visit. Investigate the reason for inactivity and attempt to recover previous purchasing behaviour.,OPEN
OPP-001195,2136,Srinivas Traders,4,60,General Trade,C,REVENUE_RECOVERY,65,MEDIUM,"[""Revenue declined 95.2% vs previous 30d"", ""Revenue gap of \u20b91,889"", ""Revenue growth materially below peer benchmark""]","Prioritize an outlet visit to investigate lost volume, identify affected products/categories, and attempt revenue recovery.",OPEN
OPP-001196,2139,Rao Traders,1,49,General Trade,A,REVENUE_RECOVERY,83,HIGH,"[""Revenue declined 30.7% vs previous 30d"", ""Revenue gap of \u20b910,169"", ""Order frequency declined"", ""Revenue growth materially below peer benchmark""]","Prioritize an outlet visit to investigate lost volume, identify affected products/categories, and attempt revenue recovery.",OPEN
OPP-001197,2142,Swaminathan General Store,4,58,Pharmacy,C,REVENUE_RECOVERY,80,HIGH,"[""Revenue declined 100.0% vs previous 30d"", ""Revenue gap of \u20b9595"", ""Order frequency declined 100.0%"", ""Revenue growth materially below peer benchmark""]","Prioritize an outlet visit to investigate lost volume, identify affected products/categories, and attempt revenue recovery.",OPEN
OPP-001198,2142,Swaminathan General Store,4,58,Pharmacy,C,INACTIVE_OUTLET,65,MEDIUM,"[""No order for 58 days"", ""Zero revenue in current 30d""]",Prioritize a reactivation visit. Investigate the reason for inactivity and attempt to recover previous purchasing behaviour.,OPEN
OPP-001199,2147,Ramaswamy Retail,12,66,Pharmacy,B,REVENUE_RECOVERY,52,LOW,"[""Revenue declined 26.5% vs previous 30d"", ""Revenue gap of \u20b92,123"", ""Revenue growth below peer benchmark""]","Prioritize an outlet visit to investigate lost volume, identify affected products/categories, and attempt revenue recovery.",OPEN
OPP-001200,2151,Gole Retail,3,11,Supermarket,A,REVENUE_RECOVERY,80,HIGH,"[""Revenue declined 26.3% vs previous 30d"", ""Revenue gap of \u20b97,915"", ""Order frequency declined 25.0%"", ""Revenue growth materially below peer benchmark""]","Prioritize an outlet visit to investigate lost volume, identify affected products/categories, and attempt revenue recovery.",OPEN
OPP-001201,2152,Bala Retail,12,87,Convenience,A,REVENUE_RECOVERY,100,HIGH,"[""Revenue declined 60.2% vs previous 30d"", ""Revenue gap of \u20b920,950"", ""Order frequency declined 50.0%"", ""Revenue growth materially below peer benchmark""]","Prioritize an outlet visit to investigate lost volume, identify affected products/categories, and attempt revenue recovery.",OPEN
OPP-001202,2155,Sarma Retail,8,76,Modern Trade,C,REVENUE_RECOVERY,50,LOW,"[""Revenue declined 28.0% vs previous 30d"", ""Revenue gap of \u20b91,502"", ""Order frequency declined 50.0%""]","Prioritize an outlet visit to investigate lost volume, identify affected products/categories, and attempt revenue recovery.",OPEN
OPP-001203,2156,Manne Mart,8,70,General Trade,C,REVENUE_RECOVERY,80,HIGH,"[""Revenue declined 100.0% vs previous 30d"", ""Revenue gap of \u20b91,366"", ""Order frequency declined 100.0%"", ""Revenue growth materially below peer benchmark""]","Prioritize an outlet visit to investigate lost volume, identify affected products/categories, and attempt revenue recovery.",OPEN
OPP-001204,2156,Manne Mart,8,70,General Trade,C,INACTIVE_OUTLET,75,HIGH,"[""No order for 49 days"", ""Zero revenue in current 30d"", ""Previous 30d revenue was \u20b91,366""]",Prioritize a reactivation visit. Investigate the reason for inactivity and attempt to recover previous purchasing behaviour.,OPEN
OPP-001205,2157,Biswas Supermarket,3,89,Pharmacy,C,REVENUE_RECOVERY,63,MEDIUM,"[""Revenue declined 36.7% vs previous 30d"", ""Revenue gap of \u20b91,545"", ""Order frequency declined 66.7%"", ""Revenue growth below peer benchmark""]","Prioritize an outlet visit to investigate lost volume, identify affected products/categories, and attempt revenue recovery.",OPEN
OPP-001206,2160,Dewan Traders,8,97,General Trade,C,REVENUE_RECOVERY,92,HIGH,"[""Revenue declined 100.0% vs previous 30d"", ""Revenue gap of \u20b94,837"", ""Order frequency declined 100.0%"", ""Revenue growth materially below peer benchmark""]","Prioritize an outlet visit to investigate lost volume, identify affected products/categories, and attempt revenue recovery.",OPEN
OPP-001207,2160,Dewan Traders,8,97,General Trade,C,INACTIVE_OUTLET,60,MEDIUM,"[""No order for 39 days"", ""Zero revenue in current 30d"", ""Previous 30d revenue was \u20b94,837""]",Prioritize a reactivation visit. Investigate the reason for inactivity and attempt to recover previous purchasing behaviour.,OPEN
OPP-001208,2161,Mitter Mart,1,52,Convenience,B,REVENUE_RECOVERY,85,HIGH,"[""Revenue declined 62.1% vs previous 30d"", ""Revenue gap of \u20b96,147"", ""Revenue growth materially below peer benchmark""]","Prioritize an outlet visit to investigate lost volume, identify affected products/categories, and attempt revenue recovery.",OPEN
OPP-001209,2163,Krishnan Traders,12,64,Convenience,B,REVENUE_RECOVERY,95,HIGH,"[""Revenue declined 62.0% vs previous 30d"", ""Revenue gap of \u20b912,743"", ""Order frequency declined 40.0%"", ""Revenue growth materially below peer benchmark""]","Prioritize an outlet visit to investigate lost volume, identify affected products/categories, and attempt revenue recovery.",OPEN
OPP-001210,2165,Sampath Supermarket,4,96,Supermarket,C,REVENUE_RECOVERY,80,HIGH,"[""Revenue declined 100.0% vs previous 30d"", ""Revenue gap of \u20b91,591"", ""Order frequency declined 100.0%"", ""Revenue growth materially below peer benchmark""]","Prioritize an outlet visit to investigate lost volume, identify affected products/categories, and attempt revenue recovery.",OPEN
OPP-001211,2165,Sampath Supermarket,4,96,Supermarket,C,INACTIVE_OUTLET,75,HIGH,"[""No order for 55 days"", ""Zero revenue in current 30d"", ""Previous 30d revenue was \u20b91,591""]",Prioritize a reactivation visit. Investigate the reason for inactivity and attempt to recover previous purchasing behaviour.,OPEN
OPP-001212,2166,Purohit Retail,7,24,General Trade,B,REVENUE_RECOVERY,62,MEDIUM,"[""Revenue declined 26.7% vs previous 30d"", ""Revenue gap of \u20b93,424"", ""Order frequency declined 40.0%"", ""Revenue growth below peer benchmark""]","Prioritize an outlet visit to investigate lost volume, identify affected products/categories, and attempt revenue recovery.",OPEN
OPP-001213,2167,Borah Traders,1,49,Convenience,B,REVENUE_RECOVERY,52,LOW,"[""Revenue declined 18.9% vs previous 30d"", ""Revenue gap of \u20b92,568"", ""Revenue growth below peer benchmark""]","Prioritize an outlet visit to investigate lost volume, identify affected products/categories, and attempt revenue recovery.",OPEN
OPP-001214,2169,Srinivas Mart,5,51,Modern Trade,C,REVENUE_RECOVERY,100,HIGH,"[""Revenue declined 94.8% vs previous 30d"", ""Revenue gap of \u20b96,224"", ""Order frequency declined 66.7%"", ""Revenue growth materially below peer benchmark""]","Prioritize an outlet visit to investigate lost volume, identify affected products/categories, and attempt revenue recovery.",OPEN
OPP-001215,2171,Warrior Supermarket,6,29,General Trade,B,REVENUE_RECOVERY,100,HIGH,"[""Revenue declined 100.0% vs previous 30d"", ""Revenue gap of \u20b95,828"", ""Order frequency declined 100.0%"", ""Revenue growth materially below peer benchmark""]","Prioritize an outlet visit to investigate lost volume, identify affected products/categories, and attempt revenue recovery.",OPEN
OPP-001216,2171,Warrior Supermarket,6,29,General Trade,B,INACTIVE_OUTLET,85,HIGH,"[""No order for 47 days"", ""Zero revenue in current 30d"", ""Previous 30d revenue was \u20b95,828""]",Prioritize a reactivation visit. Investigate the reason for inactivity and attempt to recover previous purchasing behaviour.,OPEN
OPP-001217,2172,Toor Retail,3,88,Pharmacy,A,REVENUE_RECOVERY,80,HIGH,"[""Revenue declined 24.0% vs previous 30d"", ""Revenue gap of \u20b96,190"", ""Order frequency declined 33.3%"", ""Revenue growth materially below peer benchmark""]","Prioritize an outlet visit to investigate lost volume, identify affected products/categories, and attempt revenue recovery.",OPEN
OPP-001218,2175,Parsa Traders,4,4,Convenience,B,REVENUE_RECOVERY,62,MEDIUM,"[""Revenue declined 27.1% vs previous 30d"", ""Revenue gap of \u20b93,392"", ""Order frequency declined 25.0%"", ""Revenue growth below peer benchmark""]","Prioritize an outlet visit to investigate lost volume, identify affected products/categories, and attempt revenue recovery.",OPEN
OPP-001219,2176,Yadav Mart,1,99,General Trade,C,REVENUE_RECOVERY,100,HIGH,"[""Revenue declined 100.0% vs previous 30d"", ""Revenue gap of \u20b97,412"", ""Order frequency declined 100.0%"", ""Revenue growth materially below peer benchmark""]","Prioritize an outlet visit to investigate lost volume, identify affected products/categories, and attempt revenue recovery.",OPEN
OPP-001220,2176,Yadav Mart,1,99,General Trade,C,INACTIVE_OUTLET,70,MEDIUM,"[""No order for 35 days"", ""Zero revenue in current 30d"", ""Previous 30d revenue was \u20b97,412""]",Prioritize a reactivation visit. Investigate the reason for inactivity and attempt to recover previous purchasing behaviour.,OPEN
OPP-001221,2177,Chada General Store,12,87,General Trade,C,REVENUE_RECOVERY,80,HIGH,"[""Revenue declined 100.0% vs previous 30d"", ""Revenue gap of \u20b9709"", ""Order frequency declined 100.0%"", ""Revenue growth materially below peer benchmark""]","Prioritize an outlet visit to investigate lost volume, identify affected products/categories, and attempt revenue recovery.",OPEN
OPP-001222,2177,Chada General Store,12,87,General Trade,C,INACTIVE_OUTLET,50,LOW,"[""No order for 44 days"", ""Zero revenue in current 30d""]",Prioritize a reactivation visit. Investigate the reason for inactivity and attempt to recover previous purchasing behaviour.,OPEN
OPP-001223,2178,Chopra Retail,8,7,Convenience,B,REVENUE_RECOVERY,100,HIGH,"[""Revenue declined 60.6% vs previous 30d"", ""Revenue gap of \u20b96,605"", ""Order frequency declined 75.0%"", ""Revenue growth materially below peer benchmark""]","Prioritize an outlet visit to investigate lost volume, identify affected products/categories, and attempt revenue recovery.",OPEN
OPP-001224,2179,Kothari General Store,5,47,Supermarket,B,REVENUE_RECOVERY,100,HIGH,"[""Revenue declined 100.0% vs previous 30d"", ""Revenue gap of \u20b99,575"", ""Order frequency declined 100.0%"", ""Revenue growth materially below peer benchmark""]","Prioritize an outlet visit to investigate lost volume, identify affected products/categories, and attempt revenue recovery.",OPEN
OPP-001225,2179,Kothari General Store,5,47,Supermarket,B,INACTIVE_OUTLET,70,MEDIUM,"[""No order for 38 days"", ""Zero revenue in current 30d"", ""Previous 30d revenue was \u20b99,575""]",Prioritize a reactivation visit. Investigate the reason for inactivity and attempt to recover previous purchasing behaviour.,OPEN
OPP-001226,2183,Ratta Traders,10,100,Convenience,A,REVENUE_RECOVERY,93,HIGH,"[""Revenue declined 33.4% vs previous 30d"", ""Revenue gap of \u20b914,923"", ""Order frequency declined 50.0%"", ""Revenue growth materially below peer benchmark""]","Prioritize an outlet visit to investigate lost volume, identify affected products/categories, and attempt revenue recovery.",OPEN
OPP-001227,2185,Sani Supermarket,5,17,Convenience,C,REVENUE_RECOVERY,92,HIGH,"[""Revenue declined 100.0% vs previous 30d"", ""Revenue gap of \u20b94,566"", ""Order frequency declined 100.0%"", ""Revenue growth materially below peer benchmark""]","Prioritize an outlet visit to investigate lost volume, identify affected products/categories, and attempt revenue recovery.",OPEN
OPP-001228,2185,Sani Supermarket,5,17,Convenience,C,INACTIVE_OUTLET,75,HIGH,"[""No order for 51 days"", ""Zero revenue in current 30d"", ""Previous 30d revenue was \u20b94,566""]",Prioritize a reactivation visit. Investigate the reason for inactivity and attempt to recover previous purchasing behaviour.,OPEN
OPP-001229,2186,Cherian Traders,12,18,Pharmacy,C,REVENUE_RECOVERY,92,HIGH,"[""Revenue declined 100.0% vs previous 30d"", ""Revenue gap of \u20b92,194"", ""Order frequency declined 100.0%"", ""Revenue growth materially below peer benchmark""]","Prioritize an outlet visit to investigate lost volume, identify affected products/categories, and attempt revenue recovery.",OPEN
OPP-001230,2186,Cherian Traders,12,18,Pharmacy,C,INACTIVE_OUTLET,60,MEDIUM,"[""No order for 31 days"", ""Zero revenue in current 30d"", ""Previous 30d revenue was \u20b92,194""]",Prioritize a reactivation visit. Investigate the reason for inactivity and attempt to recover previous purchasing behaviour.,OPEN
OPP-001231,2187,Anne Traders,6,65,Convenience,C,REVENUE_RECOVERY,100,HIGH,"[""Revenue declined 100.0% vs previous 30d"", ""Revenue gap of \u20b95,401"", ""Order frequency declined 100.0%"", ""Revenue growth materially below peer benchmark""]","Prioritize an outlet visit to investigate lost volume, identify affected products/categories, and attempt revenue recovery.",OPEN
OPP-001232,2187,Anne Traders,6,65,Convenience,C,INACTIVE_OUTLET,70,MEDIUM,"[""No order for 36 days"", ""Zero revenue in current 30d"", ""Previous 30d revenue was \u20b95,401""]",Prioritize a reactivation visit. Investigate the reason for inactivity and attempt to recover previous purchasing behaviour.,OPEN
OPP-001233,2189,Kuruvilla Traders,8,70,Supermarket,C,REVENUE_RECOVERY,80,HIGH,"[""Revenue declined 100.0% vs previous 30d"", ""Revenue gap of \u20b91,278"", ""Order frequency declined 100.0%"", ""Revenue growth materially below peer benchmark""]","Prioritize an outlet visit to investigate lost volume, identify affected products/categories, and attempt revenue recovery.",OPEN
OPP-001234,2189,Kuruvilla Traders,8,70,Supermarket,C,INACTIVE_OUTLET,75,HIGH,"[""No order for 54 days"", ""Zero revenue in current 30d"", ""Previous 30d revenue was \u20b91,278""]",Prioritize a reactivation visit. Investigate the reason for inactivity and attempt to recover previous purchasing behaviour.,OPEN
OPP-001235,2193,Kant General Store,5,42,Supermarket,A,REVENUE_RECOVERY,100,HIGH,"[""Revenue declined 66.4% vs previous 30d"", ""Revenue gap of \u20b915,687"", ""Order frequency declined 60.0%"", ""Revenue growth materially below peer benchmark""]","Prioritize an outlet visit to investigate lost volume, identify affected products/categories, and attempt revenue recovery.",OPEN
OPP-001236,2196,Raman Traders,3,89,Supermarket,B,REVENUE_RECOVERY,100,HIGH,"[""Revenue declined 100.0% vs previous 30d"", ""Revenue gap of \u20b95,509"", ""Order frequency declined 100.0%"", ""Revenue growth materially below peer benchmark""]","Prioritize an outlet visit to investigate lost volume, identify affected products/categories, and attempt revenue recovery.",OPEN
OPP-001237,2196,Raman Traders,3,89,Supermarket,B,INACTIVE_OUTLET,85,HIGH,"[""No order for 52 days"", ""Zero revenue in current 30d"", ""Previous 30d revenue was \u20b95,509""]",Prioritize a reactivation visit. Investigate the reason for inactivity and attempt to recover previous purchasing behaviour.,OPEN
OPP-001238,2197,Sheth Mart,5,17,Supermarket,C,REVENUE_RECOVERY,100,HIGH,"[""Revenue declined 100.0% vs previous 30d"", ""Revenue gap of \u20b95,890"", ""Order frequency declined 100.0%"", ""Revenue growth materially below peer benchmark""]","Prioritize an outlet visit to investigate lost volume, identify affected products/categories, and attempt revenue recovery.",OPEN
OPP-001239,2197,Sheth Mart,5,17,Supermarket,C,INACTIVE_OUTLET,70,MEDIUM,"[""No order for 35 days"", ""Zero revenue in current 30d"", ""Previous 30d revenue was \u20b95,890""]",Prioritize a reactivation visit. Investigate the reason for inactivity and attempt to recover previous purchasing behaviour.,OPEN
OPP-001240,2198,Tella Mart,7,68,Convenience,C,REVENUE_RECOVERY,55,MEDIUM,"[""Revenue declined 41.4% vs previous 30d"", ""Revenue gap of \u20b92,691""]","Prioritize an outlet visit to investigate lost volume, identify affected products/categories, and attempt revenue recovery.",OPEN
OPP-001241,2199,Dora Supermarket,4,25,Modern Trade,A,REVENUE_RECOVERY,70,MEDIUM,"[""Revenue declined 26.1% vs previous 30d"", ""Revenue gap of \u20b96,549"", ""Revenue growth materially below peer benchmark""]","Prioritize an outlet visit to investigate lost volume, identify affected products/categories, and attempt revenue recovery.",OPEN
OPP-001242,2202,Subramanian Traders,1,52,Modern Trade,C,REVENUE_RECOVERY,70,MEDIUM,"[""Revenue declined 70.9% vs previous 30d"", ""Revenue gap of \u20b91,934"", ""Order frequency declined 50.0%"", ""Revenue growth below peer benchmark""]","Prioritize an outlet visit to investigate lost volume, identify affected products/categories, and attempt revenue recovery.",OPEN
OPP-001243,2203,Cheema Retail,4,60,Convenience,B,REVENUE_RECOVERY,80,HIGH,"[""Revenue declined 100.0% vs previous 30d"", ""Revenue gap of \u20b9699"", ""Order frequency declined 100.0%"", ""Revenue growth materially below peer benchmark""]","Prioritize an outlet visit to investigate lost volume, identify affected products/categories, and attempt revenue recovery.",OPEN
OPP-001244,2203,Cheema Retail,4,60,Convenience,B,INACTIVE_OUTLET,65,MEDIUM,"[""No order for 59 days"", ""Zero revenue in current 30d""]",Prioritize a reactivation visit. Investigate the reason for inactivity and attempt to recover previous purchasing behaviour.,OPEN
OPP-001245,2217,Soni General Store,4,32,Modern Trade,A,REVENUE_RECOVERY,100,HIGH,"[""Revenue declined 50.8% vs previous 30d"", ""Revenue gap of \u20b99,834"", ""Order frequency declined 66.7%"", ""Revenue growth materially below peer benchmark""]","Prioritize an outlet visit to investigate lost volume, identify affected products/categories, and attempt revenue recovery.",OPEN
OPP-001246,2218,Chatterjee General Store,5,71,Supermarket,A,REVENUE_RECOVERY,95,HIGH,"[""Revenue declined 80.1% vs previous 30d"", ""Revenue gap of \u20b923,418"", ""Order frequency declined 25.0%"", ""Revenue growth materially below peer benchmark""]","Prioritize an outlet visit to investigate lost volume, identify affected products/categories, and attempt revenue recovery.",OPEN
OPP-001247,2220,Sethi Mart,6,86,Convenience,B,REVENUE_RECOVERY,63,MEDIUM,"[""Revenue declined 43.8% vs previous 30d"", ""Revenue gap of \u20b9782"", ""Order frequency declined 50.0%"", ""Revenue growth below peer benchmark""]","Prioritize an outlet visit to investigate lost volume, identify affected products/categories, and attempt revenue recovery.",OPEN
OPP-001248,2221,Nagar Retail,4,26,Modern Trade,B,REVENUE_RECOVERY,77,HIGH,"[""Revenue declined 59.3% vs previous 30d"", ""Revenue gap of \u20b92,234"", ""Revenue growth materially below peer benchmark""]","Prioritize an outlet visit to investigate lost volume, identify affected products/categories, and attempt revenue recovery.",OPEN
OPP-001249,2225,Contractor Supermarket,9,95,Modern Trade,A,REVENUE_RECOVERY,100,HIGH,"[""Revenue declined 84.1% vs previous 30d"", ""Revenue gap of \u20b919,005"", ""Order frequency declined 60.0%"", ""Revenue growth materially below peer benchmark""]","Prioritize an outlet visit to investigate lost volume, identify affected products/categories, and attempt revenue recovery.",OPEN
OPP-001250,2228,Chopra Mart,12,53,General Trade,C,REVENUE_RECOVERY,80,HIGH,"[""Revenue declined 100.0% vs previous 30d"", ""Revenue gap of \u20b91,674"", ""Order frequency declined 100.0%"", ""Revenue growth materially below peer benchmark""]","Prioritize an outlet visit to investigate lost volume, identify affected products/categories, and attempt revenue recovery.",OPEN
OPP-001251,2228,Chopra Mart,12,53,General Trade,C,INACTIVE_OUTLET,75,HIGH,"[""No order for 50 days"", ""Zero revenue in current 30d"", ""Previous 30d revenue was \u20b91,674""]",Prioritize a reactivation visit. Investigate the reason for inactivity and attempt to recover previous purchasing behaviour.,OPEN
OPP-001252,2229,Gala Traders,4,12,General Trade,A,REVENUE_RECOVERY,100,HIGH,"[""Revenue declined 87.4% vs previous 30d"", ""Revenue gap of \u20b923,311"", ""Order frequency declined 75.0%"", ""Revenue growth materially below peer benchmark""]","Prioritize an outlet visit to investigate lost volume, identify affected products/categories, and attempt revenue recovery.",OPEN
OPP-001253,2230,Kohli Retail,6,80,Convenience,B,REVENUE_RECOVERY,100,HIGH,"[""Revenue declined 68.6% vs previous 30d"", ""Revenue gap of \u20b910,866"", ""Order frequency declined 60.0%"", ""Revenue growth materially below peer benchmark""]","Prioritize an outlet visit to investigate lost volume, identify affected products/categories, and attempt revenue recovery.",OPEN
OPP-001254,2231,Varty Supermarket,6,80,Modern Trade,A,REVENUE_RECOVERY,95,HIGH,"[""Revenue declined 70.8% vs previous 30d"", ""Revenue gap of \u20b915,684"", ""Order frequency declined 25.0%"", ""Revenue growth materially below peer benchmark""]","Prioritize an outlet visit to investigate lost volume, identify affected products/categories, and attempt revenue recovery.",OPEN
OPP-001255,2232,Ghosh Retail,3,2,Convenience,B,REVENUE_RECOVERY,70,MEDIUM,"[""Revenue declined 46.9% vs previous 30d"", ""Revenue gap of \u20b93,548"", ""Order frequency declined 33.3%"", ""Revenue growth below peer benchmark""]","Prioritize an outlet visit to investigate lost volume, identify affected products/categories, and attempt revenue recovery.",OPEN
OPP-001256,2233,Dutta General Store,1,23,Convenience,A,REVENUE_RECOVERY,100,HIGH,"[""Revenue declined 83.3% vs previous 30d"", ""Revenue gap of \u20b912,911"", ""Order frequency declined 80.0%"", ""Revenue growth materially below peer benchmark""]","Prioritize an outlet visit to investigate lost volume, identify affected products/categories, and attempt revenue recovery.",OPEN
OPP-001257,2235,Sandhu Retail,1,3,Supermarket,A,REVENUE_RECOVERY,90,HIGH,"[""Revenue declined 50.2% vs previous 30d"", ""Revenue gap of \u20b918,497"", ""Order frequency declined"", ""Revenue growth materially below peer benchmark""]","Prioritize an outlet visit to investigate lost volume, identify affected products/categories, and attempt revenue recovery.",OPEN
OPP-001258,2236,Shere Mart,9,95,Convenience,C,REVENUE_RECOVERY,80,HIGH,"[""Revenue declined 100.0% vs previous 30d"", ""Revenue gap of \u20b91,971"", ""Order frequency declined 100.0%"", ""Revenue growth materially below peer benchmark""]","Prioritize an outlet visit to investigate lost volume, identify affected products/categories, and attempt revenue recovery.",OPEN
OPP-001259,2236,Shere Mart,9,95,Convenience,C,INACTIVE_OUTLET,75,HIGH,"[""No order for 54 days"", ""Zero revenue in current 30d"", ""Previous 30d revenue was \u20b91,971""]",Prioritize a reactivation visit. Investigate the reason for inactivity and attempt to recover previous purchasing behaviour.,OPEN
OPP-001260,2245,Sengupta Retail,9,73,Convenience,B,REVENUE_RECOVERY,52,LOW,"[""Revenue declined 20.2% vs previous 30d"", ""Revenue gap of \u20b93,663"", ""Revenue growth below peer benchmark""]","Prioritize an outlet visit to investigate lost volume, identify affected products/categories, and attempt revenue recovery.",OPEN
OPP-001261,2252,Bhatnagar Retail,8,7,General Trade,C,REVENUE_RECOVERY,82,HIGH,"[""Revenue declined 56.2% vs previous 30d"", ""Revenue gap of \u20b92,706"", ""Order frequency declined 75.0%"", ""Revenue growth below peer benchmark""]","Prioritize an outlet visit to investigate lost volume, identify affected products/categories, and attempt revenue recovery.",OPEN
OPP-001262,2255,Grover Traders,12,87,Convenience,B,REVENUE_RECOVERY,77,HIGH,"[""Revenue declined 81.3% vs previous 30d"", ""Revenue gap of \u20b94,129"", ""Revenue growth materially below peer benchmark""]","Prioritize an outlet visit to investigate lost volume, identify affected products/categories, and attempt revenue recovery.",OPEN
OPP-001263,2256,Pau Mart,6,72,Convenience,B,REVENUE_RECOVERY,100,HIGH,"[""Revenue declined 66.1% vs previous 30d"", ""Revenue gap of \u20b95,205"", ""Order frequency declined 75.0%"", ""Revenue growth materially below peer benchmark""]","Prioritize an outlet visit to investigate lost volume, identify affected products/categories, and attempt revenue recovery.",OPEN
OPP-001264,2259,Shankar Retail,4,54,Convenience,A,REVENUE_RECOVERY,93,HIGH,"[""Revenue declined 38.6% vs previous 30d"", ""Revenue gap of \u20b914,444"", ""Order frequency declined 57.1%"", ""Revenue growth materially below peer benchmark""]","Prioritize an outlet visit to investigate lost volume, identify affected products/categories, and attempt revenue recovery.",OPEN
OPP-001265,2260,Comar Traders,8,7,General Trade,C,REVENUE_RECOVERY,92,HIGH,"[""Revenue declined 100.0% vs previous 30d"", ""Revenue gap of \u20b92,672"", ""Order frequency declined 100.0%"", ""Revenue growth materially below peer benchmark""]","Prioritize an outlet visit to investigate lost volume, identify affected products/categories, and attempt revenue recovery.",OPEN
OPP-001266,2260,Comar Traders,8,7,General Trade,C,INACTIVE_OUTLET,75,HIGH,"[""No order for 51 days"", ""Zero revenue in current 30d"", ""Previous 30d revenue was \u20b92,672""]",Prioritize a reactivation visit. Investigate the reason for inactivity and attempt to recover previous purchasing behaviour.,OPEN
OPP-001267,2261,Lala Supermarket,8,34,General Trade,B,REVENUE_RECOVERY,100,HIGH,"[""Revenue declined 100.0% vs previous 30d"", ""Revenue gap of \u20b916,509"", ""Order frequency declined 100.0%"", ""Revenue growth materially below peer benchmark""]","Prioritize an outlet visit to investigate lost volume, identify affected products/categories, and attempt revenue recovery.",OPEN
OPP-001268,2262,Suri Retail,5,90,Modern Trade,C,REVENUE_RECOVERY,100,HIGH,"[""Revenue declined 100.0% vs previous 30d"", ""Revenue gap of \u20b95,836"", ""Order frequency declined 100.0%"", ""Revenue growth materially below peer benchmark""]","Prioritize an outlet visit to investigate lost volume, identify affected products/categories, and attempt revenue recovery.",OPEN
OPP-001269,2262,Suri Retail,5,90,Modern Trade,C,INACTIVE_OUTLET,85,HIGH,"[""No order for 48 days"", ""Zero revenue in current 30d"", ""Previous 30d revenue was \u20b95,836""]",Prioritize a reactivation visit. Investigate the reason for inactivity and attempt to recover previous purchasing behaviour.,OPEN
OPP-001270,2266,Ramanathan General Store,12,78,Pharmacy,C,REVENUE_RECOVERY,100,HIGH,"[""Revenue declined 100.0% vs previous 30d"", ""Revenue gap of \u20b912,193"", ""Order frequency declined 100.0%"", ""Revenue growth materially below peer benchmark""]","Prioritize an outlet visit to investigate lost volume, identify affected products/categories, and attempt revenue recovery.",OPEN
OPP-001271,2266,Ramanathan General Store,12,78,Pharmacy,C,INACTIVE_OUTLET,70,MEDIUM,"[""No order for 33 days"", ""Zero revenue in current 30d"", ""Previous 30d revenue was \u20b912,193""]",Prioritize a reactivation visit. Investigate the reason for inactivity and attempt to recover previous purchasing behaviour.,OPEN
OPP-001272,2267,Comar General Store,7,28,Pharmacy,B,REVENUE_RECOVERY,83,HIGH,"[""Revenue declined 37.7% vs previous 30d"", ""Revenue gap of \u20b95,368"", ""Order frequency declined 50.0%"", ""Revenue growth below peer benchmark""]","Prioritize an outlet visit to investigate lost volume, identify affected products/categories, and attempt revenue recovery.",OPEN
OPP-001273,2269,Pandey Traders,9,73,General Trade,C,REVENUE_RECOVERY,92,HIGH,"[""Revenue declined 100.0% vs previous 30d"", ""Revenue gap of \u20b92,639"", ""Order frequency declined 100.0%"", ""Revenue growth materially below peer benchmark""]","Prioritize an outlet visit to investigate lost volume, identify affected products/categories, and attempt revenue recovery.",OPEN
OPP-001274,2272,Mishra Supermarket,4,4,General Trade,A,REVENUE_RECOVERY,100,HIGH,"[""Revenue declined 72.4% vs previous 30d"", ""Revenue gap of \u20b930,399"", ""Order frequency declined 71.4%"", ""Revenue growth materially below peer benchmark""]","Prioritize an outlet visit to investigate lost volume, identify affected products/categories, and attempt revenue recovery.",OPEN
OPP-001275,2274,Desai Supermarket,7,57,Convenience,C,REVENUE_RECOVERY,92,HIGH,"[""Revenue declined 100.0% vs previous 30d"", ""Revenue gap of \u20b92,205"", ""Order frequency declined 100.0%"", ""Revenue growth materially below peer benchmark""]","Prioritize an outlet visit to investigate lost volume, identify affected products/categories, and attempt revenue recovery.",OPEN
OPP-001276,2274,Desai Supermarket,7,57,Convenience,C,INACTIVE_OUTLET,60,MEDIUM,"[""No order for 39 days"", ""Zero revenue in current 30d"", ""Previous 30d revenue was \u20b92,205""]",Prioritize a reactivation visit. Investigate the reason for inactivity and attempt to recover previous purchasing behaviour.,OPEN
OPP-001277,2277,Khare Traders,12,66,Convenience,C,REVENUE_RECOVERY,80,HIGH,"[""Revenue declined 100.0% vs previous 30d"", ""Revenue gap of \u20b91,033"", ""Order frequency declined 100.0%"", ""Revenue growth materially below peer benchmark""]","Prioritize an outlet visit to investigate lost volume, identify affected products/categories, and attempt revenue recovery.",OPEN
OPP-001278,2277,Khare Traders,12,66,Convenience,C,INACTIVE_OUTLET,75,HIGH,"[""No order for 46 days"", ""Zero revenue in current 30d"", ""Previous 30d revenue was \u20b91,033""]",Prioritize a reactivation visit. Investigate the reason for inactivity and attempt to recover previous purchasing behaviour.,OPEN
OPP-001279,2282,Dhaliwal General Store,2,75,Supermarket,C,REVENUE_RECOVERY,40,LOW,"[""Revenue declined 16.5% vs previous 30d"", ""Revenue gap of \u20b91,371"", ""Order frequency declined""]","Prioritize an outlet visit to investigate lost volume, identify affected products/categories, and attempt revenue recovery.",OPEN
OPP-001280,2286,Devi General Store,3,83,Convenience,A,REVENUE_RECOVERY,100,HIGH,"[""Revenue declined 82.5% vs previous 30d"", ""Revenue gap of \u20b928,441"", ""Order frequency declined 71.4%"", ""Revenue growth materially below peer benchmark""]","Prioritize an outlet visit to investigate lost volume, identify affected products/categories, and attempt revenue recovery.",OPEN
OPP-001281,2288,Sampath General Store,4,58,Pharmacy,B,REVENUE_RECOVERY,100,HIGH,"[""Revenue declined 100.0% vs previous 30d"", ""Revenue gap of \u20b914,946"", ""Order frequency declined 100.0%"", ""Revenue growth materially below peer benchmark""]","Prioritize an outlet visit to investigate lost volume, identify affected products/categories, and attempt revenue recovery.",OPEN
OPP-001282,2288,Sampath General Store,4,58,Pharmacy,B,INACTIVE_OUTLET,70,MEDIUM,"[""No order for 36 days"", ""Zero revenue in current 30d"", ""Previous 30d revenue was \u20b914,946""]",Prioritize a reactivation visit. Investigate the reason for inactivity and attempt to recover previous purchasing behaviour.,OPEN
OPP-001283,2289,Grewal Retail,12,50,Convenience,A,REVENUE_RECOVERY,85,HIGH,"[""Revenue declined 54.3% vs previous 30d"", ""Revenue gap of \u20b910,715"", ""Revenue growth materially below peer benchmark""]","Prioritize an outlet visit to investigate lost volume, identify affected products/categories, and attempt revenue recovery.",OPEN
OPP-001284,2290,Sur General Store,12,36,Convenience,B,REVENUE_RECOVERY,65,MEDIUM,"[""Revenue declined 78.3% vs previous 30d"", ""Revenue gap of \u20b91,206"", ""Revenue growth materially below peer benchmark""]","Prioritize an outlet visit to investigate lost volume, identify affected products/categories, and attempt revenue recovery.",OPEN
OPP-001285,2292,Ghose Supermarket,8,34,Pharmacy,B,REVENUE_RECOVERY,100,HIGH,"[""Revenue declined 100.0% vs previous 30d"", ""Revenue gap of \u20b99,725"", ""Order frequency declined 100.0%"", ""Revenue growth materially below peer benchmark""]","Prioritize an outlet visit to investigate lost volume, identify affected products/categories, and attempt revenue recovery.",OPEN
OPP-001286,2292,Ghose Supermarket,8,34,Pharmacy,B,INACTIVE_OUTLET,85,HIGH,"[""No order for 53 days"", ""Zero revenue in current 30d"", ""Previous 30d revenue was \u20b99,725""]",Prioritize a reactivation visit. Investigate the reason for inactivity and attempt to recover previous purchasing behaviour.,OPEN
OPP-001287,2293,Ganesan General Store,6,80,Modern Trade,A,REVENUE_RECOVERY,100,HIGH,"[""Revenue declined 100.0% vs previous 30d"", ""Revenue gap of \u20b916,886"", ""Order frequency declined 100.0%"", ""Revenue growth materially below peer benchmark""]","Prioritize an outlet visit to investigate lost volume, identify affected products/categories, and attempt revenue recovery.",OPEN
OPP-001288,2293,Ganesan General Store,6,80,Modern Trade,A,INACTIVE_OUTLET,85,HIGH,"[""No order for 47 days"", ""Zero revenue in current 30d"", ""Previous 30d revenue was \u20b916,886""]",Prioritize a reactivation visit. Investigate the reason for inactivity and attempt to recover previous purchasing behaviour.,OPEN
OPP-001289,2299,Seshadri Traders,2,9,General Trade,C,REVENUE_RECOVERY,92,HIGH,"[""Revenue declined 70.9% vs previous 30d"", ""Revenue gap of \u20b92,287"", ""Order frequency declined 50.0%"", ""Revenue growth materially below peer benchmark""]","Prioritize an outlet visit to investigate lost volume, identify affected products/categories, and attempt revenue recovery.",OPEN
OPP-001290,2300,Bera Supermarket,1,77,General Trade,C,REVENUE_RECOVERY,70,MEDIUM,"[""Revenue declined 71.8% vs previous 30d"", ""Revenue gap of \u20b9832"", ""Order frequency declined 66.7%"", ""Revenue growth below peer benchmark""]","Prioritize an outlet visit to investigate lost volume, identify affected products/categories, and attempt revenue recovery.",OPEN
OPP-001291,2302,Andra Retail,3,67,Convenience,C,REVENUE_RECOVERY,92,HIGH,"[""Revenue declined 100.0% vs previous 30d"", ""Revenue gap of \u20b94,244"", ""Order frequency declined 100.0%"", ""Revenue growth materially below peer benchmark""]","Prioritize an outlet visit to investigate lost volume, identify affected products/categories, and attempt revenue recovery.",OPEN
OPP-001292,2302,Andra Retail,3,67,Convenience,C,INACTIVE_OUTLET,60,MEDIUM,"[""No order for 33 days"", ""Zero revenue in current 30d"", ""Previous 30d revenue was \u20b94,244""]",Prioritize a reactivation visit. Investigate the reason for inactivity and attempt to recover previous purchasing behaviour.,OPEN
OPP-001293,2304,Deshpande Retail,5,51,Convenience,B,REVENUE_RECOVERY,68,MEDIUM,"[""Revenue declined 46.2% vs previous 30d"", ""Revenue gap of \u20b95,489"", ""Revenue growth below peer benchmark""]","Prioritize an outlet visit to investigate lost volume, identify affected products/categories, and attempt revenue recovery.",OPEN
OPP-001294,2307,Tiwari General Store,6,45,Pharmacy,A,REVENUE_RECOVERY,100,HIGH,"[""Revenue declined 60.9% vs previous 30d"", ""Revenue gap of \u20b918,996"", ""Order frequency declined 75.0%"", ""Revenue growth materially below peer benchmark""]","Prioritize an outlet visit to investigate lost volume, identify affected products/categories, and attempt revenue recovery.",OPEN
OPP-001295,2308,Talwar Mart,8,69,Pharmacy,C,REVENUE_RECOVERY,67,MEDIUM,"[""Revenue declined 57.4% vs previous 30d"", ""Revenue gap of \u20b92,844"", ""Revenue growth below peer benchmark""]","Prioritize an outlet visit to investigate lost volume, identify affected products/categories, and attempt revenue recovery.",OPEN
OPP-001296,2311,Sagar Traders,10,33,Pharmacy,A,REVENUE_RECOVERY,100,HIGH,"[""Revenue declined 100.0% vs previous 30d"", ""Revenue gap of \u20b924,905"", ""Order frequency declined 100.0%"", ""Revenue growth materially below peer benchmark""]","Prioritize an outlet visit to investigate lost volume, identify affected products/categories, and attempt revenue recovery.",OPEN
OPP-001297,2311,Sagar Traders,10,33,Pharmacy,A,INACTIVE_OUTLET,70,MEDIUM,"[""No order for 32 days"", ""Zero revenue in current 30d"", ""Previous 30d revenue was \u20b924,905""]",Prioritize a reactivation visit. Investigate the reason for inactivity and attempt to recover previous purchasing behaviour.,OPEN
OPP-001298,2312,Sawhney Traders,7,79,General Trade,B,REVENUE_RECOVERY,100,HIGH,"[""Revenue declined 75.4% vs previous 30d"", ""Revenue gap of \u20b915,227"", ""Order frequency declined 57.1%"", ""Revenue growth materially below peer benchmark""]","Prioritize an outlet visit to investigate lost volume, identify affected products/categories, and attempt revenue recovery.",OPEN
OPP-001299,2318,Master Retail,7,24,Modern Trade,A,REVENUE_RECOVERY,88,HIGH,"[""Revenue declined 50.0% vs previous 30d"", ""Revenue gap of \u20b911,780"", ""Order frequency declined 33.3%"", ""Revenue growth materially below peer benchmark""]","Prioritize an outlet visit to investigate lost volume, identify affected products/categories, and attempt revenue recovery.",OPEN
OPP-001300,2323,Mani Mart,5,17,Convenience,C,REVENUE_RECOVERY,80,HIGH,"[""Revenue declined 100.0% vs previous 30d"", ""Revenue gap of \u20b91,464"", ""Order frequency declined 100.0%"", ""Revenue growth materially below peer benchmark""]","Prioritize an outlet visit to investigate lost volume, identify affected products/categories, and attempt revenue recovery.",OPEN
OPP-001301,2323,Mani Mart,5,17,Convenience,C,INACTIVE_OUTLET,60,MEDIUM,"[""No order for 39 days"", ""Zero revenue in current 30d"", ""Previous 30d revenue was \u20b91,464""]",Prioritize a reactivation visit. Investigate the reason for inactivity and attempt to recover previous purchasing behaviour.,OPEN
OPP-001302,2324,Ganguly Traders,3,2,Supermarket,B,REVENUE_RECOVERY,85,HIGH,"[""Revenue declined 58.1% vs previous 30d"", ""Revenue gap of \u20b98,614"", ""Revenue growth materially below peer benchmark""]","Prioritize an outlet visit to investigate lost volume, identify affected products/categories, and attempt revenue recovery.",OPEN
OPP-001303,2326,Tandon Supermarket,7,44,Pharmacy,B,REVENUE_RECOVERY,100,HIGH,"[""Revenue declined 68.5% vs previous 30d"", ""Revenue gap of \u20b98,604"", ""Order frequency declined 75.0%"", ""Revenue growth materially below peer benchmark""]","Prioritize an outlet visit to investigate lost volume, identify affected products/categories, and attempt revenue recovery.",OPEN
OPP-001304,2328,Chowdhury Supermarket,2,40,Modern Trade,A,REVENUE_RECOVERY,100,HIGH,"[""Revenue declined 60.9% vs previous 30d"", ""Revenue gap of \u20b919,473"", ""Order frequency declined 57.1%"", ""Revenue growth materially below peer benchmark""]","Prioritize an outlet visit to investigate lost volume, identify affected products/categories, and attempt revenue recovery.",OPEN
OPP-001305,2330,Loyal Mart,4,60,General Trade,C,REVENUE_RECOVERY,58,MEDIUM,"[""Revenue declined 47.8% vs previous 30d"", ""Revenue gap of \u20b91,502"", ""Order frequency declined 50.0%""]","Prioritize an outlet visit to investigate lost volume, identify affected products/categories, and attempt revenue recovery.",OPEN
OPP-001306,2332,Barman General Store,3,88,Pharmacy,C,REVENUE_RECOVERY,92,HIGH,"[""Revenue declined 100.0% vs previous 30d"", ""Revenue gap of \u20b92,681"", ""Order frequency declined 100.0%"", ""Revenue growth materially below peer benchmark""]","Prioritize an outlet visit to investigate lost volume, identify affected products/categories, and attempt revenue recovery.",OPEN
OPP-001307,2332,Barman General Store,3,88,Pharmacy,C,INACTIVE_OUTLET,75,HIGH,"[""No order for 47 days"", ""Zero revenue in current 30d"", ""Previous 30d revenue was \u20b92,681""]",Prioritize a reactivation visit. Investigate the reason for inactivity and attempt to recover previous purchasing behaviour.,OPEN
OPP-001308,2335,Sandal Traders,4,8,Modern Trade,C,REVENUE_RECOVERY,80,HIGH,"[""Revenue declined 100.0% vs previous 30d"", ""Revenue gap of \u20b91,978"", ""Order frequency declined 100.0%"", ""Revenue growth materially below peer benchmark""]","Prioritize an outlet visit to investigate lost volume, identify affected products/categories, and attempt revenue recovery.",OPEN
OPP-001309,2335,Sandal Traders,4,8,Modern Trade,C,INACTIVE_OUTLET,75,HIGH,"[""No order for 47 days"", ""Zero revenue in current 30d"", ""Previous 30d revenue was \u20b91,978""]",Prioritize a reactivation visit. Investigate the reason for inactivity and attempt to recover previous purchasing behaviour.,OPEN
OPP-001310,2336,Chaudry Mart,4,25,Supermarket,B,REVENUE_RECOVERY,70,MEDIUM,"[""Revenue declined 49.4% vs previous 30d"", ""Revenue gap of \u20b92,889"", ""Revenue growth materially below peer benchmark""]","Prioritize an outlet visit to investigate lost volume, identify affected products/categories, and attempt revenue recovery.",OPEN
OPP-001311,2338,Mishra Traders,9,95,Pharmacy,B,REVENUE_RECOVERY,85,HIGH,"[""Revenue declined 42.9% vs previous 30d"", ""Revenue gap of \u20b92,242"", ""Order frequency declined 66.7%"", ""Revenue growth materially below peer benchmark""]","Prioritize an outlet visit to investigate lost volume, identify affected products/categories, and attempt revenue recovery.",OPEN
OPP-001312,2339,Bali Retail,8,55,Supermarket,C,REVENUE_RECOVERY,92,HIGH,"[""Revenue declined 100.0% vs previous 30d"", ""Revenue gap of \u20b93,294"", ""Order frequency declined 100.0%"", ""Revenue growth materially below peer benchmark""]","Prioritize an outlet visit to investigate lost volume, identify affected products/categories, and attempt revenue recovery.",OPEN
OPP-001313,2339,Bali Retail,8,55,Supermarket,C,INACTIVE_OUTLET,75,HIGH,"[""No order for 49 days"", ""Zero revenue in current 30d"", ""Previous 30d revenue was \u20b93,294""]",Prioritize a reactivation visit. Investigate the reason for inactivity and attempt to recover previous purchasing behaviour.,OPEN
OPP-001314,2344,Sarna Supermarket,7,68,General Trade,C,REVENUE_RECOVERY,55,MEDIUM,"[""Revenue declined 31.9% vs previous 30d"", ""Revenue gap of \u20b92,218""]","Prioritize an outlet visit to investigate lost volume, identify affected products/categories, and attempt revenue recovery.",OPEN
OPP-001315,2345,Dalal General Store,2,75,Supermarket,C,REVENUE_RECOVERY,67,MEDIUM,"[""Revenue declined 63.4% vs previous 30d"", ""Revenue gap of \u20b92,191"", ""Revenue growth below peer benchmark""]","Prioritize an outlet visit to investigate lost volume, identify affected products/categories, and attempt revenue recovery.",OPEN
OPP-001316,2350,Gandhi Mart,8,7,Modern Trade,C,REVENUE_RECOVERY,43,LOW,"[""Revenue declined 36.8% vs previous 30d"", ""Revenue gap of \u20b91,554""]","Prioritize an outlet visit to investigate lost volume, identify affected products/categories, and attempt revenue recovery.",OPEN
OPP-001317,2353,Jhaveri General Store,12,87,General Trade,C,REVENUE_RECOVERY,92,HIGH,"[""Revenue declined 100.0% vs previous 30d"", ""Revenue gap of \u20b92,627"", ""Order frequency declined 100.0%"", ""Revenue growth materially below peer benchmark""]","Prioritize an outlet visit to investigate lost volume, identify affected products/categories, and attempt revenue recovery.",OPEN
OPP-001318,2353,Jhaveri General Store,12,87,General Trade,C,INACTIVE_OUTLET,75,HIGH,"[""No order for 50 days"", ""Zero revenue in current 30d"", ""Previous 30d revenue was \u20b92,627""]",Prioritize a reactivation visit. Investigate the reason for inactivity and attempt to recover previous purchasing behaviour.,OPEN
OPP-001319,2355,Panchal General Store,2,38,Convenience,C,REVENUE_RECOVERY,100,HIGH,"[""Revenue declined 100.0% vs previous 30d"", ""Revenue gap of \u20b97,220"", ""Order frequency declined 100.0%"", ""Revenue growth materially below peer benchmark""]","Prioritize an outlet visit to investigate lost volume, identify affected products/categories, and attempt revenue recovery.",OPEN
OPP-001320,2355,Panchal General Store,2,38,Convenience,C,INACTIVE_OUTLET,85,HIGH,"[""No order for 46 days"", ""Zero revenue in current 30d"", ""Previous 30d revenue was \u20b97,220""]",Prioritize a reactivation visit. Investigate the reason for inactivity and attempt to recover previous purchasing behaviour.,OPEN
OPP-001321,2356,Walia Supermarket,12,36,Modern Trade,C,REVENUE_RECOVERY,92,HIGH,"[""Revenue declined 100.0% vs previous 30d"", ""Revenue gap of \u20b92,297"", ""Order frequency declined 100.0%"", ""Revenue growth materially below peer benchmark""]","Prioritize an outlet visit to investigate lost volume, identify affected products/categories, and attempt revenue recovery.",OPEN
OPP-001322,2356,Walia Supermarket,12,36,Modern Trade,C,INACTIVE_OUTLET,75,HIGH,"[""No order for 56 days"", ""Zero revenue in current 30d"", ""Previous 30d revenue was \u20b92,297""]",Prioritize a reactivation visit. Investigate the reason for inactivity and attempt to recover previous purchasing behaviour.,OPEN
OPP-001323,2357,Mand Mart,4,41,General Trade,A,REVENUE_RECOVERY,78,HIGH,"[""Revenue declined 46.4% vs previous 30d"", ""Revenue gap of \u20b97,912"", ""Revenue growth materially below peer benchmark""]","Prioritize an outlet visit to investigate lost volume, identify affected products/categories, and attempt revenue recovery.",OPEN
OPP-001324,2359,Ganguly General Store,6,10,Pharmacy,A,REVENUE_RECOVERY,75,HIGH,"[""Revenue declined 29.5% vs previous 30d"", ""Revenue gap of \u20b910,874"", ""Order frequency declined"", ""Revenue growth materially below peer benchmark""]","Prioritize an outlet visit to investigate lost volume, identify affected products/categories, and attempt revenue recovery.",OPEN
OPP-001325,2361,Master Mart,3,91,Supermarket,C,REVENUE_RECOVERY,77,HIGH,"[""Revenue declined 51.4% vs previous 30d"", ""Revenue gap of \u20b92,824"", ""Order frequency declined 33.3%"", ""Revenue growth below peer benchmark""]","Prioritize an outlet visit to investigate lost volume, identify affected products/categories, and attempt revenue recovery.",OPEN
OPP-001326,2363,Loke Supermarket,7,79,Modern Trade,B,REVENUE_RECOVERY,100,HIGH,"[""Revenue declined 100.0% vs previous 30d"", ""Revenue gap of \u20b97,981"", ""Order frequency declined 100.0%"", ""Revenue growth materially below peer benchmark""]","Prioritize an outlet visit to investigate lost volume, identify affected products/categories, and attempt revenue recovery.",OPEN
OPP-001327,2363,Loke Supermarket,7,79,Modern Trade,B,INACTIVE_OUTLET,85,HIGH,"[""No order for 53 days"", ""Zero revenue in current 30d"", ""Previous 30d revenue was \u20b97,981""]",Prioritize a reactivation visit. Investigate the reason for inactivity and attempt to recover previous purchasing behaviour.,OPEN
OPP-001328,2364,Varkey Supermarket,5,71,Convenience,B,REVENUE_RECOVERY,90,HIGH,"[""Revenue declined 54.3% vs previous 30d"", ""Revenue gap of \u20b96,824"", ""Order frequency declined 60.0%"", ""Revenue growth below peer benchmark""]","Prioritize an outlet visit to investigate lost volume, identify affected products/categories, and attempt revenue recovery.",OPEN
OPP-001329,2366,Deshmukh Traders,9,73,Convenience,B,REVENUE_RECOVERY,85,HIGH,"[""Revenue declined 52.5% vs previous 30d"", ""Revenue gap of \u20b97,332"", ""Revenue growth materially below peer benchmark""]","Prioritize an outlet visit to investigate lost volume, identify affected products/categories, and attempt revenue recovery.",OPEN
OPP-001330,2367,Sabharwal General Store,8,55,Convenience,B,REVENUE_RECOVERY,80,HIGH,"[""Revenue declined 100.0% vs previous 30d"", ""Revenue gap of \u20b9519"", ""Order frequency declined 100.0%"", ""Revenue growth materially below peer benchmark""]","Prioritize an outlet visit to investigate lost volume, identify affected products/categories, and attempt revenue recovery.",OPEN
OPP-001331,2367,Sabharwal General Store,8,55,Convenience,B,INACTIVE_OUTLET,65,MEDIUM,"[""No order for 49 days"", ""Zero revenue in current 30d""]",Prioritize a reactivation visit. Investigate the reason for inactivity and attempt to recover previous purchasing behaviour.,OPEN
OPP-001332,2368,Bhargava General Store,5,31,Modern Trade,A,REVENUE_RECOVERY,88,HIGH,"[""Revenue declined 43.4% vs previous 30d"", ""Revenue gap of \u20b99,664"", ""Order frequency declined 40.0%"", ""Revenue growth materially below peer benchmark""]","Prioritize an outlet visit to investigate lost volume, identify affected products/categories, and attempt revenue recovery.",OPEN
OPP-001333,2370,Date Mart,4,1,General Trade,B,REVENUE_RECOVERY,48,LOW,"[""Revenue declined 31.3% vs previous 30d"", ""Revenue gap of \u20b91,287"", ""Revenue growth below peer benchmark""]","Prioritize an outlet visit to investigate lost volume, identify affected products/categories, and attempt revenue recovery.",OPEN
OPP-001334,2372,Krish Mart,10,63,General Trade,B,REVENUE_RECOVERY,85,HIGH,"[""Revenue declined 90.4% vs previous 30d"", ""Revenue gap of \u20b95,874"", ""Revenue growth materially below peer benchmark""]","Prioritize an outlet visit to investigate lost volume, identify affected products/categories, and attempt revenue recovery.",OPEN
OPP-001335,2374,Nagy Traders,1,23,Supermarket,A,REVENUE_RECOVERY,70,MEDIUM,"[""Revenue declined 37.2% vs previous 30d"", ""Revenue gap of \u20b94,639"", ""Revenue growth materially below peer benchmark""]","Prioritize an outlet visit to investigate lost volume, identify affected products/categories, and attempt revenue recovery.",OPEN
OPP-001336,2375,Kota Retail,3,91,Supermarket,C,REVENUE_RECOVERY,48,LOW,"[""Revenue declined 43.9% vs previous 30d"", ""Revenue gap of \u20b91,935"", ""Revenue growth below peer benchmark""]","Prioritize an outlet visit to investigate lost volume, identify affected products/categories, and attempt revenue recovery.",OPEN
OPP-001337,2376,Ramaswamy General Store,6,45,Supermarket,B,REVENUE_RECOVERY,35,LOW,"[""Revenue declined 20.8% vs previous 30d"", ""Revenue gap of \u20b91,906""]","Prioritize an outlet visit to investigate lost volume, identify affected products/categories, and attempt revenue recovery.",OPEN
OPP-001338,2377,Suri Retail,6,74,Pharmacy,A,REVENUE_RECOVERY,100,HIGH,"[""Revenue declined 88.0% vs previous 30d"", ""Revenue gap of \u20b966,016"", ""Order frequency declined 70.0%"", ""Revenue growth materially below peer benchmark""]","Prioritize an outlet visit to investigate lost volume, identify affected products/categories, and attempt revenue recovery.",OPEN
OPP-001339,2380,Sachdeva Supermarket,6,65,Supermarket,C,REVENUE_RECOVERY,82,HIGH,"[""Revenue declined 74.9% vs previous 30d"", ""Revenue gap of \u20b94,386"", ""Order frequency declined 66.7%"", ""Revenue growth below peer benchmark""]","Prioritize an outlet visit to investigate lost volume, identify affected products/categories, and attempt revenue recovery.",OPEN
OPP-001340,2381,Prashad Supermarket,4,1,Convenience,A,REVENUE_RECOVERY,100,HIGH,"[""Revenue declined 95.9% vs previous 30d"", ""Revenue gap of \u20b947,245"", ""Order frequency declined 85.7%"", ""Revenue growth materially below peer benchmark""]","Prioritize an outlet visit to investigate lost volume, identify affected products/categories, and attempt revenue recovery.",OPEN
OPP-001341,2383,Borra Retail,4,1,Convenience,A,REVENUE_RECOVERY,62,MEDIUM,"[""Revenue declined 24.5% vs previous 30d"", ""Revenue gap of \u20b94,855"", ""Revenue growth materially below peer benchmark""]","Prioritize an outlet visit to investigate lost volume, identify affected products/categories, and attempt revenue recovery.",OPEN
OPP-001342,2383,Borra Retail,4,1,Convenience,A,STOCK_RISK,20,LOW,"[""1 stockout event(s) in last 90d""]",Review outlet inventory and prioritize replenishment of affected SKUs before another stockout causes lost sales.,OPEN
OPP-001343,2388,Pillay Retail,4,12,Convenience,C,REVENUE_RECOVERY,80,HIGH,"[""Revenue declined 100.0% vs previous 30d"", ""Revenue gap of \u20b91,473"", ""Order frequency declined 100.0%"", ""Revenue growth materially below peer benchmark""]","Prioritize an outlet visit to investigate lost volume, identify affected products/categories, and attempt revenue recovery.",OPEN
OPP-001344,2388,Pillay Retail,4,12,Convenience,C,INACTIVE_OUTLET,75,HIGH,"[""No order for 47 days"", ""Zero revenue in current 30d"", ""Previous 30d revenue was \u20b91,473""]",Prioritize a reactivation visit. Investigate the reason for inactivity and attempt to recover previous purchasing behaviour.,OPEN
OPP-001345,2394,Shanker Supermarket,7,28,Modern Trade,B,REVENUE_RECOVERY,100,HIGH,"[""Revenue declined 100.0% vs previous 30d"", ""Revenue gap of \u20b917,045"", ""Order frequency declined 100.0%"", ""Revenue growth materially below peer benchmark""]","Prioritize an outlet visit to investigate lost volume, identify affected products/categories, and attempt revenue recovery.",OPEN
OPP-001346,2394,Shanker Supermarket,7,28,Modern Trade,B,INACTIVE_OUTLET,70,MEDIUM,"[""No order for 40 days"", ""Zero revenue in current 30d"", ""Previous 30d revenue was \u20b917,045""]",Prioritize a reactivation visit. Investigate the reason for inactivity and attempt to recover previous purchasing behaviour.,OPEN
OPP-001347,2395,Parmar Retail,7,68,Convenience,B,REVENUE_RECOVERY,92,HIGH,"[""Revenue declined 69.4% vs previous 30d"", ""Revenue gap of \u20b94,070"", ""Order frequency declined 50.0%"", ""Revenue growth materially below peer benchmark""]","Prioritize an outlet visit to investigate lost volume, identify affected products/categories, and attempt revenue recovery.",OPEN
OPP-001348,2396,Bhatnagar Retail,4,25,Supermarket,B,REVENUE_RECOVERY,100,HIGH,"[""Revenue declined 56.1% vs previous 30d"", ""Revenue gap of \u20b98,523"", ""Order frequency declined 60.0%"", ""Revenue growth materially below peer benchmark""]","Prioritize an outlet visit to investigate lost volume, identify affected products/categories, and attempt revenue recovery.",OPEN
OPP-001349,2397,Warrior Mart,4,39,Pharmacy,B,REVENUE_RECOVERY,100,HIGH,"[""Revenue declined 100.0% vs previous 30d"", ""Revenue gap of \u20b914,795"", ""Order frequency declined 100.0%"", ""Revenue growth materially below peer benchmark""]","Prioritize an outlet visit to investigate lost volume, identify affected products/categories, and attempt revenue recovery.",OPEN
OPP-001350,2397,Warrior Mart,4,39,Pharmacy,B,INACTIVE_OUTLET,85,HIGH,"[""No order for 55 days"", ""Zero revenue in current 30d"", ""Previous 30d revenue was \u20b914,795""]",Prioritize a reactivation visit. Investigate the reason for inactivity and attempt to recover previous purchasing behaviour.,OPEN
OPP-001351,2398,Rao Supermarket,4,39,General Trade,C,REVENUE_RECOVERY,92,HIGH,"[""Revenue declined 100.0% vs previous 30d"", ""Revenue gap of \u20b93,101"", ""Order frequency declined 100.0%"", ""Revenue growth materially below peer benchmark""]","Prioritize an outlet visit to investigate lost volume, identify affected products/categories, and attempt revenue recovery.",OPEN
OPP-001352,2398,Rao Supermarket,4,39,General Trade,C,INACTIVE_OUTLET,75,HIGH,"[""No order for 45 days"", ""Zero revenue in current 30d"", ""Previous 30d revenue was \u20b93,101""]",Prioritize a reactivation visit. Investigate the reason for inactivity and attempt to recover previous purchasing behaviour.,OPEN
OPP-001353,2399,Kamdar Traders,12,36,Convenience,B,REVENUE_RECOVERY,100,HIGH,"[""Revenue declined 100.0% vs previous 30d"", ""Revenue gap of \u20b98,224"", ""Order frequency declined 100.0%"", ""Revenue growth materially below peer benchmark""]","Prioritize an outlet visit to investigate lost volume, identify affected products/categories, and attempt revenue recovery.",OPEN
OPP-001354,2399,Kamdar Traders,12,36,Convenience,B,INACTIVE_OUTLET,70,MEDIUM,"[""No order for 40 days"", ""Zero revenue in current 30d"", ""Previous 30d revenue was \u20b98,224""]",Prioritize a reactivation visit. Investigate the reason for inactivity and attempt to recover previous purchasing behaviour.,OPEN
OPP-001355,2401,Kakar Retail,6,14,General Trade,B,REVENUE_RECOVERY,100,HIGH,"[""Revenue declined 100.0% vs previous 30d"", ""Revenue gap of \u20b96,891"", ""Order frequency declined 100.0%"", ""Revenue growth materially below peer benchmark""]","Prioritize an outlet visit to investigate lost volume, identify affected products/categories, and attempt revenue recovery.",OPEN
OPP-001356,2401,Kakar Retail,6,14,General Trade,B,INACTIVE_OUTLET,85,HIGH,"[""No order for 48 days"", ""Zero revenue in current 30d"", ""Previous 30d revenue was \u20b96,891""]",Prioritize a reactivation visit. Investigate the reason for inactivity and attempt to recover previous purchasing behaviour.,OPEN
OPP-001357,2403,Loyal Retail,1,3,Pharmacy,B,REVENUE_RECOVERY,100,HIGH,"[""Revenue declined 100.0% vs previous 30d"", ""Revenue gap of \u20b912,829"", ""Order frequency declined 100.0%"", ""Revenue growth materially below peer benchmark""]","Prioritize an outlet visit to investigate lost volume, identify affected products/categories, and attempt revenue recovery.",OPEN
OPP-001358,2403,Loyal Retail,1,3,Pharmacy,B,INACTIVE_OUTLET,70,MEDIUM,"[""No order for 42 days"", ""Zero revenue in current 30d"", ""Previous 30d revenue was \u20b912,829""]",Prioritize a reactivation visit. Investigate the reason for inactivity and attempt to recover previous purchasing behaviour.,OPEN
OPP-001359,2406,Nazareth General Store,9,73,General Trade,C,REVENUE_RECOVERY,92,HIGH,"[""Revenue declined 100.0% vs previous 30d"", ""Revenue gap of \u20b94,190"", ""Order frequency declined 100.0%"", ""Revenue growth materially below peer benchmark""]","Prioritize an outlet visit to investigate lost volume, identify affected products/categories, and attempt revenue recovery.",OPEN
OPP-001360,2406,Nazareth General Store,9,73,General Trade,C,INACTIVE_OUTLET,60,MEDIUM,"[""No order for 44 days"", ""Zero revenue in current 30d"", ""Previous 30d revenue was \u20b94,190""]",Prioritize a reactivation visit. Investigate the reason for inactivity and attempt to recover previous purchasing behaviour.,OPEN
OPP-001361,2414,Babu Retail,7,13,Convenience,C,REVENUE_RECOVERY,92,HIGH,"[""Revenue declined 100.0% vs previous 30d"", ""Revenue gap of \u20b92,625"", ""Order frequency declined 100.0%"", ""Revenue growth materially below peer benchmark""]","Prioritize an outlet visit to investigate lost volume, identify affected products/categories, and attempt revenue recovery.",OPEN
OPP-001362,2415,Dash Mart,12,46,Supermarket,C,REVENUE_RECOVERY,35,LOW,"[""Revenue declined 24.9% vs previous 30d"", ""Revenue gap of \u20b9551""]","Prioritize an outlet visit to investigate lost volume, identify affected products/categories, and attempt revenue recovery.",OPEN
OPP-001363,2417,Sastry Traders,3,2,Convenience,B,REVENUE_RECOVERY,100,HIGH,"[""Revenue declined 100.0% vs previous 30d"", ""Revenue gap of \u20b96,916"", ""Order frequency declined 100.0%"", ""Revenue growth materially below peer benchmark""]","Prioritize an outlet visit to investigate lost volume, identify affected products/categories, and attempt revenue recovery.",OPEN
OPP-001364,2418,Shan Mart,4,62,Pharmacy,A,REVENUE_RECOVERY,78,HIGH,"[""Revenue declined 41.8% vs previous 30d"", ""Revenue gap of \u20b95,662"", ""Revenue growth materially below peer benchmark""]","Prioritize an outlet visit to investigate lost volume, identify affected products/categories, and attempt revenue recovery.",OPEN
OPP-001365,2419,Acharya Supermarket,12,92,Supermarket,C,REVENUE_RECOVERY,50,LOW,"[""Revenue declined 58.8% vs previous 30d"", ""Revenue gap of \u20b91,813""]","Prioritize an outlet visit to investigate lost volume, identify affected products/categories, and attempt revenue recovery.",OPEN
OPP-001366,2421,Jain Mart,10,43,Supermarket,A,REVENUE_RECOVERY,88,HIGH,"[""Revenue declined 34.9% vs previous 30d"", ""Revenue gap of \u20b99,544"", ""Order frequency declined 25.0%"", ""Revenue growth materially below peer benchmark""]","Prioritize an outlet visit to investigate lost volume, identify affected products/categories, and attempt revenue recovery.",OPEN
OPP-001367,2424,Dutt General Store,2,40,General Trade,C,REVENUE_RECOVERY,100,HIGH,"[""Revenue declined 100.0% vs previous 30d"", ""Revenue gap of \u20b95,447"", ""Order frequency declined 100.0%"", ""Revenue growth materially below peer benchmark""]","Prioritize an outlet visit to investigate lost volume, identify affected products/categories, and attempt revenue recovery.",OPEN
OPP-001368,2424,Dutt General Store,2,40,General Trade,C,INACTIVE_OUTLET,70,MEDIUM,"[""No order for 36 days"", ""Zero revenue in current 30d"", ""Previous 30d revenue was \u20b95,447""]",Prioritize a reactivation visit. Investigate the reason for inactivity and attempt to recover previous purchasing behaviour.,OPEN
OPP-001369,2426,Chander Mart,6,72,General Trade,B,REVENUE_RECOVERY,100,HIGH,"[""Revenue declined 100.0% vs previous 30d"", ""Revenue gap of \u20b96,087"", ""Order frequency declined 100.0%"", ""Revenue growth materially below peer benchmark""]","Prioritize an outlet visit to investigate lost volume, identify affected products/categories, and attempt revenue recovery.",OPEN
OPP-001370,2426,Chander Mart,6,72,General Trade,B,INACTIVE_OUTLET,70,MEDIUM,"[""No order for 32 days"", ""Zero revenue in current 30d"", ""Previous 30d revenue was \u20b96,087""]",Prioritize a reactivation visit. Investigate the reason for inactivity and attempt to recover previous purchasing behaviour.,OPEN
OPP-001371,2427,Patel Mart,12,50,Convenience,B,REVENUE_RECOVERY,62,MEDIUM,"[""Revenue declined 25.1% vs previous 30d"", ""Revenue gap of \u20b92,858"", ""Order frequency declined 33.3%"", ""Revenue growth below peer benchmark""]","Prioritize an outlet visit to investigate lost volume, identify affected products/categories, and attempt revenue recovery.",OPEN
OPP-001372,2428,Krishna Supermarket,10,43,Convenience,B,REVENUE_RECOVERY,100,HIGH,"[""Revenue declined 89.9% vs previous 30d"", ""Revenue gap of \u20b97,408"", ""Order frequency declined 66.7%"", ""Revenue growth materially below peer benchmark""]","Prioritize an outlet visit to investigate lost volume, identify affected products/categories, and attempt revenue recovery.",OPEN
OPP-001373,2430,Prabhu Mart,10,6,Pharmacy,C,REVENUE_RECOVERY,80,HIGH,"[""Revenue declined 100.0% vs previous 30d"", ""Revenue gap of \u20b91,238"", ""Order frequency declined 100.0%"", ""Revenue growth materially below peer benchmark""]","Prioritize an outlet visit to investigate lost volume, identify affected products/categories, and attempt revenue recovery.",OPEN
OPP-001374,2430,Prabhu Mart,10,6,Pharmacy,C,INACTIVE_OUTLET,75,HIGH,"[""No order for 48 days"", ""Zero revenue in current 30d"", ""Previous 30d revenue was \u20b91,238""]",Prioritize a reactivation visit. Investigate the reason for inactivity and attempt to recover previous purchasing behaviour.,OPEN
OPP-001375,2431,Gandhi Retail,3,89,Convenience,B,REVENUE_RECOVERY,92,HIGH,"[""Revenue declined 64.5% vs previous 30d"", ""Revenue gap of \u20b93,012"", ""Order frequency declined 66.7%"", ""Revenue growth materially below peer benchmark""]","Prioritize an outlet visit to investigate lost volume, identify affected products/categories, and attempt revenue recovery.",OPEN
OPP-001376,2433,Randhawa Mart,6,29,Pharmacy,A,REVENUE_RECOVERY,100,HIGH,"[""Revenue declined 68.4% vs previous 30d"", ""Revenue gap of \u20b918,624"", ""Order frequency declined 66.7%"", ""Revenue growth materially below peer benchmark""]","Prioritize an outlet visit to investigate lost volume, identify affected products/categories, and attempt revenue recovery.",OPEN
OPP-001377,2436,Sanghvi Supermarket,8,69,General Trade,B,REVENUE_RECOVERY,92,HIGH,"[""Revenue declined 64.6% vs previous 30d"", ""Revenue gap of \u20b94,605"", ""Order frequency declined 50.0%"", ""Revenue growth materially below peer benchmark""]","Prioritize an outlet visit to investigate lost volume, identify affected products/categories, and attempt revenue recovery.",OPEN
OPP-001378,2438,Chandran Retail,3,67,Modern Trade,C,REVENUE_RECOVERY,63,MEDIUM,"[""Revenue declined 48.3% vs previous 30d"", ""Revenue gap of \u20b9643"", ""Order frequency declined 50.0%"", ""Revenue growth below peer benchmark""]","Prioritize an outlet visit to investigate lost volume, identify affected products/categories, and attempt revenue recovery.",OPEN
OPP-001379,2440,Kala Retail,4,62,Supermarket,C,REVENUE_RECOVERY,80,HIGH,"[""Revenue declined 100.0% vs previous 30d"", ""Revenue gap of \u20b91,864"", ""Order frequency declined 100.0%"", ""Revenue growth materially below peer benchmark""]","Prioritize an outlet visit to investigate lost volume, identify affected products/categories, and attempt revenue recovery.",OPEN
OPP-001380,2440,Kala Retail,4,62,Supermarket,C,INACTIVE_OUTLET,60,MEDIUM,"[""No order for 33 days"", ""Zero revenue in current 30d"", ""Previous 30d revenue was \u20b91,864""]",Prioritize a reactivation visit. Investigate the reason for inactivity and attempt to recover previous purchasing behaviour.,OPEN
OPP-001381,2444,Kara Supermarket,7,28,General Trade,C,REVENUE_RECOVERY,82,HIGH,"[""Revenue declined 69.0% vs previous 30d"", ""Revenue gap of \u20b94,976"", ""Order frequency declined 66.7%"", ""Revenue growth below peer benchmark""]","Prioritize an outlet visit to investigate lost volume, identify affected products/categories, and attempt revenue recovery.",OPEN
OPP-001382,2446,Saxena Retail,6,5,Modern Trade,C,REVENUE_RECOVERY,100,HIGH,"[""Revenue declined 100.0% vs previous 30d"", ""Revenue gap of \u20b96,696"", ""Order frequency declined 100.0%"", ""Revenue growth materially below peer benchmark""]","Prioritize an outlet visit to investigate lost volume, identify affected products/categories, and attempt revenue recovery.",OPEN
OPP-001383,2446,Saxena Retail,6,5,Modern Trade,C,INACTIVE_OUTLET,70,MEDIUM,"[""No order for 40 days"", ""Zero revenue in current 30d"", ""Previous 30d revenue was \u20b96,696""]",Prioritize a reactivation visit. Investigate the reason for inactivity and attempt to recover previous purchasing behaviour.,OPEN
OPP-001384,2452,Deo Traders,4,96,Convenience,B,REVENUE_RECOVERY,100,HIGH,"[""Revenue declined 100.0% vs previous 30d"", ""Revenue gap of \u20b97,251"", ""Order frequency declined 100.0%"", ""Revenue growth materially below peer benchmark""]","Prioritize an outlet visit to investigate lost volume, identify affected products/categories, and attempt revenue recovery.",OPEN
OPP-001385,2458,Chaudry General Store,10,100,Pharmacy,B,REVENUE_RECOVERY,85,HIGH,"[""Revenue declined 53.9% vs previous 30d"", ""Revenue gap of \u20b95,731"", ""Revenue growth materially below peer benchmark""]","Prioritize an outlet visit to investigate lost volume, identify affected products/categories, and attempt revenue recovery.",OPEN
OPP-001386,2460,Munshi Traders,3,83,Modern Trade,B,REVENUE_RECOVERY,100,HIGH,"[""Revenue declined 100.0% vs previous 30d"", ""Revenue gap of \u20b99,297"", ""Order frequency declined 100.0%"", ""Revenue growth materially below peer benchmark""]","Prioritize an outlet visit to investigate lost volume, identify affected products/categories, and attempt revenue recovery.",OPEN
OPP-001387,2460,Munshi Traders,3,83,Modern Trade,B,INACTIVE_OUTLET,70,MEDIUM,"[""No order for 41 days"", ""Zero revenue in current 30d"", ""Previous 30d revenue was \u20b99,297""]",Prioritize a reactivation visit. Investigate the reason for inactivity and attempt to recover previous purchasing behaviour.,OPEN
OPP-001388,2464,Raja Supermarket,3,88,Pharmacy,A,REVENUE_RECOVERY,70,MEDIUM,"[""Revenue declined 27.1% vs previous 30d"", ""Revenue gap of \u20b99,126"", ""Revenue growth materially below peer benchmark""]","Prioritize an outlet visit to investigate lost volume, identify affected products/categories, and attempt revenue recovery.",OPEN
OPP-001389,2468,Wali Retail,3,89,Convenience,A,REVENUE_RECOVERY,72,MEDIUM,"[""Revenue declined 23.8% vs previous 30d"", ""Revenue gap of \u20b94,463"", ""Order frequency declined 33.3%"", ""Revenue growth materially below peer benchmark""]","Prioritize an outlet visit to investigate lost volume, identify affected products/categories, and attempt revenue recovery.",OPEN
OPP-001390,2469,Anand Traders,4,48,Convenience,C,REVENUE_RECOVERY,80,HIGH,"[""Revenue declined 100.0% vs previous 30d"", ""Revenue gap of \u20b91,792"", ""Order frequency declined 100.0%"", ""Revenue growth materially below peer benchmark""]","Prioritize an outlet visit to investigate lost volume, identify affected products/categories, and attempt revenue recovery.",OPEN
OPP-001391,2475,Sabharwal Retail,4,48,Pharmacy,B,REVENUE_RECOVERY,35,LOW,"[""Revenue declined 19.1% vs previous 30d"", ""Revenue gap of \u20b91,241""]","Prioritize an outlet visit to investigate lost volume, identify affected products/categories, and attempt revenue recovery.",OPEN
OPP-001392,2476,Savant Retail,3,2,Modern Trade,C,REVENUE_RECOVERY,92,HIGH,"[""Revenue declined 100.0% vs previous 30d"", ""Revenue gap of \u20b94,435"", ""Order frequency declined 100.0%"", ""Revenue growth materially below peer benchmark""]","Prioritize an outlet visit to investigate lost volume, identify affected products/categories, and attempt revenue recovery.",OPEN
OPP-001393,2476,Savant Retail,3,2,Modern Trade,C,INACTIVE_OUTLET,75,HIGH,"[""No order for 52 days"", ""Zero revenue in current 30d"", ""Previous 30d revenue was \u20b94,435""]",Prioritize a reactivation visit. Investigate the reason for inactivity and attempt to recover previous purchasing behaviour.,OPEN
OPP-001394,2478,Chadha Mart,7,84,Modern Trade,C,REVENUE_RECOVERY,80,HIGH,"[""Revenue declined 90.0% vs previous 30d"", ""Revenue gap of \u20b91,876"", ""Order frequency declined 66.7%"", ""Revenue growth materially below peer benchmark""]","Prioritize an outlet visit to investigate lost volume, identify affected products/categories, and attempt revenue recovery.",OPEN
OPP-001395,2480,Dey General Store,1,99,General Trade,B,REVENUE_RECOVERY,65,MEDIUM,"[""Revenue declined 28.1% vs previous 30d"", ""Revenue gap of \u20b91,846"", ""Order frequency declined 66.7%"", ""Revenue growth materially below peer benchmark""]","Prioritize an outlet visit to investigate lost volume, identify affected products/categories, and attempt revenue recovery.",OPEN
OPP-001396,2482,Rajagopalan Supermarket,4,58,Supermarket,C,REVENUE_RECOVERY,62,MEDIUM,"[""Revenue declined 58.8% vs previous 30d"", ""Revenue gap of \u20b92,558""]","Prioritize an outlet visit to investigate lost volume, identify affected products/categories, and attempt revenue recovery.",OPEN
OPP-001397,2483,Panchal Supermarket,12,36,Pharmacy,B,REVENUE_RECOVERY,100,HIGH,"[""Revenue declined 100.0% vs previous 30d"", ""Revenue gap of \u20b99,546"", ""Order frequency declined 100.0%"", ""Revenue growth materially below peer benchmark""]","Prioritize an outlet visit to investigate lost volume, identify affected products/categories, and attempt revenue recovery.",OPEN
OPP-001398,2483,Panchal Supermarket,12,36,Pharmacy,B,INACTIVE_OUTLET,70,MEDIUM,"[""No order for 35 days"", ""Zero revenue in current 30d"", ""Previous 30d revenue was \u20b99,546""]",Prioritize a reactivation visit. Investigate the reason for inactivity and attempt to recover previous purchasing behaviour.,OPEN
OPP-001399,2484,Sanghvi Traders,12,87,Modern Trade,A,REVENUE_RECOVERY,77,HIGH,"[""Revenue declined 69.4% vs previous 30d"", ""Revenue gap of \u20b94,754"", ""Revenue growth materially below peer benchmark""]","Prioritize an outlet visit to investigate lost volume, identify affected products/categories, and attempt revenue recovery.",OPEN
OPP-001400,2485,Murty Traders,12,87,Supermarket,C,REVENUE_RECOVERY,92,HIGH,"[""Revenue declined 100.0% vs previous 30d"", ""Revenue gap of \u20b92,184"", ""Order frequency declined 100.0%"", ""Revenue growth materially below peer benchmark""]","Prioritize an outlet visit to investigate lost volume, identify affected products/categories, and attempt revenue recovery.",OPEN
OPP-001401,2485,Murty Traders,12,87,Supermarket,C,INACTIVE_OUTLET,75,HIGH,"[""No order for 45 days"", ""Zero revenue in current 30d"", ""Previous 30d revenue was \u20b92,184""]",Prioritize a reactivation visit. Investigate the reason for inactivity and attempt to recover previous purchasing behaviour.,OPEN
OPP-001402,2487,Kota Retail,4,25,General Trade,A,REVENUE_RECOVERY,100,HIGH,"[""Revenue declined 60.2% vs previous 30d"", ""Revenue gap of \u20b936,605"", ""Order frequency declined 54.5%"", ""Revenue growth materially below peer benchmark""]","Prioritize an outlet visit to investigate lost volume, identify affected products/categories, and attempt revenue recovery.",OPEN
OPP-001403,2488,Malhotra Traders,5,90,Convenience,C,REVENUE_RECOVERY,43,LOW,"[""Revenue declined 32.0% vs previous 30d"", ""Revenue gap of \u20b91,069""]","Prioritize an outlet visit to investigate lost volume, identify affected products/categories, and attempt revenue recovery.",OPEN
OPP-001404,2491,Mane Retail,12,16,Modern Trade,A,REVENUE_RECOVERY,100,HIGH,"[""Revenue declined 89.9% vs previous 30d"", ""Revenue gap of \u20b920,305"", ""Order frequency declined 75.0%"", ""Revenue growth materially below peer benchmark""]","Prioritize an outlet visit to investigate lost volume, identify affected products/categories, and attempt revenue recovery.",OPEN
OPP-001405,2493,Mitra Supermarket,4,26,Supermarket,A,REVENUE_RECOVERY,78,HIGH,"[""Revenue declined 48.6% vs previous 30d"", ""Revenue gap of \u20b912,769"", ""Revenue growth materially below peer benchmark""]","Prioritize an outlet visit to investigate lost volume, identify affected products/categories, and attempt revenue recovery.",OPEN
OPP-001406,2499,Merchant General Store,12,61,Convenience,A,REVENUE_RECOVERY,47,LOW,"[""Revenue gap of \u20b93,653"", ""Order frequency declined 50.0%"", ""Revenue growth below peer benchmark""]","Prioritize an outlet visit to investigate lost volume, identify affected products/categories, and attempt revenue recovery.",OPEN
OPP-001407,2501,Khatri Traders,1,49,General Trade,A,REVENUE_RECOVERY,100,HIGH,"[""Revenue declined 50.9% vs previous 30d"", ""Revenue gap of \u20b98,814"", ""Order frequency declined 66.7%"", ""Revenue growth materially below peer benchmark""]","Prioritize an outlet visit to investigate lost volume, identify affected products/categories, and attempt revenue recovery.",OPEN
OPP-001408,2503,Raju Retail,12,64,Convenience,C,REVENUE_RECOVERY,50,LOW,"[""Revenue declined 19.2% vs previous 30d"", ""Revenue gap of \u20b9858"", ""Order frequency declined 66.7%""]","Prioritize an outlet visit to investigate lost volume, identify affected products/categories, and attempt revenue recovery.",OPEN
OPP-001409,2506,Tata Retail,2,38,Convenience,C,REVENUE_RECOVERY,100,HIGH,"[""Revenue declined 100.0% vs previous 30d"", ""Revenue gap of \u20b97,226"", ""Order frequency declined 100.0%"", ""Revenue growth materially below peer benchmark""]","Prioritize an outlet visit to investigate lost volume, identify affected products/categories, and attempt revenue recovery.",OPEN
OPP-001410,2506,Tata Retail,2,38,Convenience,C,INACTIVE_OUTLET,85,HIGH,"[""No order for 50 days"", ""Zero revenue in current 30d"", ""Previous 30d revenue was \u20b97,226""]",Prioritize a reactivation visit. Investigate the reason for inactivity and attempt to recover previous purchasing behaviour.,OPEN
OPP-001411,2509,Arora General Store,4,32,Convenience,C,REVENUE_RECOVERY,67,MEDIUM,"[""Revenue declined 81.8% vs previous 30d"", ""Revenue gap of \u20b94,398"", ""Revenue growth below peer benchmark""]","Prioritize an outlet visit to investigate lost volume, identify affected products/categories, and attempt revenue recovery.",OPEN
OPP-001412,2512,Deo General Store,10,100,Convenience,A,REVENUE_RECOVERY,100,HIGH,"[""Revenue declined 95.9% vs previous 30d"", ""Revenue gap of \u20b938,346"", ""Order frequency declined 85.7%"", ""Revenue growth materially below peer benchmark""]","Prioritize an outlet visit to investigate lost volume, identify affected products/categories, and attempt revenue recovery.",OPEN
OPP-001413,2514,Salvi Supermarket,10,6,General Trade,B,REVENUE_RECOVERY,70,MEDIUM,"[""Revenue declined 41.1% vs previous 30d"", ""Revenue gap of \u20b94,817"", ""Order frequency declined 33.3%"", ""Revenue growth below peer benchmark""]","Prioritize an outlet visit to investigate lost volume, identify affected products/categories, and attempt revenue recovery.",OPEN
OPP-001414,2515,Pau Retail,2,9,General Trade,A,REVENUE_RECOVERY,100,HIGH,"[""Revenue declined 63.9% vs previous 30d"", ""Revenue gap of \u20b912,397"", ""Order frequency declined 75.0%"", ""Revenue growth materially below peer benchmark""]","Prioritize an outlet visit to investigate lost volume, identify affected products/categories, and attempt revenue recovery.",OPEN
OPP-001415,2516,Gera General Store,7,44,Convenience,B,REVENUE_RECOVERY,75,HIGH,"[""Revenue declined 44.6% vs previous 30d"", ""Revenue gap of \u20b92,309"", ""Order frequency declined 50.0%"", ""Revenue growth below peer benchmark""]","Prioritize an outlet visit to investigate lost volume, identify affected products/categories, and attempt revenue recovery.",OPEN
OPP-001416,2518,Bora General Store,4,62,Supermarket,C,REVENUE_RECOVERY,92,HIGH,"[""Revenue declined 100.0% vs previous 30d"", ""Revenue gap of \u20b93,257"", ""Order frequency declined 100.0%"", ""Revenue growth materially below peer benchmark""]","Prioritize an outlet visit to investigate lost volume, identify affected products/categories, and attempt revenue recovery.",OPEN
OPP-001417,2518,Bora General Store,4,62,Supermarket,C,INACTIVE_OUTLET,75,HIGH,"[""No order for 50 days"", ""Zero revenue in current 30d"", ""Previous 30d revenue was \u20b93,257""]",Prioritize a reactivation visit. Investigate the reason for inactivity and attempt to recover previous purchasing behaviour.,OPEN
OPP-001418,2519,Badal Traders,3,2,General Trade,C,REVENUE_RECOVERY,63,MEDIUM,"[""Revenue declined 42.8% vs previous 30d"", ""Revenue gap of \u20b9962"", ""Order frequency declined 66.7%"", ""Revenue growth below peer benchmark""]","Prioritize an outlet visit to investigate lost volume, identify affected products/categories, and attempt revenue recovery.",OPEN
OPP-001419,2520,Bir Supermarket,2,40,Modern Trade,C,REVENUE_RECOVERY,92,HIGH,"[""Revenue declined 100.0% vs previous 30d"", ""Revenue gap of \u20b93,467"", ""Order frequency declined 100.0%"", ""Revenue growth materially below peer benchmark""]","Prioritize an outlet visit to investigate lost volume, identify affected products/categories, and attempt revenue recovery.",OPEN
OPP-001420,2520,Bir Supermarket,2,40,Modern Trade,C,INACTIVE_OUTLET,75,HIGH,"[""No order for 46 days"", ""Zero revenue in current 30d"", ""Previous 30d revenue was \u20b93,467""]",Prioritize a reactivation visit. Investigate the reason for inactivity and attempt to recover previous purchasing behaviour.,OPEN
OPP-001421,2521,Atwal Traders,1,52,Pharmacy,B,REVENUE_RECOVERY,50,LOW,"[""Revenue declined 20.4% vs previous 30d"", ""Revenue gap of \u20b9979"", ""Order frequency declined 33.3%"", ""Revenue growth below peer benchmark""]","Prioritize an outlet visit to investigate lost volume, identify affected products/categories, and attempt revenue recovery.",OPEN
OPP-001422,2528,Mangat Retail,10,63,Convenience,B,REVENUE_RECOVERY,92,HIGH,"[""Revenue declined 100.0% vs previous 30d"", ""Revenue gap of \u20b94,752"", ""Order frequency declined 100.0%"", ""Revenue growth materially below peer benchmark""]","Prioritize an outlet visit to investigate lost volume, identify affected products/categories, and attempt revenue recovery.",OPEN
OPP-001423,2528,Mangat Retail,10,63,Convenience,B,INACTIVE_OUTLET,60,MEDIUM,"[""No order for 31 days"", ""Zero revenue in current 30d"", ""Previous 30d revenue was \u20b94,752""]",Prioritize a reactivation visit. Investigate the reason for inactivity and attempt to recover previous purchasing behaviour.,OPEN
OPP-001424,2531,Sampath General Store,4,58,Pharmacy,C,REVENUE_RECOVERY,80,HIGH,"[""Revenue declined 100.0% vs previous 30d"", ""Revenue gap of \u20b91,175"", ""Order frequency declined 100.0%"", ""Revenue growth materially below peer benchmark""]","Prioritize an outlet visit to investigate lost volume, identify affected products/categories, and attempt revenue recovery.",OPEN
OPP-001425,2531,Sampath General Store,4,58,Pharmacy,C,INACTIVE_OUTLET,60,MEDIUM,"[""No order for 40 days"", ""Zero revenue in current 30d"", ""Previous 30d revenue was \u20b91,175""]",Prioritize a reactivation visit. Investigate the reason for inactivity and attempt to recover previous purchasing behaviour.,OPEN
OPP-001426,2534,Yadav Traders,8,55,Pharmacy,A,REVENUE_RECOVERY,88,HIGH,"[""Revenue declined 46.6% vs previous 30d"", ""Revenue gap of \u20b918,854"", ""Order frequency declined 42.9%"", ""Revenue growth materially below peer benchmark""]","Prioritize an outlet visit to investigate lost volume, identify affected products/categories, and attempt revenue recovery.",OPEN
OPP-001427,2535,Yogi Traders,7,84,Modern Trade,A,REVENUE_RECOVERY,100,HIGH,"[""Revenue declined 73.3% vs previous 30d"", ""Revenue gap of \u20b914,228"", ""Order frequency declined 50.0%"", ""Revenue growth materially below peer benchmark""]","Prioritize an outlet visit to investigate lost volume, identify affected products/categories, and attempt revenue recovery.",OPEN
OPP-001428,2536,Dua Mart,8,76,Supermarket,C,REVENUE_RECOVERY,92,HIGH,"[""Revenue declined 100.0% vs previous 30d"", ""Revenue gap of \u20b93,498"", ""Order frequency declined 100.0%"", ""Revenue growth materially below peer benchmark""]","Prioritize an outlet visit to investigate lost volume, identify affected products/categories, and attempt revenue recovery.",OPEN
OPP-001429,2536,Dua Mart,8,76,Supermarket,C,INACTIVE_OUTLET,60,MEDIUM,"[""No order for 35 days"", ""Zero revenue in current 30d"", ""Previous 30d revenue was \u20b93,498""]",Prioritize a reactivation visit. Investigate the reason for inactivity and attempt to recover previous purchasing behaviour.,OPEN
OPP-001430,2539,Mukherjee Traders,5,51,Pharmacy,C,REVENUE_RECOVERY,92,HIGH,"[""Revenue declined 100.0% vs previous 30d"", ""Revenue gap of \u20b94,974"", ""Order frequency declined 100.0%"", ""Revenue growth materially below peer benchmark""]","Prioritize an outlet visit to investigate lost volume, identify affected products/categories, and attempt revenue recovery.",OPEN
OPP-001431,2539,Mukherjee Traders,5,51,Pharmacy,C,INACTIVE_OUTLET,60,MEDIUM,"[""No order for 31 days"", ""Zero revenue in current 30d"", ""Previous 30d revenue was \u20b94,974""]",Prioritize a reactivation visit. Investigate the reason for inactivity and attempt to recover previous purchasing behaviour.,OPEN
OPP-001432,2540,Brar Retail,2,38,General Trade,B,REVENUE_RECOVERY,100,HIGH,"[""Revenue declined 87.8% vs previous 30d"", ""Revenue gap of \u20b913,063"", ""Order frequency declined 66.7%"", ""Revenue growth materially below peer benchmark""]","Prioritize an outlet visit to investigate lost volume, identify affected products/categories, and attempt revenue recovery.",OPEN
OPP-001433,2541,Vaidya Supermarket,5,51,Modern Trade,C,REVENUE_RECOVERY,80,HIGH,"[""Revenue declined 100.0% vs previous 30d"", ""Revenue gap of \u20b9895"", ""Order frequency declined 100.0%"", ""Revenue growth materially below peer benchmark""]","Prioritize an outlet visit to investigate lost volume, identify affected products/categories, and attempt revenue recovery.",OPEN
OPP-001434,2541,Vaidya Supermarket,5,51,Modern Trade,C,INACTIVE_OUTLET,50,LOW,"[""No order for 43 days"", ""Zero revenue in current 30d""]",Prioritize a reactivation visit. Investigate the reason for inactivity and attempt to recover previous purchasing behaviour.,OPEN
OPP-001435,2542,Jani Mart,12,36,Convenience,B,REVENUE_RECOVERY,70,MEDIUM,"[""Revenue declined 42.5% vs previous 30d"", ""Revenue gap of \u20b93,266"", ""Revenue growth materially below peer benchmark""]","Prioritize an outlet visit to investigate lost volume, identify affected products/categories, and attempt revenue recovery.",OPEN
OPP-001436,2546,Raman General Store,6,98,Modern Trade,B,REVENUE_RECOVERY,100,HIGH,"[""Revenue declined 81.6% vs previous 30d"", ""Revenue gap of \u20b913,536"", ""Order frequency declined 50.0%"", ""Revenue growth materially below peer benchmark""]","Prioritize an outlet visit to investigate lost volume, identify affected products/categories, and attempt revenue recovery.",OPEN
OPP-001437,2549,Sarkar Supermarket,3,2,Pharmacy,B,REVENUE_RECOVERY,100,HIGH,"[""Revenue declined 71.8% vs previous 30d"", ""Revenue gap of \u20b98,656"", ""Order frequency declined 50.0%"", ""Revenue growth materially below peer benchmark""]","Prioritize an outlet visit to investigate lost volume, identify affected products/categories, and attempt revenue recovery.",OPEN
OPP-001438,2552,Konda Retail,7,68,Convenience,B,REVENUE_RECOVERY,35,LOW,"[""Revenue declined 19.4% vs previous 30d"", ""Revenue gap of \u20b9752""]","Prioritize an outlet visit to investigate lost volume, identify affected products/categories, and attempt revenue recovery.",OPEN
OPP-001439,2556,Setty Mart,7,24,Modern Trade,C,REVENUE_RECOVERY,65,MEDIUM,"[""Revenue declined 100.0% vs previous 30d"", ""Order frequency declined 100.0%"", ""Revenue growth materially below peer benchmark""]","Prioritize an outlet visit to investigate lost volume, identify affected products/categories, and attempt revenue recovery.",OPEN
OPP-001440,2556,Setty Mart,7,24,Modern Trade,C,INACTIVE_OUTLET,50,LOW,"[""No order for 39 days"", ""Zero revenue in current 30d""]",Prioritize a reactivation visit. Investigate the reason for inactivity and attempt to recover previous purchasing behaviour.,OPEN
OPP-001441,2558,More Traders,9,85,Convenience,C,REVENUE_RECOVERY,92,HIGH,"[""Revenue declined 100.0% vs previous 30d"", ""Revenue gap of \u20b94,232"", ""Order frequency declined 100.0%"", ""Revenue growth materially below peer benchmark""]","Prioritize an outlet visit to investigate lost volume, identify affected products/categories, and attempt revenue recovery.",OPEN
OPP-001442,2558,More Traders,9,85,Convenience,C,INACTIVE_OUTLET,60,MEDIUM,"[""No order for 34 days"", ""Zero revenue in current 30d"", ""Previous 30d revenue was \u20b94,232""]",Prioritize a reactivation visit. Investigate the reason for inactivity and attempt to recover previous purchasing behaviour.,OPEN
OPP-001443,2559,Gill General Store,5,51,Convenience,C,REVENUE_RECOVERY,80,HIGH,"[""Revenue declined 100.0% vs previous 30d"", ""Revenue gap of \u20b9994"", ""Order frequency declined 100.0%"", ""Revenue growth materially below peer benchmark""]","Prioritize an outlet visit to investigate lost volume, identify affected products/categories, and attempt revenue recovery.",OPEN
OPP-001444,2559,Gill General Store,5,51,Convenience,C,INACTIVE_OUTLET,50,LOW,"[""No order for 42 days"", ""Zero revenue in current 30d""]",Prioritize a reactivation visit. Investigate the reason for inactivity and attempt to recover previous purchasing behaviour.,OPEN
OPP-001445,2560,Dar Retail,4,41,Pharmacy,C,REVENUE_RECOVERY,80,HIGH,"[""Revenue declined 100.0% vs previous 30d"", ""Revenue gap of \u20b91,694"", ""Order frequency declined 100.0%"", ""Revenue growth materially below peer benchmark""]","Prioritize an outlet visit to investigate lost volume, identify affected products/categories, and attempt revenue recovery.",OPEN
OPP-001446,2560,Dar Retail,4,41,Pharmacy,C,INACTIVE_OUTLET,60,MEDIUM,"[""No order for 38 days"", ""Zero revenue in current 30d"", ""Previous 30d revenue was \u20b91,694""]",Prioritize a reactivation visit. Investigate the reason for inactivity and attempt to recover previous purchasing behaviour.,OPEN
OPP-001447,2561,Arora Traders,7,84,Pharmacy,C,REVENUE_RECOVERY,35,LOW,"[""Revenue declined 27.3% vs previous 30d"", ""Revenue gap of \u20b9543""]","Prioritize an outlet visit to investigate lost volume, identify affected products/categories, and attempt revenue recovery.",OPEN
OPP-001448,2562,Devan Retail,4,25,General Trade,B,REVENUE_RECOVERY,77,HIGH,"[""Revenue declined 55.4% vs previous 30d"", ""Revenue gap of \u20b94,498"", ""Revenue growth materially below peer benchmark""]","Prioritize an outlet visit to investigate lost volume, identify affected products/categories, and attempt revenue recovery.",OPEN
OPP-001449,2563,Apte Supermarket,8,7,Convenience,A,REVENUE_RECOVERY,95,HIGH,"[""Revenue declined 74.3% vs previous 30d"", ""Revenue gap of \u20b924,929"", ""Order frequency declined 40.0%"", ""Revenue growth materially below peer benchmark""]","Prioritize an outlet visit to investigate lost volume, identify affected products/categories, and attempt revenue recovery.",OPEN
OPP-001450,2565,Taneja General Store,6,80,Modern Trade,A,REVENUE_RECOVERY,80,HIGH,"[""Revenue declined 22.1% vs previous 30d"", ""Revenue gap of \u20b96,010"", ""Order frequency declined 40.0%"", ""Revenue growth materially below peer benchmark""]","Prioritize an outlet visit to investigate lost volume, identify affected products/categories, and attempt revenue recovery.",OPEN
OPP-001451,2566,Palan Mart,7,28,General Trade,C,REVENUE_RECOVERY,100,HIGH,"[""Revenue declined 100.0% vs previous 30d"", ""Revenue gap of \u20b96,547"", ""Order frequency declined 100.0%"", ""Revenue growth materially below peer benchmark""]","Prioritize an outlet visit to investigate lost volume, identify affected products/categories, and attempt revenue recovery.",OPEN
OPP-001452,2566,Palan Mart,7,28,General Trade,C,INACTIVE_OUTLET,70,MEDIUM,"[""No order for 32 days"", ""Zero revenue in current 30d"", ""Previous 30d revenue was \u20b96,547""]",Prioritize a reactivation visit. Investigate the reason for inactivity and attempt to recover previous purchasing behaviour.,OPEN
OPP-001453,2567,Virk General Store,7,57,Pharmacy,C,REVENUE_RECOVERY,65,MEDIUM,"[""Revenue declined 95.6% vs previous 30d"", ""Revenue gap of \u20b91,611"", ""Revenue growth materially below peer benchmark""]","Prioritize an outlet visit to investigate lost volume, identify affected products/categories, and attempt revenue recovery.",OPEN
OPP-001454,2569,Lad Retail,4,32,Modern Trade,A,REVENUE_RECOVERY,90,HIGH,"[""Revenue declined 57.8% vs previous 30d"", ""Revenue gap of \u20b922,772"", ""Order frequency declined"", ""Revenue growth materially below peer benchmark""]","Prioritize an outlet visit to investigate lost volume, identify affected products/categories, and attempt revenue recovery.",OPEN
OPP-001455,2570,Ganesan Retail,12,30,Pharmacy,C,REVENUE_RECOVERY,100,HIGH,"[""Revenue declined 100.0% vs previous 30d"", ""Revenue gap of \u20b95,358"", ""Order frequency declined 100.0%"", ""Revenue growth materially below peer benchmark""]","Prioritize an outlet visit to investigate lost volume, identify affected products/categories, and attempt revenue recovery.",OPEN
OPP-001456,2570,Ganesan Retail,12,30,Pharmacy,C,INACTIVE_OUTLET,85,HIGH,"[""No order for 48 days"", ""Zero revenue in current 30d"", ""Previous 30d revenue was \u20b95,358""]",Prioritize a reactivation visit. Investigate the reason for inactivity and attempt to recover previous purchasing behaviour.,OPEN
OPP-001457,2572,Date Mart,9,95,Modern Trade,A,REVENUE_RECOVERY,93,HIGH,"[""Revenue declined 30.1% vs previous 30d"", ""Revenue gap of \u20b98,824"", ""Order frequency declined 50.0%"", ""Revenue growth materially below peer benchmark""]","Prioritize an outlet visit to investigate lost volume, identify affected products/categories, and attempt revenue recovery.",OPEN
OPP-001458,2574,Dalal Retail,12,61,Pharmacy,B,REVENUE_RECOVERY,92,HIGH,"[""Revenue declined 67.5% vs previous 30d"", ""Revenue gap of \u20b93,644"", ""Order frequency declined 66.7%"", ""Revenue growth materially below peer benchmark""]","Prioritize an outlet visit to investigate lost volume, identify affected products/categories, and attempt revenue recovery.",OPEN
OPP-001459,2579,Viswanathan General Store,6,74,Modern Trade,C,REVENUE_RECOVERY,100,HIGH,"[""Revenue declined 100.0% vs previous 30d"", ""Revenue gap of \u20b96,314"", ""Order frequency declined 100.0%"", ""Revenue growth materially below peer benchmark""]","Prioritize an outlet visit to investigate lost volume, identify affected products/categories, and attempt revenue recovery.",OPEN
OPP-001460,2579,Viswanathan General Store,6,74,Modern Trade,C,INACTIVE_OUTLET,70,MEDIUM,"[""No order for 31 days"", ""Zero revenue in current 30d"", ""Previous 30d revenue was \u20b96,314""]",Prioritize a reactivation visit. Investigate the reason for inactivity and attempt to recover previous purchasing behaviour.,OPEN
OPP-001461,2581,Lall General Store,4,54,Pharmacy,A,REVENUE_RECOVERY,100,HIGH,"[""Revenue declined 56.5% vs previous 30d"", ""Revenue gap of \u20b922,784"", ""Order frequency declined 71.4%"", ""Revenue growth materially below peer benchmark""]","Prioritize an outlet visit to investigate lost volume, identify affected products/categories, and attempt revenue recovery.",OPEN
OPP-001462,2582,Bose Mart,2,38,Convenience,C,REVENUE_RECOVERY,80,HIGH,"[""Revenue declined 100.0% vs previous 30d"", ""Revenue gap of \u20b91,699"", ""Order frequency declined 100.0%"", ""Revenue growth materially below peer benchmark""]","Prioritize an outlet visit to investigate lost volume, identify affected products/categories, and attempt revenue recovery.",OPEN
OPP-001463,2582,Bose Mart,2,38,Convenience,C,INACTIVE_OUTLET,60,MEDIUM,"[""No order for 35 days"", ""Zero revenue in current 30d"", ""Previous 30d revenue was \u20b91,699""]",Prioritize a reactivation visit. Investigate the reason for inactivity and attempt to recover previous purchasing behaviour.,OPEN
OPP-001464,2583,Taneja Mart,6,80,Convenience,C,REVENUE_RECOVERY,55,MEDIUM,"[""Revenue declined 67.1% vs previous 30d"", ""Revenue gap of \u20b91,683"", ""Revenue growth below peer benchmark""]","Prioritize an outlet visit to investigate lost volume, identify affected products/categories, and attempt revenue recovery.",OPEN
OPP-001465,2585,Vaidya Mart,6,29,General Trade,B,REVENUE_RECOVERY,100,HIGH,"[""Revenue declined 73.0% vs previous 30d"", ""Revenue gap of \u20b95,858"", ""Order frequency declined 66.7%"", ""Revenue growth materially below peer benchmark""]","Prioritize an outlet visit to investigate lost volume, identify affected products/categories, and attempt revenue recovery.",OPEN
OPP-001466,2587,Bhakta Mart,4,25,Modern Trade,C,REVENUE_RECOVERY,65,MEDIUM,"[""Revenue declined 100.0% vs previous 30d"", ""Order frequency declined 100.0%"", ""Revenue growth materially below peer benchmark""]","Prioritize an outlet visit to investigate lost volume, identify affected products/categories, and attempt revenue recovery.",OPEN
OPP-001467,2587,Bhakta Mart,4,25,Modern Trade,C,INACTIVE_OUTLET,65,MEDIUM,"[""No order for 49 days"", ""Zero revenue in current 30d""]",Prioritize a reactivation visit. Investigate the reason for inactivity and attempt to recover previous purchasing behaviour.,OPEN
OPP-001468,2589,Ganesan Mart,3,2,General Trade,B,REVENUE_RECOVERY,92,HIGH,"[""Revenue declined 100.0% vs previous 30d"", ""Revenue gap of \u20b92,482"", ""Order frequency declined 100.0%"", ""Revenue growth materially below peer benchmark""]","Prioritize an outlet visit to investigate lost volume, identify affected products/categories, and attempt revenue recovery.",OPEN
OPP-001469,2589,Ganesan Mart,3,2,General Trade,B,INACTIVE_OUTLET,75,HIGH,"[""No order for 49 days"", ""Zero revenue in current 30d"", ""Previous 30d revenue was \u20b92,482""]",Prioritize a reactivation visit. Investigate the reason for inactivity and attempt to recover previous purchasing behaviour.,OPEN
OPP-001470,2591,Dugar Mart,4,58,Pharmacy,B,REVENUE_RECOVERY,92,HIGH,"[""Revenue declined 100.0% vs previous 30d"", ""Revenue gap of \u20b94,626"", ""Order frequency declined 100.0%"", ""Revenue growth materially below peer benchmark""]","Prioritize an outlet visit to investigate lost volume, identify affected products/categories, and attempt revenue recovery.",OPEN
OPP-001471,2591,Dugar Mart,4,58,Pharmacy,B,INACTIVE_OUTLET,60,MEDIUM,"[""No order for 39 days"", ""Zero revenue in current 30d"", ""Previous 30d revenue was \u20b94,626""]",Prioritize a reactivation visit. Investigate the reason for inactivity and attempt to recover previous purchasing behaviour.,OPEN
OPP-001472,2593,Chauhan Supermarket,4,22,Modern Trade,C,REVENUE_RECOVERY,62,MEDIUM,"[""Revenue declined 56.7% vs previous 30d"", ""Revenue gap of \u20b93,003""]","Prioritize an outlet visit to investigate lost volume, identify affected products/categories, and attempt revenue recovery.",OPEN
OPP-001473,2594,D’Alia Supermarket,6,45,Modern Trade,A,REVENUE_RECOVERY,88,HIGH,"[""Revenue declined 38.9% vs previous 30d"", ""Revenue gap of \u20b912,679"", ""Order frequency declined 33.3%"", ""Revenue growth materially below peer benchmark""]","Prioritize an outlet visit to investigate lost volume, identify affected products/categories, and attempt revenue recovery.",OPEN
OPP-001474,2597,Agate Mart,12,30,Pharmacy,B,REVENUE_RECOVERY,95,HIGH,"[""Revenue declined 54.5% vs previous 30d"", ""Revenue gap of \u20b96,655"", ""Order frequency declined 25.0%"", ""Revenue growth materially below peer benchmark""]","Prioritize an outlet visit to investigate lost volume, identify affected products/categories, and attempt revenue recovery.",OPEN
OPP-001475,2601,Batra Mart,2,9,General Trade,A,REVENUE_RECOVERY,78,HIGH,"[""Revenue declined 41.8% vs previous 30d"", ""Revenue gap of \u20b917,491"", ""Revenue growth materially below peer benchmark""]","Prioritize an outlet visit to investigate lost volume, identify affected products/categories, and attempt revenue recovery.",OPEN
OPP-001476,2603,Patla Traders,4,54,Supermarket,B,REVENUE_RECOVERY,70,MEDIUM,"[""Revenue declined 46.1% vs previous 30d"", ""Revenue gap of \u20b92,663"", ""Revenue growth materially below peer benchmark""]","Prioritize an outlet visit to investigate lost volume, identify affected products/categories, and attempt revenue recovery.",OPEN
OPP-001477,2606,Gola Traders,12,64,Modern Trade,C,REVENUE_RECOVERY,80,HIGH,"[""Revenue declined 91.9% vs previous 30d"", ""Revenue gap of \u20b91,670"", ""Order frequency declined 50.0%"", ""Revenue growth materially below peer benchmark""]","Prioritize an outlet visit to investigate lost volume, identify affected products/categories, and attempt revenue recovery.",OPEN
OPP-001478,2608,Saini Mart,9,93,General Trade,B,REVENUE_RECOVERY,45,LOW,"[""Revenue declined 17.5% vs previous 30d"", ""Revenue gap of \u20b91,017"", ""Order frequency declined 33.3%""]","Prioritize an outlet visit to investigate lost volume, identify affected products/categories, and attempt revenue recovery.",OPEN
OPP-001479,2611,Kothari Supermarket,9,73,Pharmacy,A,REVENUE_RECOVERY,100,HIGH,"[""Revenue declined 100.0% vs previous 30d"", ""Revenue gap of \u20b97,659"", ""Order frequency declined 100.0%"", ""Revenue growth materially below peer benchmark""]","Prioritize an outlet visit to investigate lost volume, identify affected products/categories, and attempt revenue recovery.",OPEN
OPP-001480,2611,Kothari Supermarket,9,73,Pharmacy,A,INACTIVE_OUTLET,85,HIGH,"[""No order for 50 days"", ""Zero revenue in current 30d"", ""Previous 30d revenue was \u20b97,659""]",Prioritize a reactivation visit. Investigate the reason for inactivity and attempt to recover previous purchasing behaviour.,OPEN
OPP-001481,2612,Saha Retail,7,79,Convenience,C,REVENUE_RECOVERY,65,MEDIUM,"[""Revenue declined 89.0% vs previous 30d"", ""Revenue gap of \u20b91,641"", ""Revenue growth materially below peer benchmark""]","Prioritize an outlet visit to investigate lost volume, identify affected products/categories, and attempt revenue recovery.",OPEN
OPP-001482,2613,Nagarajan Supermarket,12,66,General Trade,A,REVENUE_RECOVERY,100,HIGH,"[""Revenue declined 84.7% vs previous 30d"", ""Revenue gap of \u20b949,065"", ""Order frequency declined 66.7%"", ""Revenue growth materially below peer benchmark""]","Prioritize an outlet visit to investigate lost volume, identify affected products/categories, and attempt revenue recovery.",OPEN
OPP-001483,2615,Brahmbhatt Mart,4,96,Convenience,B,REVENUE_RECOVERY,100,HIGH,"[""Revenue declined 100.0% vs previous 30d"", ""Revenue gap of \u20b99,528"", ""Order frequency declined 100.0%"", ""Revenue growth materially below peer benchmark""]","Prioritize an outlet visit to investigate lost volume, identify affected products/categories, and attempt revenue recovery.",OPEN
OPP-001484,2616,Pradhan Mart,5,42,Supermarket,B,REVENUE_RECOVERY,68,MEDIUM,"[""Revenue declined 47.9% vs previous 30d"", ""Revenue gap of \u20b95,252"", ""Revenue growth below peer benchmark""]","Prioritize an outlet visit to investigate lost volume, identify affected products/categories, and attempt revenue recovery.",OPEN
OPP-001485,2617,Dar Supermarket,5,71,Modern Trade,C,REVENUE_RECOVERY,65,MEDIUM,"[""Revenue declined 97.5% vs previous 30d"", ""Revenue gap of \u20b91,519"", ""Revenue growth materially below peer benchmark""]","Prioritize an outlet visit to investigate lost volume, identify affected products/categories, and attempt revenue recovery.",OPEN
OPP-001486,2618,Thakkar General Store,4,22,General Trade,C,REVENUE_RECOVERY,100,HIGH,"[""Revenue declined 100.0% vs previous 30d"", ""Revenue gap of \u20b95,774"", ""Order frequency declined 100.0%"", ""Revenue growth materially below peer benchmark""]","Prioritize an outlet visit to investigate lost volume, identify affected products/categories, and attempt revenue recovery.",OPEN
OPP-001487,2620,Gola Mart,6,65,Modern Trade,C,REVENUE_RECOVERY,92,HIGH,"[""Revenue declined 100.0% vs previous 30d"", ""Revenue gap of \u20b93,702"", ""Order frequency declined 100.0%"", ""Revenue growth materially below peer benchmark""]","Prioritize an outlet visit to investigate lost volume, identify affected products/categories, and attempt revenue recovery.",OPEN
OPP-001488,2620,Gola Mart,6,65,Modern Trade,C,INACTIVE_OUTLET,60,MEDIUM,"[""No order for 35 days"", ""Zero revenue in current 30d"", ""Previous 30d revenue was \u20b93,702""]",Prioritize a reactivation visit. Investigate the reason for inactivity and attempt to recover previous purchasing behaviour.,OPEN
OPP-001489,2621,Kapoor Supermarket,6,65,Pharmacy,C,REVENUE_RECOVERY,80,HIGH,"[""Revenue declined 100.0% vs previous 30d"", ""Revenue gap of \u20b91,353"", ""Order frequency declined 100.0%"", ""Revenue growth materially below peer benchmark""]","Prioritize an outlet visit to investigate lost volume, identify affected products/categories, and attempt revenue recovery.",OPEN
OPP-001490,2621,Kapoor Supermarket,6,65,Pharmacy,C,INACTIVE_OUTLET,75,HIGH,"[""No order for 52 days"", ""Zero revenue in current 30d"", ""Previous 30d revenue was \u20b91,353""]",Prioritize a reactivation visit. Investigate the reason for inactivity and attempt to recover previous purchasing behaviour.,OPEN
OPP-001491,2622,Varty General Store,11,56,General Trade,B,REVENUE_RECOVERY,100,HIGH,"[""Revenue declined 70.8% vs previous 30d"", ""Revenue gap of \u20b96,064"", ""Order frequency declined 66.7%"", ""Revenue growth materially below peer benchmark""]","Prioritize an outlet visit to investigate lost volume, identify affected products/categories, and attempt revenue recovery.",OPEN
OPP-001492,2623,Batra Mart,6,65,Convenience,B,REVENUE_RECOVERY,100,HIGH,"[""Revenue declined 62.4% vs previous 30d"", ""Revenue gap of \u20b99,956"", ""Order frequency declined 75.0%"", ""Revenue growth materially below peer benchmark""]","Prioritize an outlet visit to investigate lost volume, identify affected products/categories, and attempt revenue recovery.",OPEN
OPP-001493,2624,Rattan Mart,10,94,Pharmacy,B,REVENUE_RECOVERY,55,MEDIUM,"[""Revenue declined 23.0% vs previous 30d"", ""Revenue gap of \u20b91,655"", ""Order frequency declined 50.0%"", ""Revenue growth below peer benchmark""]","Prioritize an outlet visit to investigate lost volume, identify affected products/categories, and attempt revenue recovery.",OPEN
OPP-001494,2626,Shroff Retail,7,13,Convenience,B,REVENUE_RECOVERY,100,HIGH,"[""Revenue declined 100.0% vs previous 30d"", ""Revenue gap of \u20b912,243"", ""Order frequency declined 100.0%"", ""Revenue growth materially below peer benchmark""]","Prioritize an outlet visit to investigate lost volume, identify affected products/categories, and attempt revenue recovery.",OPEN
OPP-001495,2626,Shroff Retail,7,13,Convenience,B,INACTIVE_OUTLET,70,MEDIUM,"[""No order for 32 days"", ""Zero revenue in current 30d"", ""Previous 30d revenue was \u20b912,243""]",Prioritize a reactivation visit. Investigate the reason for inactivity and attempt to recover previous purchasing behaviour.,OPEN
OPP-001496,2628,Mukhopadhyay General Store,12,78,Pharmacy,C,REVENUE_RECOVERY,82,HIGH,"[""Revenue declined 64.2% vs previous 30d"", ""Revenue gap of \u20b92,214"", ""Order frequency declined 50.0%"", ""Revenue growth below peer benchmark""]","Prioritize an outlet visit to investigate lost volume, identify affected products/categories, and attempt revenue recovery.",OPEN
OPP-001497,2629,Narang Supermarket,8,76,Modern Trade,C,REVENUE_RECOVERY,58,MEDIUM,"[""Revenue declined 43.6% vs previous 30d"", ""Revenue gap of \u20b91,684"", ""Order frequency declined 50.0%""]","Prioritize an outlet visit to investigate lost volume, identify affected products/categories, and attempt revenue recovery.",OPEN
OPP-001498,2630,Chadha General Store,12,64,Modern Trade,C,REVENUE_RECOVERY,100,HIGH,"[""Revenue declined 100.0% vs previous 30d"", ""Revenue gap of \u20b96,546"", ""Order frequency declined 100.0%"", ""Revenue growth materially below peer benchmark""]","Prioritize an outlet visit to investigate lost volume, identify affected products/categories, and attempt revenue recovery.",OPEN
OPP-001499,2630,Chadha General Store,12,64,Modern Trade,C,INACTIVE_OUTLET,85,HIGH,"[""No order for 47 days"", ""Zero revenue in current 30d"", ""Previous 30d revenue was \u20b96,546""]",Prioritize a reactivation visit. Investigate the reason for inactivity and attempt to recover previous purchasing behaviour.,OPEN
OPP-001500,2632,Anand Supermarket,4,58,Convenience,B,REVENUE_RECOVERY,100,HIGH,"[""Revenue declined 100.0% vs previous 30d"", ""Revenue gap of \u20b914,392"", ""Order frequency declined 100.0%"", ""Revenue growth materially below peer benchmark""]","Prioritize an outlet visit to investigate lost volume, identify affected products/categories, and attempt revenue recovery.",OPEN
OPP-001501,2632,Anand Supermarket,4,58,Convenience,B,INACTIVE_OUTLET,70,MEDIUM,"[""No order for 36 days"", ""Zero revenue in current 30d"", ""Previous 30d revenue was \u20b914,392""]",Prioritize a reactivation visit. Investigate the reason for inactivity and attempt to recover previous purchasing behaviour.,OPEN
OPP-001502,2635,Manne Traders,8,76,Convenience,A,REVENUE_RECOVERY,65,MEDIUM,"[""Revenue declined 24.9% vs previous 30d"", ""Revenue gap of \u20b96,741"", ""Order frequency declined"", ""Revenue growth below peer benchmark""]","Prioritize an outlet visit to investigate lost volume, identify affected products/categories, and attempt revenue recovery.",OPEN
OPP-001503,2636,Modi Traders,4,1,Supermarket,C,REVENUE_RECOVERY,70,MEDIUM,"[""Revenue declined 70.0% vs previous 30d"", ""Revenue gap of \u20b91,157"", ""Order frequency declined 50.0%"", ""Revenue growth below peer benchmark""]","Prioritize an outlet visit to investigate lost volume, identify affected products/categories, and attempt revenue recovery.",OPEN
OPP-001504,2639,Pillay Supermarket,3,67,Convenience,B,REVENUE_RECOVERY,93,HIGH,"[""Revenue declined 49.9% vs previous 30d"", ""Revenue gap of \u20b95,171"", ""Order frequency declined 50.0%"", ""Revenue growth materially below peer benchmark""]","Prioritize an outlet visit to investigate lost volume, identify affected products/categories, and attempt revenue recovery.",OPEN
OPP-001505,2640,Tak Retail,2,38,Supermarket,B,REVENUE_RECOVERY,100,HIGH,"[""Revenue declined 100.0% vs previous 30d"", ""Revenue gap of \u20b99,583"", ""Order frequency declined 100.0%"", ""Revenue growth materially below peer benchmark""]","Prioritize an outlet visit to investigate lost volume, identify affected products/categories, and attempt revenue recovery.",OPEN
OPP-001506,2641,Hayre General Store,9,85,Supermarket,C,REVENUE_RECOVERY,63,MEDIUM,"[""Revenue declined 49.5% vs previous 30d"", ""Revenue gap of \u20b95,075""]","Prioritize an outlet visit to investigate lost volume, identify affected products/categories, and attempt revenue recovery.",OPEN
OPP-001507,2644,Ahuja Supermarket,6,14,Convenience,A,REVENUE_RECOVERY,70,MEDIUM,"[""Revenue declined 16.6% vs previous 30d"", ""Revenue gap of \u20b97,922"", ""Order frequency declined 25.0%"", ""Revenue growth below peer benchmark""]","Prioritize an outlet visit to investigate lost volume, identify affected products/categories, and attempt revenue recovery.",OPEN
OPP-001508,2649,Andra Retail,12,50,Convenience,A,REVENUE_RECOVERY,85,HIGH,"[""Revenue declined 78.0% vs previous 30d"", ""Revenue gap of \u20b917,991"", ""Revenue growth materially below peer benchmark""]","Prioritize an outlet visit to investigate lost volume, identify affected products/categories, and attempt revenue recovery.",OPEN
OPP-001509,2660,Bhasin Retail,12,18,Modern Trade,B,REVENUE_RECOVERY,100,HIGH,"[""Revenue declined 100.0% vs previous 30d"", ""Revenue gap of \u20b912,656"", ""Order frequency declined 100.0%"", ""Revenue growth materially below peer benchmark""]","Prioritize an outlet visit to investigate lost volume, identify affected products/categories, and attempt revenue recovery.",OPEN
OPP-001510,2660,Bhasin Retail,12,18,Modern Trade,B,INACTIVE_OUTLET,85,HIGH,"[""No order for 48 days"", ""Zero revenue in current 30d"", ""Previous 30d revenue was \u20b912,656""]",Prioritize a reactivation visit. Investigate the reason for inactivity and attempt to recover previous purchasing behaviour.,OPEN
OPP-001511,2661,Dhar Traders,4,8,Modern Trade,C,REVENUE_RECOVERY,92,HIGH,"[""Revenue declined 100.0% vs previous 30d"", ""Revenue gap of \u20b93,214"", ""Order frequency declined 100.0%"", ""Revenue growth materially below peer benchmark""]","Prioritize an outlet visit to investigate lost volume, identify affected products/categories, and attempt revenue recovery.",OPEN
OPP-001512,2661,Dhar Traders,4,8,Modern Trade,C,INACTIVE_OUTLET,60,MEDIUM,"[""No order for 42 days"", ""Zero revenue in current 30d"", ""Previous 30d revenue was \u20b93,214""]",Prioritize a reactivation visit. Investigate the reason for inactivity and attempt to recover previous purchasing behaviour.,OPEN
OPP-001513,2662,Mammen Mart,12,92,Pharmacy,B,REVENUE_RECOVERY,100,HIGH,"[""Revenue declined 89.5% vs previous 30d"", ""Revenue gap of \u20b921,182"", ""Order frequency declined 83.3%"", ""Revenue growth materially below peer benchmark""]","Prioritize an outlet visit to investigate lost volume, identify affected products/categories, and attempt revenue recovery.",OPEN
OPP-001514,2664,Bassi Supermarket,5,71,Supermarket,A,REVENUE_RECOVERY,100,HIGH,"[""Revenue declined 100.0% vs previous 30d"", ""Revenue gap of \u20b912,446"", ""Order frequency declined 100.0%"", ""Revenue growth materially below peer benchmark""]","Prioritize an outlet visit to investigate lost volume, identify affected products/categories, and attempt revenue recovery.",OPEN
OPP-001515,2664,Bassi Supermarket,5,71,Supermarket,A,INACTIVE_OUTLET,85,HIGH,"[""No order for 45 days"", ""Zero revenue in current 30d"", ""Previous 30d revenue was \u20b912,446""]",Prioritize a reactivation visit. Investigate the reason for inactivity and attempt to recover previous purchasing behaviour.,OPEN
OPP-001516,2665,Kata General Store,12,92,Convenience,A,REVENUE_RECOVERY,100,HIGH,"[""Revenue declined 87.1% vs previous 30d"", ""Revenue gap of \u20b926,389"", ""Order frequency declined 80.0%"", ""Revenue growth materially below peer benchmark""]","Prioritize an outlet visit to investigate lost volume, identify affected products/categories, and attempt revenue recovery.",OPEN
OPP-001517,2666,Venkatesh General Store,4,58,Convenience,A,REVENUE_RECOVERY,37,LOW,"[""Revenue gap of \u20b92,043"", ""Order frequency declined"", ""Revenue growth below peer benchmark""]","Prioritize an outlet visit to investigate lost volume, identify affected products/categories, and attempt revenue recovery.",OPEN
OPP-001518,2669,Shanker Supermarket,12,15,Supermarket,A,REVENUE_RECOVERY,100,HIGH,"[""Revenue declined 73.9% vs previous 30d"", ""Revenue gap of \u20b99,708"", ""Order frequency declined 50.0%"", ""Revenue growth materially below peer benchmark""]","Prioritize an outlet visit to investigate lost volume, identify affected products/categories, and attempt revenue recovery.",OPEN
OPP-001519,2672,Tiwari Supermarket,3,89,Convenience,B,REVENUE_RECOVERY,100,HIGH,"[""Revenue declined 63.1% vs previous 30d"", ""Revenue gap of \u20b96,279"", ""Order frequency declined 50.0%"", ""Revenue growth materially below peer benchmark""]","Prioritize an outlet visit to investigate lost volume, identify affected products/categories, and attempt revenue recovery.",OPEN
OPP-001520,2676,Bhatia Supermarket,10,94,General Trade,B,REVENUE_RECOVERY,80,HIGH,"[""Revenue declined 68.6% vs previous 30d"", ""Revenue gap of \u20b91,027"", ""Order frequency declined 75.0%"", ""Revenue growth materially below peer benchmark""]","Prioritize an outlet visit to investigate lost volume, identify affected products/categories, and attempt revenue recovery.",OPEN
OPP-001521,2678,De Traders,9,95,Modern Trade,B,REVENUE_RECOVERY,100,HIGH,"[""Revenue declined 100.0% vs previous 30d"", ""Revenue gap of \u20b911,641"", ""Order frequency declined 100.0%"", ""Revenue growth materially below peer benchmark""]","Prioritize an outlet visit to investigate lost volume, identify affected products/categories, and attempt revenue recovery.",OPEN
OPP-001522,2678,De Traders,9,95,Modern Trade,B,INACTIVE_OUTLET,85,HIGH,"[""No order for 46 days"", ""Zero revenue in current 30d"", ""Previous 30d revenue was \u20b911,641""]",Prioritize a reactivation visit. Investigate the reason for inactivity and attempt to recover previous purchasing behaviour.,OPEN
OPP-001523,2680,Manne Retail,4,81,General Trade,B,REVENUE_RECOVERY,52,LOW,"[""Revenue declined 24.7% vs previous 30d"", ""Revenue gap of \u20b92,405"", ""Revenue growth below peer benchmark""]","Prioritize an outlet visit to investigate lost volume, identify affected products/categories, and attempt revenue recovery.",OPEN
OPP-001524,2684,Narain Supermarket,10,100,Pharmacy,B,REVENUE_RECOVERY,95,HIGH,"[""Revenue declined 74.6% vs previous 30d"", ""Revenue gap of \u20b97,972"", ""Order frequency declined 40.0%"", ""Revenue growth materially below peer benchmark""]","Prioritize an outlet visit to investigate lost volume, identify affected products/categories, and attempt revenue recovery.",OPEN
OPP-001525,2690,Jain Traders,6,98,Convenience,B,REVENUE_RECOVERY,92,HIGH,"[""Revenue declined 100.0% vs previous 30d"", ""Revenue gap of \u20b93,353"", ""Order frequency declined 100.0%"", ""Revenue growth materially below peer benchmark""]","Prioritize an outlet visit to investigate lost volume, identify affected products/categories, and attempt revenue recovery.",OPEN
OPP-001526,2690,Jain Traders,6,98,Convenience,B,INACTIVE_OUTLET,60,MEDIUM,"[""No order for 43 days"", ""Zero revenue in current 30d"", ""Previous 30d revenue was \u20b93,353""]",Prioritize a reactivation visit. Investigate the reason for inactivity and attempt to recover previous purchasing behaviour.,OPEN
OPP-001527,2693,Dugal General Store,6,74,Convenience,C,REVENUE_RECOVERY,92,HIGH,"[""Revenue declined 100.0% vs previous 30d"", ""Revenue gap of \u20b94,191"", ""Order frequency declined 100.0%"", ""Revenue growth materially below peer benchmark""]","Prioritize an outlet visit to investigate lost volume, identify affected products/categories, and attempt revenue recovery.",OPEN
OPP-001528,2693,Dugal General Store,6,74,Convenience,C,INACTIVE_OUTLET,60,MEDIUM,"[""No order for 38 days"", ""Zero revenue in current 30d"", ""Previous 30d revenue was \u20b94,191""]",Prioritize a reactivation visit. Investigate the reason for inactivity and attempt to recover previous purchasing behaviour.,OPEN
OPP-001529,2697,Shukla Traders,1,99,General Trade,A,REVENUE_RECOVERY,93,HIGH,"[""Revenue declined 35.4% vs previous 30d"", ""Revenue gap of \u20b96,630"", ""Order frequency declined 50.0%"", ""Revenue growth materially below peer benchmark""]","Prioritize an outlet visit to investigate lost volume, identify affected products/categories, and attempt revenue recovery.",OPEN
OPP-001530,2698,Murthy Mart,5,31,Convenience,A,REVENUE_RECOVERY,37,LOW,"[""Revenue gap of \u20b92,249"", ""Order frequency declined"", ""Revenue growth below peer benchmark""]","Prioritize an outlet visit to investigate lost volume, identify affected products/categories, and attempt revenue recovery.",OPEN
OPP-001531,2699,Ray Retail,2,40,Supermarket,C,REVENUE_RECOVERY,100,HIGH,"[""Revenue declined 96.3% vs previous 30d"", ""Revenue gap of \u20b95,589"", ""Order frequency declined 50.0%"", ""Revenue growth materially below peer benchmark""]","Prioritize an outlet visit to investigate lost volume, identify affected products/categories, and attempt revenue recovery.",OPEN
OPP-001532,2700,Dara Retail,6,74,Convenience,C,REVENUE_RECOVERY,80,HIGH,"[""Revenue declined 100.0% vs previous 30d"", ""Revenue gap of \u20b91,926"", ""Order frequency declined 100.0%"", ""Revenue growth materially below peer benchmark""]","Prioritize an outlet visit to investigate lost volume, identify affected products/categories, and attempt revenue recovery.",OPEN
OPP-001533,2700,Dara Retail,6,74,Convenience,C,INACTIVE_OUTLET,75,HIGH,"[""No order for 56 days"", ""Zero revenue in current 30d"", ""Previous 30d revenue was \u20b91,926""]",Prioritize a reactivation visit. Investigate the reason for inactivity and attempt to recover previous purchasing behaviour.,OPEN
OPP-001534,2705,Morar Retail,5,42,Pharmacy,A,REVENUE_RECOVERY,88,HIGH,"[""Revenue declined 46.3% vs previous 30d"", ""Revenue gap of \u20b913,185"", ""Order frequency declined 40.0%"", ""Revenue growth materially below peer benchmark""]","Prioritize an outlet visit to investigate lost volume, identify affected products/categories, and attempt revenue recovery.",OPEN
OPP-001535,2706,Sheth Traders,12,50,Convenience,B,REVENUE_RECOVERY,100,HIGH,"[""Revenue declined 74.7% vs previous 30d"", ""Revenue gap of \u20b97,612"", ""Order frequency declined 66.7%"", ""Revenue growth materially below peer benchmark""]","Prioritize an outlet visit to investigate lost volume, identify affected products/categories, and attempt revenue recovery.",OPEN
OPP-001536,2714,Narang Retail,6,14,Pharmacy,C,REVENUE_RECOVERY,100,HIGH,"[""Revenue declined 100.0% vs previous 30d"", ""Revenue gap of \u20b98,070"", ""Order frequency declined 100.0%"", ""Revenue growth materially below peer benchmark""]","Prioritize an outlet visit to investigate lost volume, identify affected products/categories, and attempt revenue recovery.",OPEN
OPP-001537,2714,Narang Retail,6,14,Pharmacy,C,INACTIVE_OUTLET,70,MEDIUM,"[""No order for 43 days"", ""Zero revenue in current 30d"", ""Previous 30d revenue was \u20b98,070""]",Prioritize a reactivation visit. Investigate the reason for inactivity and attempt to recover previous purchasing behaviour.,OPEN
OPP-001538,2717,Kothari Supermarket,6,98,Pharmacy,C,REVENUE_RECOVERY,82,HIGH,"[""Revenue declined 51.7% vs previous 30d"", ""Revenue gap of \u20b94,856"", ""Order frequency declined 50.0%"", ""Revenue growth below peer benchmark""]","Prioritize an outlet visit to investigate lost volume, identify affected products/categories, and attempt revenue recovery.",OPEN
OPP-001539,2719,Randhawa Mart,12,16,General Trade,B,REVENUE_RECOVERY,100,HIGH,"[""Revenue declined 81.6% vs previous 30d"", ""Revenue gap of \u20b921,911"", ""Order frequency declined 75.0%"", ""Revenue growth materially below peer benchmark""]","Prioritize an outlet visit to investigate lost volume, identify affected products/categories, and attempt revenue recovery.",OPEN
OPP-001540,2722,Mistry Traders,12,64,Supermarket,B,REVENUE_RECOVERY,100,HIGH,"[""Revenue declined 100.0% vs previous 30d"", ""Revenue gap of \u20b97,424"", ""Order frequency declined 100.0%"", ""Revenue growth materially below peer benchmark""]","Prioritize an outlet visit to investigate lost volume, identify affected products/categories, and attempt revenue recovery.",OPEN
OPP-001541,2722,Mistry Traders,12,64,Supermarket,B,INACTIVE_OUTLET,70,MEDIUM,"[""No order for 41 days"", ""Zero revenue in current 30d"", ""Previous 30d revenue was \u20b97,424""]",Prioritize a reactivation visit. Investigate the reason for inactivity and attempt to recover previous purchasing behaviour.,OPEN
OPP-001542,2723,Lad Traders,7,28,Pharmacy,B,REVENUE_RECOVERY,100,HIGH,"[""Revenue declined 97.9% vs previous 30d"", ""Revenue gap of \u20b910,975"", ""Order frequency declined 66.7%"", ""Revenue growth materially below peer benchmark""]","Prioritize an outlet visit to investigate lost volume, identify affected products/categories, and attempt revenue recovery.",OPEN
OPP-001543,2724,Ghosh Supermarket,12,92,General Trade,C,REVENUE_RECOVERY,82,HIGH,"[""Revenue declined 61.9% vs previous 30d"", ""Revenue gap of \u20b93,627"", ""Order frequency declined 66.7%"", ""Revenue growth below peer benchmark""]","Prioritize an outlet visit to investigate lost volume, identify affected products/categories, and attempt revenue recovery.",OPEN
OPP-001544,2725,Balasubramanian Mart,5,82,Convenience,C,REVENUE_RECOVERY,65,MEDIUM,"[""Revenue declined 87.9% vs previous 30d"", ""Revenue gap of \u20b91,138"", ""Revenue growth materially below peer benchmark""]","Prioritize an outlet visit to investigate lost volume, identify affected products/categories, and attempt revenue recovery.",OPEN
OPP-001545,2726,Ravel General Store,4,22,Modern Trade,C,REVENUE_RECOVERY,92,HIGH,"[""Revenue declined 100.0% vs previous 30d"", ""Revenue gap of \u20b92,135"", ""Order frequency declined 100.0%"", ""Revenue growth materially below peer benchmark""]","Prioritize an outlet visit to investigate lost volume, identify affected products/categories, and attempt revenue recovery.",OPEN
OPP-001546,2726,Ravel General Store,4,22,Modern Trade,C,INACTIVE_OUTLET,75,HIGH,"[""No order for 57 days"", ""Zero revenue in current 30d"", ""Previous 30d revenue was \u20b92,135""]",Prioritize a reactivation visit. Investigate the reason for inactivity and attempt to recover previous purchasing behaviour.,OPEN
OPP-001547,2729,Chandra Mart,7,28,Convenience,B,REVENUE_RECOVERY,75,HIGH,"[""Revenue declined 41.9% vs previous 30d"", ""Revenue gap of \u20b92,636"", ""Order frequency declined 66.7%"", ""Revenue growth below peer benchmark""]","Prioritize an outlet visit to investigate lost volume, identify affected products/categories, and attempt revenue recovery.",OPEN
OPP-001548,2732,Dey Mart,6,74,Supermarket,B,REVENUE_RECOVERY,85,HIGH,"[""Revenue declined 63.5% vs previous 30d"", ""Revenue gap of \u20b95,148"", ""Revenue growth materially below peer benchmark""]","Prioritize an outlet visit to investigate lost volume, identify affected products/categories, and attempt revenue recovery.",OPEN
OPP-001549,2739,Rattan Supermarket,12,18,General Trade,C,REVENUE_RECOVERY,92,HIGH,"[""Revenue declined 100.0% vs previous 30d"", ""Revenue gap of \u20b93,475"", ""Order frequency declined 100.0%"", ""Revenue growth materially below peer benchmark""]","Prioritize an outlet visit to investigate lost volume, identify affected products/categories, and attempt revenue recovery.",OPEN
OPP-001550,2739,Rattan Supermarket,12,18,General Trade,C,INACTIVE_OUTLET,60,MEDIUM,"[""No order for 36 days"", ""Zero revenue in current 30d"", ""Previous 30d revenue was \u20b93,475""]",Prioritize a reactivation visit. Investigate the reason for inactivity and attempt to recover previous purchasing behaviour.,OPEN
OPP-001551,2740,Pradhan General Store,4,60,Pharmacy,A,REVENUE_RECOVERY,95,HIGH,"[""Revenue declined 58.0% vs previous 30d"", ""Revenue gap of \u20b926,733"", ""Order frequency declined 37.5%"", ""Revenue growth materially below peer benchmark""]","Prioritize an outlet visit to investigate lost volume, identify affected products/categories, and attempt revenue recovery.",OPEN
OPP-001552,2741,Chad Supermarket,8,70,Pharmacy,C,REVENUE_RECOVERY,55,MEDIUM,"[""Revenue declined 45.7% vs previous 30d"", ""Revenue gap of \u20b92,813""]","Prioritize an outlet visit to investigate lost volume, identify affected products/categories, and attempt revenue recovery.",OPEN
OPP-001553,2744,Bains Retail,12,61,Modern Trade,B,REVENUE_RECOVERY,88,HIGH,"[""Revenue declined 47.4% vs previous 30d"", ""Revenue gap of \u20b96,539"", ""Order frequency declined 25.0%"", ""Revenue growth materially below peer benchmark""]","Prioritize an outlet visit to investigate lost volume, identify affected products/categories, and attempt revenue recovery.",OPEN
OPP-001554,2751,Das Supermarket,6,5,General Trade,A,REVENUE_RECOVERY,70,MEDIUM,"[""Revenue declined 45.1% vs previous 30d"", ""Revenue gap of \u20b94,365"", ""Revenue growth materially below peer benchmark""]","Prioritize an outlet visit to investigate lost volume, identify affected products/categories, and attempt revenue recovery.",OPEN
OPP-001555,2752,Basak Supermarket,4,12,Pharmacy,C,REVENUE_RECOVERY,92,HIGH,"[""Revenue declined 100.0% vs previous 30d"", ""Revenue gap of \u20b92,914"", ""Order frequency declined 100.0%"", ""Revenue growth materially below peer benchmark""]","Prioritize an outlet visit to investigate lost volume, identify affected products/categories, and attempt revenue recovery.",OPEN
OPP-001556,2752,Basak Supermarket,4,12,Pharmacy,C,INACTIVE_OUTLET,60,MEDIUM,"[""No order for 35 days"", ""Zero revenue in current 30d"", ""Previous 30d revenue was \u20b92,914""]",Prioritize a reactivation visit. Investigate the reason for inactivity and attempt to recover previous purchasing behaviour.,OPEN
OPP-001557,2753,Shenoy Supermarket,8,69,Pharmacy,B,REVENUE_RECOVERY,40,LOW,"[""Revenue declined 24.4% vs previous 30d"", ""Revenue gap of \u20b91,032"", ""Revenue growth below peer benchmark""]","Prioritize an outlet visit to investigate lost volume, identify affected products/categories, and attempt revenue recovery.",OPEN
OPP-001558,2755,Ganguly Retail,7,68,General Trade,B,REVENUE_RECOVERY,85,HIGH,"[""Revenue declined 79.7% vs previous 30d"", ""Revenue gap of \u20b97,393"", ""Revenue growth materially below peer benchmark""]","Prioritize an outlet visit to investigate lost volume, identify affected products/categories, and attempt revenue recovery.",OPEN
OPP-001559,2756,Sant General Store,6,72,Convenience,C,REVENUE_RECOVERY,82,HIGH,"[""Revenue declined 64.7% vs previous 30d"", ""Revenue gap of \u20b92,974"", ""Order frequency declined 50.0%"", ""Revenue growth below peer benchmark""]","Prioritize an outlet visit to investigate lost volume, identify affected products/categories, and attempt revenue recovery.",OPEN
OPP-001560,2758,Taneja Mart,1,99,Modern Trade,B,REVENUE_RECOVERY,92,HIGH,"[""Revenue declined 84.8% vs previous 30d"", ""Revenue gap of \u20b93,738"", ""Order frequency declined 50.0%"", ""Revenue growth materially below peer benchmark""]","Prioritize an outlet visit to investigate lost volume, identify affected products/categories, and attempt revenue recovery.",OPEN
OPP-001561,2760,Raja Supermarket,12,16,Pharmacy,C,REVENUE_RECOVERY,92,HIGH,"[""Revenue declined 100.0% vs previous 30d"", ""Revenue gap of \u20b93,585"", ""Order frequency declined 100.0%"", ""Revenue growth materially below peer benchmark""]","Prioritize an outlet visit to investigate lost volume, identify affected products/categories, and attempt revenue recovery.",OPEN
OPP-001562,2763,Pandya Mart,1,3,Supermarket,B,REVENUE_RECOVERY,85,HIGH,"[""Revenue declined 80.1% vs previous 30d"", ""Revenue gap of \u20b96,954"", ""Revenue growth materially below peer benchmark""]","Prioritize an outlet visit to investigate lost volume, identify affected products/categories, and attempt revenue recovery.",OPEN
OPP-001563,2764,Kala General Store,5,31,General Trade,A,REVENUE_RECOVERY,78,HIGH,"[""Revenue declined 40.1% vs previous 30d"", ""Revenue gap of \u20b915,105"", ""Revenue growth materially below peer benchmark""]","Prioritize an outlet visit to investigate lost volume, identify affected products/categories, and attempt revenue recovery.",OPEN
OPP-001564,2766,Maharaj Mart,12,50,Modern Trade,C,REVENUE_RECOVERY,65,MEDIUM,"[""Revenue declined 100.0% vs previous 30d"", ""Order frequency declined 100.0%"", ""Revenue growth materially below peer benchmark""]","Prioritize an outlet visit to investigate lost volume, identify affected products/categories, and attempt revenue recovery.",OPEN
OPP-001565,2766,Maharaj Mart,12,50,Modern Trade,C,INACTIVE_OUTLET,65,MEDIUM,"[""No order for 54 days"", ""Zero revenue in current 30d""]",Prioritize a reactivation visit. Investigate the reason for inactivity and attempt to recover previous purchasing behaviour.,OPEN
OPP-001566,2768,Sehgal Retail,3,2,Supermarket,C,REVENUE_RECOVERY,80,HIGH,"[""Revenue declined 84.1% vs previous 30d"", ""Revenue gap of \u20b91,561"", ""Order frequency declined 50.0%"", ""Revenue growth materially below peer benchmark""]","Prioritize an outlet visit to investigate lost volume, identify affected products/categories, and attempt revenue recovery.",OPEN
OPP-001567,2770,Banerjee Mart,8,76,Modern Trade,B,REVENUE_RECOVERY,55,MEDIUM,"[""Revenue declined 23.6% vs previous 30d"", ""Revenue gap of \u20b91,592"", ""Order frequency declined 50.0%"", ""Revenue growth below peer benchmark""]","Prioritize an outlet visit to investigate lost volume, identify affected products/categories, and attempt revenue recovery.",OPEN
OPP-001568,2772,Merchant Retail,3,83,Convenience,C,REVENUE_RECOVERY,95,HIGH,"[""Revenue declined 80.1% vs previous 30d"", ""Revenue gap of \u20b97,474"", ""Order frequency declined 33.3%"", ""Revenue growth materially below peer benchmark""]","Prioritize an outlet visit to investigate lost volume, identify affected products/categories, and attempt revenue recovery.",OPEN
OPP-001569,2774,Sabharwal Traders,12,36,Supermarket,B,REVENUE_RECOVERY,100,HIGH,"[""Revenue declined 100.0% vs previous 30d"", ""Revenue gap of \u20b97,917"", ""Order frequency declined 100.0%"", ""Revenue growth materially below peer benchmark""]","Prioritize an outlet visit to investigate lost volume, identify affected products/categories, and attempt revenue recovery.",OPEN
OPP-001570,2774,Sabharwal Traders,12,36,Supermarket,B,INACTIVE_OUTLET,85,HIGH,"[""No order for 45 days"", ""Zero revenue in current 30d"", ""Previous 30d revenue was \u20b97,917""]",Prioritize a reactivation visit. Investigate the reason for inactivity and attempt to recover previous purchasing behaviour.,OPEN
OPP-001571,2775,Srinivas Retail,10,33,Pharmacy,C,REVENUE_RECOVERY,87,HIGH,"[""Revenue declined 56.3% vs previous 30d"", ""Revenue gap of \u20b93,301"", ""Order frequency declined 33.3%"", ""Revenue growth materially below peer benchmark""]","Prioritize an outlet visit to investigate lost volume, identify affected products/categories, and attempt revenue recovery.",OPEN
OPP-001572,2776,Bhat Retail,7,13,General Trade,C,REVENUE_RECOVERY,80,HIGH,"[""Revenue declined 100.0% vs previous 30d"", ""Revenue gap of \u20b91,048"", ""Order frequency declined 100.0%"", ""Revenue growth materially below peer benchmark""]","Prioritize an outlet visit to investigate lost volume, identify affected products/categories, and attempt revenue recovery.",OPEN
OPP-001573,2776,Bhat Retail,7,13,General Trade,C,INACTIVE_OUTLET,60,MEDIUM,"[""No order for 34 days"", ""Zero revenue in current 30d"", ""Previous 30d revenue was \u20b91,048""]",Prioritize a reactivation visit. Investigate the reason for inactivity and attempt to recover previous purchasing behaviour.,OPEN
OPP-001574,2781,Saini Supermarket,4,12,Modern Trade,C,REVENUE_RECOVERY,50,LOW,"[""Revenue declined 51.2% vs previous 30d"", ""Revenue gap of \u20b9760""]","Prioritize an outlet visit to investigate lost volume, identify affected products/categories, and attempt revenue recovery.",OPEN
OPP-001575,2786,Raja Mart,8,55,General Trade,B,REVENUE_RECOVERY,100,HIGH,"[""Revenue declined 93.1% vs previous 30d"", ""Revenue gap of \u20b99,964"", ""Order frequency declined 50.0%"", ""Revenue growth materially below peer benchmark""]","Prioritize an outlet visit to investigate lost volume, identify affected products/categories, and attempt revenue recovery.",OPEN
OPP-001576,2787,Parmer Traders,12,92,Pharmacy,A,REVENUE_RECOVERY,100,HIGH,"[""Revenue declined 74.2% vs previous 30d"", ""Revenue gap of \u20b935,798"", ""Order frequency declined 66.7%"", ""Revenue growth materially below peer benchmark""]","Prioritize an outlet visit to investigate lost volume, identify affected products/categories, and attempt revenue recovery.",OPEN
OPP-001577,2788,Srinivasan Retail,2,40,Modern Trade,C,REVENUE_RECOVERY,100,HIGH,"[""Revenue declined 81.8% vs previous 30d"", ""Revenue gap of \u20b97,602"", ""Order frequency declined 66.7%"", ""Revenue growth materially below peer benchmark""]","Prioritize an outlet visit to investigate lost volume, identify affected products/categories, and attempt revenue recovery.",OPEN
OPP-001578,2789,Sundaram General Store,6,29,General Trade,B,REVENUE_RECOVERY,100,HIGH,"[""Revenue declined 100.0% vs previous 30d"", ""Revenue gap of \u20b95,787"", ""Order frequency declined 100.0%"", ""Revenue growth materially below peer benchmark""]","Prioritize an outlet visit to investigate lost volume, identify affected products/categories, and attempt revenue recovery.",OPEN
OPP-001579,2789,Sundaram General Store,6,29,General Trade,B,INACTIVE_OUTLET,70,MEDIUM,"[""No order for 40 days"", ""Zero revenue in current 30d"", ""Previous 30d revenue was \u20b95,787""]",Prioritize a reactivation visit. Investigate the reason for inactivity and attempt to recover previous purchasing behaviour.,OPEN
OPP-001580,2790,Padmanabhan Mart,5,47,Supermarket,C,REVENUE_RECOVERY,92,HIGH,"[""Revenue declined 100.0% vs previous 30d"", ""Revenue gap of \u20b94,937"", ""Order frequency declined 100.0%"", ""Revenue growth materially below peer benchmark""]","Prioritize an outlet visit to investigate lost volume, identify affected products/categories, and attempt revenue recovery.",OPEN
OPP-001581,2790,Padmanabhan Mart,5,47,Supermarket,C,INACTIVE_OUTLET,60,MEDIUM,"[""No order for 34 days"", ""Zero revenue in current 30d"", ""Previous 30d revenue was \u20b94,937""]",Prioritize a reactivation visit. Investigate the reason for inactivity and attempt to recover previous purchasing behaviour.,OPEN
OPP-001582,2792,Nagy Mart,4,41,Pharmacy,C,REVENUE_RECOVERY,100,HIGH,"[""Revenue declined 91.1% vs previous 30d"", ""Revenue gap of \u20b98,036"", ""Order frequency declined 50.0%"", ""Revenue growth materially below peer benchmark""]","Prioritize an outlet visit to investigate lost volume, identify affected products/categories, and attempt revenue recovery.",OPEN
OPP-001583,2794,Madan General Store,3,20,Convenience,B,REVENUE_RECOVERY,100,HIGH,"[""Revenue declined 100.0% vs previous 30d"", ""Revenue gap of \u20b98,392"", ""Order frequency declined 100.0%"", ""Revenue growth materially below peer benchmark""]","Prioritize an outlet visit to investigate lost volume, identify affected products/categories, and attempt revenue recovery.",OPEN
OPP-001584,2794,Madan General Store,3,20,Convenience,B,INACTIVE_OUTLET,70,MEDIUM,"[""No order for 37 days"", ""Zero revenue in current 30d"", ""Previous 30d revenue was \u20b98,392""]",Prioritize a reactivation visit. Investigate the reason for inactivity and attempt to recover previous purchasing behaviour.,OPEN
OPP-001585,2796,Bal Mart,9,85,Supermarket,C,REVENUE_RECOVERY,92,HIGH,"[""Revenue declined 100.0% vs previous 30d"", ""Revenue gap of \u20b93,198"", ""Order frequency declined 100.0%"", ""Revenue growth materially below peer benchmark""]","Prioritize an outlet visit to investigate lost volume, identify affected products/categories, and attempt revenue recovery.",OPEN
OPP-001586,2796,Bal Mart,9,85,Supermarket,C,INACTIVE_OUTLET,60,MEDIUM,"[""No order for 35 days"", ""Zero revenue in current 30d"", ""Previous 30d revenue was \u20b93,198""]",Prioritize a reactivation visit. Investigate the reason for inactivity and attempt to recover previous purchasing behaviour.,OPEN
OPP-001587,2797,Nagar Traders,12,66,Supermarket,B,REVENUE_RECOVERY,100,HIGH,"[""Revenue declined 93.2% vs previous 30d"", ""Revenue gap of \u20b917,542"", ""Order frequency declined 75.0%"", ""Revenue growth materially below peer benchmark""]","Prioritize an outlet visit to investigate lost volume, identify affected products/categories, and attempt revenue recovery.",OPEN
OPP-001588,2798,Kanda Retail,9,35,Pharmacy,B,REVENUE_RECOVERY,40,LOW,"[""Revenue declined 18.7% vs previous 30d"", ""Revenue gap of \u20b91,946"", ""Revenue growth below peer benchmark""]","Prioritize an outlet visit to investigate lost volume, identify affected products/categories, and attempt revenue recovery.",OPEN
OPP-001589,2799,Balan Retail,3,20,Pharmacy,A,REVENUE_RECOVERY,100,HIGH,"[""Revenue declined 78.3% vs previous 30d"", ""Revenue gap of \u20b926,677"", ""Order frequency declined 80.0%"", ""Revenue growth materially below peer benchmark""]","Prioritize an outlet visit to investigate lost volume, identify affected products/categories, and attempt revenue recovery.",OPEN
OPP-001590,2800,Mand Mart,10,21,General Trade,B,REVENUE_RECOVERY,70,MEDIUM,"[""Revenue declined 37.4% vs previous 30d"", ""Revenue gap of \u20b93,418"", ""Order frequency declined 33.3%"", ""Revenue growth below peer benchmark""]","Prioritize an outlet visit to investigate lost volume, identify affected products/categories, and attempt revenue recovery.",OPEN
OPP-001591,2801,Bhardwaj General Store,2,37,Convenience,C,REVENUE_RECOVERY,92,HIGH,"[""Revenue declined 100.0% vs previous 30d"", ""Revenue gap of \u20b92,541"", ""Order frequency declined 100.0%"", ""Revenue growth materially below peer benchmark""]","Prioritize an outlet visit to investigate lost volume, identify affected products/categories, and attempt revenue recovery.",OPEN
OPP-001592,2801,Bhardwaj General Store,2,37,Convenience,C,INACTIVE_OUTLET,75,HIGH,"[""No order for 45 days"", ""Zero revenue in current 30d"", ""Previous 30d revenue was \u20b92,541""]",Prioritize a reactivation visit. Investigate the reason for inactivity and attempt to recover previous purchasing behaviour.,OPEN
OPP-001593,2803,Wagle Retail,6,29,Convenience,C,REVENUE_RECOVERY,100,HIGH,"[""Revenue declined 79.7% vs previous 30d"", ""Revenue gap of \u20b97,151"", ""Order frequency declined 75.0%"", ""Revenue growth materially below peer benchmark""]","Prioritize an outlet visit to investigate lost volume, identify affected products/categories, and attempt revenue recovery.",OPEN
OPP-001594,2804,Parmar Retail,9,93,Convenience,B,REVENUE_RECOVERY,100,HIGH,"[""Revenue declined 79.1% vs previous 30d"", ""Revenue gap of \u20b95,287"", ""Order frequency declined 66.7%"", ""Revenue growth materially below peer benchmark""]","Prioritize an outlet visit to investigate lost volume, identify affected products/categories, and attempt revenue recovery.",OPEN
OPP-001595,2805,Kaul General Store,1,52,Supermarket,C,REVENUE_RECOVERY,80,HIGH,"[""Revenue declined 100.0% vs previous 30d"", ""Revenue gap of \u20b91,503"", ""Order frequency declined 100.0%"", ""Revenue growth materially below peer benchmark""]","Prioritize an outlet visit to investigate lost volume, identify affected products/categories, and attempt revenue recovery.",OPEN
OPP-001596,2805,Kaul General Store,1,52,Supermarket,C,INACTIVE_OUTLET,75,HIGH,"[""No order for 45 days"", ""Zero revenue in current 30d"", ""Previous 30d revenue was \u20b91,503""]",Prioritize a reactivation visit. Investigate the reason for inactivity and attempt to recover previous purchasing behaviour.,OPEN
OPP-001597,2807,Chaudhry General Store,9,93,General Trade,B,REVENUE_RECOVERY,95,HIGH,"[""Revenue declined 65.2% vs previous 30d"", ""Revenue gap of \u20b96,082"", ""Order frequency declined 33.3%"", ""Revenue growth materially below peer benchmark""]","Prioritize an outlet visit to investigate lost volume, identify affected products/categories, and attempt revenue recovery.",OPEN
OPP-001598,2812,Bhalla Traders,5,31,General Trade,C,REVENUE_RECOVERY,62,MEDIUM,"[""Revenue declined 25.1% vs previous 30d"", ""Revenue gap of \u20b92,554"", ""Order frequency declined 50.0%""]","Prioritize an outlet visit to investigate lost volume, identify affected products/categories, and attempt revenue recovery.",OPEN
OPP-001599,2813,Kanda General Store,6,72,Pharmacy,A,REVENUE_RECOVERY,95,HIGH,"[""Revenue declined 65.8% vs previous 30d"", ""Revenue gap of \u20b923,672"", ""Order frequency declined 40.0%"", ""Revenue growth materially below peer benchmark""]","Prioritize an outlet visit to investigate lost volume, identify affected products/categories, and attempt revenue recovery.",OPEN
OPP-001600,2821,Bala Mart,8,69,General Trade,B,REVENUE_RECOVERY,100,HIGH,"[""Revenue declined 100.0% vs previous 30d"", ""Revenue gap of \u20b918,406"", ""Order frequency declined 100.0%"", ""Revenue growth materially below peer benchmark""]","Prioritize an outlet visit to investigate lost volume, identify affected products/categories, and attempt revenue recovery.",OPEN
OPP-001601,2821,Bala Mart,8,69,General Trade,B,INACTIVE_OUTLET,70,MEDIUM,"[""No order for 33 days"", ""Zero revenue in current 30d"", ""Previous 30d revenue was \u20b918,406""]",Prioritize a reactivation visit. Investigate the reason for inactivity and attempt to recover previous purchasing behaviour.,OPEN
OPP-001602,2831,Bhalla Supermarket,6,80,Modern Trade,C,REVENUE_RECOVERY,92,HIGH,"[""Revenue declined 88.2% vs previous 30d"", ""Revenue gap of \u20b94,865"", ""Order frequency declined 50.0%"", ""Revenue growth materially below peer benchmark""]","Prioritize an outlet visit to investigate lost volume, identify affected products/categories, and attempt revenue recovery.",OPEN
OPP-001603,2832,Kaul Retail,2,9,General Trade,A,REVENUE_RECOVERY,88,HIGH,"[""Revenue declined 41.6% vs previous 30d"", ""Revenue gap of \u20b98,646"", ""Order frequency declined 25.0%"", ""Revenue growth materially below peer benchmark""]","Prioritize an outlet visit to investigate lost volume, identify affected products/categories, and attempt revenue recovery.",OPEN
OPP-001604,2833,Kanda General Store,3,2,Modern Trade,C,REVENUE_RECOVERY,100,HIGH,"[""Revenue declined 92.0% vs previous 30d"", ""Revenue gap of \u20b98,978"", ""Order frequency declined 80.0%"", ""Revenue growth materially below peer benchmark""]","Prioritize an outlet visit to investigate lost volume, identify affected products/categories, and attempt revenue recovery.",OPEN
OPP-001605,2836,Sridhar Retail,1,3,Pharmacy,C,REVENUE_RECOVERY,55,MEDIUM,"[""Revenue declined 71.6% vs previous 30d"", ""Revenue gap of \u20b91,933"", ""Revenue growth below peer benchmark""]","Prioritize an outlet visit to investigate lost volume, identify affected products/categories, and attempt revenue recovery.",OPEN
OPP-001606,2842,Goel Traders,11,56,Pharmacy,C,REVENUE_RECOVERY,65,MEDIUM,"[""Revenue declined 100.0% vs previous 30d"", ""Order frequency declined 100.0%"", ""Revenue growth materially below peer benchmark""]","Prioritize an outlet visit to investigate lost volume, identify affected products/categories, and attempt revenue recovery.",OPEN
OPP-001607,2842,Goel Traders,11,56,Pharmacy,C,INACTIVE_OUTLET,65,MEDIUM,"[""No order for 51 days"", ""Zero revenue in current 30d""]",Prioritize a reactivation visit. Investigate the reason for inactivity and attempt to recover previous purchasing behaviour.,OPEN
OPP-001608,2843,Naik Mart,7,57,General Trade,A,REVENUE_RECOVERY,95,HIGH,"[""Revenue declined 52.0% vs previous 30d"", ""Revenue gap of \u20b912,540"", ""Order frequency declined 25.0%"", ""Revenue growth materially below peer benchmark""]","Prioritize an outlet visit to investigate lost volume, identify affected products/categories, and attempt revenue recovery.",OPEN
OPP-001609,2847,Dhar Traders,3,91,General Trade,C,REVENUE_RECOVERY,82,HIGH,"[""Revenue declined 51.2% vs previous 30d"", ""Revenue gap of \u20b93,295"", ""Order frequency declined 66.7%"", ""Revenue growth below peer benchmark""]","Prioritize an outlet visit to investigate lost volume, identify affected products/categories, and attempt revenue recovery.",OPEN
OPP-001610,2849,Vora Traders,4,39,Supermarket,B,REVENUE_RECOVERY,92,HIGH,"[""Revenue declined 100.0% vs previous 30d"", ""Revenue gap of \u20b92,449"", ""Order frequency declined 100.0%"", ""Revenue growth materially below peer benchmark""]","Prioritize an outlet visit to investigate lost volume, identify affected products/categories, and attempt revenue recovery.",OPEN
OPP-001611,2849,Vora Traders,4,39,Supermarket,B,INACTIVE_OUTLET,75,HIGH,"[""No order for 48 days"", ""Zero revenue in current 30d"", ""Previous 30d revenue was \u20b92,449""]",Prioritize a reactivation visit. Investigate the reason for inactivity and attempt to recover previous purchasing behaviour.,OPEN
OPP-001612,2850,Patla General Store,3,88,Modern Trade,A,REVENUE_RECOVERY,100,HIGH,"[""Revenue declined 64.9% vs previous 30d"", ""Revenue gap of \u20b928,325"", ""Order frequency declined 57.1%"", ""Revenue growth materially below peer benchmark""]","Prioritize an outlet visit to investigate lost volume, identify affected products/categories, and attempt revenue recovery.",OPEN
OPP-001613,2854,Chaudhuri Mart,3,89,Supermarket,C,REVENUE_RECOVERY,65,MEDIUM,"[""Revenue declined 65.7% vs previous 30d"", ""Revenue gap of \u20b9903"", ""Revenue growth materially below peer benchmark""]","Prioritize an outlet visit to investigate lost volume, identify affected products/categories, and attempt revenue recovery.",OPEN
OPP-001614,2857,Naidu Traders,12,53,Convenience,A,STOCK_RISK,20,LOW,"[""1 stockout event(s) in last 90d""]",Review outlet inventory and prioritize replenishment of affected SKUs before another stockout causes lost sales.,OPEN
OPP-001615,2858,Deshpande General Store,6,45,Convenience,A,REVENUE_RECOVERY,62,MEDIUM,"[""Revenue declined 19.5% vs previous 30d"", ""Revenue gap of \u20b93,559"", ""Revenue growth materially below peer benchmark""]","Prioritize an outlet visit to investigate lost volume, identify affected products/categories, and attempt revenue recovery.",OPEN
OPP-001616,2862,Nadig Retail,6,14,Modern Trade,A,REVENUE_RECOVERY,100,HIGH,"[""Revenue declined 100.0% vs previous 30d"", ""Revenue gap of \u20b95,169"", ""Order frequency declined 100.0%"", ""Revenue growth materially below peer benchmark""]","Prioritize an outlet visit to investigate lost volume, identify affected products/categories, and attempt revenue recovery.",OPEN
OPP-001617,2862,Nadig Retail,6,14,Modern Trade,A,INACTIVE_OUTLET,85,HIGH,"[""No order for 48 days"", ""Zero revenue in current 30d"", ""Previous 30d revenue was \u20b95,169""]",Prioritize a reactivation visit. Investigate the reason for inactivity and attempt to recover previous purchasing behaviour.,OPEN
OPP-001618,2863,Ghosh Traders,2,37,Convenience,C,REVENUE_RECOVERY,100,HIGH,"[""Revenue declined 94.4% vs previous 30d"", ""Revenue gap of \u20b98,182"", ""Order frequency declined 50.0%"", ""Revenue growth materially below peer benchmark""]","Prioritize an outlet visit to investigate lost volume, identify affected products/categories, and attempt revenue recovery.",OPEN
OPP-001619,2864,Parikh General Store,6,14,Modern Trade,C,REVENUE_RECOVERY,100,HIGH,"[""Revenue declined 100.0% vs previous 30d"", ""Revenue gap of \u20b96,802"", ""Order frequency declined 100.0%"", ""Revenue growth materially below peer benchmark""]","Prioritize an outlet visit to investigate lost volume, identify affected products/categories, and attempt revenue recovery.",OPEN
OPP-001620,2864,Parikh General Store,6,14,Modern Trade,C,INACTIVE_OUTLET,70,MEDIUM,"[""No order for 35 days"", ""Zero revenue in current 30d"", ""Previous 30d revenue was \u20b96,802""]",Prioritize a reactivation visit. Investigate the reason for inactivity and attempt to recover previous purchasing behaviour.,OPEN
OPP-001621,2867,Radhakrishnan General Store,4,58,Modern Trade,C,REVENUE_RECOVERY,65,MEDIUM,"[""Revenue declined 100.0% vs previous 30d"", ""Order frequency declined 100.0%"", ""Revenue growth materially below peer benchmark""]","Prioritize an outlet visit to investigate lost volume, identify affected products/categories, and attempt revenue recovery.",OPEN
OPP-001622,2867,Radhakrishnan General Store,4,58,Modern Trade,C,INACTIVE_OUTLET,65,MEDIUM,"[""No order for 57 days"", ""Zero revenue in current 30d""]",Prioritize a reactivation visit. Investigate the reason for inactivity and attempt to recover previous purchasing behaviour.,OPEN
OPP-001623,2869,Menon Retail,12,53,Pharmacy,A,REVENUE_RECOVERY,100,HIGH,"[""Revenue declined 100.0% vs previous 30d"", ""Revenue gap of \u20b96,387"", ""Order frequency declined 100.0%"", ""Revenue growth materially below peer benchmark""]","Prioritize an outlet visit to investigate lost volume, identify affected products/categories, and attempt revenue recovery.",OPEN
OPP-001624,2869,Menon Retail,12,53,Pharmacy,A,INACTIVE_OUTLET,85,HIGH,"[""No order for 46 days"", ""Zero revenue in current 30d"", ""Previous 30d revenue was \u20b96,387""]",Prioritize a reactivation visit. Investigate the reason for inactivity and attempt to recover previous purchasing behaviour.,OPEN
OPP-001625,2871,Goel General Store,8,70,Pharmacy,C,REVENUE_RECOVERY,100,HIGH,"[""Revenue declined 100.0% vs previous 30d"", ""Revenue gap of \u20b95,550"", ""Order frequency declined 100.0%"", ""Revenue growth materially below peer benchmark""]","Prioritize an outlet visit to investigate lost volume, identify affected products/categories, and attempt revenue recovery.",OPEN
OPP-001626,2874,Bali General Store,4,12,Pharmacy,C,REVENUE_RECOVERY,55,MEDIUM,"[""Revenue declined 41.6% vs previous 30d"", ""Revenue gap of \u20b92,308""]","Prioritize an outlet visit to investigate lost volume, identify affected products/categories, and attempt revenue recovery.",OPEN
OPP-001627,2879,Taneja General Store,1,3,General Trade,A,REVENUE_RECOVERY,100,HIGH,"[""Revenue declined 98.4% vs previous 30d"", ""Revenue gap of \u20b910,616"", ""Order frequency declined 50.0%"", ""Revenue growth materially below peer benchmark""]","Prioritize an outlet visit to investigate lost volume, identify affected products/categories, and attempt revenue recovery.",OPEN
OPP-001628,2880,Dhaliwal General Store,1,77,Supermarket,A,REVENUE_RECOVERY,100,HIGH,"[""Revenue declined 51.8% vs previous 30d"", ""Revenue gap of \u20b99,240"", ""Order frequency declined 75.0%"", ""Revenue growth materially below peer benchmark""]","Prioritize an outlet visit to investigate lost volume, identify affected products/categories, and attempt revenue recovery.",OPEN
OPP-001629,2881,Narula Supermarket,6,80,Convenience,B,REVENUE_RECOVERY,92,HIGH,"[""Revenue declined 56.1% vs previous 30d"", ""Revenue gap of \u20b94,008"", ""Order frequency declined 50.0%"", ""Revenue growth materially below peer benchmark""]","Prioritize an outlet visit to investigate lost volume, identify affected products/categories, and attempt revenue recovery.",OPEN
OPP-001630,2886,Ganesh Mart,4,25,Supermarket,A,REVENUE_RECOVERY,100,HIGH,"[""Revenue declined 62.3% vs previous 30d"", ""Revenue gap of \u20b918,225"", ""Order frequency declined 50.0%"", ""Revenue growth materially below peer benchmark""]","Prioritize an outlet visit to investigate lost volume, identify affected products/categories, and attempt revenue recovery.",OPEN
OPP-001631,2889,Sekhon Traders,7,57,Supermarket,C,REVENUE_RECOVERY,43,LOW,"[""Revenue declined 44.8% vs previous 30d"", ""Revenue gap of \u20b9960""]","Prioritize an outlet visit to investigate lost volume, identify affected products/categories, and attempt revenue recovery.",OPEN
OPP-001632,2890,Apte Mart,12,18,Pharmacy,A,REVENUE_RECOVERY,100,HIGH,"[""Revenue declined 100.0% vs previous 30d"", ""Revenue gap of \u20b923,597"", ""Order frequency declined 100.0%"", ""Revenue growth materially below peer benchmark""]","Prioritize an outlet visit to investigate lost volume, identify affected products/categories, and attempt revenue recovery.",OPEN
OPP-001633,2890,Apte Mart,12,18,Pharmacy,A,INACTIVE_OUTLET,85,HIGH,"[""No order for 51 days"", ""Zero revenue in current 30d"", ""Previous 30d revenue was \u20b923,597""]",Prioritize a reactivation visit. Investigate the reason for inactivity and attempt to recover previous purchasing behaviour.,OPEN
OPP-001634,2897,Chokshi Retail,9,95,Modern Trade,C,REVENUE_RECOVERY,82,HIGH,"[""Revenue declined 52.1% vs previous 30d"", ""Revenue gap of \u20b92,884"", ""Order frequency declined 75.0%"", ""Revenue growth below peer benchmark""]","Prioritize an outlet visit to investigate lost volume, identify affected products/categories, and attempt revenue recovery.",OPEN
OPP-001635,2899,Bava General Store,9,93,Supermarket,A,STOCK_RISK,20,LOW,"[""1 stockout event(s) in last 90d""]",Review outlet inventory and prioritize replenishment of affected SKUs before another stockout causes lost sales.,OPEN
OPP-001636,2901,Sarma Mart,4,48,General Trade,C,REVENUE_RECOVERY,92,HIGH,"[""Revenue declined 100.0% vs previous 30d"", ""Revenue gap of \u20b93,372"", ""Order frequency declined 100.0%"", ""Revenue growth materially below peer benchmark""]","Prioritize an outlet visit to investigate lost volume, identify affected products/categories, and attempt revenue recovery.",OPEN
OPP-001637,2901,Sarma Mart,4,48,General Trade,C,INACTIVE_OUTLET,60,MEDIUM,"[""No order for 41 days"", ""Zero revenue in current 30d"", ""Previous 30d revenue was \u20b93,372""]",Prioritize a reactivation visit. Investigate the reason for inactivity and attempt to recover previous purchasing behaviour.,OPEN
OPP-001638,2902,Saini Supermarket,4,81,General Trade,C,REVENUE_RECOVERY,100,HIGH,"[""Revenue declined 100.0% vs previous 30d"", ""Revenue gap of \u20b99,389"", ""Order frequency declined 100.0%"", ""Revenue growth materially below peer benchmark""]","Prioritize an outlet visit to investigate lost volume, identify affected products/categories, and attempt revenue recovery.",OPEN
OPP-001639,2902,Saini Supermarket,4,81,General Trade,C,INACTIVE_OUTLET,70,MEDIUM,"[""No order for 32 days"", ""Zero revenue in current 30d"", ""Previous 30d revenue was \u20b99,389""]",Prioritize a reactivation visit. Investigate the reason for inactivity and attempt to recover previous purchasing behaviour.,OPEN
OPP-001640,2903,Ganesan General Store,4,39,Pharmacy,B,REVENUE_RECOVERY,100,HIGH,"[""Revenue declined 100.0% vs previous 30d"", ""Revenue gap of \u20b96,688"", ""Order frequency declined 100.0%"", ""Revenue growth materially below peer benchmark""]","Prioritize an outlet visit to investigate lost volume, identify affected products/categories, and attempt revenue recovery.",OPEN
OPP-001641,2903,Ganesan General Store,4,39,Pharmacy,B,INACTIVE_OUTLET,85,HIGH,"[""No order for 46 days"", ""Zero revenue in current 30d"", ""Previous 30d revenue was \u20b96,688""]",Prioritize a reactivation visit. Investigate the reason for inactivity and attempt to recover previous purchasing behaviour.,OPEN
OPP-001642,2907,Panchal Supermarket,9,95,Modern Trade,B,REVENUE_RECOVERY,100,HIGH,"[""Revenue declined 79.0% vs previous 30d"", ""Revenue gap of \u20b911,815"", ""Order frequency declined 50.0%"", ""Revenue growth materially below peer benchmark""]","Prioritize an outlet visit to investigate lost volume, identify affected products/categories, and attempt revenue recovery.",OPEN
OPP-001643,2908,Prashad Mart,3,91,General Trade,A,REVENUE_RECOVERY,95,HIGH,"[""Revenue declined 52.0% vs previous 30d"", ""Revenue gap of \u20b920,927"", ""Order frequency declined 25.0%"", ""Revenue growth materially below peer benchmark""]","Prioritize an outlet visit to investigate lost volume, identify affected products/categories, and attempt revenue recovery.",OPEN
OPP-001644,2909,Chaudhuri Retail,5,17,Supermarket,C,REVENUE_RECOVERY,40,LOW,"[""Revenue declined 56.2% vs previous 30d"", ""Revenue growth below peer benchmark""]","Prioritize an outlet visit to investigate lost volume, identify affected products/categories, and attempt revenue recovery.",OPEN
OPP-001645,2913,Seth General Store,6,98,General Trade,C,REVENUE_RECOVERY,43,LOW,"[""Revenue declined 38.9% vs previous 30d"", ""Revenue gap of \u20b91,543""]","Prioritize an outlet visit to investigate lost volume, identify affected products/categories, and attempt revenue recovery.",OPEN
OPP-001646,2914,Borah Supermarket,4,32,Convenience,A,REVENUE_RECOVERY,95,HIGH,"[""Revenue declined 61.5% vs previous 30d"", ""Revenue gap of \u20b911,734"", ""Order frequency declined 33.3%"", ""Revenue growth materially below peer benchmark""]","Prioritize an outlet visit to investigate lost volume, identify affected products/categories, and attempt revenue recovery.",OPEN
OPP-001647,2915,Bandi Traders,12,78,General Trade,B,REVENUE_RECOVERY,70,MEDIUM,"[""Revenue declined 42.9% vs previous 30d"", ""Revenue gap of \u20b92,817"", ""Revenue growth materially below peer benchmark""]","Prioritize an outlet visit to investigate lost volume, identify affected products/categories, and attempt revenue recovery.",OPEN
OPP-001648,2916,Menon Retail,7,44,Pharmacy,C,REVENUE_RECOVERY,63,MEDIUM,"[""Revenue declined 46.4% vs previous 30d"", ""Revenue gap of \u20b91,426"", ""Order frequency declined 50.0%"", ""Revenue growth below peer benchmark""]","Prioritize an outlet visit to investigate lost volume, identify affected products/categories, and attempt revenue recovery.",OPEN
OPP-001649,2920,Cheema Mart,4,54,Pharmacy,C,REVENUE_RECOVERY,80,HIGH,"[""Revenue declined 100.0% vs previous 30d"", ""Revenue gap of \u20b91,052"", ""Order frequency declined 100.0%"", ""Revenue growth materially below peer benchmark""]","Prioritize an outlet visit to investigate lost volume, identify affected products/categories, and attempt revenue recovery.",OPEN
OPP-001650,2920,Cheema Mart,4,54,Pharmacy,C,INACTIVE_OUTLET,75,HIGH,"[""No order for 52 days"", ""Zero revenue in current 30d"", ""Previous 30d revenue was \u20b91,052""]",Prioritize a reactivation visit. Investigate the reason for inactivity and attempt to recover previous purchasing behaviour.,OPEN
OPP-001651,2921,Borah Traders,12,36,General Trade,A,REVENUE_RECOVERY,78,HIGH,"[""Revenue declined 30.8% vs previous 30d"", ""Revenue gap of \u20b99,455"", ""Revenue growth materially below peer benchmark""]","Prioritize an outlet visit to investigate lost volume, identify affected products/categories, and attempt revenue recovery.",OPEN
OPP-001652,2922,Oommen Supermarket,5,51,Supermarket,B,REVENUE_RECOVERY,48,LOW,"[""Revenue declined 37.3% vs previous 30d"", ""Revenue gap of \u20b91,597"", ""Revenue growth below peer benchmark""]","Prioritize an outlet visit to investigate lost volume, identify affected products/categories, and attempt revenue recovery.",OPEN
OPP-001653,2924,Prashad Mart,6,29,Pharmacy,B,REVENUE_RECOVERY,55,MEDIUM,"[""Revenue declined 27.1% vs previous 30d"", ""Revenue gap of \u20b9977"", ""Order frequency declined 50.0%"", ""Revenue growth below peer benchmark""]","Prioritize an outlet visit to investigate lost volume, identify affected products/categories, and attempt revenue recovery.",OPEN
OPP-001654,2926,Borde Retail,12,50,General Trade,B,REVENUE_RECOVERY,87,HIGH,"[""Revenue declined 54.2% vs previous 30d"", ""Revenue gap of \u20b94,557"", ""Order frequency declined 33.3%"", ""Revenue growth materially below peer benchmark""]","Prioritize an outlet visit to investigate lost volume, identify affected products/categories, and attempt revenue recovery.",OPEN
OPP-001655,2929,Subramanian Retail,8,55,General Trade,B,REVENUE_RECOVERY,100,HIGH,"[""Revenue declined 87.0% vs previous 30d"", ""Revenue gap of \u20b912,737"", ""Order frequency declined 66.7%"", ""Revenue growth materially below peer benchmark""]","Prioritize an outlet visit to investigate lost volume, identify affected products/categories, and attempt revenue recovery.",OPEN
OPP-001656,2930,Balasubramanian Mart,12,64,Modern Trade,C,REVENUE_RECOVERY,80,HIGH,"[""Revenue declined 100.0% vs previous 30d"", ""Revenue gap of \u20b9814"", ""Order frequency declined 100.0%"", ""Revenue growth materially below peer benchmark""]","Prioritize an outlet visit to investigate lost volume, identify affected products/categories, and attempt revenue recovery.",OPEN
OPP-001657,2930,Balasubramanian Mart,12,64,Modern Trade,C,INACTIVE_OUTLET,65,MEDIUM,"[""No order for 49 days"", ""Zero revenue in current 30d""]",Prioritize a reactivation visit. Investigate the reason for inactivity and attempt to recover previous purchasing behaviour.,OPEN
OPP-001658,2932,Gala Traders,4,22,Supermarket,B,REVENUE_RECOVERY,100,HIGH,"[""Revenue declined 100.0% vs previous 30d"", ""Revenue gap of \u20b95,395"", ""Order frequency declined 100.0%"", ""Revenue growth materially below peer benchmark""]","Prioritize an outlet visit to investigate lost volume, identify affected products/categories, and attempt revenue recovery.",OPEN
OPP-001659,2932,Gala Traders,4,22,Supermarket,B,INACTIVE_OUTLET,85,HIGH,"[""No order for 46 days"", ""Zero revenue in current 30d"", ""Previous 30d revenue was \u20b95,395""]",Prioritize a reactivation visit. Investigate the reason for inactivity and attempt to recover previous purchasing behaviour.,OPEN
OPP-001660,2933,Saraf General Store,6,74,Modern Trade,B,REVENUE_RECOVERY,52,LOW,"[""Revenue declined 29.3% vs previous 30d"", ""Revenue gap of \u20b94,476"", ""Revenue growth below peer benchmark""]","Prioritize an outlet visit to investigate lost volume, identify affected products/categories, and attempt revenue recovery.",OPEN
OPP-001661,2935,Bera Traders,4,60,Supermarket,A,REVENUE_RECOVERY,93,HIGH,"[""Revenue declined 46.8% vs previous 30d"", ""Revenue gap of \u20b916,783"", ""Order frequency declined 50.0%"", ""Revenue growth materially below peer benchmark""]","Prioritize an outlet visit to investigate lost volume, identify affected products/categories, and attempt revenue recovery.",OPEN
OPP-001662,2936,Chaudhuri Retail,1,77,Supermarket,B,REVENUE_RECOVERY,100,HIGH,"[""Revenue declined 82.7% vs previous 30d"", ""Revenue gap of \u20b96,933"", ""Order frequency declined 50.0%"", ""Revenue growth materially below peer benchmark""]","Prioritize an outlet visit to investigate lost volume, identify affected products/categories, and attempt revenue recovery.",OPEN
OPP-001663,2937,Narula Mart,4,12,Supermarket,C,REVENUE_RECOVERY,92,HIGH,"[""Revenue declined 100.0% vs previous 30d"", ""Revenue gap of \u20b94,378"", ""Order frequency declined 100.0%"", ""Revenue growth materially below peer benchmark""]","Prioritize an outlet visit to investigate lost volume, identify affected products/categories, and attempt revenue recovery.",OPEN
OPP-001664,2937,Narula Mart,4,12,Supermarket,C,INACTIVE_OUTLET,75,HIGH,"[""No order for 50 days"", ""Zero revenue in current 30d"", ""Previous 30d revenue was \u20b94,378""]",Prioritize a reactivation visit. Investigate the reason for inactivity and attempt to recover previous purchasing behaviour.,OPEN
OPP-001665,2940,Rout General Store,8,34,Pharmacy,B,REVENUE_RECOVERY,100,HIGH,"[""Revenue declined 90.8% vs previous 30d"", ""Revenue gap of \u20b98,957"", ""Order frequency declined 66.7%"", ""Revenue growth materially below peer benchmark""]","Prioritize an outlet visit to investigate lost volume, identify affected products/categories, and attempt revenue recovery.",OPEN
OPP-001666,2941,Zachariah Retail,7,84,Pharmacy,C,REVENUE_RECOVERY,58,MEDIUM,"[""Revenue declined 33.5% vs previous 30d"", ""Revenue gap of \u20b91,170"", ""Order frequency declined 50.0%""]","Prioritize an outlet visit to investigate lost volume, identify affected products/categories, and attempt revenue recovery.",OPEN
OPP-001667,2943,Manda Supermarket,3,67,Convenience,C,REVENUE_RECOVERY,80,HIGH,"[""Revenue declined 100.0% vs previous 30d"", ""Revenue gap of \u20b91,329"", ""Order frequency declined 100.0%"", ""Revenue growth materially below peer benchmark""]","Prioritize an outlet visit to investigate lost volume, identify affected products/categories, and attempt revenue recovery.",OPEN
OPP-001668,2943,Manda Supermarket,3,67,Convenience,C,INACTIVE_OUTLET,75,HIGH,"[""No order for 49 days"", ""Zero revenue in current 30d"", ""Previous 30d revenue was \u20b91,329""]",Prioritize a reactivation visit. Investigate the reason for inactivity and attempt to recover previous purchasing behaviour.,OPEN
OPP-001669,2944,Mishra General Store,12,61,General Trade,C,REVENUE_RECOVERY,65,MEDIUM,"[""Revenue declined 100.0% vs previous 30d"", ""Order frequency declined 100.0%"", ""Revenue growth materially below peer benchmark""]","Prioritize an outlet visit to investigate lost volume, identify affected products/categories, and attempt revenue recovery.",OPEN
OPP-001670,2944,Mishra General Store,12,61,General Trade,C,INACTIVE_OUTLET,50,LOW,"[""No order for 36 days"", ""Zero revenue in current 30d""]",Prioritize a reactivation visit. Investigate the reason for inactivity and attempt to recover previous purchasing behaviour.,OPEN
OPP-001671,2945,Khanna Supermarket,5,90,Pharmacy,C,REVENUE_RECOVERY,92,HIGH,"[""Revenue declined 100.0% vs previous 30d"", ""Revenue gap of \u20b94,597"", ""Order frequency declined 100.0%"", ""Revenue growth materially below peer benchmark""]","Prioritize an outlet visit to investigate lost volume, identify affected products/categories, and attempt revenue recovery.",OPEN
OPP-001672,2945,Khanna Supermarket,5,90,Pharmacy,C,INACTIVE_OUTLET,60,MEDIUM,"[""No order for 33 days"", ""Zero revenue in current 30d"", ""Previous 30d revenue was \u20b94,597""]",Prioritize a reactivation visit. Investigate the reason for inactivity and attempt to recover previous purchasing behaviour.,OPEN
OPP-001673,2949,Swaminathan Traders,4,54,Convenience,C,REVENUE_RECOVERY,82,HIGH,"[""Revenue declined 86.8% vs previous 30d"", ""Revenue gap of \u20b93,825"", ""Order frequency declined 50.0%"", ""Revenue growth below peer benchmark""]","Prioritize an outlet visit to investigate lost volume, identify affected products/categories, and attempt revenue recovery.",OPEN
OPP-001674,2950,Dube Supermarket,1,3,Pharmacy,B,REVENUE_RECOVERY,80,HIGH,"[""Revenue declined 100.0% vs previous 30d"", ""Revenue gap of \u20b91,349"", ""Order frequency declined 100.0%"", ""Revenue growth materially below peer benchmark""]","Prioritize an outlet visit to investigate lost volume, identify affected products/categories, and attempt revenue recovery.",OPEN
OPP-001675,2950,Dube Supermarket,1,3,Pharmacy,B,INACTIVE_OUTLET,75,HIGH,"[""No order for 57 days"", ""Zero revenue in current 30d"", ""Previous 30d revenue was \u20b91,349""]",Prioritize a reactivation visit. Investigate the reason for inactivity and attempt to recover previous purchasing behaviour.,OPEN
OPP-001676,2951,Bhagat General Store,12,87,Pharmacy,C,REVENUE_RECOVERY,67,MEDIUM,"[""Revenue declined 83.4% vs previous 30d"", ""Revenue gap of \u20b93,100"", ""Revenue growth below peer benchmark""]","Prioritize an outlet visit to investigate lost volume, identify affected products/categories, and attempt revenue recovery.",OPEN
OPP-001677,2952,Patel Mart,1,27,Convenience,C,REVENUE_RECOVERY,82,HIGH,"[""Revenue declined 65.9% vs previous 30d"", ""Revenue gap of \u20b94,131"", ""Order frequency declined 50.0%"", ""Revenue growth below peer benchmark""]","Prioritize an outlet visit to investigate lost volume, identify affected products/categories, and attempt revenue recovery.",OPEN
OPP-001678,2953,Aggarwal General Store,8,97,Supermarket,C,REVENUE_RECOVERY,92,HIGH,"[""Revenue declined 100.0% vs previous 30d"", ""Revenue gap of \u20b92,222"", ""Order frequency declined 100.0%"", ""Revenue growth materially below peer benchmark""]","Prioritize an outlet visit to investigate lost volume, identify affected products/categories, and attempt revenue recovery.",OPEN
OPP-001679,2953,Aggarwal General Store,8,97,Supermarket,C,INACTIVE_OUTLET,60,MEDIUM,"[""No order for 43 days"", ""Zero revenue in current 30d"", ""Previous 30d revenue was \u20b92,222""]",Prioritize a reactivation visit. Investigate the reason for inactivity and attempt to recover previous purchasing behaviour.,OPEN
OPP-001680,2960,Bal Retail,8,69,Convenience,C,REVENUE_RECOVERY,92,HIGH,"[""Revenue declined 90.3% vs previous 30d"", ""Revenue gap of \u20b94,254"", ""Order frequency declined 50.0%"", ""Revenue growth materially below peer benchmark""]","Prioritize an outlet visit to investigate lost volume, identify affected products/categories, and attempt revenue recovery.",OPEN
OPP-001681,2961,Jhaveri Supermarket,10,21,Convenience,B,REVENUE_RECOVERY,67,MEDIUM,"[""Revenue declined 23.9% vs previous 30d"", ""Revenue gap of \u20b93,385"", ""Order frequency declined 57.1%"", ""Revenue growth below peer benchmark""]","Prioritize an outlet visit to investigate lost volume, identify affected products/categories, and attempt revenue recovery.",OPEN
OPP-001682,2966,D’Alia Mart,9,85,General Trade,C,REVENUE_RECOVERY,92,HIGH,"[""Revenue declined 100.0% vs previous 30d"", ""Revenue gap of \u20b93,667"", ""Order frequency declined 100.0%"", ""Revenue growth materially below peer benchmark""]","Prioritize an outlet visit to investigate lost volume, identify affected products/categories, and attempt revenue recovery.",OPEN
OPP-001683,2966,D’Alia Mart,9,85,General Trade,C,INACTIVE_OUTLET,60,MEDIUM,"[""No order for 40 days"", ""Zero revenue in current 30d"", ""Previous 30d revenue was \u20b93,667""]",Prioritize a reactivation visit. Investigate the reason for inactivity and attempt to recover previous purchasing behaviour.,OPEN
OPP-001684,2967,Morar General Store,12,61,Pharmacy,C,REVENUE_RECOVERY,92,HIGH,"[""Revenue declined 100.0% vs previous 30d"", ""Revenue gap of \u20b93,674"", ""Order frequency declined 100.0%"", ""Revenue growth materially below peer benchmark""]","Prioritize an outlet visit to investigate lost volume, identify affected products/categories, and attempt revenue recovery.",OPEN
OPP-001685,2967,Morar General Store,12,61,Pharmacy,C,INACTIVE_OUTLET,60,MEDIUM,"[""No order for 44 days"", ""Zero revenue in current 30d"", ""Previous 30d revenue was \u20b93,674""]",Prioritize a reactivation visit. Investigate the reason for inactivity and attempt to recover previous purchasing behaviour.,OPEN
OPP-001686,2969,Sinha Retail,6,14,Convenience,C,REVENUE_RECOVERY,100,HIGH,"[""Revenue declined 100.0% vs previous 30d"", ""Revenue gap of \u20b97,038"", ""Order frequency declined 100.0%"", ""Revenue growth materially below peer benchmark""]","Prioritize an outlet visit to investigate lost volume, identify affected products/categories, and attempt revenue recovery.",OPEN
OPP-001687,2969,Sinha Retail,6,14,Convenience,C,INACTIVE_OUTLET,70,MEDIUM,"[""No order for 38 days"", ""Zero revenue in current 30d"", ""Previous 30d revenue was \u20b97,038""]",Prioritize a reactivation visit. Investigate the reason for inactivity and attempt to recover previous purchasing behaviour.,OPEN
OPP-001688,2970,Suresh Mart,12,66,Pharmacy,B,REVENUE_RECOVERY,100,HIGH,"[""Revenue declined 100.0% vs previous 30d"", ""Revenue gap of \u20b911,228"", ""Order frequency declined 100.0%"", ""Revenue growth materially below peer benchmark""]","Prioritize an outlet visit to investigate lost volume, identify affected products/categories, and attempt revenue recovery.",OPEN
OPP-001689,2970,Suresh Mart,12,66,Pharmacy,B,INACTIVE_OUTLET,70,MEDIUM,"[""No order for 31 days"", ""Zero revenue in current 30d"", ""Previous 30d revenue was \u20b911,228""]",Prioritize a reactivation visit. Investigate the reason for inactivity and attempt to recover previous purchasing behaviour.,OPEN
OPP-001690,2971,Lanka Retail,1,77,General Trade,B,REVENUE_RECOVERY,85,HIGH,"[""Revenue declined 45.7% vs previous 30d"", ""Revenue gap of \u20b94,777"", ""Order frequency declined 66.7%"", ""Revenue growth materially below peer benchmark""]","Prioritize an outlet visit to investigate lost volume, identify affected products/categories, and attempt revenue recovery.",OPEN
OPP-001691,2974,Goyal Supermarket,9,85,Convenience,B,REVENUE_RECOVERY,100,HIGH,"[""Revenue declined 100.0% vs previous 30d"", ""Revenue gap of \u20b99,684"", ""Order frequency declined 100.0%"", ""Revenue growth materially below peer benchmark""]","Prioritize an outlet visit to investigate lost volume, identify affected products/categories, and attempt revenue recovery.",OPEN
OPP-001692,2974,Goyal Supermarket,9,85,Convenience,B,INACTIVE_OUTLET,70,MEDIUM,"[""No order for 42 days"", ""Zero revenue in current 30d"", ""Previous 30d revenue was \u20b99,684""]",Prioritize a reactivation visit. Investigate the reason for inactivity and attempt to recover previous purchasing behaviour.,OPEN
OPP-001693,2975,Prabhakar General Store,7,24,General Trade,C,REVENUE_RECOVERY,45,LOW,"[""Revenue declined 19.7% vs previous 30d"", ""Revenue gap of \u20b91,848"", ""Order frequency declined 25.0%""]","Prioritize an outlet visit to investigate lost volume, identify affected products/categories, and attempt revenue recovery.",OPEN
OPP-001694,2976,Raj Traders,3,88,General Trade,C,REVENUE_RECOVERY,85,HIGH,"[""Revenue declined 57.9% vs previous 30d"", ""Revenue gap of \u20b95,234"", ""Order frequency declined 33.3%"", ""Revenue growth below peer benchmark""]","Prioritize an outlet visit to investigate lost volume, identify affected products/categories, and attempt revenue recovery.",OPEN
OPP-001695,2978,Grover Mart,12,59,Pharmacy,C,REVENUE_RECOVERY,80,HIGH,"[""Revenue declined 100.0% vs previous 30d"", ""Revenue gap of \u20b91,538"", ""Order frequency declined 100.0%"", ""Revenue growth materially below peer benchmark""]","Prioritize an outlet visit to investigate lost volume, identify affected products/categories, and attempt revenue recovery.",OPEN
OPP-001696,2981,Lall Retail,9,85,Modern Trade,B,REVENUE_RECOVERY,92,HIGH,"[""Revenue declined 100.0% vs previous 30d"", ""Revenue gap of \u20b94,337"", ""Order frequency declined 100.0%"", ""Revenue growth materially below peer benchmark""]","Prioritize an outlet visit to investigate lost volume, identify affected products/categories, and attempt revenue recovery.",OPEN
OPP-001697,2981,Lall Retail,9,85,Modern Trade,B,INACTIVE_OUTLET,60,MEDIUM,"[""No order for 41 days"", ""Zero revenue in current 30d"", ""Previous 30d revenue was \u20b94,337""]",Prioritize a reactivation visit. Investigate the reason for inactivity and attempt to recover previous purchasing behaviour.,OPEN
OPP-001698,2982,Sarraf Mart,3,20,General Trade,B,REVENUE_RECOVERY,100,HIGH,"[""Revenue declined 100.0% vs previous 30d"", ""Revenue gap of \u20b915,821"", ""Order frequency declined 100.0%"", ""Revenue growth materially below peer benchmark""]","Prioritize an outlet visit to investigate lost volume, identify affected products/categories, and attempt revenue recovery.",OPEN
OPP-001699,2982,Sarraf Mart,3,20,General Trade,B,INACTIVE_OUTLET,85,HIGH,"[""No order for 45 days"", ""Zero revenue in current 30d"", ""Previous 30d revenue was \u20b915,821""]",Prioritize a reactivation visit. Investigate the reason for inactivity and attempt to recover previous purchasing behaviour.,OPEN
OPP-001700,2987,Bhatia Retail,12,66,Convenience,A,REVENUE_RECOVERY,100,HIGH,"[""Revenue declined 62.8% vs previous 30d"", ""Revenue gap of \u20b930,396"", ""Order frequency declined 50.0%"", ""Revenue growth materially below peer benchmark""]","Prioritize an outlet visit to investigate lost volume, identify affected products/categories, and attempt revenue recovery.",OPEN
OPP-001701,2989,Chatterjee Traders,12,30,Pharmacy,A,REVENUE_RECOVERY,70,MEDIUM,"[""Revenue declined 21.4% vs previous 30d"", ""Revenue gap of \u20b98,410"", ""Revenue growth materially below peer benchmark""]","Prioritize an outlet visit to investigate lost volume, identify affected products/categories, and attempt revenue recovery.",OPEN
OPP-001702,2990,Chada Mart,12,53,Supermarket,C,REVENUE_RECOVERY,92,HIGH,"[""Revenue declined 100.0% vs previous 30d"", ""Revenue gap of \u20b92,654"", ""Order frequency declined 100.0%"", ""Revenue growth materially below peer benchmark""]","Prioritize an outlet visit to investigate lost volume, identify affected products/categories, and attempt revenue recovery.",OPEN
OPP-001703,2990,Chada Mart,12,53,Supermarket,C,INACTIVE_OUTLET,75,HIGH,"[""No order for 46 days"", ""Zero revenue in current 30d"", ""Previous 30d revenue was \u20b92,654""]",Prioritize a reactivation visit. Investigate the reason for inactivity and attempt to recover previous purchasing behaviour.,OPEN
OPP-001704,2992,Sachdev Mart,4,22,General Trade,C,REVENUE_RECOVERY,92,HIGH,"[""Revenue declined 100.0% vs previous 30d"", ""Revenue gap of \u20b92,441"", ""Order frequency declined 100.0%"", ""Revenue growth materially below peer benchmark""]","Prioritize an outlet visit to investigate lost volume, identify affected products/categories, and attempt revenue recovery.",OPEN
OPP-001705,2992,Sachdev Mart,4,22,General Trade,C,INACTIVE_OUTLET,75,HIGH,"[""No order for 55 days"", ""Zero revenue in current 30d"", ""Previous 30d revenue was \u20b92,441""]",Prioritize a reactivation visit. Investigate the reason for inactivity and attempt to recover previous purchasing behaviour.,OPEN
OPP-001706,2993,Karan Mart,9,73,Supermarket,B,REVENUE_RECOVERY,100,HIGH,"[""Revenue declined 100.0% vs previous 30d"", ""Revenue gap of \u20b916,479"", ""Order frequency declined 100.0%"", ""Revenue growth materially below peer benchmark""]","Prioritize an outlet visit to investigate lost volume, identify affected products/categories, and attempt revenue recovery.",OPEN
OPP-001707,2993,Karan Mart,9,73,Supermarket,B,INACTIVE_OUTLET,70,MEDIUM,"[""No order for 44 days"", ""Zero revenue in current 30d"", ""Previous 30d revenue was \u20b916,479""]",Prioritize a reactivation visit. Investigate the reason for inactivity and attempt to recover previous purchasing behaviour.,OPEN
OPP-001708,2996,Virk Traders,7,79,General Trade,B,REVENUE_RECOVERY,75,HIGH,"[""Revenue declined 46.4% vs previous 30d"", ""Revenue gap of \u20b94,044"", ""Order frequency declined 60.0%"", ""Revenue growth below peer benchmark""]","Prioritize an outlet visit to investigate lost volume, identify affected products/categories, and attempt revenue recovery.",OPEN
OPP-001709,2997,Sahota Retail,1,23,Convenience,B,REVENUE_RECOVERY,100,HIGH,"[""Revenue declined 59.2% vs previous 30d"", ""Revenue gap of \u20b98,728"", ""Order frequency declined 66.7%"", ""Revenue growth materially below peer benchmark""]","Prioritize an outlet visit to investigate lost volume, identify affected products/categories, and attempt revenue recovery.",OPEN
OPP-001710,3000,Keer General Store,1,52,Supermarket,C,REVENUE_RECOVERY,82,HIGH,"[""Revenue declined 72.3% vs previous 30d"", ""Revenue gap of \u20b92,872"", ""Order frequency declined 50.0%"", ""Revenue growth below peer benchmark""]","Prioritize an outlet visit to investigate lost volume, identify affected products/categories, and attempt revenue recovery.",OPEN
