outlet_id,outlet_name,outlet_type,territory_id,distributor_id,rep_id,city,tier,revenue_30d,orders_30d,avg_order_value_30d,revenue_previous_30d,orders_previous_30d,revenue_growth_30d,order_frequency_growth_30d,revenue_gap_vs_previous_30d,order_frequency_gap,last_order_date,days_since_last_order,active_skus_90d,category_count_90d,subcategory_count_90d,visits_30d,productive_visits_30d,avg_visit_duration_30d,productive_call_rate_30d,visits_per_week_30d,inventory_snapshots_90d,stockout_events_90d,avg_closing_stock_90d,stockout_rate_90d,current_month_revenue,revenue_target,target_achievement_pct,revenue_per_visit_30d,peer_group,peer_median_revenue_30d,revenue_index_vs_peer,revenue_growth_gap_vs_peer,inactive_30d_flag,declining_revenue_flag,high_stockout_flag,under_target_flag
1,Tiwari General Store,Supermarket,12,8,87,Guwahati,C,300.72,1.0,300.72,0.0,0.0,,,-300.72,-1.0,2025-12-30,1,8.0,4.0,7.0,2.0,1.0,14.5,0.5,0.4666666666666667,0.0,0.0,0.0,0.0,300.72,21845.63,1.3765682198224543,150.36,12_C,1525.54,0.19712364146466171,,0,0,0,1
2,Suresh Retail,Modern Trade,12,35,61,Guwahati,C,6649.34,3.0,2216.4466666666667,0.0,0.0,,,-6649.34,-3.0,2025-12-22,9,10.0,5.0,7.0,0.0,0.0,0.0,0.0,0.0,0.0,0.0,0.0,0.0,6649.34,17483.71,38.031630586414444,0.0,12_C,1525.54,4.358679549536558,,0,0,0,1
3,Krishnamurthy Retail,Supermarket,4,13,12,Ranchi,B,7227.94,5.0,1445.588,209.1,1.0,33.56690578670492,4.0,-7018.839999999999,-4.0,2025-12-30,1,27.0,5.0,12.0,1.0,1.0,18.0,1.0,0.23333333333333334,0.0,0.0,0.0,0.0,7227.94,37923.01,19.059510307857945,7227.94,4_B,5210.49,1.3871900723348476,33.758157715315875,0,0,0,1
4,Behl Traders,Convenience,12,19,53,Ranchi,B,23955.14,6.0,3992.523333333333,6975.9,3.0,2.433985578921716,1.0,-16979.239999999998,-3.0,2025-12-30,1,36.0,5.0,15.0,2.0,2.0,11.0,1.0,0.4666666666666667,0.0,0.0,0.0,0.0,23955.14,41172.7,58.1820963891122,11977.57,12_B,6060.66,3.9525629221899927,2.5351059572194896,0,0,0,1
5,Chanda Traders,Convenience,5,16,42,Delhi,C,1632.33,1.0,1632.33,5236.78,3.0,-0.688295097368994,-0.6666666666666666,3604.45,2.0,2025-12-09,22,14.0,4.0,10.0,3.0,1.0,16.0,0.3333333333333333,0.7000000000000001,0.0,0.0,0.0,0.0,3136.26,21027.97,14.914706460014923,544.11,5_C,1965.2,0.8306177488296356,-0.24138811951485883,0,1,0,1
6,Sampath Supermarket,Supermarket,4,2,60,Ranchi,A,2260.19,1.0,2260.19,40232.18,6.0,-0.9438213390375565,-0.8333333333333334,37971.99,5.0,2025-12-31,0,35.0,5.0,13.0,3.0,2.0,28.0,0.6666666666666666,0.7000000000000001,0.0,0.0,0.0,0.0,9864.28,71349.14,13.825366360407429,753.3966666666666,4_A,22237.399999999998,0.10163913047388635,-1.0127215819835418,0,1,0,1
7,Malhotra Supermarket,Modern Trade,6,31,98,Mumbai,B,5048.18,3.0,1682.7266666666667,2747.3999999999996,2.0,0.8374390332678172,0.5,-2300.7800000000007,-1.0,2025-12-21,10,11.0,5.0,8.0,4.0,1.0,23.5,0.25,0.9333333333333333,0.0,0.0,0.0,0.0,5048.18,33553.42,15.045202545671948,1262.045,6_B,5118.745000000001,0.9862143943486147,1.106728093989428,0,0,0,1
8,Basu Supermarket,Modern Trade,12,10,16,Kolkata,C,922.41,1.0,922.41,0.0,0.0,,,-922.41,-1.0,2025-12-23,8,8.0,5.0,6.0,3.0,2.0,23.0,0.6666666666666666,0.7000000000000001,0.0,0.0,0.0,0.0,922.41,17527.04,5.262782534871832,307.46999999999997,12_C,1525.54,0.6046449126211046,,0,0,0,1
9,Aggarwal General Store,Pharmacy,5,22,71,Lucknow,A,25552.879999999997,4.0,6388.219999999999,5695.48,2.0,3.486519134471546,1.0,-19857.399999999998,-2.0,2025-12-30,1,29.0,5.0,11.0,5.0,4.0,25.0,0.8,1.1666666666666667,0.0,0.0,0.0,0.0,25552.879999999997,58986.51,43.3198709332015,5110.575999999999,5_A,23936.755,1.0675164616089357,3.4857601624852594,0,0,0,1
10,Nath Retail,Pharmacy,12,10,64,Patna,B,5694.21,3.0,1898.07,9464.6,3.0,-0.3983676013777656,0.0,3770.3900000000003,0.0,2025-12-13,18,28.0,5.0,13.0,1.0,1.0,19.0,1.0,0.23333333333333334,0.0,0.0,0.0,0.0,5694.21,33598.61,16.947754683899124,5694.21,12_B,6060.66,0.9395362881270357,-0.2972472230799922,0,1,0,1
11,De Mart,Convenience,12,19,59,Guwahati,A,16338.96,4.0,4084.74,14462.04,3.0,0.12978252030833812,0.3333333333333333,-1876.9199999999983,-1.0,2025-12-25,6,31.0,5.0,13.0,2.0,1.0,14.0,0.5,0.4666666666666667,0.0,0.0,0.0,0.0,16338.96,63792.92,25.612497437019655,8169.48,12_A,24540.835,0.6657866368442639,6.099870840056698e-05,0,0,0,1
12,Lala Supermarket,Supermarket,12,19,36,Ranchi,B,828.1,1.0,828.1,4857.0199999999995,2.0,-0.8295045109964546,-0.5,4028.9199999999996,1.0,2025-12-21,10,17.0,5.0,11.0,2.0,2.0,28.5,1.0,0.4666666666666667,0.0,0.0,0.0,0.0,828.1,41704.82,1.9856218058248425,414.05,12_B,6060.66,0.13663528394597288,-0.7283841326986812,0,1,0,1
13,Edwin Traders,Modern Trade,8,36,76,Guwahati,C,0.0,0.0,0.0,2076.05,1.0,-1.0,-1.0,2076.05,1.0,2025-11-10,51,15.0,5.0,9.0,0.0,0.0,0.0,0.0,0.0,0.0,0.0,0.0,0.0,0.0,16174.8,0.0,0.0,8_C,1474.47,0.0,-0.4422553310707772,1,1,0,1
14,Sathe Retail,Modern Trade,5,22,71,Ludhiana,B,0.0,0.0,0.0,0.0,0.0,,,0.0,0.0,2025-10-10,82,8.0,4.0,6.0,1.0,1.0,39.0,1.0,0.23333333333333334,195.0,0.0,183.56923076923076,0.0,0.0,34938.77,0.0,0.0,5_B,6391.82,0.0,,1,0,0,1
15,Sane Traders,Pharmacy,12,10,30,Ranchi,A,5373.78,2.0,2686.89,8112.650000000001,2.0,-0.3376048516822494,0.0,2738.870000000001,0.0,2025-12-19,12,24.0,4.0,10.0,3.0,2.0,16.333333333333332,0.6666666666666666,0.7000000000000001,0.0,0.0,0.0,0.0,5373.78,57659.92,9.319784002475203,1791.26,12_A,24540.835,0.21897298930537612,-0.46732637328218696,0,1,0,1
16,Andra Mart,Convenience,3,23,20,Kochi,C,1953.65,1.0,1953.65,263.92,1.0,6.402432555319794,0.0,-1689.73,0.0,2025-12-23,8,11.0,5.0,9.0,1.0,1.0,35.0,1.0,0.23333333333333334,0.0,0.0,0.0,0.0,1953.65,18665.17,10.466821357640999,1953.65,3_C,1975.87,0.9887543208814346,6.759614345408341,0,0,0,1
17,Choudhury Traders,General Trade,7,28,57,Bengaluru,B,17586.45,6.0,2931.0750000000003,14797.11,4.0,0.1885057284834674,0.5,-2789.34,-2.0,2025-12-31,0,40.0,5.0,14.0,1.0,0.0,33.0,0.0,0.23333333333333334,195.0,0.0,217.04615384615386,0.0,17586.45,34340.96,51.21129403487848,17586.45,7_B,6107.09,2.879677555103986,0.40843375125638337,0,0,0,1
18,Borra Retail,Supermarket,3,23,20,Bengaluru,B,10144.52,2.0,5072.26,4927.22,2.0,1.0588729547290359,0.0,-5217.3,0.0,2025-12-06,25,18.0,5.0,11.0,1.0,1.0,42.0,1.0,0.23333333333333334,195.0,0.0,239.84615384615384,0.0,10144.52,32711.69,31.011910421014633,10144.52,3_B,5507.8,1.8418461091542904,1.298223884025811,0,0,0,1
19,Dixit Retail,Pharmacy,10,32,43,Nashik,B,3883.0,2.0,1941.5,7599.97,4.0,-0.4890769305668312,-0.5,3716.9700000000003,2.0,2025-12-21,10,27.0,5.0,13.0,0.0,0.0,0.0,0.0,0.0,0.0,0.0,0.0,0.0,9312.51,39580.51,23.528019219560335,0.0,10_B,6269.79,0.6193189883552719,-0.31416635056418174,0,1,0,1
20,Banik General Store,Pharmacy,5,16,31,Chandigarh,C,4463.8099999999995,2.0,2231.9049999999997,0.0,0.0,,,-4463.8099999999995,-2.0,2025-12-13,18,9.0,4.0,7.0,1.0,1.0,42.0,1.0,0.23333333333333334,0.0,0.0,0.0,0.0,4463.8099999999995,17874.18,24.9735092742716,4463.8099999999995,5_C,1965.2,2.2714278444941987,,0,0,0,1
21,Pingle General Store,General Trade,7,28,57,Chennai,C,2725.21,1.0,2725.21,1281.8899999999999,2.0,1.1259312421502627,-0.5,-1443.3200000000002,1.0,2025-12-15,16,19.0,5.0,13.0,0.0,0.0,0.0,0.0,0.0,0.0,0.0,0.0,0.0,2725.21,19316.94,14.107876299248225,0.0,7_C,1610.4699999999998,1.6921830273150076,1.5736456274137254,0,0,0,1
22,Divan Supermarket,Pharmacy,4,13,48,Ranchi,A,28288.9,4.0,7072.225,17351.93,4.0,0.6303027962883668,0.0,-10936.970000000001,0.0,2025-12-15,16,38.0,5.0,14.0,3.0,1.0,20.333333333333332,0.3333333333333333,0.7000000000000001,0.0,0.0,0.0,0.0,28288.9,65868.91,42.94727208936659,9429.633333333333,4_A,22237.399999999998,1.272131634093914,0.5614025533423816,0,0,0,1
23,Sani Traders,Convenience,1,17,23,Delhi,C,2577.94,3.0,859.3133333333334,1288.66,1.0,1.0004811199230208,2.0,-1289.28,-2.0,2025-12-24,7,9.0,5.0,7.0,0.0,0.0,0.0,0.0,0.0,195.0,0.0,285.3897435897436,0.0,2577.94,17004.87,15.160010044181464,0.0,1_C,1475.75,1.7468676943926817,1.6270534425345846,0,0,0,1
24,Datta Retail,Pharmacy,12,8,19,Bhubaneswar,B,4254.4400000000005,3.0,1418.1466666666668,7218.4400000000005,2.0,-0.41061503593574233,0.5,2964.0,-1.0,2025-12-29,2,22.0,5.0,11.0,1.0,0.0,14.0,0.0,0.23333333333333334,0.0,0.0,0.0,0.0,4254.4400000000005,33525.41,12.690195287693722,4254.4400000000005,12_B,6060.66,0.7019763524104636,-0.3094946576379689,0,1,0,1
25,Barman Traders,Supermarket,2,29,37,Nashik,A,29037.449999999997,6.0,4839.575,12475.59,3.0,1.3275412224992964,1.0,-16561.859999999997,-3.0,2025-12-26,5,34.0,5.0,15.0,0.0,0.0,0.0,0.0,0.0,0.0,0.0,0.0,0.0,29037.449999999997,63507.62,45.72278098281749,0.0,2_A,21794.730000000003,1.332315197297695,1.1927675601186314,0,0,0,1
26,Morar Retail,Modern Trade,3,18,89,Hyderabad,B,3601.48,1.0,3601.48,14676.52,3.0,-0.754609403319043,-0.6666666666666666,11075.04,2.0,2025-12-15,16,27.0,5.0,11.0,3.0,2.0,31.333333333333332,0.6666666666666666,0.7000000000000001,0.0,0.0,0.0,0.0,3601.48,37351.7,9.642077870619008,1200.4933333333333,3_B,5507.8,0.6538872144958059,-0.515258474022268,0,1,0,1
27,Patla Supermarket,Supermarket,5,16,31,Lucknow,C,2671.23,2.0,1335.615,0.0,0.0,,,-2671.23,-2.0,2025-12-24,7,8.0,4.0,6.0,1.0,1.0,27.0,1.0,0.23333333333333334,0.0,0.0,0.0,0.0,2671.23,19067.16,14.009585066680094,2671.23,5_C,1965.2,1.3592662324445348,,0,0,0,1
28,Baral General Store,Convenience,5,33,51,Chandigarh,A,33563.82,5.0,6712.764,21990.08,4.0,0.5263164117638498,0.25,-11573.739999999998,-1.0,2025-12-31,0,43.0,5.0,14.0,3.0,0.0,34.333333333333336,0.0,0.7000000000000001,0.0,0.0,0.0,0.0,33563.82,66611.92,50.38710789300174,11187.94,5_A,23936.755,1.402187556333346,0.5255574397775633,0,0,0,1
29,Parmar Retail,Modern Trade,10,15,100,Pune,C,7123.1,2.0,3561.55,4918.28,1.0,0.44829086591247364,1.0,-2204.8200000000006,-1.0,2025-12-06,25,16.0,5.0,9.0,7.0,5.0,26.714285714285715,0.7142857142857143,1.6333333333333333,0.0,0.0,0.0,0.0,12041.380000000001,17699.12,68.03377795054219,1017.5857142857143,10_C,1784.86,3.9908452203534175,0.6255255626704526,0,0,0,1
30,Kade General Store,Supermarket,8,14,97,Bhubaneswar,C,4583.73,1.0,4583.73,0.0,0.0,,,-4583.73,-1.0,2025-12-25,6,9.0,4.0,6.0,0.0,0.0,0.0,0.0,0.0,0.0,0.0,0.0,0.0,4583.73,21011.96,21.814861631185288,0.0,8_C,1474.47,3.108730594722171,,0,0,0,1
31,Krish Retail,Supermarket,10,15,94,Pune,A,31609.57,4.0,7902.3925,17682.98,4.0,0.7875703077196264,0.0,-13926.59,0.0,2025-12-21,10,38.0,5.0,14.0,3.0,2.0,30.666666666666668,0.6666666666666666,0.7000000000000001,0.0,0.0,0.0,0.0,33416.14,69801.26,47.87326188667655,10536.523333333333,10_A,24727.44,1.2783195510736252,0.629370007058033,0,0,0,1
32,Chauhan Retail,Modern Trade,8,36,70,Patna,B,18066.92,6.0,3011.153333333333,15983.560000000001,5.0,0.13034392838641684,0.2,-2083.359999999997,-1.0,2025-12-30,1,35.0,5.0,14.0,1.0,0.0,37.0,0.0,0.23333333333333334,0.0,0.0,0.0,0.0,18066.92,41335.39,43.70811549135015,18066.92,8_B,5652.47,3.1962876406243637,0.3109522453763185,0,0,0,1
33,Pandya Traders,General Trade,2,26,38,Ahmedabad,C,7351.57,3.0,2450.523333333333,2825.03,2.0,1.6022980286935002,0.5,-4526.539999999999,-1.0,2025-12-19,12,15.0,5.0,11.0,1.0,0.0,12.0,0.0,0.23333333333333334,0.0,0.0,0.0,0.0,7351.57,17183.97,42.78155746314734,7351.57,2_C,1065.73,6.898154316759404,2.036122094101117,0,0,0,1
34,Ray Supermarket,Supermarket,9,3,93,Lucknow,C,381.25,1.0,381.25,4698.59,1.0,-0.9188586363142985,0.0,4317.34,0.0,2025-12-26,5,8.0,5.0,6.0,5.0,2.0,24.6,0.4,1.1666666666666667,0.0,0.0,0.0,0.0,381.25,21217.79,1.7968412355857986,76.25,9_C,1106.01,0.3447075523729442,-0.42396223443142345,0,1,0,1
35,Dubey Retail,Convenience,8,14,69,Kolkata,B,2605.19,1.0,2605.19,0.0,0.0,,,-2605.19,-1.0,2025-12-09,22,10.0,5.0,8.0,0.0,0.0,0.0,0.0,0.0,0.0,0.0,0.0,0.0,2605.19,36753.58,7.088261878162617,0.0,8_B,5652.47,0.4608940870097497,,0,0,0,1
36,Khalsa Supermarket,Convenience,6,31,14,Pune,B,10311.23,4.0,2577.8075,39905.97,8.0,-0.7416118440423827,-0.5,29594.74,4.0,2025-12-23,8,39.0,5.0,15.0,0.0,0.0,0.0,0.0,0.0,0.0,0.0,0.0,0.0,10311.23,40114.54,25.704470249440725,0.0,6_B,5118.745000000001,2.014405874877533,-0.47232278332077193,0,1,0,1
37,Gaba Retail,Pharmacy,2,29,9,Surat,C,615.5,1.0,615.5,668.8399999999999,2.0,-0.07975001495125879,-0.5,53.33999999999992,1.0,2025-12-25,6,7.0,3.0,3.0,2.0,2.0,30.0,1.0,0.4666666666666667,0.0,0.0,0.0,0.0,615.5,16730.83,3.6788372124993196,307.75,2_C,1065.73,0.5775384009082976,0.35407405045635787,0,0,0,1
38,Goel Mart,Convenience,4,1,39,Ranchi,A,30755.27,5.0,6151.054,21491.7,5.0,0.43103011860392615,0.0,-9263.57,0.0,2025-12-29,2,36.0,5.0,14.0,2.0,2.0,21.0,1.0,0.4666666666666667,0.0,0.0,0.0,0.0,30755.27,57271.18,53.70112856064778,15377.635,4_A,22237.399999999998,1.3830425319506778,0.36212987565794097,0,0,0,1
39,Sachar Mart,Pharmacy,4,13,96,Guwahati,B,7180.76,3.0,2393.5866666666666,863.92,1.0,7.311834429113808,2.0,-6316.84,-2.0,2025-12-29,2,21.0,5.0,11.0,0.0,0.0,0.0,0.0,0.0,195.0,0.0,218.34358974358975,0.0,7180.76,38529.87,18.63686537224237,0.0,4_B,5210.49,1.3781352617508142,7.503086357724761,0,0,0,1
40,Bakshi Retail,Modern Trade,12,19,53,Patna,A,43465.92,6.0,7244.32,39067.51,7.0,0.11258485631666815,-0.14285714285714285,-4398.409999999996,1.0,2025-12-28,3,37.0,5.0,15.0,3.0,2.0,30.666666666666668,0.6666666666666666,0.7000000000000001,0.0,0.0,0.0,0.0,43465.92,61906.37,70.21235456060498,14488.64,12_A,24540.835,1.7711671179892616,-0.017136665283269403,0,0,0,1
41,Gola Retail,General Trade,7,20,13,Hyderabad,B,0.0,0.0,0.0,12443.49,3.0,-1.0,-1.0,12443.49,3.0,2025-11-27,34,13.0,5.0,8.0,1.0,1.0,10.0,1.0,0.23333333333333334,0.0,0.0,0.0,0.0,0.0,33519.98,0.0,0.0,7_B,6107.09,0.0,-0.780071977227084,1,1,0,1
42,Natarajan Supermarket,General Trade,12,19,59,Kolkata,C,1032.53,1.0,1032.53,11083.23,4.0,-0.9068385299231361,-0.75,10050.699999999999,3.0,2025-12-07,24,27.0,5.0,14.0,1.0,1.0,36.0,1.0,0.23333333333333334,0.0,0.0,0.0,0.0,1032.53,20536.29,5.027831219757804,1032.53,12_C,1525.54,0.6768291883529767,-0.3184033544742909,0,1,0,1
43,Sabharwal Supermarket,Modern Trade,9,11,73,Jaipur,A,13176.560000000001,3.0,4392.186666666667,13644.61,2.0,-0.03430292254597231,0.5,468.0499999999993,-1.0,2025-12-28,3,37.0,5.0,15.0,0.0,0.0,0.0,0.0,0.0,0.0,0.0,0.0,0.0,13176.560000000001,58685.65,22.452780194136047,0.0,9_A,20504.7,0.6426116939043244,-0.14434977098929164,0,0,0,1
44,Kothari Supermarket,General Trade,10,32,43,Pune,C,0.0,0.0,0.0,5349.36,2.0,-1.0,-1.0,5349.36,2.0,2025-11-23,38,11.0,5.0,7.0,0.0,0.0,0.0,0.0,0.0,195.0,0.0,294.3333333333333,0.0,0.0,16808.46,0.0,0.0,10_C,1784.86,0.0,-0.822765303242021,1,1,0,1
45,Loke General Store,General Trade,8,36,70,Patna,C,5730.35,2.0,2865.175,1349.71,1.0,3.245615724859414,1.0,-4380.64,-1.0,2025-12-09,22,16.0,5.0,11.0,3.0,2.0,25.333333333333332,0.6666666666666666,0.7000000000000001,0.0,0.0,0.0,0.0,5730.35,19385.99,29.559233240087302,1910.1166666666668,8_C,1474.47,3.88637951263844,3.803360393788637,0,0,0,1
46,Dutta Retail,General Trade,8,36,76,Patna,A,12721.06,4.0,3180.265,22863.67,6.0,-0.44361250840306915,-0.3333333333333333,10142.609999999999,2.0,2025-12-25,6,45.0,5.0,14.0,2.0,2.0,13.0,1.0,0.4666666666666667,195.0,0.0,75.1948717948718,0.0,12721.06,56708.12,22.432519364069904,6360.53,8_A,21023.8,0.6050790056983039,-0.42495692650882944,0,1,0,1
47,Chokshi Retail,Convenience,4,13,96,Kolkata,B,9306.16,2.0,4653.08,2276.92,1.0,3.087170388068092,1.0,-7029.24,-1.0,2025-12-11,20,21.0,5.0,11.0,1.0,1.0,38.0,1.0,0.23333333333333334,195.0,0.0,208.56410256410257,0.0,9306.16,34812.07,26.73256718144023,9306.16,4_B,5210.49,1.786043155250274,3.2784223166790447,0,0,0,1
48,Raja Supermarket,Supermarket,7,28,79,Bengaluru,C,1682.99,1.0,1682.99,5124.0,2.0,-0.6715476190476191,-0.5,3441.01,1.0,2025-12-21,10,16.0,4.0,10.0,0.0,0.0,0.0,0.0,0.0,0.0,0.0,0.0,0.0,4693.73,19582.11,23.96948030625913,0.0,7_C,1610.4699999999998,1.045030332760002,-0.22383323378415643,0,1,0,1
49,Barad General Store,Pharmacy,4,13,62,Ranchi,B,0.0,0.0,0.0,935.41,1.0,-1.0,-1.0,935.41,1.0,2025-11-26,35,8.0,5.0,7.0,3.0,2.0,22.0,0.6666666666666666,0.7000000000000001,195.0,0.0,207.7076923076923,0.0,0.0,34914.95,0.0,0.0,4_B,5210.49,0.0,-0.8087480713890469,1,1,0,1
50,Singhal Mart,Supermarket,5,16,42,Ludhiana,A,25586.78,4.0,6396.695,18700.39,3.0,0.36824846968432207,0.3333333333333333,-6886.389999999999,-1.0,2025-12-23,8,28.0,5.0,14.0,2.0,0.0,19.0,0.0,0.4666666666666667,195.0,0.0,80.73333333333333,0.0,25586.78,68942.8,37.11305604065979,12793.39,5_A,23936.755,1.0689326936754793,0.36748949769803557,0,0,0,1
51,Kapadia Traders,Convenience,1,17,49,Ludhiana,B,0.0,0.0,0.0,13458.65,4.0,-1.0,-1.0,13458.65,4.0,2025-11-28,33,20.0,5.0,12.0,0.0,0.0,0.0,0.0,0.0,195.0,0.0,211.3230769230769,0.0,0.0,32763.19,0.0,0.0,1_B,5467.655000000001,0.0,-0.997952761758501,1,1,0,1
52,Iyengar Mart,Pharmacy,7,20,84,Coimbatore,C,0.0,0.0,0.0,0.0,0.0,,,0.0,0.0,2025-10-09,83,3.0,3.0,3.0,2.0,2.0,10.0,1.0,0.4666666666666667,0.0,0.0,0.0,0.0,0.0,17159.45,0.0,0.0,7_C,1610.4699999999998,0.0,,1,0,0,1
53,Sharma General Store,Supermarket,12,19,59,Ranchi,B,6818.84,3.0,2272.9466666666667,3178.39,1.0,1.1453754888481276,2.0,-3640.4500000000003,-2.0,2025-12-28,3,11.0,5.0,8.0,4.0,3.0,14.0,0.75,0.9333333333333333,0.0,0.0,0.0,0.0,6818.84,39428.45,17.294212681452102,1704.71,12_B,6060.66,1.125098586622579,1.246495867145901,0,0,0,1
54,Palla General Store,General Trade,3,23,20,Kochi,A,47250.9,6.0,7875.150000000001,29245.92,7.0,0.6156407457860791,-0.14285714285714285,-18004.980000000003,1.0,2025-12-31,0,53.0,5.0,15.0,4.0,4.0,27.5,1.0,0.9333333333333333,0.0,0.0,0.0,0.0,50610.43,71776.69,70.51095557624627,11812.725,3_A,19782.739999999998,2.3884911796849178,0.5650328998136159,0,0,0,1
55,Mody Supermarket,Convenience,5,22,17,Ludhiana,A,25888.05,4.0,6472.0125,46301.34,6.0,-0.4408790328746425,-0.3333333333333333,20413.289999999997,2.0,2025-12-30,1,44.0,5.0,14.0,3.0,3.0,25.333333333333332,1.0,0.7000000000000001,0.0,0.0,0.0,0.0,25888.05,65436.7,39.56197363253342,8629.35,5_A,23936.755,1.0815187772945831,-0.44163800486092897,0,1,0,1
56,Kari General Store,Supermarket,6,25,86,Surat,C,4819.12,2.0,2409.56,1267.69,2.0,2.8014972114633703,0.0,-3551.43,0.0,2025-12-24,7,16.0,5.0,11.0,4.0,4.0,30.5,1.0,0.9333333333333333,0.0,0.0,0.0,0.0,4819.12,17160.8,28.082140692741596,1204.78,6_C,1535.8200000000002,3.1378156294357407,3.3113805516117227,0,0,0,1
57,Kapoor Traders,Modern Trade,6,25,65,Pune,A,18344.92,7.0,2620.702857142857,12338.83,5.0,0.4867633316935235,0.4,-6006.089999999998,-2.0,2025-12-31,0,37.0,5.0,13.0,5.0,4.0,24.6,0.8,1.1666666666666667,0.0,0.0,0.0,0.0,18344.92,66484.96,27.592586353364723,3668.9839999999995,6_A,21985.86,0.8343962892513642,0.4113638259231951,0,0,0,1
58,Bajwa Supermarket,Modern Trade,4,13,48,Kolkata,C,153.0,1.0,153.0,0.0,0.0,,,-153.0,-1.0,2025-12-29,2,1.0,1.0,1.0,1.0,0.0,17.0,0.0,0.23333333333333334,0.0,0.0,0.0,0.0,153.0,16921.09,0.904197070046906,153.0,4_C,1263.49,0.12109316258933589,,0,0,0,1
59,Hans Retail,General Trade,7,28,79,Coimbatore,A,20439.13,4.0,5109.7825,18992.559999999998,5.0,0.07616508780280297,-0.2,-1446.5700000000033,1.0,2025-12-20,11,40.0,5.0,14.0,0.0,0.0,0.0,0.0,0.0,0.0,0.0,0.0,0.0,20439.13,62963.86,32.461685163520784,0.0,7_A,22880.32,0.8933061250891596,0.08015140358444543,0,0,0,1
60,Rastogi Mart,Convenience,7,20,44,Hyderabad,A,14651.42,5.0,2930.284,14247.4,4.0,0.028357454693487966,0.25,-404.02000000000044,-1.0,2025-12-31,0,33.0,5.0,15.0,4.0,3.0,19.25,0.75,0.9333333333333333,0.0,0.0,0.0,0.0,14838.49,58400.85,25.408003479401415,3662.855,7_A,22880.32,0.6403503097858771,0.03234377047513043,0,0,0,1
61,Narasimhan Mart,Pharmacy,4,7,4,Kolkata,C,1008.64,1.0,1008.64,3737.0,2.0,-0.7300936580144501,-0.5,2728.36,1.0,2025-12-09,22,8.0,5.0,6.0,1.0,0.0,35.0,0.0,0.23333333333333334,0.0,0.0,0.0,0.0,1008.64,19092.67,5.2828650995382,1008.64,4_C,1263.49,0.7982967811379591,-0.08167940163661025,0,1,0,1
62,Mallick Supermarket,Convenience,2,29,40,Ahmedabad,C,3612.87,2.0,1806.435,5574.62,3.0,-0.351907394584743,-0.3333333333333333,1961.75,1.0,2025-12-23,8,22.0,5.0,11.0,5.0,5.0,30.6,1.0,1.1666666666666667,0.0,0.0,0.0,0.0,3612.87,19807.22,18.24016696941822,722.574,2_C,1065.73,3.3900425060756474,0.08191667082287363,0,1,0,1
63,Boase General Store,Supermarket,8,14,97,Guwahati,A,8180.790000000001,2.0,4090.3950000000004,29764.37,4.0,-0.7251482225224319,-0.5,21583.579999999998,2.0,2025-12-04,27,35.0,5.0,13.0,1.0,0.0,25.0,0.0,0.23333333333333334,0.0,0.0,0.0,0.0,12086.460000000001,68004.68,17.772982682956528,8180.790000000001,8_A,21023.8,0.3891204254226163,-0.7064926406281922,0,1,0,1
64,Mallick Supermarket,General Trade,7,28,57,Kochi,B,9693.26,2.0,4846.63,8573.68,2.0,0.13058336676899532,0.0,-1119.58,0.0,2025-12-09,22,37.0,5.0,14.0,1.0,0.0,16.0,0.0,0.23333333333333334,0.0,0.0,0.0,0.0,9693.26,37523.59,25.832443004520627,9693.26,7_B,6107.09,1.587214205128793,0.3505113895419113,0,0,0,1
65,Panchal Retail,General Trade,12,8,87,Guwahati,B,27104.760000000002,6.0,4517.46,11283.09,4.0,1.4022461931970764,0.5,-15821.670000000002,-2.0,2025-12-19,12,54.0,5.0,14.0,0.0,0.0,0.0,0.0,0.0,0.0,0.0,0.0,0.0,27104.760000000002,37833.09,71.64299823249965,0.0,12_B,6060.66,4.4722455970141874,1.5033665714948499,0,0,0,1
66,Upadhyay Mart,Modern Trade,4,7,1,Bhubaneswar,B,15938.199999999999,4.0,3984.5499999999997,3564.8100000000004,3.0,3.47098162314401,0.3333333333333333,-12373.39,-1.0,2025-12-24,7,21.0,5.0,11.0,5.0,4.0,23.4,0.8,1.1666666666666667,0.0,0.0,0.0,0.0,15938.199999999999,35813.25,44.50364041241719,3187.64,4_B,5210.49,3.0588677840279894,3.6622335517549627,0,0,0,1
67,Ratta Mart,Modern Trade,4,7,1,Ranchi,C,0.0,0.0,0.0,4335.93,1.0,-1.0,-1.0,4335.93,1.0,2025-11-19,42,15.0,4.0,9.0,3.0,2.0,30.333333333333332,0.6666666666666666,0.7000000000000001,0.0,0.0,0.0,0.0,0.0,17770.94,0.0,0.0,4_C,1263.49,0.0,-0.3515857436221601,1,1,0,1
68,Yadav General Store,Pharmacy,6,21,72,Ahmedabad,A,22664.39,3.0,7554.796666666666,14807.23,3.0,0.5306299692785214,0.0,-7857.16,0.0,2025-12-25,6,25.0,5.0,13.0,5.0,2.0,20.8,0.4,1.1666666666666667,0.0,0.0,0.0,0.0,22664.39,74696.09,30.342137051618096,4532.878,6_A,21985.86,1.0308621086461935,0.45523046350819296,0,0,0,1
69,Narula Traders,Supermarket,6,31,74,Surat,C,5885.53,3.0,1961.8433333333332,1700.69,1.0,2.460671844957047,2.0,-4184.84,-2.0,2025-12-23,8,17.0,4.0,9.0,0.0,0.0,0.0,0.0,0.0,0.0,0.0,0.0,0.0,5885.53,19236.94,30.594938696071207,0.0,6_C,1535.8200000000002,3.832174343347527,2.9705551851053995,0,0,0,1
70,Bala Retail,General Trade,4,2,22,Guwahati,B,2878.72,2.0,1439.36,8850.59,3.0,-0.6747425877822835,-0.3333333333333333,5971.870000000001,1.0,2025-12-05,26,16.0,5.0,10.0,4.0,2.0,16.5,0.5,0.9333333333333333,0.0,0.0,0.0,0.0,2878.72,32866.63,8.75879273293307,719.68,4_B,5210.49,0.5524854668179,-0.4834906591713304,0,1,0,1
71,D’Alia Traders,Supermarket,8,36,76,Ranchi,B,4493.3,2.0,2246.65,4107.36,1.0,0.0939630322153404,1.0,-385.9400000000005,-1.0,2025-12-15,16,25.0,5.0,14.0,8.0,8.0,15.125,1.0,1.8666666666666667,0.0,0.0,0.0,0.0,4493.3,39597.85,11.34733325167907,561.6625,8_B,5652.47,0.7949268196027577,0.27457134920524207,0,0,0,1
72,Lal Supermarket,Convenience,6,21,10,Nashik,C,4972.969999999999,2.0,2486.4849999999997,3165.39,1.0,0.5710449581252229,1.0,-1807.5799999999995,-1.0,2025-12-31,0,21.0,5.0,10.0,4.0,2.0,23.5,0.5,0.9333333333333333,0.0,0.0,0.0,0.0,4972.969999999999,18132.93,27.425076918071152,1243.2424999999998,6_C,1535.8200000000002,3.237990129051581,1.0809282982735755,0,0,0,1
73,Gokhale Mart,Supermarket,10,15,94,Pune,B,0.0,0.0,0.0,0.0,0.0,,,0.0,0.0,2025-10-19,73,9.0,4.0,6.0,1.0,0.0,16.0,0.0,0.23333333333333334,195.0,0.0,189.4974358974359,0.0,0.0,34905.58,0.0,0.0,10_B,6269.79,0.0,,1,0,0,1
74,Lanka Traders,Pharmacy,6,21,10,Pune,C,3505.3799999999997,2.0,1752.6899999999998,5851.32,3.0,-0.4009249195053424,-0.3333333333333333,2345.94,1.0,2025-12-31,0,16.0,4.0,11.0,0.0,0.0,0.0,0.0,0.0,0.0,0.0,0.0,0.0,3505.3799999999997,16527.73,21.209083159030307,0.0,6_C,1535.8200000000002,2.2824159081142317,0.10895842064301015,0,1,0,1
75,Barad Supermarket,Supermarket,3,23,88,Coimbatore,C,0.0,0.0,0.0,1841.06,1.0,-1.0,-1.0,1841.06,1.0,2025-11-03,58,4.0,4.0,4.0,2.0,1.0,36.5,0.5,0.4666666666666667,0.0,0.0,0.0,0.0,0.0,17605.52,0.0,0.0,3_C,1975.87,0.0,-0.6428182099114529,1,1,0,1
76,Chopra Retail,Supermarket,7,28,57,Bengaluru,B,6159.86,2.0,3079.93,12845.38,3.0,-0.5204610529233078,-0.3333333333333333,6685.5199999999995,1.0,2025-12-30,1,27.0,5.0,12.0,4.0,3.0,25.0,0.75,0.9333333333333333,0.0,0.0,0.0,0.0,11968.76,43345.74,27.612309767926448,1539.965,7_B,6107.09,1.0086407765400542,-0.3005330301503918,0,1,0,1
77,Saraf General Store,Supermarket,2,29,40,Surat,B,10416.0,3.0,3472.0,0.0,0.0,,,-10416.0,-3.0,2025-12-30,1,22.0,5.0,13.0,3.0,0.0,26.666666666666668,0.0,0.7000000000000001,0.0,0.0,0.0,0.0,10416.0,36778.45,28.320932502593234,3472.0,2_B,7635.110000000001,1.3642239601001163,,0,0,0,1
78,Pai Traders,Convenience,7,28,79,Coimbatore,B,19049.57,5.0,3809.9139999999998,17048.28,4.0,0.117389554840723,0.25,-2001.2900000000009,-1.0,2025-12-30,1,45.0,5.0,13.0,1.0,1.0,17.0,1.0,0.23333333333333334,0.0,0.0,0.0,0.0,20453.79,32937.44,62.098906290227774,19049.57,7_B,6107.09,3.119254833316686,0.337317577613639,0,0,0,1
79,Murthy Retail,Convenience,4,1,58,Guwahati,C,6143.01,3.0,2047.67,0.0,0.0,,,-6143.01,-3.0,2025-12-12,19,11.0,5.0,8.0,1.0,1.0,12.0,1.0,0.23333333333333334,0.0,0.0,0.0,0.0,6143.01,19666.09,31.236559987267427,6143.01,4_C,1263.49,4.861937965476577,,0,0,0,1
80,Sarin Retail,General Trade,4,1,58,Kolkata,C,0.0,0.0,0.0,2030.3400000000001,2.0,-1.0,-1.0,2030.3400000000001,2.0,2025-11-19,42,7.0,4.0,6.0,2.0,0.0,21.5,0.0,0.4666666666666667,0.0,0.0,0.0,0.0,0.0,21661.08,0.0,0.0,4_C,1263.49,0.0,-0.3515857436221601,1,1,0,1
81,Vaidya Supermarket,Convenience,3,18,91,Kochi,C,7522.66,4.0,1880.665,3534.26,2.0,1.1284964886567483,1.0,-3988.3999999999996,-2.0,2025-12-15,16,30.0,5.0,10.0,0.0,0.0,0.0,0.0,0.0,195.0,0.0,293.0820512820513,0.0,7522.66,21828.01,34.46333403732177,0.0,3_C,1975.87,3.807264647977853,1.4856782787452953,0,0,0,1
82,D’Alia Supermarket,General Trade,12,8,50,Ranchi,C,4945.389999999999,2.0,2472.6949999999997,0.0,0.0,,,-4945.389999999999,-2.0,2025-12-19,12,24.0,5.0,12.0,1.0,1.0,26.0,1.0,0.23333333333333334,0.0,0.0,0.0,0.0,4945.389999999999,20163.12,24.52690853399672,4945.389999999999,12_C,1525.54,3.2417307969636977,,0,0,0,1
83,Rajan Traders,Supermarket,10,32,43,Mumbai,C,0.0,0.0,0.0,0.0,0.0,,,0.0,0.0,2025-10-26,66,3.0,3.0,3.0,4.0,2.0,27.75,0.5,0.9333333333333333,0.0,0.0,0.0,0.0,0.0,18770.65,0.0,0.0,10_C,1784.86,0.0,,1,0,0,1
84,Gupta Mart,Supermarket,3,23,20,Hyderabad,A,46143.880000000005,7.0,6591.982857142858,11000.470000000001,3.0,3.194718952917466,1.3333333333333333,-35143.41,-4.0,2025-12-21,10,46.0,5.0,15.0,2.0,2.0,34.5,1.0,0.4666666666666667,0.0,0.0,0.0,0.0,46143.880000000005,73075.05,63.14587537059503,23071.940000000002,3_A,19782.739999999998,2.3325322983570533,3.144111106945003,0,0,0,1
85,Kumar General Store,Supermarket,5,33,51,Jaipur,C,1466.2,1.0,1466.2,0.0,0.0,,,-1466.2,-1.0,2025-12-07,24,5.0,2.0,5.0,3.0,2.0,29.333333333333332,0.6666666666666666,0.7000000000000001,0.0,0.0,0.0,0.0,1466.2,19631.08,7.468768911338551,488.73333333333335,5_C,1965.2,0.7460818237329534,,0,0,0,1
86,Basu Traders,Convenience,5,22,17,Ludhiana,A,24124.04,3.0,8041.346666666667,40554.12,4.0,-0.40513960110588026,-0.25,16430.08,1.0,2025-12-17,14,43.0,5.0,14.0,2.0,1.0,17.0,0.5,0.4666666666666667,195.0,0.0,73.13333333333334,0.0,24124.04,63846.18,37.784625485816065,12062.02,5_A,23936.755,1.0078241599581899,-0.40589857309216676,0,1,0,1
87,Sarin Traders,Modern Trade,7,12,28,Hyderabad,C,2150.82,1.0,2150.82,1449.65,1.0,0.4836822681336875,0.0,-701.1700000000001,0.0,2025-12-05,26,22.0,5.0,10.0,1.0,1.0,29.0,1.0,0.23333333333333334,0.0,0.0,0.0,0.0,2150.82,19603.53,10.971595421844944,2150.82,7_C,1610.4699999999998,1.3355231702546464,0.93139665339715,0,0,0,1
88,Agarwal Supermarket,Convenience,2,26,38,Mumbai,B,6715.98,1.0,6715.98,6927.3,3.0,-0.030505391711056346,-0.6666666666666666,211.32000000000062,2.0,2025-12-06,25,22.0,5.0,12.0,2.0,1.0,37.0,0.5,0.4666666666666667,0.0,0.0,0.0,0.0,6715.98,34098.42,19.695868606228675,3357.99,2_B,7635.110000000001,0.8796179753795295,-0.20627303739166034,0,0,0,1
89,Venkatesh Mart,Modern Trade,5,22,17,Ludhiana,B,9619.369999999999,2.0,4809.6849999999995,1454.91,1.0,5.611659827755668,1.0,-8164.459999999999,-1.0,2025-12-16,15,11.0,5.0,9.0,4.0,2.0,21.0,0.5,0.9333333333333333,0.0,0.0,0.0,0.0,11074.279999999999,36577.35,30.276332211054108,2404.8424999999997,5_B,6391.82,1.5049500768169315,5.964376435325239,0,0,0,1
90,Yohannan Retail,Modern Trade,9,3,93,Lucknow,A,24310.940000000002,4.0,6077.735000000001,1888.5,1.0,11.873148001059043,3.0,-22422.440000000002,-3.0,2025-12-30,1,23.0,5.0,13.0,2.0,1.0,38.5,0.5,0.4666666666666667,0.0,0.0,0.0,0.0,24310.940000000002,68977.27,35.24485674773734,12155.470000000001,9_A,20504.7,1.185627685359942,11.763101152615723,0,0,0,1
91,Hegde Traders,Modern Trade,12,10,30,Guwahati,B,5333.27,2.0,2666.635,3639.33,1.0,0.4654538060577086,1.0,-1693.9400000000005,-1.0,2025-12-23,8,14.0,5.0,11.0,0.0,0.0,0.0,0.0,0.0,0.0,0.0,0.0,0.0,5333.27,37964.24,14.04814109277573,0.0,12_B,6060.66,0.8799817181627084,0.566574184355482,0,0,0,1
92,Patla Supermarket,Convenience,4,2,60,Patna,C,2483.12,1.0,2483.12,2687.21,1.0,-0.07594866050662216,0.0,204.09000000000015,0.0,2025-12-02,29,30.0,5.0,14.0,0.0,0.0,0.0,0.0,0.0,0.0,0.0,0.0,0.0,2483.12,21109.47,11.763061791698227,0.0,4_C,1263.49,1.9652866267243903,0.5724655958712177,0,0,0,1
93,Sankar General Store,Pharmacy,12,35,78,Bhubaneswar,C,1794.92,1.0,1794.92,0.0,0.0,,,-1794.92,-1.0,2025-12-28,3,12.0,5.0,10.0,3.0,3.0,35.666666666666664,1.0,0.7000000000000001,0.0,0.0,0.0,0.0,1794.92,20011.24,8.969559107781427,598.3066666666667,12_C,1525.54,1.176580096228221,,0,0,0,1
94,Boase Retail,General Trade,12,8,92,Guwahati,C,2203.12,1.0,2203.12,2232.7799999999997,2.0,-0.01328388824693873,-0.5,29.659999999999854,1.0,2025-12-30,1,23.0,5.0,13.0,1.0,1.0,24.0,1.0,0.23333333333333334,0.0,0.0,0.0,0.0,2203.12,16462.03,13.383039637274383,2203.12,12_C,1525.54,1.444157478663293,0.5751512872019064,0,0,0,1
95,Narayanan Mart,Pharmacy,12,8,19,Ranchi,A,28163.950000000004,5.0,5632.790000000001,39716.299999999996,7.0,-0.2908717579432121,-0.2857142857142857,11552.349999999991,2.0,2025-12-31,0,43.0,5.0,13.0,5.0,5.0,22.6,1.0,1.1666666666666667,0.0,0.0,0.0,0.0,28163.950000000004,59321.45,47.476840164898206,5632.790000000001,12_A,24540.835,1.1476361745637427,-0.4205932795431496,0,1,0,1
96,Murthy Mart,Pharmacy,8,14,7,Ranchi,B,7492.120000000001,2.0,3746.0600000000004,9950.11,5.0,-0.2470314398534287,-0.6,2457.99,3.0,2025-12-21,10,21.0,5.0,14.0,1.0,1.0,42.0,1.0,0.23333333333333334,195.0,0.0,201.63076923076923,0.0,7492.120000000001,40538.34,18.481565846060793,7492.120000000001,8_B,5652.47,1.3254594893913636,-0.06642312286352706,0,1,0,1
97,Dash Retail,Modern Trade,4,2,41,Kolkata,C,2996.85,1.0,2996.85,0.0,0.0,,,-2996.85,-1.0,2025-12-18,13,6.0,4.0,5.0,4.0,1.0,26.0,0.25,0.9333333333333333,0.0,0.0,0.0,0.0,2996.85,19340.59,15.49513225811622,749.2125,4_C,1263.49,2.3718826425219035,,0,0,0,1
98,Mital Traders,Pharmacy,5,33,90,Jaipur,C,6148.969999999999,3.0,2049.6566666666663,4983.5,3.0,0.2338657569980936,0.0,-1165.4699999999993,0.0,2025-12-30,1,17.0,5.0,11.0,3.0,1.0,31.0,0.3333333333333333,0.7000000000000001,0.0,0.0,0.0,0.0,6148.969999999999,19398.16,31.698728126791405,2049.6566666666663,5_C,1965.2,3.1289283533482593,0.6807727348522288,0,0,0,1
99,Tripathi Supermarket,Convenience,10,32,33,Pune,C,0.0,0.0,0.0,2622.1,1.0,-1.0,-1.0,2622.1,1.0,2025-11-13,48,11.0,5.0,8.0,1.0,1.0,18.0,1.0,0.23333333333333334,0.0,0.0,0.0,0.0,0.0,20976.33,0.0,0.0,10_C,1784.86,0.0,-0.822765303242021,1,1,0,1
100,More Mart,Pharmacy,5,16,31,Chandigarh,A,15046.08,3.0,5015.36,32760.65,8.0,-0.5407270612762567,-0.625,17714.57,5.0,2025-12-28,3,36.0,5.0,13.0,1.0,0.0,8.0,0.0,0.23333333333333334,0.0,0.0,0.0,0.0,15046.08,62131.38,24.216555305869594,15046.08,5_A,23936.755,0.6285764298460672,-0.5414860332625432,0,1,0,1
101,Rege General Store,Convenience,12,8,15,Ranchi,C,6948.51,2.0,3474.255,1273.12,1.0,4.457859431946714,1.0,-5675.39,-1.0,2025-12-27,4,12.0,5.0,8.0,2.0,2.0,26.5,1.0,0.4666666666666667,195.0,0.0,310.15384615384613,0.0,6948.51,20068.46,34.62403193867392,3474.255,12_C,1525.54,4.554787157334452,5.046294607395559,0,0,0,1
102,Narain Mart,Convenience,8,36,55,Kolkata,C,0.0,0.0,0.0,749.38,1.0,-1.0,-1.0,749.38,1.0,2025-11-19,42,4.0,4.0,4.0,1.0,1.0,11.0,1.0,0.23333333333333334,0.0,0.0,0.0,0.0,0.0,19812.22,0.0,0.0,8_C,1474.47,0.0,-0.4422553310707772,1,1,0,1
103,Rau Supermarket,Convenience,7,20,68,Hyderabad,A,32156.27,5.0,6431.254,39273.99,6.0,-0.18123241361521958,-0.16666666666666666,7117.7199999999975,1.0,2025-12-24,7,41.0,5.0,15.0,1.0,0.0,30.0,0.0,0.23333333333333334,0.0,0.0,0.0,0.0,32156.27,69010.38,46.596280153797146,32156.27,7_A,22880.32,1.405411725010839,-0.17724609783357712,0,1,0,1
104,Merchant General Store,Pharmacy,1,17,3,Lucknow,C,1735.58,1.0,1735.58,5015.98,2.0,-0.6539898484443718,-0.5,3280.3999999999996,1.0,2025-12-31,0,17.0,5.0,12.0,1.0,0.0,17.0,0.0,0.23333333333333334,0.0,0.0,0.0,0.0,1735.58,20644.49,8.406988983501165,1735.58,1_C,1475.75,1.1760664069117397,-0.027417525832807987,0,1,0,1
105,Datta General Store,Convenience,12,10,46,Kolkata,B,9238.619999999999,2.0,4619.3099999999995,8026.38,3.0,0.15103197207209212,-0.3333333333333333,-1212.2399999999989,1.0,2025-12-29,2,23.0,4.0,11.0,3.0,2.0,20.0,0.6666666666666666,0.7000000000000001,0.0,0.0,0.0,0.0,9238.619999999999,37309.97,24.76179959404952,3079.5399999999995,12_B,6060.66,1.5243587332072743,0.25215235036986555,0,0,0,1
106,Handa Mart,Pharmacy,12,10,46,Guwahati,B,16265.63,4.0,4066.4075,9968.71,2.0,0.6316684907074236,1.0,-6296.92,-2.0,2025-12-31,0,30.0,5.0,13.0,1.0,1.0,10.0,1.0,0.23333333333333334,0.0,0.0,0.0,0.0,16265.63,41937.71,38.78521264036591,16265.63,12_B,6060.66,2.683805064134929,0.732788869005197,0,0,0,1
107,Salvi Traders,General Trade,12,8,18,Kolkata,C,1830.05,1.0,1830.05,1829.78,1.0,0.000147558722906569,0.0,-0.2699999999999818,0.0,2025-12-11,20,11.0,5.0,9.0,1.0,0.0,41.0,0.0,0.23333333333333334,0.0,0.0,0.0,0.0,1830.05,20202.51,9.058527875991647,1830.05,12_C,1525.54,1.1996080076563054,0.5885827341717518,0,0,0,1
108,Raghavan Supermarket,Pharmacy,10,4,6,Ahmedabad,C,1466.63,1.0,1466.63,0.0,0.0,,,-1466.63,-1.0,2025-12-25,6,10.0,5.0,7.0,0.0,0.0,0.0,0.0,0.0,0.0,0.0,0.0,0.0,1466.63,16286.75,9.005050117426745,0.0,10_C,1784.86,0.8217059041045237,,0,0,0,1
109,Ghosh General Store,Supermarket,6,25,5,Pune,B,11873.460000000001,4.0,2968.3650000000002,7408.23,2.0,0.6027391158211883,1.0,-4465.230000000001,-2.0,2025-12-31,0,27.0,5.0,13.0,4.0,2.0,17.25,0.5,0.9333333333333333,0.0,0.0,0.0,0.0,11873.460000000001,35451.27,33.492340330825954,2968.3650000000002,6_B,5118.745000000001,2.319603730992655,0.8720281765427991,0,0,0,1
110,Mitra Traders,Supermarket,1,5,52,Lucknow,C,0.0,0.0,0.0,6693.57,3.0,-1.0,-1.0,6693.57,3.0,2025-11-11,50,14.0,5.0,9.0,0.0,0.0,0.0,0.0,0.0,0.0,0.0,0.0,0.0,0.0,16500.92,0.0,0.0,1_C,1475.75,0.0,-0.3734276773884362,1,1,0,1
111,Ravi General Store,Pharmacy,4,13,48,Guwahati,B,1991.8600000000001,2.0,995.9300000000001,0.0,0.0,,,-1991.8600000000001,-2.0,2025-12-29,2,22.0,5.0,11.0,2.0,1.0,18.0,0.5,0.4666666666666667,0.0,0.0,0.0,0.0,1991.8600000000001,37757.72,5.275371500185922,995.9300000000001,4_B,5210.49,0.3822788259837367,,0,0,0,1
112,Acharya General Store,Supermarket,8,36,70,Patna,B,7369.68,3.0,2456.56,7307.58,3.0,0.008498025338073667,0.0,-62.100000000000364,0.0,2025-12-16,15,26.0,5.0,12.0,0.0,0.0,0.0,0.0,0.0,0.0,0.0,0.0,0.0,7369.68,33286.84,22.139920761478113,0.0,8_B,5652.47,1.303798162573176,0.18910634232797532,0,0,0,1
113,Modi Traders,Supermarket,12,8,92,Ranchi,A,53909.23,7.0,7701.318571428572,12851.349999999999,2.0,3.1948301151240925,2.5,-41057.880000000005,-5.0,2025-12-30,1,45.0,5.0,14.0,1.0,0.0,16.0,0.0,0.23333333333333334,0.0,0.0,0.0,0.0,53909.23,64496.51,83.5847241967046,53909.23,12_A,24540.835,2.1967153929358965,3.065108593524155,0,0,0,0
114,Mangat General Store,General Trade,7,28,79,Kochi,B,10052.21,2.0,5026.105,11378.039999999999,3.0,-0.11652534179876324,-0.3333333333333333,1325.83,1.0,2025-12-23,8,23.0,5.0,12.0,2.0,1.0,11.5,0.5,0.4666666666666667,0.0,0.0,0.0,0.0,10052.21,36361.13,27.645482964913352,5026.105,7_B,6107.09,1.6459901524293892,0.10340268097415277,0,0,0,1
115,Kade Mart,Convenience,4,13,96,Bhubaneswar,C,1015.85,1.0,1015.85,3675.82,2.0,-0.7236398953158751,-0.5,2659.9700000000003,1.0,2025-12-21,10,10.0,5.0,7.0,2.0,2.0,24.5,1.0,0.4666666666666667,0.0,0.0,0.0,0.0,1015.85,17044.26,5.960071015110073,507.925,4_C,1263.49,0.8040031974926592,-0.07522563893803524,0,1,0,1
116,Sani Retail,Supermarket,2,29,9,Pune,C,1425.76,1.0,1425.76,1850.23,1.0,-0.22941472141301353,0.0,424.47,0.0,2025-12-24,7,14.0,5.0,10.0,2.0,0.0,33.0,0.0,0.4666666666666667,0.0,0.0,0.0,0.0,1425.76,18162.28,7.850115734368153,712.88,2_C,1065.73,1.337824777382639,0.20440934399460312,0,1,0,1
117,Nagy Retail,Pharmacy,3,23,20,Kochi,C,0.0,0.0,0.0,9157.529999999999,2.0,-1.0,-1.0,9157.529999999999,2.0,2025-11-19,42,15.0,5.0,10.0,2.0,2.0,21.5,1.0,0.4666666666666667,0.0,0.0,0.0,0.0,0.0,21113.09,0.0,0.0,3_C,1975.87,0.0,-0.6428182099114529,1,1,0,1
118,Shroff Retail,Modern Trade,5,16,47,Lucknow,B,4155.56,1.0,4155.56,9727.41,2.0,-0.5727989259216996,-0.5,5571.849999999999,1.0,2025-12-07,24,15.0,5.0,10.0,3.0,3.0,24.333333333333332,1.0,0.7000000000000001,0.0,0.0,0.0,0.0,4155.56,43206.57,9.617889131213147,1385.1866666666667,5_B,6391.82,0.6501372066172078,-0.22008231835212866,0,1,0,1
119,Sathe Supermarket,General Trade,12,10,64,Guwahati,B,0.0,0.0,0.0,7301.14,3.0,-1.0,-1.0,7301.14,3.0,2025-11-25,36,10.0,4.0,8.0,1.0,0.0,29.0,0.0,0.23333333333333334,0.0,0.0,0.0,0.0,0.0,34446.53,0.0,0.0,12_B,6060.66,0.0,-0.8988796217022266,1,1,0,1
120,Sathe Traders,Modern Trade,7,12,28,Coimbatore,B,3519.54,1.0,3519.54,8566.130000000001,3.0,-0.5891330157258879,-0.6666666666666666,5046.590000000001,2.0,2025-12-13,18,23.0,5.0,13.0,1.0,1.0,18.0,1.0,0.23333333333333334,0.0,0.0,0.0,0.0,3519.54,40670.27,8.653839770426899,3519.54,7_B,6107.09,0.5763039352621298,-0.36920499295297193,0,1,0,1
121,Kala Retail,Supermarket,1,17,23,Lucknow,C,4723.72,4.0,1180.93,519.29,1.0,8.096497140326216,3.0,-4204.43,-3.0,2025-12-31,0,17.0,5.0,10.0,1.0,1.0,32.0,1.0,0.23333333333333334,0.0,0.0,0.0,0.0,4723.72,19164.23,24.64862924312639,4723.72,1_C,1475.75,3.200894460443842,8.72306946293778,0,0,0,1
122,Vaidya Mart,Supermarket,4,1,39,Bhubaneswar,C,1884.01,1.0,1884.01,2653.96,2.0,-0.2901136415017559,-0.5,769.95,1.0,2025-12-03,28,6.0,2.0,5.0,2.0,2.0,13.0,1.0,0.4666666666666667,0.0,0.0,0.0,0.0,1884.01,17394.54,10.831042384564352,942.005,4_C,1263.49,1.4911158774505535,0.358300614876084,0,1,0,1
123,Solanki General Store,Supermarket,12,8,18,Bhubaneswar,C,4191.0,3.0,1397.0,1541.76,1.0,1.718321917808219,2.0,-2649.24,-2.0,2025-12-26,5,19.0,5.0,10.0,2.0,1.0,38.0,0.5,0.4666666666666667,0.0,0.0,0.0,0.0,4191.0,21404.09,19.580369919954553,2095.5,12_C,1525.54,2.7472239338201554,2.306757093257064,0,0,0,1
124,Gara General Store,Supermarket,5,22,17,Ludhiana,C,3938.37,1.0,3938.37,540.46,1.0,6.287070273470746,0.0,-3397.91,0.0,2025-12-29,2,7.0,3.0,6.0,1.0,0.0,31.0,0.0,0.23333333333333334,0.0,0.0,0.0,0.0,3938.37,20449.36,19.259135738233372,3938.37,5_C,1965.2,2.0040555668634235,6.733977251324881,0,0,0,1
125,Chad Supermarket,General Trade,7,20,68,Kochi,C,0.0,0.0,0.0,1969.97,1.0,-1.0,-1.0,1969.97,1.0,2025-11-11,50,10.0,4.0,7.0,1.0,0.0,13.0,0.0,0.23333333333333334,0.0,0.0,0.0,0.0,0.0,18744.38,0.0,0.0,7_C,1610.4699999999998,0.0,-0.5522856147365374,1,1,0,1
126,Mander Retail,Modern Trade,4,1,58,Ranchi,C,1647.4,1.0,1647.4,0.0,0.0,,,-1647.4,-1.0,2025-12-14,17,7.0,4.0,6.0,3.0,3.0,12.666666666666666,1.0,0.7000000000000001,195.0,0.0,296.8,0.0,1647.4,16168.78,10.188771199806046,549.1333333333333,4_C,1263.49,1.3038488630697513,,0,0,0,1
127,Varma Mart,Pharmacy,8,36,76,Bhubaneswar,C,0.0,0.0,0.0,2843.39,2.0,-1.0,-1.0,2843.39,2.0,2025-11-13,48,15.0,4.0,7.0,1.0,1.0,22.0,1.0,0.23333333333333334,0.0,0.0,0.0,0.0,0.0,18317.4,0.0,0.0,8_C,1474.47,0.0,-0.4422553310707772,1,1,0,1
128,Nayak Mart,Supermarket,3,18,67,Chennai,B,15280.77,4.0,3820.1925,2102.37,1.0,6.268354285877368,3.0,-13178.400000000001,-3.0,2025-12-26,5,22.0,5.0,12.0,3.0,2.0,26.333333333333332,0.6666666666666666,0.7000000000000001,195.0,0.0,207.6102564102564,0.0,15280.77,36924.28,41.3840703190421,5093.59,3_B,5507.8,2.7743872326518755,6.507705215174144,0,0,0,1
129,Chander Supermarket,Supermarket,2,29,37,Mumbai,B,34566.45,7.0,4938.064285714286,2946.19,1.0,10.73259362091379,6.0,-31620.26,-6.0,2025-12-29,2,40.0,5.0,13.0,4.0,2.0,19.75,0.5,0.9333333333333333,0.0,0.0,0.0,0.0,34566.45,34700.13,99.61475648650307,8641.6125,2_B,7635.110000000001,4.527302160676139,10.556825975233185,0,0,0,0
130,Keer Supermarket,Convenience,4,13,12,Guwahati,C,8111.04,3.0,2703.68,0.0,0.0,,,-8111.04,-3.0,2025-12-18,13,21.0,5.0,14.0,1.0,0.0,28.0,0.0,0.23333333333333334,0.0,0.0,0.0,0.0,8111.04,18408.92,44.06037942475714,8111.04,4_C,1263.49,6.419552192735993,,0,0,0,1
131,Mukherjee General Store,General Trade,7,20,44,Coimbatore,A,22292.22,4.0,5573.055,34904.6,5.0,-0.361338620124568,-0.2,12612.379999999997,1.0,2025-12-25,6,44.0,5.0,14.0,2.0,1.0,15.0,0.5,0.4666666666666667,0.0,0.0,0.0,0.0,22292.22,68161.4,32.705050072328326,11146.11,7_A,22880.32,0.9742966881582077,-0.35735230434292553,0,1,0,1
132,Kar Traders,Convenience,8,14,34,Bhubaneswar,C,0.0,0.0,0.0,0.0,0.0,,,0.0,0.0,2025-11-01,60,11.0,4.0,8.0,0.0,0.0,0.0,0.0,0.0,0.0,0.0,0.0,0.0,0.0,18715.39,0.0,0.0,8_C,1474.47,0.0,,1,0,0,1
133,Issac Retail,Pharmacy,8,36,70,Patna,C,0.0,0.0,0.0,5627.35,2.0,-1.0,-1.0,5627.35,2.0,2025-11-15,46,11.0,4.0,7.0,2.0,2.0,26.5,1.0,0.4666666666666667,0.0,0.0,0.0,0.0,0.0,19240.09,0.0,0.0,8_C,1474.47,0.0,-0.4422553310707772,1,1,0,1
134,Din General Store,Modern Trade,4,1,39,Ranchi,A,20228.43,4.0,5057.1075,18927.85,3.0,0.06871250564644171,0.3333333333333333,-1300.5800000000017,-1.0,2025-12-16,15,44.0,5.0,15.0,4.0,3.0,24.75,0.75,0.9333333333333333,0.0,0.0,0.0,0.0,20228.43,73930.91,27.36126202152794,5057.1075,4_A,22237.399999999998,0.9096580535494259,-0.0001877372995434945,0,0,0,1
135,Bakshi Retail,Supermarket,7,20,44,Coimbatore,A,25097.41,5.0,5019.482,27620.22,4.0,-0.09133924349625025,0.25,2522.8100000000013,-1.0,2025-12-23,8,42.0,5.0,13.0,3.0,2.0,33.333333333333336,0.6666666666666666,0.7000000000000001,0.0,0.0,0.0,0.0,25097.41,66620.4,37.672259548126405,8365.803333333333,7_A,22880.32,1.0968994314764828,-0.08735292771460779,0,0,0,1
136,Batra Mart,Pharmacy,12,35,66,Guwahati,A,32458.18,3.0,10819.393333333333,13145.19,3.0,1.469205846397047,0.0,-19312.989999999998,0.0,2025-12-26,5,46.0,5.0,13.0,4.0,1.0,27.5,0.25,0.9333333333333333,0.0,0.0,0.0,0.0,32458.18,64205.82,50.553329900622714,8114.545,12_A,24540.835,1.3226192181317384,1.3394843247971093,0,0,0,1
137,Konda Traders,Convenience,7,20,13,Bengaluru,B,2034.18,1.0,2034.18,9021.57,3.0,-0.774520399442669,-0.6666666666666666,6987.389999999999,2.0,2025-12-04,27,22.0,5.0,13.0,0.0,0.0,0.0,0.0,0.0,0.0,0.0,0.0,0.0,2034.18,34602.46,5.878714981535995,0.0,7_B,6107.09,0.3330849881039906,-0.554592376669753,0,1,0,1
138,Soman Mart,Modern Trade,5,16,42,Ludhiana,C,3347.35,1.0,3347.35,0.0,0.0,,,-3347.35,-1.0,2025-12-20,11,6.0,4.0,5.0,4.0,2.0,23.25,0.5,0.9333333333333333,0.0,0.0,0.0,0.0,3347.35,20050.33,16.69473769259658,836.8375,5_C,1965.2,1.7033126399348666,,0,0,0,1
139,Bora Traders,Convenience,2,29,40,Surat,A,57900.25,6.0,9650.041666666666,25381.629999999997,3.0,1.2811872208364872,1.0,-32518.620000000003,-3.0,2025-12-25,6,51.0,5.0,15.0,2.0,2.0,27.5,1.0,0.4666666666666667,0.0,0.0,0.0,0.0,68773.15,68275.21,100.72931302591377,28950.125,2_A,21794.730000000003,2.6566169895199434,1.1464135584558222,0,0,0,0
140,Shah Traders,Convenience,12,10,46,Kolkata,A,3143.82,2.0,1571.91,21755.75,4.0,-0.8554947542603679,-0.5,18611.93,2.0,2025-12-23,8,21.0,5.0,11.0,6.0,6.0,32.666666666666664,1.0,1.4000000000000001,0.0,0.0,0.0,0.0,3143.82,58917.29,5.335988807360285,523.97,12_A,24540.835,0.12810566551627114,-0.9852162758603055,0,1,0,1
141,Sachdeva General Store,Pharmacy,2,29,37,Nashik,A,28004.34,3.0,9334.78,823.47,1.0,33.007723414332034,2.0,-27180.87,-2.0,2025-12-24,7,33.0,5.0,14.0,3.0,3.0,31.333333333333332,1.0,0.7000000000000001,0.0,0.0,0.0,0.0,28004.34,57345.24,48.83463736484493,9334.78,2_A,21794.730000000003,1.2849133712599328,32.87294975195137,0,0,0,1
142,Hayer Traders,General Trade,6,31,98,Surat,B,7490.84,2.0,3745.42,3039.37,1.0,1.4646028617772764,1.0,-4451.47,-1.0,2025-12-22,9,26.0,5.0,12.0,2.0,2.0,16.0,1.0,0.4666666666666667,0.0,0.0,0.0,0.0,7490.84,35362.31,21.1831184105337,3745.42,6_B,5118.745000000001,1.4634133952755997,1.7338919224988871,0,0,0,1
143,Rajagopalan Traders,Convenience,2,29,37,Mumbai,B,0.0,0.0,0.0,3482.26,1.0,-1.0,-1.0,3482.26,1.0,2025-11-05,56,15.0,5.0,9.0,2.0,1.0,24.5,0.5,0.4666666666666667,0.0,0.0,0.0,0.0,0.0,34193.7,0.0,0.0,2_B,7635.110000000001,0.0,-1.175767645680604,1,1,0,1
144,Talwar General Store,Pharmacy,7,28,79,Bengaluru,A,19505.86,2.0,9752.93,9819.619999999999,2.0,0.9864169896594779,0.0,-9686.240000000002,0.0,2025-12-14,17,22.0,5.0,12.0,2.0,2.0,28.0,1.0,0.4666666666666667,195.0,0.0,58.55897435897436,0.0,19505.86,59375.09,32.851924940240096,9752.93,7_A,22880.32,0.85251692284024,0.9904033054411203,0,0,0,1
145,Ratta Supermarket,Pharmacy,5,16,47,Jaipur,A,13898.82,2.0,6949.41,18963.93,4.0,-0.2670917895183119,-0.5,5065.110000000001,2.0,2025-12-29,2,22.0,5.0,11.0,1.0,0.0,27.0,0.0,0.23333333333333334,0.0,0.0,0.0,0.0,13898.82,67142.76,20.70040016228109,13898.82,5_A,23936.755,0.5806476274666302,-0.2678507615045984,0,1,0,1
146,Kohli Supermarket,Pharmacy,12,8,92,Patna,C,2166.44,1.0,2166.44,372.91,1.0,4.809551902603845,0.0,-1793.53,0.0,2025-12-05,26,7.0,5.0,7.0,3.0,2.0,22.666666666666668,0.6666666666666666,0.7000000000000001,0.0,0.0,0.0,0.0,2166.44,18076.94,11.984550482548485,722.1466666666666,12_C,1525.54,1.4201135335684414,5.39798707805269,0,0,0,1
147,Divan Traders,Convenience,5,16,42,Ludhiana,B,0.0,0.0,0.0,19114.760000000002,4.0,-1.0,-1.0,19114.760000000002,4.0,2025-11-21,40,21.0,5.0,11.0,1.0,0.0,14.0,0.0,0.23333333333333334,0.0,0.0,0.0,0.0,0.0,33141.78,0.0,0.0,5_B,6391.82,0.0,-0.6472833924304291,1,1,0,1
148,Ahluwalia Supermarket,Supermarket,6,25,65,Nashik,B,9662.41,4.0,2415.6025,2075.15,1.0,3.6562465363949594,3.0,-7587.26,-3.0,2025-12-23,8,28.0,5.0,13.0,2.0,2.0,26.5,1.0,0.4666666666666667,0.0,0.0,0.0,0.0,9662.41,41054.07,23.535815084838116,4831.205,6_B,5118.745000000001,1.887652149110768,3.9255355971165704,0,0,0,1
149,Chhabra Supermarket,Supermarket,12,8,87,Kolkata,C,0.0,0.0,0.0,0.0,0.0,,,0.0,0.0,2025-10-31,61,7.0,4.0,6.0,0.0,0.0,0.0,0.0,0.0,0.0,0.0,0.0,0.0,0.0,19442.98,0.0,0.0,12_C,1525.54,0.0,,1,0,0,1
150,Sandal Retail,Convenience,4,7,81,Kolkata,C,2112.5,2.0,1056.25,6557.43,3.0,-0.6778463513907126,-0.3333333333333333,4444.93,1.0,2025-12-30,1,18.0,5.0,12.0,1.0,0.0,16.0,0.0,0.23333333333333334,0.0,0.0,0.0,0.0,3966.8900000000003,17035.09,23.286580816420695,2112.5,4_C,1263.49,1.671956248169752,-0.029432095012872694,0,1,0,1
151,Kanda Supermarket,Pharmacy,4,13,62,Bhubaneswar,B,4248.28,2.0,2124.14,9079.99,4.0,-0.5321272380255926,-0.5,4831.71,2.0,2025-12-07,24,17.0,4.0,10.0,1.0,1.0,33.0,1.0,0.23333333333333334,0.0,0.0,0.0,0.0,4248.28,42209.96,10.064638772460338,4248.28,4_B,5210.49,0.8153321472644607,-0.3408753094146395,0,1,0,1
152,Goda Traders,Supermarket,6,31,74,Mumbai,A,8536.28,2.0,4268.14,35958.23,6.0,-0.7626056677428228,-0.6666666666666666,27421.950000000004,4.0,2025-12-08,23,23.0,5.0,12.0,2.0,2.0,30.0,1.0,0.4666666666666667,0.0,0.0,0.0,0.0,8536.28,57547.54,14.833440317344582,4268.14,6_A,21985.86,0.3882622740252144,-0.8380051735131512,0,1,0,1
153,Vasa Traders,General Trade,12,19,53,Guwahati,C,4973.16,2.0,2486.58,0.0,0.0,,,-4973.16,-2.0,2025-12-05,26,13.0,5.0,9.0,0.0,0.0,0.0,0.0,0.0,0.0,0.0,0.0,0.0,4973.16,19652.86,25.305019218576835,0.0,12_C,1525.54,3.259934187238617,,0,0,0,1
154,Shetty Retail,Modern Trade,5,16,42,Lucknow,B,8692.7,3.0,2897.566666666667,7114.120000000001,2.0,0.2218939236335625,0.5,-1578.58,-1.0,2025-12-21,10,24.0,5.0,12.0,1.0,1.0,15.0,1.0,0.23333333333333334,0.0,0.0,0.0,0.0,8692.7,43467.33,19.998237756954477,8692.7,5_B,6391.82,1.3599725899665511,0.5746105312031334,0,0,0,1
155,Bedi Mart,Modern Trade,12,10,46,Patna,C,327.31,1.0,327.31,0.0,0.0,,,-327.31,-1.0,2025-12-26,5,3.0,3.0,3.0,1.0,1.0,38.0,1.0,0.23333333333333334,0.0,0.0,0.0,0.0,327.31,16304.74,2.0074530473960333,327.31,12_C,1525.54,0.21455353514165476,,0,0,0,1
156,Krish Traders,Supermarket,1,34,99,Chandigarh,C,5174.389999999999,2.0,2587.1949999999997,3257.5,3.0,0.5884543361473521,-0.3333333333333333,-1916.8899999999994,1.0,2025-12-24,7,19.0,5.0,10.0,0.0,0.0,0.0,0.0,0.0,195.0,0.0,292.2102564102564,0.0,5174.389999999999,19405.49,26.664567604322276,0.0,1_C,1475.75,3.5062781636456037,1.2150266587589158,0,0,0,1
157,Dara Supermarket,Pharmacy,2,29,37,Mumbai,C,4133.18,3.0,1377.7266666666667,0.0,0.0,,,-4133.18,-3.0,2025-12-31,0,10.0,5.0,8.0,0.0,0.0,0.0,0.0,0.0,0.0,0.0,0.0,0.0,4133.18,17964.45,23.00755102438427,0.0,2_C,1065.73,3.8782618486858773,,0,0,0,1
158,Shan Retail,General Trade,1,34,99,Jaipur,B,465.65,1.0,465.65,9491.09,2.0,-0.9509381957183001,-0.5,9025.44,1.0,2025-12-03,28,15.0,5.0,9.0,5.0,4.0,29.6,0.8,1.1666666666666667,0.0,0.0,0.0,0.0,465.65,38118.05,1.221599740805209,93.13,1_B,5467.655000000001,0.08516448093378239,-0.9488909574768011,0,1,0,1
159,Deol Supermarket,Supermarket,4,13,96,Ranchi,B,0.0,0.0,0.0,903.55,1.0,-1.0,-1.0,903.55,1.0,2025-11-08,53,8.0,4.0,7.0,1.0,0.0,26.0,0.0,0.23333333333333334,0.0,0.0,0.0,0.0,0.0,34473.51,0.0,0.0,4_B,5210.49,0.0,-0.8087480713890469,1,1,0,1
160,Shetty Mart,Modern Trade,6,31,14,Nashik,C,4228.639999999999,3.0,1409.5466666666664,2322.56,2.0,0.8206806282722511,0.5,-1906.0799999999995,-1.0,2025-12-23,8,11.0,5.0,8.0,0.0,0.0,0.0,0.0,0.0,0.0,0.0,0.0,0.0,4228.639999999999,17721.1,23.862175598580222,0.0,6_C,1535.8200000000002,2.753343490773658,1.3305639684206036,0,0,0,1
161,Wali Traders,Supermarket,5,33,82,Jaipur,A,21795.539999999997,4.0,5448.884999999999,27472.0,4.0,-0.20662711124053593,0.0,5676.460000000003,0.0,2025-12-31,0,43.0,5.0,14.0,4.0,2.0,32.25,0.5,0.9333333333333333,0.0,0.0,0.0,0.0,21795.539999999997,70848.97,30.76338301036698,5448.884999999999,5_A,23936.755,0.910546980992202,-0.20738608322682242,0,1,0,1
162,Nadig Mart,Pharmacy,4,7,1,Guwahati,C,709.41,2.0,354.705,0.0,0.0,,,-709.41,-2.0,2025-12-16,15,12.0,5.0,9.0,2.0,1.0,26.0,0.5,0.4666666666666667,195.0,0.0,281.9948717948718,0.0,709.41,17598.23,4.031144041190506,354.705,4_C,1263.49,0.5614686305392207,,0,0,0,1
163,Savant Retail,Supermarket,4,13,62,Bhubaneswar,C,8264.01,5.0,1652.8020000000001,1831.1,2.0,3.5131396428376385,1.5,-6432.91,-3.0,2025-12-31,0,25.0,5.0,13.0,6.0,2.0,25.666666666666668,0.3333333333333333,1.4000000000000001,0.0,0.0,0.0,0.0,8264.01,17195.54,48.05903158609732,1377.335,4_C,1263.49,6.540621611567959,4.161553899215479,0,0,0,1
164,Thaman General Store,Modern Trade,7,20,84,Coimbatore,B,5400.19,3.0,1800.0633333333333,16486.17,3.0,-0.6724412037483539,0.0,11085.98,0.0,2025-12-27,4,39.0,5.0,13.0,2.0,2.0,35.0,1.0,0.4666666666666667,0.0,0.0,0.0,0.0,5400.19,41146.33,13.124353982481546,2700.095,7_B,6107.09,0.8842492905786552,-0.4525131809754379,0,1,0,1
165,Sandhu Retail,General Trade,5,33,51,Lucknow,A,24758.03,2.0,12379.015,32166.93,4.0,-0.23032661183395498,-0.5,7408.9000000000015,2.0,2025-12-18,13,34.0,5.0,13.0,1.0,0.0,26.0,0.0,0.23333333333333334,0.0,0.0,0.0,0.0,24758.03,60216.45,41.11506075167168,24758.03,5_A,23936.755,1.0343102062079843,-0.23108558382024147,0,1,0,1
166,Sehgal Supermarket,Convenience,10,32,43,Ahmedabad,B,7393.3,2.0,3696.65,6647.42,3.0,0.11220593854457821,-0.3333333333333333,-745.8800000000001,1.0,2025-12-14,17,16.0,4.0,9.0,2.0,1.0,25.0,0.5,0.4666666666666667,0.0,0.0,0.0,0.0,10454.7,35907.55,29.11560382148044,3696.65,10_B,6269.79,1.1791941994867452,0.2871165185472277,0,0,0,1
167,Dutt General Store,Supermarket,4,2,60,Patna,A,26925.52,5.0,5385.104,27416.23,4.0,-0.01789852215275401,0.25,490.7099999999991,-1.0,2025-12-22,9,42.0,5.0,14.0,1.0,1.0,16.0,1.0,0.23333333333333334,0.0,0.0,0.0,0.0,26925.52,58788.33,45.800790735168015,26925.52,4_A,22237.399999999998,1.2108214089776683,-0.08679876509873921,0,0,0,1
168,Soman Retail,Supermarket,12,8,92,Bhubaneswar,A,37013.4,7.0,5287.628571428571,27699.22,5.0,0.33626145429365883,0.4,-9314.18,-2.0,2025-12-29,2,43.0,5.0,15.0,1.0,1.0,14.0,1.0,0.23333333333333334,0.0,0.0,0.0,0.0,39856.44,60656.99,65.70790934400141,37013.4,12_A,24540.835,1.5082371891583968,0.20653993269372128,0,0,0,1
169,Sengupta Supermarket,Supermarket,7,28,79,Kochi,C,2441.33,1.0,2441.33,1074.18,2.0,1.272738274777039,-0.5,-1367.1499999999999,1.0,2025-12-16,15,7.0,4.0,7.0,4.0,3.0,20.5,0.75,0.9333333333333333,0.0,0.0,0.0,0.0,2441.33,16320.45,14.958717437325564,610.3325,7_C,1610.4699999999998,1.515911504095078,1.7204526600405017,0,0,0,1
170,Lad Mart,General Trade,12,8,18,Ranchi,B,6124.25,2.0,3062.125,553.28,1.0,10.068988577212263,1.0,-5570.97,-1.0,2025-12-28,3,17.0,4.0,9.0,3.0,1.0,29.333333333333332,0.3333333333333333,0.7000000000000001,0.0,0.0,0.0,0.0,6124.25,36222.55,16.90728565493042,2041.4166666666667,12_B,6060.66,1.010492256618916,10.170108955510036,0,0,0,1
171,Kota Supermarket,General Trade,10,32,43,Ahmedabad,C,1977.88,1.0,1977.88,4720.25,1.0,-0.580979820984058,0.0,2742.37,0.0,2025-12-17,14,13.0,5.0,10.0,4.0,4.0,25.5,1.0,0.9333333333333333,0.0,0.0,0.0,0.0,1977.88,20623.12,9.590595409423987,494.47,10_C,1784.86,1.1081429355803818,-0.403745124226079,0,1,0,1
172,Malhotra Mart,Pharmacy,4,2,8,Kolkata,B,10641.11,2.0,5320.555,14193.18,4.0,-0.25026597281229435,-0.5,3552.0699999999997,2.0,2025-12-14,17,24.0,5.0,12.0,1.0,1.0,19.0,1.0,0.23333333333333334,0.0,0.0,0.0,0.0,12284.470000000001,36707.19,33.46611385943735,10641.11,4_B,5210.49,2.0422474661692087,-0.05901404420134129,0,1,0,1
173,Verma Retail,Supermarket,3,18,89,Bengaluru,C,7403.610000000001,3.0,2467.8700000000003,744.25,2.0,8.947746053073566,0.5,-6659.360000000001,-1.0,2025-12-27,4,19.0,5.0,12.0,3.0,2.0,28.0,0.6666666666666666,0.7000000000000001,0.0,0.0,0.0,0.0,7403.610000000001,21479.93,34.467570425043284,2467.8700000000003,3_C,1975.87,3.7470127083259532,9.304927843162112,0,0,0,1
174,Sundaram Supermarket,Supermarket,4,13,62,Bhubaneswar,B,5967.38,2.0,2983.69,3469.58,2.0,0.7199142259293633,0.0,-2497.8,0.0,2025-12-27,4,22.0,5.0,10.0,2.0,2.0,28.5,1.0,0.4666666666666667,195.0,0.0,218.2051282051282,0.0,5967.38,37046.44,16.1078365424586,2983.69,4_B,5210.49,1.1452627296089235,0.9111661545403164,0,0,0,1
175,Khare Mart,Modern Trade,8,14,97,Guwahati,C,4120.42,2.0,2060.21,1940.08,1.0,1.123840254010144,1.0,-2180.34,-1.0,2025-12-19,12,15.0,5.0,11.0,2.0,2.0,18.0,1.0,0.4666666666666667,0.0,0.0,0.0,0.0,4120.42,16895.9,24.387099828952586,2060.21,8_C,1474.47,2.7945092134800977,1.6815849229393667,0,0,0,1
176,Maharaj Retail,General Trade,7,20,68,Kochi,B,9517.779999999999,2.0,4758.889999999999,6088.509999999999,2.0,0.5632363254720777,0.0,-3429.2699999999995,0.0,2025-12-20,11,25.0,5.0,11.0,0.0,0.0,0.0,0.0,0.0,0.0,0.0,0.0,0.0,9517.779999999999,35990.83,26.445013910487752,0.0,7_B,6107.09,1.5584803891869938,0.7831643482449937,0,0,0,1
177,Sarraf Mart,Modern Trade,6,25,65,Pune,C,0.0,0.0,0.0,543.92,1.0,-1.0,-1.0,543.92,1.0,2025-11-16,45,9.0,4.0,7.0,2.0,1.0,22.0,0.5,0.4666666666666667,0.0,0.0,0.0,0.0,0.0,17768.0,0.0,0.0,6_C,1535.8200000000002,0.0,-0.49011665985164743,1,1,0,1
178,Brahmbhatt Traders,General Trade,3,23,88,Chennai,C,10591.27,4.0,2647.8175,1238.98,1.0,7.548378504899192,3.0,-9352.29,-3.0,2025-12-31,0,19.0,5.0,11.0,2.0,1.0,30.0,0.5,0.4666666666666667,0.0,0.0,0.0,0.0,10591.27,17385.94,60.91859283996149,5295.635,3_C,1975.87,5.360307105224535,7.9055602949877395,0,0,0,1
179,Mangal Traders,Convenience,12,19,59,Bhubaneswar,B,3898.2,3.0,1299.3999999999999,0.0,0.0,,,-3898.2,-3.0,2025-12-29,2,19.0,5.0,12.0,1.0,0.0,32.0,0.0,0.23333333333333334,0.0,0.0,0.0,0.0,3898.2,34495.2,11.30070270646351,3898.2,12_B,6060.66,0.6431972755442477,,0,0,0,1
180,Keer General Store,Modern Trade,9,3,93,Delhi,B,4790.32,3.0,1596.7733333333333,2749.0199999999995,2.0,0.7425555288793827,0.5,-2041.3000000000002,-1.0,2025-12-30,1,8.0,4.0,8.0,4.0,1.0,22.25,0.25,0.9333333333333333,0.0,0.0,0.0,0.0,6916.0599999999995,39454.53,17.529191198070286,1197.58,9_B,5894.43,0.8126858746307954,0.9177018042837506,0,0,0,1
181,Magar General Store,General Trade,5,33,90,Delhi,B,5525.79,4.0,1381.4475,0.0,0.0,,,-5525.79,-4.0,2025-12-27,4,19.0,5.0,9.0,1.0,0.0,15.0,0.0,0.23333333333333334,0.0,0.0,0.0,0.0,5525.79,38285.39,14.433155833073661,5525.79,5_B,6391.82,0.8645096388821963,,0,0,0,1
182,Nayak Traders,Supermarket,12,19,53,Bhubaneswar,C,1551.31,1.0,1551.31,560.71,1.0,1.7666886625885037,0.0,-990.5999999999999,0.0,2025-12-03,28,4.0,3.0,4.0,0.0,0.0,0.0,0.0,0.0,0.0,0.0,0.0,0.0,1551.31,20293.0,7.644557236485487,0.0,12_C,1525.54,1.0168923790919937,2.3551238380373487,0,0,0,1
183,Nagarajan Supermarket,Modern Trade,1,17,49,Delhi,C,2138.43,1.0,2138.43,2308.98,1.0,-0.07386378400852332,0.0,170.55000000000018,0.0,2025-12-22,9,8.0,4.0,6.0,1.0,0.0,34.0,0.0,0.23333333333333334,0.0,0.0,0.0,0.0,2138.43,20781.99,10.289823063142652,2138.43,1_C,1475.75,1.4490462476706758,0.5527085386030405,0,0,0,1
184,Zachariah Mart,General Trade,8,14,69,Ranchi,B,15644.69,5.0,3128.938,10464.369999999999,2.0,0.4950436576688326,1.5,-5180.3200000000015,-3.0,2025-12-22,9,36.0,5.0,11.0,4.0,2.0,23.5,0.5,0.9333333333333333,0.0,0.0,0.0,0.0,15644.69,40084.5,39.02927565517844,3911.1725,8_B,5652.47,2.7677617041753426,0.6756519746587343,0,0,0,1
185,Buch Traders,Modern Trade,12,8,87,Guwahati,B,3466.4300000000003,3.0,1155.4766666666667,274.93,1.0,11.608409413305207,2.0,-3191.5000000000005,-2.0,2025-12-24,7,16.0,5.0,8.0,2.0,1.0,20.0,0.5,0.4666666666666667,0.0,0.0,0.0,0.0,3466.4300000000003,35419.08,9.786900167932085,1733.2150000000001,12_B,6060.66,0.5719558595928497,11.70952979160298,0,0,0,1
186,Devi Traders,Convenience,4,1,25,Kolkata,A,34251.16,5.0,6850.232000000001,23745.44,7.0,0.44243105202514693,-0.2857142857142857,-10505.720000000005,2.0,2025-12-28,3,31.0,5.0,13.0,4.0,3.0,21.0,0.75,0.9333333333333333,0.0,0.0,0.0,0.0,34251.16,66362.94,51.61187855752021,8562.79,4_A,22237.399999999998,1.5402502091071801,0.3735308090791617,0,0,0,1
187,Dora Supermarket,General Trade,5,16,31,Jaipur,A,24983.51,4.0,6245.8775,5051.73,2.0,3.9455354898222987,1.0,-19931.78,-2.0,2025-12-26,5,26.0,5.0,12.0,3.0,3.0,21.0,1.0,0.7000000000000001,0.0,0.0,0.0,0.0,24983.51,73466.86,34.00650306818612,8327.836666666666,5_A,23936.755,1.0437300294045704,3.9447765178360124,0,0,0,1
188,Kashyap Mart,Convenience,4,1,32,Kolkata,B,0.0,0.0,0.0,5252.610000000001,3.0,-1.0,-1.0,5252.610000000001,3.0,2025-11-27,34,11.0,5.0,10.0,1.0,0.0,40.0,0.0,0.23333333333333334,0.0,0.0,0.0,0.0,0.0,41563.47,0.0,0.0,4_B,5210.49,0.0,-0.8087480713890469,1,1,0,1
189,Rajagopal Mart,Convenience,12,8,18,Guwahati,C,0.0,0.0,0.0,6632.129999999999,2.0,-1.0,-1.0,6632.129999999999,2.0,2025-11-22,39,14.0,5.0,10.0,1.0,0.0,27.0,0.0,0.23333333333333334,0.0,0.0,0.0,0.0,0.0,18758.66,0.0,0.0,12_C,1525.54,0.0,-0.41156482455115484,1,1,0,1
190,Dua Mart,Convenience,5,16,42,Jaipur,B,8710.84,3.0,2903.6133333333332,10157.64,4.0,-0.14243466001945326,-0.25,1446.7999999999993,1.0,2025-12-31,0,25.0,5.0,13.0,0.0,0.0,0.0,0.0,0.0,0.0,0.0,0.0,0.0,8710.84,41414.32,21.03340100718785,0.0,5_B,6391.82,1.3628105922882685,0.21028194755011764,0,0,0,1
191,Kala Mart,Pharmacy,6,21,72,Nashik,C,0.0,0.0,0.0,0.0,0.0,,,0.0,0.0,2025-10-15,77,6.0,4.0,4.0,4.0,3.0,14.25,0.75,0.9333333333333333,0.0,0.0,0.0,0.0,0.0,19415.81,0.0,0.0,6_C,1535.8200000000002,0.0,,1,0,0,1
192,Bhatt Retail,Pharmacy,3,18,83,Kochi,C,3909.76,1.0,3909.76,0.0,0.0,,,-3909.76,-1.0,2025-12-07,24,8.0,4.0,7.0,5.0,4.0,28.8,0.8,1.1666666666666667,0.0,0.0,0.0,0.0,3909.76,20308.68,19.251669729396497,781.952,3_C,1975.87,1.9787536629434126,,0,0,0,1
193,Sachdeva Mart,Supermarket,8,14,97,Guwahati,B,7212.84,2.0,3606.42,0.0,0.0,,,-7212.84,-2.0,2025-12-26,5,10.0,5.0,9.0,2.0,1.0,38.5,0.5,0.4666666666666667,0.0,0.0,0.0,0.0,7212.84,33747.44,21.37299895932847,3606.42,8_B,5652.47,1.2760510007129626,,0,0,0,1
194,Reddy Traders,Convenience,4,2,8,Guwahati,B,11047.529999999999,2.0,5523.764999999999,6516.86,2.0,0.6952228527235508,0.0,-4530.669999999999,0.0,2025-12-07,24,23.0,5.0,9.0,3.0,2.0,23.666666666666668,0.6666666666666666,0.7000000000000001,0.0,0.0,0.0,0.0,11047.529999999999,42248.75,26.148773632355983,3682.5099999999998,4_B,5210.49,2.120247807787751,0.8864747813345039,0,0,0,1
195,Narayanan Traders,Supermarket,1,34,27,Chandigarh,C,2707.03,1.0,2707.03,1129.89,1.0,1.3958349927869085,0.0,-1577.14,0.0,2025-12-09,22,20.0,5.0,12.0,3.0,0.0,30.0,0.0,0.7000000000000001,0.0,0.0,0.0,0.0,2707.03,16824.49,16.089819067323884,902.3433333333334,1_C,1475.75,1.8343418600711503,2.022407315398472,0,0,0,1
196,Shukla Supermarket,Convenience,8,14,7,Patna,B,1425.62,1.0,1425.62,3136.7599999999998,2.0,-0.5455119295068797,-0.5,1711.1399999999999,1.0,2025-12-25,6,5.0,3.0,3.0,1.0,1.0,11.0,1.0,0.23333333333333334,0.0,0.0,0.0,0.0,1425.62,36250.54,3.932686244122156,1425.62,8_B,5652.47,0.2522118649015386,-0.364903612516978,0,1,0,1
197,Sagar Mart,Supermarket,9,3,93,Ludhiana,B,9139.04,2.0,4569.52,4838.17,2.0,0.8889456137341186,0.0,-4300.870000000001,0.0,2025-12-25,6,20.0,5.0,11.0,2.0,0.0,25.5,0.0,0.4666666666666667,0.0,0.0,0.0,0.0,9139.04,43094.01,21.207216501782963,4569.52,9_B,5894.43,1.5504535637881864,1.0640918891384865,0,0,0,1
198,Bhatia Traders,Modern Trade,4,1,25,Kolkata,C,1687.07,1.0,1687.07,0.0,0.0,,,-1687.07,-1.0,2025-12-31,0,6.0,3.0,5.0,2.0,1.0,33.0,0.5,0.4666666666666667,0.0,0.0,0.0,0.0,1687.07,17873.67,9.438856149856186,843.535,4_C,1263.49,1.3352460248992868,,0,0,0,1
199,Jhaveri Retail,Pharmacy,5,16,31,Ludhiana,B,8643.03,2.0,4321.515,8357.689999999999,2.0,0.03414101264823199,0.0,-285.34000000000196,0.0,2025-12-29,2,23.0,5.0,12.0,0.0,0.0,0.0,0.0,0.0,0.0,0.0,0.0,0.0,8643.03,43140.03,20.03482612320854,0.0,5_B,6391.82,1.352201720323789,0.3868576202178029,0,0,0,1
200,Salvi Traders,Pharmacy,8,14,34,Patna,B,3433.82,3.0,1144.6066666666668,9649.07,4.0,-0.6441294342356311,-0.25,6215.25,1.0,2025-12-25,6,25.0,5.0,14.0,2.0,1.0,37.5,0.5,0.4666666666666667,0.0,0.0,0.0,0.0,3433.82,37169.08,9.23837770534003,1716.91,8_B,5652.47,0.6074901768607353,-0.4635211172457294,0,1,0,1
201,Ramachandran Retail,Supermarket,6,31,98,Ahmedabad,C,1443.76,1.0,1443.76,2303.89,1.0,-0.3733381368034064,0.0,860.1299999999999,0.0,2025-12-04,27,13.0,4.0,10.0,1.0,1.0,15.0,1.0,0.23333333333333334,0.0,0.0,0.0,0.0,1443.76,16476.42,8.762583133957499,1443.76,6_C,1535.8200000000002,0.9400580797228841,0.1365452033449462,0,1,0,1
202,Bahri Supermarket,Convenience,9,3,95,Jaipur,A,29144.8,3.0,9714.933333333332,24936.18,7.0,0.16877565048054669,-0.5714285714285714,-4208.619999999999,4.0,2025-12-13,18,51.0,5.0,15.0,9.0,4.0,24.666666666666668,0.4444444444444444,2.1,0.0,0.0,0.0,0.0,29144.8,65724.94,44.34359316265636,3238.311111111111,9_A,20504.7,1.4213716855160035,0.05872880203722737,0,0,0,1
203,Rai Supermarket,Modern Trade,4,7,26,Patna,B,10673.539999999999,3.0,3557.8466666666664,18547.27,3.0,-0.4245223151439539,0.0,7873.730000000001,0.0,2025-12-27,4,25.0,5.0,12.0,1.0,0.0,10.0,0.0,0.23333333333333334,0.0,0.0,0.0,0.0,10673.539999999999,43202.81,24.705661506739954,10673.539999999999,4_B,5210.49,2.0484714489424216,-0.23327038653300083,0,1,0,1
204,Sood Traders,Pharmacy,7,20,44,Hyderabad,C,7071.09,2.0,3535.545,349.71,1.0,19.219867890537877,1.0,-6721.38,-1.0,2025-12-14,17,10.0,5.0,7.0,0.0,0.0,0.0,0.0,0.0,0.0,0.0,0.0,0.0,7071.09,17779.69,39.77060342446916,0.0,7_C,1610.4699999999998,4.390699609430788,19.66758227580134,0,0,0,1
205,Ahuja Traders,Modern Trade,4,2,22,Bhubaneswar,C,4501.85,3.0,1500.6166666666668,4980.01,2.0,-0.09601587145407335,0.5,478.15999999999985,-1.0,2025-12-29,2,23.0,5.0,12.0,2.0,1.0,40.0,0.5,0.4666666666666667,195.0,0.0,283.5128205128205,0.0,4501.85,18505.15,24.32755205983199,2250.925,4_C,1263.49,3.5630278039398813,0.5523983849237666,0,0,0,1
206,Pandey General Store,General Trade,4,2,8,Guwahati,A,12322.57,1.0,12322.57,42737.11,5.0,-0.711665809878113,-0.8,30414.54,4.0,2025-12-03,28,28.0,5.0,13.0,0.0,0.0,0.0,0.0,0.0,0.0,0.0,0.0,0.0,29850.64,69967.14,42.66379903480405,0.0,4_A,22237.399999999998,0.5541371743099464,-0.7805660528240982,0,1,0,1
207,Misra General Store,Modern Trade,12,10,30,Kolkata,C,0.0,0.0,0.0,0.0,0.0,,,0.0,0.0,2025-10-31,61,5.0,3.0,5.0,2.0,0.0,29.5,0.0,0.4666666666666667,0.0,0.0,0.0,0.0,0.0,16912.3,0.0,0.0,12_C,1525.54,0.0,,1,0,0,1
208,Ramakrishnan Traders,General Trade,5,33,82,Ludhiana,C,1405.12,1.0,1405.12,0.0,0.0,,,-1405.12,-1.0,2025-12-12,19,4.0,3.0,3.0,1.0,1.0,38.0,1.0,0.23333333333333334,0.0,0.0,0.0,0.0,1405.12,21122.54,6.652230271548781,1405.12,5_C,1965.2,0.7150010177081212,,0,0,0,1
209,Saini Supermarket,Supermarket,1,17,3,Ludhiana,C,3869.8,1.0,3869.8,0.0,0.0,,,-3869.8,-1.0,2025-12-30,1,15.0,5.0,9.0,3.0,3.0,18.666666666666668,1.0,0.7000000000000001,0.0,0.0,0.0,0.0,3869.8,19827.82,19.517022042766175,1289.9333333333334,1_C,1475.75,2.6222598678637983,,0,0,0,1
210,Yohannan General Store,Convenience,11,9,56,Chennai,A,41448.33,6.0,6908.055,22021.73,4.0,0.8821559432433329,0.5,-19426.600000000002,-2.0,2025-12-27,4,40.0,5.0,15.0,3.0,3.0,10.333333333333334,1.0,0.7000000000000001,0.0,0.0,0.0,0.0,41448.33,72276.56,57.34684937966057,13816.11,11_A,26805.28,1.5462748383900486,0.21302278537010644,0,0,0,1
211,Kannan Traders,General Trade,10,32,33,Ahmedabad,B,0.0,0.0,0.0,2184.15,1.0,-1.0,-1.0,2184.15,1.0,2025-11-06,55,16.0,5.0,10.0,4.0,4.0,25.25,1.0,0.9333333333333333,0.0,0.0,0.0,0.0,0.0,38983.96,0.0,0.0,10_B,6269.79,0.0,-0.8250894199973505,1,1,0,1
212,Sura General Store,General Trade,4,1,32,Bhubaneswar,B,0.0,0.0,0.0,1311.9,1.0,-1.0,-1.0,1311.9,1.0,2025-11-11,50,3.0,2.0,2.0,0.0,0.0,0.0,0.0,0.0,0.0,0.0,0.0,0.0,0.0,36718.25,0.0,0.0,4_B,5210.49,0.0,-0.8087480713890469,1,1,0,1
213,Kanda Mart,General Trade,12,35,61,Kolkata,C,0.0,0.0,0.0,1205.24,3.0,-1.0,-1.0,1205.24,3.0,2025-11-28,33,17.0,5.0,9.0,0.0,0.0,0.0,0.0,0.0,0.0,0.0,0.0,0.0,0.0,19169.36,0.0,0.0,12_C,1525.54,0.0,-0.41156482455115484,1,1,0,1
214,Mahajan General Store,Modern Trade,9,11,73,Delhi,C,0.0,0.0,0.0,1080.88,1.0,-1.0,-1.0,1080.88,1.0,2025-11-29,32,3.0,2.0,3.0,0.0,0.0,0.0,0.0,0.0,0.0,0.0,0.0,0.0,0.0,21292.25,0.0,0.0,9_C,1106.01,0.0,-0.5051035981171249,1,1,0,1
215,Sarin General Store,Supermarket,12,35,61,Patna,A,44267.23,7.0,6323.89,32175.46,4.0,0.37580721456662947,0.75,-12091.770000000004,-3.0,2025-12-30,1,45.0,5.0,15.0,1.0,1.0,29.0,1.0,0.23333333333333334,0.0,0.0,0.0,0.0,44267.23,61068.44,72.48790046053249,44267.23,12_A,24540.835,1.8038192261999237,0.24608569296669192,0,0,0,1
216,Sunder Mart,Convenience,1,17,23,Chandigarh,A,5276.700000000001,2.0,2638.3500000000004,22440.480000000003,4.0,-0.764857970952493,-0.5,17163.780000000002,2.0,2025-12-15,16,30.0,5.0,13.0,1.0,1.0,14.0,1.0,0.23333333333333334,0.0,0.0,0.0,0.0,5276.700000000001,70465.67,7.488327294695418,5276.700000000001,1_A,22934.37,0.23007826245063637,-0.8531904451549545,0,1,0,1
217,Balakrishnan Mart,Convenience,6,21,10,Ahmedabad,A,41859.77,5.0,8371.954,14390.17,5.0,1.9089142101865368,0.0,-27469.6,0.0,2025-12-20,11,44.0,5.0,15.0,3.0,3.0,14.333333333333334,1.0,0.7000000000000001,0.0,0.0,0.0,0.0,45715.95,69082.47,66.17590540697226,13953.256666666666,6_A,21985.86,1.9039405326878274,1.8335147044162086,0,0,0,1
218,Ramachandran Mart,General Trade,10,32,43,Surat,C,0.0,0.0,0.0,1562.58,1.0,-1.0,-1.0,1562.58,1.0,2025-11-04,57,5.0,5.0,5.0,2.0,2.0,11.5,1.0,0.4666666666666667,195.0,0.0,285.94358974358977,0.0,0.0,18510.95,0.0,0.0,10_C,1784.86,0.0,-0.822765303242021,1,1,0,1
219,Nayar General Store,Supermarket,7,20,13,Kochi,B,5749.1900000000005,3.0,1916.3966666666668,5345.8099999999995,2.0,0.07545722724900455,0.5,-403.380000000001,-1.0,2025-12-19,12,23.0,5.0,14.0,1.0,1.0,12.0,1.0,0.23333333333333334,195.0,0.0,223.13333333333333,0.0,5749.1900000000005,33168.67,17.33319424625709,5749.1900000000005,7_B,6107.09,0.9413959840120254,0.29538525002192056,0,0,0,1
220,Ravel Retail,Pharmacy,5,33,51,Chandigarh,A,16629.13,2.0,8314.565,4898.82,1.0,2.3945174552239115,1.0,-11730.310000000001,-1.0,2025-12-13,18,18.0,5.0,13.0,6.0,2.0,31.166666666666668,0.3333333333333333,1.4000000000000001,0.0,0.0,0.0,0.0,16629.13,60956.73,27.28021991993337,2771.521666666667,5_A,23936.755,0.6947111252130875,2.393758483237625,0,0,0,1
221,Gandhi Traders,General Trade,11,9,56,Chennai,C,2270.4300000000003,2.0,1135.2150000000001,757.82,1.0,1.9960016890554486,1.0,-1512.6100000000001,-1.0,2025-12-25,6,17.0,5.0,11.0,2.0,0.0,16.5,0.0,0.4666666666666667,0.0,0.0,0.0,0.0,2270.4300000000003,19669.87,11.542679234789048,1135.2150000000001,11_C,2316.54,0.9800953145639619,1.9338926230215443,0,0,0,1
222,Sibal Mart,Pharmacy,12,8,92,Kolkata,A,17565.18,4.0,4391.295,10299.94,4.0,0.7053672157313537,0.0,-7265.24,0.0,2025-12-30,1,31.0,5.0,13.0,2.0,2.0,30.0,1.0,0.4666666666666667,0.0,0.0,0.0,0.0,17565.18,68645.97,25.58807166684366,8782.59,12_A,24540.835,0.7157531518385581,0.5756456941314162,0,0,0,1
223,Datta General Store,Supermarket,4,2,41,Patna,A,12672.310000000001,3.0,4224.1033333333335,24025.31,3.0,-0.4725433303462057,0.0,11353.0,0.0,2025-12-24,7,37.0,5.0,14.0,1.0,1.0,16.0,1.0,0.23333333333333334,0.0,0.0,0.0,0.0,12672.310000000001,66241.68,19.130417586027413,12672.310000000001,4_A,22237.399999999998,0.5698647323877792,-0.541443573292191,0,1,0,1
224,Walla Traders,Convenience,5,22,17,Delhi,A,32709.18,6.0,5451.53,33811.12,6.0,-0.03259105288437657,0.0,1101.9400000000023,0.0,2025-12-29,2,49.0,5.0,14.0,2.0,0.0,22.0,0.0,0.4666666666666667,0.0,0.0,0.0,0.0,32709.18,70237.87,46.56915137090575,16354.59,5_A,23936.755,1.3664834686238798,-0.033350024870663054,0,0,0,1
225,Bala Supermarket,Convenience,4,13,12,Patna,C,0.0,0.0,0.0,0.0,0.0,,,0.0,0.0,2025-10-29,63,15.0,5.0,9.0,1.0,0.0,22.0,0.0,0.23333333333333334,0.0,0.0,0.0,0.0,0.0,18898.01,0.0,0.0,4_C,1263.49,0.0,,1,0,0,1
226,Ramesh General Store,Convenience,2,26,38,Surat,B,11875.11,5.0,2375.022,0.0,0.0,,,-11875.11,-5.0,2025-12-29,2,30.0,5.0,14.0,0.0,0.0,0.0,0.0,0.0,0.0,0.0,0.0,0.0,11875.11,43330.57,27.40584764982321,0.0,2_B,7635.110000000001,1.5553292617919061,,0,0,0,1
227,Bala Mart,Modern Trade,3,18,67,Chennai,C,2766.75,2.0,1383.375,2014.13,1.0,0.3736700212995188,1.0,-752.6199999999999,-1.0,2025-12-02,29,11.0,5.0,8.0,1.0,0.0,10.0,0.0,0.23333333333333334,195.0,0.0,293.75897435897434,0.0,2766.75,19911.98,13.894901461331319,2766.75,3_C,1975.87,1.4002692484829469,0.730851811388066,0,0,0,1
228,Chacko Traders,Supermarket,2,29,9,Pune,B,2796.66,2.0,1398.33,788.09,1.0,2.548655610399827,1.0,-2008.5699999999997,-1.0,2025-12-21,10,18.0,5.0,8.0,3.0,3.0,28.666666666666668,1.0,0.7000000000000001,0.0,0.0,0.0,0.0,2796.66,32338.69,8.648031197305766,932.2199999999999,2_B,7635.110000000001,0.3662894182271113,2.3728879647192227,0,0,0,1
229,Sangha Mart,Pharmacy,4,1,32,Ranchi,C,1536.55,1.0,1536.55,2601.06,1.0,-0.40926007089417393,0.0,1064.51,0.0,2025-12-19,12,9.0,5.0,8.0,2.0,2.0,11.5,1.0,0.4666666666666667,0.0,0.0,0.0,0.0,1536.55,21062.87,7.295064727646327,768.275,4_C,1263.49,1.216115679585909,0.23915418548366596,0,1,0,1
230,Deshmukh Retail,Pharmacy,10,32,43,Nashik,B,0.0,0.0,0.0,12760.77,4.0,-1.0,-1.0,12760.77,4.0,2025-12-01,30,20.0,5.0,12.0,0.0,0.0,0.0,0.0,0.0,0.0,0.0,0.0,0.0,3049.65,32559.37,9.3664281587758,0.0,10_B,6269.79,0.0,-0.8250894199973505,0,1,0,1
231,Shenoy Supermarket,Modern Trade,1,17,77,Jaipur,B,10232.220000000001,2.0,5116.110000000001,2765.4,1.0,2.700086786721632,1.0,-7466.8200000000015,-1.0,2025-12-04,27,17.0,5.0,11.0,1.0,1.0,41.0,1.0,0.23333333333333334,0.0,0.0,0.0,0.0,10232.220000000001,41098.27,24.89696038300396,10232.220000000001,1_B,5467.655000000001,1.8714092238811701,2.702134024963131,0,0,0,1
232,Gopal Traders,Convenience,4,2,41,Patna,C,779.66,1.0,779.66,0.0,0.0,,,-779.66,-1.0,2025-12-02,29,7.0,4.0,5.0,3.0,3.0,19.0,1.0,0.7000000000000001,195.0,0.0,286.7435897435897,0.0,779.66,19337.95,4.031761381118474,259.88666666666666,4_C,1263.49,0.6170685957150432,,0,0,0,1
233,Bedi Supermarket,Modern Trade,5,33,51,Chandigarh,A,42846.49,8.0,5355.81125,24104.28,4.0,0.7775469750600308,1.0,-18742.21,-4.0,2025-12-30,1,43.0,5.0,14.0,1.0,0.0,31.0,0.0,0.23333333333333334,0.0,0.0,0.0,0.0,42846.49,69976.8,61.22956465571446,42846.49,5_A,23936.755,1.7899874063965644,0.7767880030737443,0,0,0,1
234,Lad Traders,Modern Trade,1,34,99,Ludhiana,A,30577.989999999998,6.0,5096.331666666666,25346.94,5.0,0.20637796909607234,0.2,-5231.049999999999,-1.0,2025-12-26,5,53.0,5.0,15.0,1.0,1.0,15.0,1.0,0.23333333333333334,0.0,0.0,0.0,0.0,35611.32,69069.38,51.55876598284218,30577.989999999998,1_A,22934.37,1.3332823181975348,0.11804549489361087,0,0,0,1
235,Raghavan Retail,Modern Trade,12,19,53,Ranchi,A,24548.66,5.0,4909.732,32246.579999999998,6.0,-0.2387205092757123,-0.16666666666666666,7697.919999999998,1.0,2025-12-31,0,45.0,5.0,15.0,3.0,1.0,27.666666666666668,0.3333333333333333,0.7000000000000001,0.0,0.0,0.0,0.0,33258.38,68560.49,48.50954244930279,8182.886666666666,12_A,24540.835,1.0003188563062342,-0.36844203087564986,0,1,0,1
236,Narang Supermarket,Pharmacy,1,17,49,Delhi,B,4523.1900000000005,2.0,2261.5950000000003,3334.8,2.0,0.3563602015113351,0.0,-1188.3900000000003,0.0,2025-12-21,10,19.0,5.0,10.0,1.0,0.0,36.0,0.0,0.23333333333333334,0.0,0.0,0.0,0.0,6381.85,41845.53,15.250971848128106,4523.1900000000005,1_B,5467.655000000001,0.8272632417370884,0.3584074397528341,0,0,0,1
237,Kakar Retail,Convenience,8,36,70,Kolkata,C,1454.92,1.0,1454.92,0.0,0.0,,,-1454.92,-1.0,2025-12-11,20,1.0,1.0,1.0,1.0,0.0,14.0,0.0,0.23333333333333334,195.0,0.0,287.4923076923077,0.0,1454.92,19452.35,7.479404801990507,1454.92,8_C,1474.47,0.9867409984604638,,0,0,0,1
238,Sha Retail,Modern Trade,1,34,99,Jaipur,C,0.0,0.0,0.0,3213.41,1.0,-1.0,-1.0,3213.41,1.0,2025-11-18,43,19.0,5.0,10.0,2.0,0.0,25.5,0.0,0.4666666666666667,0.0,0.0,0.0,0.0,0.0,17094.49,0.0,0.0,1_C,1475.75,0.0,-0.3734276773884362,1,1,0,1
239,Narain Retail,Pharmacy,12,8,87,Ranchi,C,1525.54,1.0,1525.54,0.0,0.0,,,-1525.54,-1.0,2025-12-27,4,5.0,4.0,5.0,1.0,0.0,18.0,0.0,0.23333333333333334,0.0,0.0,0.0,0.0,1525.54,17981.81,8.483795568966638,1525.54,12_C,1525.54,1.0,,0,0,0,1
240,Nazareth Supermarket,Modern Trade,12,35,66,Guwahati,C,0.0,0.0,0.0,3080.0,3.0,-1.0,-1.0,3080.0,3.0,2025-12-01,30,8.0,3.0,5.0,4.0,3.0,23.5,0.75,0.9333333333333333,0.0,0.0,0.0,0.0,1213.97,19826.31,6.123025414209704,0.0,12_C,1525.54,0.0,-0.41156482455115484,0,1,0,1
241,Raghavan General Store,Pharmacy,8,36,76,Guwahati,A,31585.96,5.0,6317.192,42923.53,8.0,-0.26413414740120394,-0.375,11337.57,3.0,2025-12-13,18,47.0,5.0,15.0,1.0,1.0,22.0,1.0,0.23333333333333334,0.0,0.0,0.0,0.0,31585.96,57795.88,54.650885149598906,31585.96,8_A,21023.8,1.5023906239595126,-0.24547856550696423,0,1,0,1
242,Mall Retail,Pharmacy,12,8,15,Bhubaneswar,B,13742.099999999999,2.0,6871.049999999999,1565.59,1.0,7.777585447019972,1.0,-12176.509999999998,-1.0,2025-12-30,1,17.0,4.0,10.0,1.0,1.0,28.0,1.0,0.23333333333333334,0.0,0.0,0.0,0.0,13742.099999999999,39150.65,35.10056665725856,13742.099999999999,12_B,6060.66,2.2674263199057525,7.878705825317746,0,0,0,1
243,Sama Traders,Supermarket,12,35,61,Kolkata,B,18007.93,5.0,3601.5860000000002,9305.94,3.0,0.9351005916651084,0.6666666666666666,-8701.99,-2.0,2025-12-29,2,31.0,5.0,14.0,4.0,0.0,30.25,0.0,0.9333333333333333,0.0,0.0,0.0,0.0,18007.93,36159.35,49.801586588254494,4501.9825,12_B,6060.66,2.9712820055901505,1.0362209699628817,0,0,0,1
244,Krishnan Mart,Modern Trade,1,17,3,Chandigarh,C,2361.24,1.0,2361.24,0.0,0.0,,,-2361.24,-1.0,2025-12-20,11,11.0,4.0,7.0,1.0,0.0,12.0,0.0,0.23333333333333334,0.0,0.0,0.0,0.0,2361.24,20317.98,11.621430870588513,2361.24,1_C,1475.75,1.6000271048619346,,0,0,0,1
245,Bumb Mart,Pharmacy,6,21,72,Surat,C,2529.34,2.0,1264.67,0.0,0.0,,,-2529.34,-2.0,2025-12-26,5,12.0,4.0,6.0,4.0,2.0,27.5,0.5,0.9333333333333333,195.0,0.0,315.7076923076923,0.0,2529.34,18725.17,13.507701131685321,632.335,6_C,1535.8200000000002,1.6468987251110154,,0,0,0,1
246,Singhal Supermarket,Modern Trade,11,9,56,Kochi,A,32374.35,5.0,6474.87,35246.28,5.0,-0.08148179041873356,0.0,2871.9300000000003,0.0,2025-12-18,13,38.0,5.0,14.0,5.0,4.0,21.2,0.8,1.1666666666666667,0.0,0.0,0.0,0.0,32374.35,62757.26,51.586621213226955,6474.87,11_A,26805.28,1.2077601875451403,-0.7506149482919601,0,0,0,1
247,Bahl General Store,Convenience,3,18,91,Chennai,B,18324.38,3.0,6108.126666666667,28570.36,4.0,-0.3586227124894471,-0.25,10245.98,1.0,2025-12-20,11,44.0,5.0,15.0,2.0,1.0,30.5,0.5,0.4666666666666667,0.0,0.0,0.0,0.0,18324.38,33253.24,55.10554760979682,9162.19,3_B,5507.8,3.326987181814881,-0.11927178319267204,0,1,0,1
248,Zacharia General Store,Supermarket,5,16,47,Chandigarh,A,1922.57,1.0,1922.57,0.0,0.0,,,-1922.57,-1.0,2025-12-10,21,14.0,5.0,11.0,3.0,3.0,14.333333333333334,1.0,0.7000000000000001,0.0,0.0,0.0,0.0,1922.57,72814.27,2.640375300061375,640.8566666666667,5_A,23936.755,0.08031873994616229,,0,0,0,1
249,Ben Traders,Convenience,4,2,41,Guwahati,B,8826.48,2.0,4413.24,7354.91,3.0,0.2000799465935001,-0.3333333333333333,-1471.5699999999997,1.0,2025-12-28,3,23.0,5.0,12.0,2.0,1.0,29.0,0.5,0.4666666666666667,0.0,0.0,0.0,0.0,8826.48,38874.24,22.705215587494443,4413.24,4_B,5210.49,1.693982715637109,0.3913318752044531,0,0,0,1
250,Palla Retail,Convenience,6,21,80,Pune,C,0.0,0.0,0.0,1995.11,1.0,-1.0,-1.0,1995.11,1.0,2025-11-28,33,3.0,2.0,3.0,1.0,0.0,29.0,0.0,0.23333333333333334,0.0,0.0,0.0,0.0,0.0,19655.32,0.0,0.0,6_C,1535.8200000000002,0.0,-0.49011665985164743,1,1,0,1
251,Kapur Mart,Supermarket,12,10,16,Bhubaneswar,B,11105.26,2.0,5552.63,11477.88,3.0,-0.03246418328123303,-0.3333333333333333,372.619999999999,1.0,2025-12-30,1,34.0,5.0,13.0,1.0,1.0,23.0,1.0,0.23333333333333334,0.0,0.0,0.0,0.0,11105.26,40268.19,27.578244763422443,11105.26,12_B,6060.66,1.8323515920708306,0.0686561950165404,0,0,0,1
252,Biswas Traders,Modern Trade,1,17,77,Jaipur,C,3303.3,1.0,3303.3,258.49,1.0,11.779217764710435,0.0,-3044.8100000000004,0.0,2025-12-16,15,11.0,4.0,6.0,2.0,2.0,35.0,1.0,0.4666666666666667,0.0,0.0,0.0,0.0,3303.3,19554.97,16.892380811629984,1651.65,1_C,1475.75,2.238387260714891,12.405790087321998,0,0,0,1
253,Baria Retail,Modern Trade,1,17,23,Ludhiana,A,26699.94,3.0,8899.98,33513.2,4.0,-0.20330078894286427,-0.25,6813.259999999998,1.0,2025-12-24,7,40.0,5.0,15.0,5.0,5.0,18.6,1.0,1.1666666666666667,0.0,0.0,0.0,0.0,26699.94,57792.15,46.199942379717655,5339.987999999999,1_A,22934.37,1.1641889443660323,-0.2916332631453257,0,1,0,1
254,Balasubramanian Traders,Modern Trade,8,14,7,Patna,C,2698.55,2.0,1349.275,4049.03,1.0,-0.333531734761165,1.0,1350.48,-1.0,2025-12-13,18,16.0,4.0,9.0,0.0,0.0,0.0,0.0,0.0,0.0,0.0,0.0,0.0,2698.55,17345.75,15.557413199198653,0.0,8_C,1474.47,1.8301830488243234,0.22421293416805782,0,1,0,1
255,Kota Traders,Pharmacy,6,25,65,Surat,B,0.0,0.0,0.0,10320.24,2.0,-1.0,-1.0,10320.24,2.0,2025-11-14,47,29.0,5.0,13.0,3.0,2.0,23.666666666666668,0.6666666666666666,0.7000000000000001,195.0,0.0,195.0,0.0,0.0,42030.95,0.0,0.0,6_B,5118.745000000001,0.0,-0.7307109392783893,1,1,0,1
256,Iyengar Mart,Supermarket,3,18,11,Coimbatore,A,4597.05,1.0,4597.05,416.29,1.0,10.042902784116842,0.0,-4180.76,0.0,2025-12-21,10,23.0,5.0,12.0,3.0,3.0,29.0,1.0,0.7000000000000001,195.0,1.0,67.4,0.005128205128205128,4597.05,71803.02,6.402307312422235,1532.3500000000001,3_A,19782.739999999998,0.2323768092792,9.99229493814438,0,0,0,1
257,Bahri Traders,Convenience,4,2,22,Ranchi,C,0.0,0.0,0.0,2089.46,2.0,-1.0,-1.0,2089.46,2.0,2025-11-26,35,5.0,4.0,5.0,1.0,0.0,11.0,0.0,0.23333333333333334,0.0,0.0,0.0,0.0,0.0,16698.76,0.0,0.0,4_C,1263.49,0.0,-0.3515857436221601,1,1,0,1
258,Dua Retail,Convenience,10,15,100,Nashik,C,0.0,0.0,0.0,0.0,0.0,,,0.0,0.0,2025-08-24,129,0.0,0.0,0.0,0.0,0.0,0.0,0.0,0.0,0.0,0.0,0.0,0.0,0.0,20277.24,0.0,0.0,10_C,1784.86,0.0,,1,0,0,1
259,Khare General Store,Modern Trade,8,36,70,Bhubaneswar,C,9199.33,3.0,3066.443333333333,4441.389999999999,2.0,1.0712727321851945,0.5,-4757.9400000000005,-1.0,2025-12-30,1,25.0,5.0,13.0,5.0,4.0,20.4,0.8,1.1666666666666667,0.0,0.0,0.0,0.0,9199.33,16589.89,55.451422522994434,1839.866,8_C,1474.47,6.239075735688077,1.6290174011144174,0,0,0,1
260,Date General Store,Pharmacy,8,14,34,Patna,C,857.93,1.0,857.93,0.0,0.0,,,-857.93,-1.0,2025-12-30,1,4.0,3.0,3.0,2.0,1.0,36.0,0.5,0.4666666666666667,0.0,0.0,0.0,0.0,857.93,21732.07,3.9477601535426676,428.965,8_C,1474.47,0.581856531499454,,0,0,0,1
261,Solanki Supermarket,Pharmacy,1,34,27,Ludhiana,C,0.0,0.0,0.0,6516.59,2.0,-1.0,-1.0,6516.59,2.0,2025-11-18,43,12.0,4.0,8.0,0.0,0.0,0.0,0.0,0.0,0.0,0.0,0.0,0.0,0.0,20841.92,0.0,0.0,1_C,1475.75,0.0,-0.3734276773884362,1,1,0,1
262,Contractor Supermarket,Supermarket,1,34,27,Delhi,C,7159.78,2.0,3579.89,0.0,0.0,,,-7159.78,-2.0,2025-12-27,4,16.0,5.0,9.0,0.0,0.0,0.0,0.0,0.0,0.0,0.0,0.0,0.0,7159.78,19645.91,36.44412501126189,0.0,1_C,1475.75,4.851621209554463,,0,0,0,1
263,Kamdar Supermarket,General Trade,2,26,38,Nashik,B,2727.95,1.0,2727.95,9260.94,3.0,-0.7054348694624952,-0.6666666666666666,6532.990000000001,2.0,2025-12-31,0,19.0,5.0,11.0,1.0,0.0,34.0,0.0,0.23333333333333334,0.0,0.0,0.0,0.0,8645.220000000001,38492.47,22.45950961317889,2727.95,2_B,7635.110000000001,0.3572902027606674,-0.8812025151430992,0,1,0,1
264,Shroff Mart,Modern Trade,4,2,8,Patna,C,3072.7,2.0,1536.35,2379.73,1.0,0.29119690048871083,1.0,-692.9699999999998,-1.0,2025-12-13,18,11.0,5.0,8.0,2.0,2.0,20.0,1.0,0.4666666666666667,195.0,0.0,286.2,0.0,3072.7,21398.67,14.359303638964477,1536.35,4_C,1263.49,2.4319147757402115,0.9396111568665507,0,0,0,1
265,Kunda Supermarket,Supermarket,6,31,98,Surat,B,9413.72,2.0,4706.86,12849.83,3.0,-0.2674050940751746,-0.3333333333333333,3436.1100000000006,1.0,2025-12-25,6,23.0,5.0,12.0,1.0,0.0,21.0,0.0,0.23333333333333334,0.0,0.0,0.0,0.0,9413.72,36774.36,25.59859641337062,9413.72,6_B,5118.745000000001,1.839067974669572,0.0018839666464361415,0,1,0,1
266,Pillay Retail,Supermarket,5,33,82,Delhi,B,9532.04,4.0,2383.01,18387.96,4.0,-0.48161514382237064,0.0,8855.919999999998,0.0,2025-12-30,1,43.0,5.0,14.0,3.0,3.0,32.0,1.0,0.7000000000000001,195.0,0.0,201.83076923076922,0.0,9532.04,33052.11,28.839429615839958,3177.346666666667,5_B,6391.82,1.4912873015823351,-0.12889853625279973,0,1,0,1
267,Ganesh Traders,Supermarket,4,7,1,Kolkata,C,4080.86,1.0,4080.86,0.0,0.0,,,-4080.86,-1.0,2025-12-25,6,6.0,3.0,5.0,1.0,0.0,23.0,0.0,0.23333333333333334,0.0,0.0,0.0,0.0,4080.86,19466.33,20.963684474680125,4080.86,4_C,1263.49,3.2298316567602434,,0,0,0,1
268,Contractor Traders,Supermarket,7,12,28,Kochi,C,0.0,0.0,0.0,4012.2999999999997,2.0,-1.0,-1.0,4012.2999999999997,2.0,2025-11-30,31,16.0,5.0,9.0,2.0,1.0,24.5,0.5,0.4666666666666667,0.0,0.0,0.0,0.0,0.0,18218.34,0.0,0.0,7_C,1610.4699999999998,0.0,-0.5522856147365374,1,1,0,1
269,Gade Traders,Supermarket,6,31,74,Pune,C,1346.29,1.0,1346.29,1956.24,1.0,-0.31179712100764734,0.0,609.95,0.0,2025-12-15,16,15.0,5.0,11.0,2.0,1.0,19.5,0.5,0.4666666666666667,0.0,0.0,0.0,0.0,1346.29,18817.77,7.154354633944404,673.145,6_C,1535.8200000000002,0.8765936112304826,0.19808621914070523,0,1,0,1
270,Mukhopadhyay Mart,Pharmacy,7,20,13,Kochi,A,28037.01,5.0,5607.402,42113.13,8.0,-0.3342454004249981,-0.375,14076.119999999999,3.0,2025-12-31,0,50.0,5.0,15.0,3.0,3.0,23.0,1.0,0.7000000000000001,0.0,0.0,0.0,0.0,28037.01,73253.49,38.27395800527729,9345.67,7_A,22880.32,1.2253766555712506,-0.3302590846433556,0,1,0,1
271,Chokshi Retail,Modern Trade,4,7,26,Bhubaneswar,C,663.48,1.0,663.48,6339.9,2.0,-0.8953485070742442,-0.5,5676.42,1.0,2025-12-16,15,16.0,5.0,12.0,0.0,0.0,0.0,0.0,0.0,0.0,0.0,0.0,0.0,663.48,18008.24,3.6843134031976468,0.0,4_C,1263.49,0.5251169380050495,-0.2469342506964043,0,1,0,1
272,Bal Retail,Modern Trade,7,20,84,Hyderabad,B,7964.55,2.0,3982.275,20514.059999999998,5.0,-0.6117516474067054,-0.6,12549.509999999998,3.0,2025-12-16,15,29.0,5.0,13.0,2.0,1.0,25.0,0.5,0.4666666666666667,0.0,0.0,0.0,0.0,7964.55,40143.21,19.840341616926,3982.275,7_B,6107.09,1.3041481294691908,-0.3918236246337894,0,1,0,1
273,Muni General Store,Modern Trade,8,36,55,Kolkata,C,4261.73,2.0,2130.865,1089.27,1.0,2.912464310960551,1.0,-3172.4599999999996,-1.0,2025-12-31,0,17.0,5.0,12.0,1.0,0.0,30.0,0.0,0.23333333333333334,0.0,0.0,0.0,0.0,4261.73,21751.27,19.593016867520838,4261.73,8_C,1474.47,2.8903470399533386,3.4702089798897737,0,0,0,1
274,Prashad Retail,General Trade,3,18,67,Kochi,A,27390.36,5.0,5478.072,23461.37,5.0,0.16746635000428373,0.0,-3928.9900000000016,0.0,2025-12-31,0,35.0,5.0,15.0,2.0,0.0,29.5,0.0,0.4666666666666667,0.0,0.0,0.0,0.0,27390.36,58334.72,46.95378669855619,13695.18,3_A,19782.739999999998,1.3845584585350665,0.11685850403182053,0,0,0,1
275,Ranganathan General Store,General Trade,4,13,62,Kolkata,B,13331.509999999998,2.0,6665.754999999999,5316.360000000001,2.0,1.5076386851153791,0.0,-8015.149999999998,0.0,2025-12-31,0,24.0,5.0,11.0,3.0,1.0,18.0,0.3333333333333333,0.7000000000000001,0.0,0.0,0.0,0.0,13331.509999999998,39214.93,33.99600611297788,4443.836666666666,4_B,5210.49,2.5585904588627937,1.6988906137263322,0,0,0,1
276,Issac Mart,Modern Trade,12,8,18,Ranchi,C,0.0,0.0,0.0,7406.530000000001,3.0,-1.0,-1.0,7406.530000000001,3.0,2025-11-15,46,18.0,5.0,11.0,0.0,0.0,0.0,0.0,0.0,0.0,0.0,0.0,0.0,0.0,16597.26,0.0,0.0,12_C,1525.54,0.0,-0.41156482455115484,1,1,0,1
277,Borra Mart,Modern Trade,7,20,84,Chennai,B,4473.45,2.0,2236.725,5732.66,2.0,-0.21965544790725425,0.0,1259.21,0.0,2025-12-27,4,13.0,5.0,11.0,4.0,4.0,23.75,1.0,0.9333333333333333,0.0,0.0,0.0,0.0,4473.45,42895.81,10.428640932529309,1118.3625,7_B,6107.09,0.7325010766175052,0.00027257486566176214,0,1,0,1
278,Kibe Mart,General Trade,7,12,28,Bengaluru,C,6560.629999999999,2.0,3280.3149999999996,3917.88,1.0,0.6745357182966295,1.0,-2642.749999999999,-1.0,2025-12-19,12,14.0,5.0,10.0,2.0,0.0,25.5,0.0,0.4666666666666667,0.0,0.0,0.0,0.0,10478.51,16977.11,61.72140016763748,3280.3149999999996,7_C,1610.4699999999998,4.073736238489385,1.1222501035600922,0,0,0,1
279,Chaudry General Store,Modern Trade,4,2,41,Bhubaneswar,B,23647.18,5.0,4729.436,127.2,1.0,184.9055031446541,4.0,-23519.98,-4.0,2025-12-24,7,27.0,5.0,12.0,1.0,1.0,21.0,1.0,0.23333333333333334,0.0,0.0,0.0,0.0,23647.18,39036.03,60.57783027628578,23647.18,4_B,5210.49,4.538379307896187,185.09675507326506,0,0,0,1
280,Mitra Retail,Modern Trade,2,29,37,Mumbai,C,0.0,0.0,0.0,0.0,0.0,,,0.0,0.0,2025-10-26,66,7.0,5.0,7.0,2.0,1.0,15.0,0.5,0.4666666666666667,0.0,0.0,0.0,0.0,0.0,20720.83,0.0,0.0,2_C,1065.73,0.0,,1,0,0,1
281,Dara Mart,Pharmacy,2,26,38,Mumbai,C,1694.18,1.0,1694.18,337.66,1.0,4.017413966712077,0.0,-1356.52,0.0,2025-12-13,18,9.0,5.0,6.0,1.0,0.0,34.0,0.0,0.23333333333333334,0.0,0.0,0.0,0.0,1694.18,19513.06,8.682287657599577,1694.18,2_C,1065.73,1.5896896962645324,4.451238032119694,0,0,0,1
282,Barman General Store,Supermarket,1,17,77,Delhi,B,1133.52,1.0,1133.52,15967.29,6.0,-0.9290098695520654,-0.8333333333333334,14833.77,5.0,2025-12-17,14,35.0,5.0,15.0,1.0,0.0,20.0,0.0,0.23333333333333334,0.0,0.0,0.0,0.0,1133.52,42529.85,2.6652339474510254,1133.52,1_B,5467.655000000001,0.207313738705167,-0.9269626313105664,0,1,0,1
283,Palan Mart,Pharmacy,4,13,54,Patna,B,4669.48,2.0,2334.74,1212.48,1.0,2.8511810504090787,1.0,-3456.9999999999995,-1.0,2025-12-31,0,27.0,5.0,12.0,2.0,1.0,32.5,0.5,0.4666666666666667,0.0,0.0,0.0,0.0,4669.48,42510.04,10.984416857758777,2334.74,4_B,5210.49,0.8961690743097098,3.0424329790200315,0,0,0,1
284,Walia Mart,General Trade,8,36,76,Kolkata,A,19314.1,4.0,4828.525,26560.54,5.0,-0.2728272843850314,-0.2,7246.440000000002,1.0,2025-12-29,2,40.0,5.0,15.0,4.0,3.0,28.75,0.75,0.9333333333333333,0.0,0.0,0.0,0.0,19314.1,61156.65,31.581357056019254,4828.525,8_A,21023.8,0.9186778793557777,-0.2541717024907917,0,1,0,1
285,Sangha Supermarket,Pharmacy,6,25,65,Ahmedabad,C,3507.26,1.0,3507.26,3155.88,1.0,0.11134136912683629,0.0,-351.3800000000001,0.0,2025-12-31,0,11.0,4.0,9.0,2.0,2.0,26.5,1.0,0.4666666666666667,0.0,0.0,0.0,0.0,3507.26,21022.44,16.683410679255122,1753.63,6_C,1535.8200000000002,2.283640009896993,0.6212247092751888,0,0,0,1
286,Prabhakar Retail,General Trade,8,14,69,Guwahati,C,5028.11,3.0,1676.0366666666666,3255.6000000000004,2.0,0.5444495638284799,0.5,-1772.5099999999993,-1.0,2025-12-28,3,24.0,5.0,12.0,2.0,0.0,32.5,0.0,0.4666666666666667,195.0,0.0,298.8974358974359,0.0,6078.639999999999,17470.06,34.794614328742995,2514.055,8_C,1474.47,3.410113464499108,1.1021942327577028,0,0,0,1
287,Biswas Supermarket,General Trade,3,23,20,Coimbatore,B,3401.96,1.0,3401.96,3788.09,2.0,-0.1019326362362035,-0.5,386.1300000000001,1.0,2025-12-17,14,19.0,5.0,12.0,0.0,0.0,0.0,0.0,0.0,0.0,0.0,0.0,0.0,3401.96,33426.28,10.177501056055297,0.0,3_B,5507.8,0.6176622244816442,0.13741829306057157,0,0,0,1
288,Toor Traders,General Trade,4,2,8,Bhubaneswar,A,39526.49,7.0,5646.641428571428,28176.1,4.0,0.4028375112240516,0.75,-11350.39,-3.0,2025-12-23,8,53.0,5.0,15.0,1.0,0.0,33.0,0.0,0.23333333333333334,0.0,0.0,0.0,0.0,39526.49,58968.62,67.0297015599144,39526.49,4_A,22237.399999999998,1.7774780325038,0.33393726827806636,0,0,0,1
289,Om Mart,General Trade,6,25,86,Pune,A,22788.989999999998,6.0,3798.1649999999995,57036.31,10.0,-0.6004476797324372,-0.4,34247.32,4.0,2025-12-28,3,46.0,5.0,14.0,3.0,2.0,11.666666666666666,0.6666666666666666,0.7000000000000001,0.0,0.0,0.0,0.0,27360.78,73910.42,37.018839833409146,7596.329999999999,6_A,21985.86,1.036529387524527,-0.6758471855027656,0,1,0,1
290,Arora Mart,Supermarket,3,18,67,Hyderabad,A,21295.739999999998,2.0,10647.869999999999,16686.91,3.0,0.27619433436148444,-0.3333333333333333,-4608.829999999998,1.0,2025-12-06,25,34.0,5.0,14.0,2.0,2.0,20.0,1.0,0.4666666666666667,0.0,0.0,0.0,0.0,21295.739999999998,57313.21,37.15677415381201,10647.869999999999,3_A,19782.739999999998,1.076480811050441,0.22558648838902123,0,0,0,1
291,Salvi General Store,Supermarket,10,32,43,Surat,B,9816.810000000001,2.0,4908.405000000001,3225.73,2.0,2.0432832258124525,0.0,-6591.080000000002,0.0,2025-12-28,3,16.0,4.0,8.0,0.0,0.0,0.0,0.0,0.0,0.0,0.0,0.0,0.0,9816.810000000001,39374.27,24.932043184546664,0.0,10_B,6269.79,1.5657318666175424,2.218193805815102,0,0,0,1
292,Suri General Store,Pharmacy,12,10,64,Ranchi,B,13805.06,5.0,2761.0119999999997,2456.23,2.0,4.620426425864028,1.5,-11348.83,-3.0,2025-12-28,3,29.0,5.0,12.0,3.0,1.0,25.666666666666668,0.3333333333333333,0.7000000000000001,0.0,0.0,0.0,0.0,13805.06,42265.23,32.66292411043309,4601.6866666666665,12_B,6060.66,2.277814627449816,4.721546804161801,0,0,0,1
293,Cherian General Store,Modern Trade,10,32,33,Mumbai,C,3379.41,1.0,3379.41,0.0,0.0,,,-3379.41,-1.0,2025-12-18,13,10.0,5.0,9.0,3.0,1.0,32.666666666666664,0.3333333333333333,0.7000000000000001,0.0,0.0,0.0,0.0,3379.41,21400.73,15.791096845761803,1126.47,10_C,1784.86,1.8933753907869526,,0,0,0,1
294,Sant Traders,Modern Trade,4,1,32,Kolkata,B,0.0,0.0,0.0,7870.400000000001,3.0,-1.0,-1.0,7870.400000000001,3.0,2025-11-19,42,21.0,5.0,12.0,0.0,0.0,0.0,0.0,0.0,195.0,0.0,222.1948717948718,0.0,0.0,37779.59,0.0,0.0,4_B,5210.49,0.0,-0.8087480713890469,1,1,0,1
295,Pathak Mart,Pharmacy,5,22,71,Lucknow,B,634.67,1.0,634.67,7471.08,2.0,-0.9150497652280527,-0.5,6836.41,1.0,2025-12-31,0,23.0,5.0,12.0,2.0,1.0,13.0,0.5,0.4666666666666667,0.0,0.0,0.0,0.0,634.67,37760.08,1.6807962271266372,317.335,5_B,6391.82,0.09929409776871063,-0.5623331576584818,0,1,0,1
296,Sharaf General Store,Modern Trade,6,31,74,Ahmedabad,A,29402.83,4.0,7350.7075,48023.090000000004,8.0,-0.38773556637026063,-0.5,18620.260000000002,4.0,2025-12-28,3,62.0,5.0,15.0,2.0,2.0,25.0,1.0,0.4666666666666667,0.0,0.0,0.0,0.0,39606.66,68126.47,58.1369620354614,14701.415,6_A,21985.86,1.3373518252185723,-0.463135072140589,0,1,0,1
297,Dua Retail,Supermarket,1,5,52,Delhi,C,3419.43,1.0,3419.43,10334.84,3.0,-0.6691356615099991,-0.6666666666666666,6915.41,2.0,2025-12-31,0,19.0,5.0,12.0,2.0,2.0,32.0,1.0,0.4666666666666667,0.0,0.0,0.0,0.0,3419.43,17932.31,19.068541643547317,1709.715,1_C,1475.75,2.3170794511265456,-0.04256333889843533,0,1,0,1
298,Saran Retail,Convenience,4,13,48,Bhubaneswar,B,0.0,0.0,0.0,6879.19,1.0,-1.0,-1.0,6879.19,1.0,2025-11-21,40,11.0,5.0,9.0,1.0,1.0,31.0,1.0,0.23333333333333334,0.0,0.0,0.0,0.0,0.0,39038.76,0.0,0.0,4_B,5210.49,0.0,-0.8087480713890469,1,1,0,1
299,Goda Supermarket,Modern Trade,1,34,99,Jaipur,C,0.0,0.0,0.0,0.0,0.0,,,0.0,0.0,2025-10-04,88,4.0,3.0,4.0,2.0,2.0,26.0,1.0,0.4666666666666667,0.0,0.0,0.0,0.0,0.0,19349.05,0.0,0.0,1_C,1475.75,0.0,,1,0,0,1
300,Vig General Store,Supermarket,12,10,30,Guwahati,B,3549.13,3.0,1183.0433333333333,1729.83,1.0,1.051721845499269,2.0,-1819.3000000000002,-2.0,2025-12-24,7,14.0,5.0,11.0,1.0,1.0,22.0,1.0,0.23333333333333334,0.0,0.0,0.0,0.0,5278.96,35463.07,14.885795279427303,3549.13,12_B,6060.66,0.5856012381489805,1.1528422237970424,0,0,0,1
301,Madan Mart,Pharmacy,6,31,14,Pune,B,7078.01,2.0,3539.005,12487.689999999999,3.0,-0.43320101636091213,-0.3333333333333333,5409.6799999999985,1.0,2025-12-29,2,38.0,5.0,14.0,2.0,0.0,16.5,0.0,0.4666666666666667,0.0,0.0,0.0,0.0,11404.16,37373.53,30.51400282499405,3539.005,6_B,5118.745000000001,1.3827627670454377,-0.1639119556393014,0,1,0,1
302,Yohannan Mart,Convenience,12,8,92,Patna,A,47657.47,8.0,5957.18375,24659.03,3.0,0.9326579350444849,1.6666666666666667,-22998.440000000002,-5.0,2025-12-25,6,38.0,5.0,14.0,2.0,2.0,25.5,1.0,0.4666666666666667,0.0,0.0,0.0,0.0,47657.47,68772.56,69.2972167969318,23828.735,12_A,24540.835,1.9419661148449106,0.8029364134445474,0,0,0,1
303,Sule Supermarket,Modern Trade,4,13,96,Kolkata,C,0.0,0.0,0.0,0.0,0.0,,,0.0,0.0,2025-09-20,102,0.0,0.0,0.0,1.0,0.0,22.0,0.0,0.23333333333333334,0.0,0.0,0.0,0.0,0.0,19088.73,0.0,0.0,4_C,1263.49,0.0,,1,0,0,1
304,Shroff Mart,Modern Trade,9,11,73,Delhi,B,15532.470000000001,6.0,2588.7450000000003,2996.0600000000004,2.0,4.1842987123088315,2.0,-12536.41,-4.0,2025-12-24,7,20.0,5.0,12.0,1.0,0.0,39.0,0.0,0.23333333333333334,0.0,0.0,0.0,0.0,15532.470000000001,35338.77,43.95305778893833,15532.470000000001,9_B,5894.43,2.6351097561596286,4.359444987713199,0,0,0,1
305,Sarin Retail,Modern Trade,5,33,90,Chandigarh,B,14467.65,4.0,3616.9125,23499.63,5.0,-0.3843456258673009,-0.2,9031.980000000001,1.0,2025-12-22,9,41.0,5.0,14.0,2.0,0.0,37.5,0.0,0.4666666666666667,0.0,0.0,0.0,0.0,14467.65,36002.81,40.184780021337225,7233.825,5_B,6391.82,2.263463301532271,-0.031629018297730016,0,1,0,1
306,Loyal Traders,Pharmacy,6,31,14,Pune,A,51031.12,8.0,6378.89,32735.73,8.0,0.5588813812919401,0.0,-18295.390000000003,0.0,2025-12-31,0,62.0,5.0,15.0,2.0,1.0,27.0,0.5,0.4666666666666667,0.0,0.0,0.0,0.0,51031.12,74317.62,68.66624630874885,25515.56,6_A,21985.86,2.3210881903186866,0.4834818755216117,0,0,0,1
307,Naidu Traders,Supermarket,1,34,99,Jaipur,B,10782.210000000001,3.0,3594.07,6016.98,2.0,0.7919637426084185,0.5,-4765.230000000001,-1.0,2025-12-31,0,24.0,5.0,13.0,1.0,1.0,21.0,1.0,0.23333333333333334,0.0,0.0,0.0,0.0,13593.95,43355.99,31.354260391701356,10782.210000000001,1_B,5467.655000000001,1.971998964821299,0.7940109808499175,0,0,0,1
308,Korpal Retail,Modern Trade,4,1,39,Guwahati,A,35368.53,6.0,5894.755,32189.09,4.0,0.09877383921073875,0.5,-3179.4399999999987,-2.0,2025-12-28,3,43.0,5.0,15.0,1.0,1.0,32.0,1.0,0.23333333333333334,0.0,0.0,0.0,0.0,35368.53,64921.89,54.47858957895403,35368.53,4_A,22237.399999999998,1.5904975401800572,0.02987359626475354,0,0,0,1
309,Chadha Retail,Supermarket,5,33,51,Ludhiana,A,45226.71,5.0,9045.342,29802.31,4.0,0.5175571960697005,0.25,-15424.399999999998,-1.0,2025-12-23,8,43.0,5.0,14.0,2.0,1.0,19.5,0.5,0.4666666666666667,0.0,0.0,0.0,0.0,45226.71,73628.92,61.425198142251716,22613.355,5_A,23936.755,1.8894252792410666,0.516798224083414,0,0,0,1
310,Mallick Mart,General Trade,4,1,58,Guwahati,C,1943.75,2.0,971.875,0.0,0.0,,,-1943.75,-2.0,2025-12-08,23,3.0,2.0,2.0,3.0,3.0,26.333333333333332,1.0,0.7000000000000001,0.0,0.0,0.0,0.0,1943.75,18603.05,10.448555478805895,647.9166666666666,4_C,1263.49,1.5383976129609256,,0,0,0,1
311,Seshadri Mart,Modern Trade,12,10,16,Kolkata,A,18210.46,4.0,4552.615,23994.96,3.0,-0.24107145833958465,0.3333333333333333,5784.5,-1.0,2025-12-31,0,29.0,5.0,13.0,0.0,0.0,0.0,0.0,0.0,0.0,0.0,0.0,0.0,18210.46,74633.08,24.399984564485344,0.0,12_A,24540.835,0.7420472856771173,-0.3707929799395222,0,1,0,1
312,Kohli Retail,General Trade,4,7,81,Kolkata,C,3603.7,2.0,1801.85,1244.55,1.0,1.895584749507854,1.0,-2359.1499999999996,-1.0,2025-12-15,16,21.0,5.0,13.0,4.0,2.0,32.0,0.5,0.9333333333333333,0.0,0.0,0.0,0.0,3603.7,16432.58,21.930214245115494,900.925,4_C,1263.49,2.8521792811973183,2.543999005885694,0,0,0,1
313,Shetty Retail,General Trade,7,28,57,Chennai,A,21762.329999999998,4.0,5440.5824999999995,16701.440000000002,2.0,0.30302117661710576,1.0,-5060.889999999996,-2.0,2025-12-25,6,24.0,5.0,10.0,5.0,4.0,26.2,0.8,1.1666666666666667,0.0,0.0,0.0,0.0,21762.329999999998,58659.42,37.099463308706426,4352.465999999999,7_A,22880.32,0.9511374840911315,0.30700749239874825,0,0,0,1
314,Raghavan Traders,Pharmacy,6,31,74,Surat,C,0.0,0.0,0.0,165.51,1.0,-1.0,-1.0,165.51,1.0,2025-11-09,52,2.0,2.0,2.0,1.0,1.0,23.0,1.0,0.23333333333333334,0.0,0.0,0.0,0.0,0.0,16595.81,0.0,0.0,6_C,1535.8200000000002,0.0,-0.49011665985164743,1,1,0,1
315,Nayar Retail,Supermarket,12,10,46,Bhubaneswar,C,2877.07,1.0,2877.07,0.0,0.0,,,-2877.07,-1.0,2025-12-19,12,16.0,5.0,11.0,1.0,0.0,23.0,0.0,0.23333333333333334,0.0,0.0,0.0,0.0,2877.07,21098.24,13.636540299096039,2877.07,12_C,1525.54,1.8859354720295765,,0,0,0,1
316,Balakrishnan Retail,Pharmacy,6,21,80,Nashik,B,814.33,1.0,814.33,5803.97,3.0,-0.8596943126859719,-0.6666666666666666,4989.64,2.0,2025-12-07,24,13.0,5.0,7.0,0.0,0.0,0.0,0.0,0.0,0.0,0.0,0.0,0.0,814.33,40454.07,2.0129742198992586,0.0,6_B,5118.745000000001,0.15908782328480905,-0.5904052519643611,0,1,0,1
317,Talwar Traders,Modern Trade,4,13,12,Patna,B,4329.58,2.0,2164.79,23562.559999999998,6.0,-0.8162517145844933,-0.6666666666666666,19232.979999999996,4.0,2025-12-23,8,28.0,5.0,12.0,3.0,2.0,31.666666666666668,0.6666666666666666,0.7000000000000001,0.0,0.0,0.0,0.0,4329.58,40904.43,10.58462371924019,1443.1933333333334,4_B,5210.49,0.830935286316642,-0.6249997859735402,0,1,0,1
318,Nair Traders,Supermarket,4,7,81,Guwahati,C,0.0,0.0,0.0,0.0,0.0,,,0.0,0.0,2025-10-25,67,5.0,4.0,5.0,1.0,1.0,34.0,1.0,0.23333333333333334,0.0,0.0,0.0,0.0,0.0,20744.12,0.0,0.0,4_C,1263.49,0.0,,1,0,0,1
319,Gopal Retail,Modern Trade,9,11,73,Ludhiana,B,16298.72,7.0,2328.388571428571,5451.87,2.0,1.9895650483228688,2.5,-10846.849999999999,-5.0,2025-12-31,0,28.0,5.0,13.0,0.0,0.0,0.0,0.0,0.0,0.0,0.0,0.0,0.0,16298.72,35394.28,46.0490226104331,0.0,9_B,5894.43,2.7651053621809063,2.1647113237272366,0,0,0,1
320,Sura Traders,Convenience,10,15,100,Ahmedabad,A,21472.79,5.0,4294.558,21878.91,5.0,-0.01856216785936772,0.0,406.119999999999,0.0,2025-12-30,1,30.0,5.0,15.0,0.0,0.0,0.0,0.0,0.0,0.0,0.0,0.0,0.0,21472.79,57041.28,37.64429900591291,0.0,10_A,24727.44,0.868379015377249,-0.17676246852096117,0,0,0,1
321,Kala Mart,Supermarket,10,4,21,Mumbai,B,0.0,0.0,0.0,1852.46,1.0,-1.0,-1.0,1852.46,1.0,2025-11-08,53,17.0,5.0,11.0,1.0,0.0,18.0,0.0,0.23333333333333334,0.0,0.0,0.0,0.0,0.0,43581.14,0.0,0.0,10_B,6269.79,0.0,-0.8250894199973505,1,1,0,1
322,Pant Traders,Supermarket,6,31,98,Pune,C,0.0,0.0,0.0,0.0,0.0,,,0.0,0.0,2025-10-20,72,9.0,5.0,9.0,2.0,1.0,20.5,0.5,0.4666666666666667,0.0,0.0,0.0,0.0,0.0,16204.72,0.0,0.0,6_C,1535.8200000000002,0.0,,1,0,0,1
323,Kuruvilla Retail,Convenience,1,17,23,Jaipur,C,0.0,0.0,0.0,0.0,0.0,,,0.0,0.0,2025-10-19,73,9.0,4.0,7.0,2.0,1.0,25.0,0.5,0.4666666666666667,0.0,0.0,0.0,0.0,0.0,20981.91,0.0,0.0,1_C,1475.75,0.0,,1,0,0,1
324,Oak Mart,Pharmacy,9,11,73,Jaipur,C,3049.58,1.0,3049.58,3776.7200000000003,2.0,-0.19253214429452017,-0.5,727.1400000000003,1.0,2025-12-12,19,13.0,5.0,11.0,4.0,3.0,16.0,0.75,0.9333333333333333,0.0,0.0,0.0,0.0,3049.58,17492.09,17.434051619903624,762.395,9_C,1106.01,2.757280675581595,0.30236425758835495,0,1,0,1
325,Mammen Mart,General Trade,4,13,12,Kolkata,B,11813.89,3.0,3937.963333333333,3290.15,1.0,2.5906843153047734,2.0,-8523.74,-2.0,2025-12-23,8,20.0,4.0,10.0,2.0,1.0,21.5,0.5,0.4666666666666667,0.0,0.0,0.0,0.0,11813.89,33091.43,35.70075394142834,5906.945,4_B,5210.49,2.267328024811486,2.7819362439157262,0,0,0,1
326,Majumdar Mart,Supermarket,4,7,26,Bhubaneswar,B,6045.12,2.0,3022.56,2326.54,2.0,1.5983305681398128,0.0,-3718.58,0.0,2025-12-31,0,18.0,4.0,10.0,4.0,1.0,26.25,0.25,0.9333333333333333,0.0,0.0,0.0,0.0,6045.12,36665.54,16.487197515705482,1511.28,4_B,5210.49,1.1601826315759172,1.7895824967507659,0,0,0,1
327,Anne Retail,General Trade,10,15,100,Mumbai,C,927.06,1.0,927.06,0.0,0.0,,,-927.06,-1.0,2025-12-19,12,4.0,3.0,3.0,3.0,2.0,23.333333333333332,0.6666666666666666,0.7000000000000001,0.0,0.0,0.0,0.0,927.06,18498.31,5.011592950923624,309.02,10_C,1784.86,0.5194020819560078,,0,0,0,1
328,Varughese Retail,Modern Trade,8,36,76,Kolkata,B,14206.05,4.0,3551.5125,5343.87,1.0,1.6583824082546919,3.0,-8862.18,-3.0,2025-12-25,6,27.0,5.0,14.0,2.0,2.0,17.5,1.0,0.4666666666666667,0.0,0.0,0.0,0.0,14206.05,39407.65,36.048965112103865,7103.025,8_B,5652.47,2.513246421475921,1.8389907252445936,0,0,0,1
329,Halder Mart,Convenience,5,33,82,Lucknow,C,1965.2,1.0,1965.2,7070.33,3.0,-0.7220497487387435,-0.6666666666666666,5105.13,2.0,2025-12-03,28,26.0,5.0,11.0,2.0,2.0,32.0,1.0,0.4666666666666667,0.0,0.0,0.0,0.0,1965.2,19085.12,10.297027212823394,982.6,5_C,1965.2,1.0,-0.27514277088460837,0,1,0,1
330,Chada Traders,Supermarket,6,21,29,Nashik,C,2698.52,1.0,2698.52,3019.17,2.0,-0.10620468539366783,-0.5,320.6500000000001,1.0,2025-12-26,5,10.0,5.0,8.0,2.0,2.0,34.5,1.0,0.4666666666666667,0.0,0.0,0.0,0.0,2698.52,19887.61,13.56885015343724,1349.26,6_C,1535.8200000000002,1.7570548632001144,0.40367865475468473,0,0,0,1
331,Khurana Supermarket,Pharmacy,10,15,94,Mumbai,C,2820.9,2.0,1410.45,3134.92,1.0,-0.10016842535056715,1.0,314.02,-1.0,2025-12-29,2,20.0,5.0,11.0,1.0,0.0,35.0,0.0,0.23333333333333334,0.0,0.0,0.0,0.0,2820.9,19296.36,14.61881930063494,2820.9,10_C,1784.86,1.5804600921080647,0.07706627140741183,0,0,0,1
332,Ray Supermarket,Modern Trade,6,25,5,Pune,C,0.0,0.0,0.0,0.0,0.0,,,0.0,0.0,2025-10-15,77,8.0,5.0,6.0,3.0,2.0,22.666666666666668,0.6666666666666666,0.7000000000000001,0.0,0.0,0.0,0.0,0.0,20164.8,0.0,0.0,6_C,1535.8200000000002,0.0,,1,0,0,1
333,Suresh Mart,Supermarket,12,8,19,Patna,C,3240.3,1.0,3240.3,2060.56,1.0,0.5725336801646156,0.0,-1179.7400000000002,0.0,2025-12-12,19,10.0,4.0,9.0,0.0,0.0,0.0,0.0,0.0,0.0,0.0,0.0,0.0,3240.3,16151.66,20.061715018765874,0.0,12_C,1525.54,2.124034768016571,1.1609688556134607,0,0,0,1
334,Khosla Retail,Modern Trade,3,18,91,Hyderabad,B,10991.29,3.0,3663.763333333334,7448.5599999999995,2.0,0.47562616129829144,0.5,-3542.7300000000014,-1.0,2025-12-24,7,18.0,5.0,10.0,3.0,1.0,21.0,0.3333333333333333,0.7000000000000001,195.0,0.0,214.6153846153846,0.0,10991.29,42335.39,25.962415841687065,3663.763333333334,3_B,5507.8,1.9955862594865466,0.7149770905950665,0,0,0,1
335,Soni Traders,Pharmacy,6,31,14,Mumbai,A,18772.58,3.0,6257.526666666668,27920.85,3.0,-0.32765012526481097,0.0,9148.269999999997,0.0,2025-12-29,2,26.0,5.0,14.0,4.0,4.0,27.75,1.0,0.9333333333333333,0.0,0.0,0.0,0.0,18772.58,56341.7,33.319157923882315,4693.145,6_A,21985.86,0.8538478822297605,-0.40304963103513936,0,1,0,1
336,Swaminathan General Store,Pharmacy,1,17,49,Chandigarh,B,2505.23,2.0,1252.615,842.14,1.0,1.9748379129360916,1.0,-1663.0900000000001,-1.0,2025-12-05,26,13.0,5.0,8.0,5.0,3.0,27.0,0.6,1.1666666666666667,0.0,0.0,0.0,0.0,2505.23,39316.81,6.37190555388395,501.046,1_B,5467.655000000001,0.45819094291794193,1.9768851511775907,0,0,0,1
337,Sem General Store,Supermarket,6,21,29,Pune,B,0.0,0.0,0.0,6947.72,3.0,-1.0,-1.0,6947.72,3.0,2025-11-19,42,8.0,3.0,5.0,5.0,2.0,19.8,0.4,1.1666666666666667,0.0,0.0,0.0,0.0,0.0,37766.31,0.0,0.0,6_B,5118.745000000001,0.0,-0.7307109392783893,1,1,0,1
338,Badal Traders,Modern Trade,6,21,10,Ahmedabad,A,0.0,0.0,0.0,13494.02,2.0,-1.0,-1.0,13494.02,2.0,2025-11-15,46,26.0,5.0,12.0,7.0,6.0,22.285714285714285,0.8571428571428571,1.6333333333333333,0.0,0.0,0.0,0.0,0.0,66466.85,0.0,0.0,6_A,21985.86,0.0,-1.0753995057703283,1,1,0,1
339,Chander Traders,General Trade,7,20,44,Coimbatore,C,7926.7,4.0,1981.675,6055.89,2.0,0.3089240392411354,1.0,-1870.8099999999995,-2.0,2025-12-18,13,22.0,5.0,12.0,1.0,1.0,11.0,1.0,0.23333333333333334,0.0,0.0,0.0,0.0,10207.52,19938.13,51.19597474788258,7926.7,7_C,1610.4699999999998,4.9219792979689165,0.7566384245045981,0,0,0,1
340,Menon Retail,Modern Trade,11,9,56,Chennai,A,7140.9400000000005,2.0,3570.4700000000003,4904.12,2.0,0.45611037250312,0.0,-2236.8200000000006,0.0,2025-12-29,2,17.0,5.0,11.0,2.0,2.0,25.0,1.0,0.4666666666666667,0.0,0.0,0.0,0.0,7140.9400000000005,56271.06,12.69025321364126,3570.4700000000003,11_A,26805.28,0.26640050019996064,-0.2130227853701065,0,0,0,1
341,Kant Retail,Supermarket,9,3,93,Ludhiana,B,7640.25,2.0,3820.125,6342.129999999999,3.0,0.20468202323194273,-0.3333333333333333,-1298.1200000000008,1.0,2025-12-28,3,21.0,5.0,11.0,0.0,0.0,0.0,0.0,0.0,0.0,0.0,0.0,0.0,7640.25,32681.39,23.3779836169759,0.0,9_B,5894.43,1.2961813101521267,0.3798282986363106,0,0,0,1
342,Ravel Retail,General Trade,5,22,71,Lucknow,A,7738.02,1.0,7738.02,40846.409999999996,5.0,-0.8105581371777839,-0.8,33108.39,4.0,2025-12-18,13,40.0,5.0,15.0,2.0,0.0,21.5,0.0,0.4666666666666667,0.0,0.0,0.0,0.0,7738.02,56300.34,13.744179875290275,3869.01,5_A,23936.755,0.3232693821698054,-0.8113171091640704,0,1,0,1
343,Kohli General Store,General Trade,4,7,81,Guwahati,B,8659.7,4.0,2164.925,4178.66,1.0,1.0723629105981345,3.0,-4481.040000000001,-3.0,2025-12-26,5,16.0,5.0,9.0,0.0,0.0,0.0,0.0,0.0,0.0,0.0,0.0,0.0,8659.7,35169.08,24.62304956512937,0.0,4_B,5210.49,1.6619742097192396,1.2636148392090876,0,0,0,1
344,Mohan Traders,Pharmacy,12,35,61,Kolkata,B,0.0,0.0,0.0,2060.74,1.0,-1.0,-1.0,2060.74,1.0,2025-11-07,54,3.0,3.0,3.0,1.0,1.0,21.0,1.0,0.23333333333333334,0.0,0.0,0.0,0.0,0.0,32546.56,0.0,0.0,12_B,6060.66,0.0,-0.8988796217022266,1,1,0,1
345,Pillay Retail,Pharmacy,3,18,83,Coimbatore,B,4847.4,2.0,2423.7,5762.23,3.0,-0.1587631871688565,-0.3333333333333333,914.8299999999999,1.0,2025-12-09,22,19.0,5.0,12.0,1.0,0.0,42.0,0.0,0.23333333333333334,0.0,0.0,0.0,0.0,4847.4,41983.57,11.545945235243215,4847.4,3_B,5507.8,0.8800973165329169,0.08058774212791855,0,1,0,1
346,Solanki Retail,Convenience,7,28,57,Kochi,B,6346.5599999999995,3.0,2115.52,10351.019999999999,4.0,-0.38686622187958286,-0.25,4004.459999999999,1.0,2025-12-10,21,22.0,5.0,10.0,4.0,2.0,35.0,0.5,0.9333333333333333,0.0,0.0,0.0,0.0,6346.5599999999995,40139.46,15.811273993222628,1586.6399999999999,7_B,6107.09,1.0392118013652982,-0.16693819910666685,0,1,0,1
347,Wali Supermarket,Pharmacy,7,20,13,Bengaluru,C,0.0,0.0,0.0,530.94,1.0,-1.0,-1.0,530.94,1.0,2025-11-19,42,3.0,2.0,3.0,3.0,1.0,25.0,0.3333333333333333,0.7000000000000001,0.0,0.0,0.0,0.0,0.0,19113.17,0.0,0.0,7_C,1610.4699999999998,0.0,-0.5522856147365374,1,1,0,1
348,Padmanabhan Traders,Convenience,4,2,8,Ranchi,C,3995.6900000000005,3.0,1331.8966666666668,1442.91,1.0,1.7691886534849717,2.0,-2552.7800000000007,-2.0,2025-12-28,3,14.0,5.0,9.0,1.0,1.0,28.0,1.0,0.23333333333333334,0.0,0.0,0.0,0.0,3995.6900000000005,18432.47,21.67745288612975,3995.6900000000005,4_C,1263.49,3.1624231295855134,2.4176029098628113,0,0,0,1
349,Sandal Traders,General Trade,5,16,31,Lucknow,B,0.0,0.0,0.0,8566.16,3.0,-1.0,-1.0,8566.16,3.0,2025-11-21,40,11.0,5.0,7.0,1.0,0.0,25.0,0.0,0.23333333333333334,0.0,0.0,0.0,0.0,0.0,34838.0,0.0,0.0,5_B,6391.82,0.0,-0.6472833924304291,1,1,0,1
350,Narayanan Traders,Modern Trade,12,8,87,Guwahati,A,28037.449999999997,4.0,7009.362499999999,32637.85,4.0,-0.14095291203311497,0.0,4600.4000000000015,0.0,2025-12-31,0,38.0,5.0,15.0,4.0,3.0,24.5,0.75,0.9333333333333333,0.0,0.0,0.0,0.0,28037.449999999997,61010.21,45.95534091752839,7009.362499999999,12_A,24540.835,1.142481500731332,-0.27067443363305255,0,0,0,1
351,Pandey General Store,Pharmacy,4,1,25,Bhubaneswar,A,29700.45,5.0,5940.09,19765.02,6.0,0.5026774574475513,-0.16666666666666666,-9935.43,1.0,2025-12-21,10,47.0,5.0,15.0,3.0,2.0,16.0,0.6666666666666666,0.7000000000000001,0.0,0.0,0.0,0.0,29700.45,72532.33,40.947878001437424,9900.15,4_A,22237.399999999998,1.3356080297157042,0.43377721450156614,0,0,0,1
352,Setty General Store,General Trade,1,17,77,Chandigarh,B,4853.78,1.0,4853.78,1101.49,1.0,3.40655838909114,0.0,-3752.29,0.0,2025-12-25,6,21.0,5.0,12.0,1.0,1.0,40.0,1.0,0.23333333333333334,0.0,0.0,0.0,0.0,4853.78,33763.63,14.375764691178054,4853.78,1_B,5467.655000000001,0.8877260909841603,3.4086056273326393,0,0,0,1
353,Madan General Store,Convenience,12,19,36,Guwahati,B,1045.99,1.0,1045.99,12672.57,5.0,-0.917460309945023,-0.8,11626.58,4.0,2025-12-14,17,21.0,5.0,10.0,2.0,2.0,24.5,1.0,0.4666666666666667,0.0,0.0,0.0,0.0,1045.99,32552.63,3.2132273183457065,522.995,12_B,6060.66,0.17258681397735562,-0.8163399316472496,0,1,0,1
354,Mohan Supermarket,Convenience,4,13,54,Bhubaneswar,A,42978.91,7.0,6139.844285714286,8777.66,3.0,3.896397217481652,1.3333333333333333,-34201.25,-4.0,2025-12-18,13,40.0,5.0,14.0,1.0,1.0,9.0,1.0,0.23333333333333334,0.0,0.0,0.0,0.0,42978.91,74149.38,57.96260197994913,42978.91,4_A,22237.399999999998,1.9327308947988526,3.827496974535667,0,0,0,1
355,Krishnamurthy Supermarket,Supermarket,9,11,73,Delhi,C,2533.02,1.0,2533.02,1770.05,1.0,0.43104432078189886,0.0,-762.97,0.0,2025-12-03,28,9.0,5.0,7.0,3.0,0.0,27.333333333333332,0.0,0.7000000000000001,0.0,0.0,0.0,0.0,2533.02,20107.0,12.597702292733873,844.34,9_C,1106.01,2.290232457211056,0.925940722664774,0,0,0,1
356,Kashyap General Store,Modern Trade,10,32,63,Nashik,C,4377.12,2.0,2188.56,837.85,1.0,4.224228680551411,1.0,-3539.27,-1.0,2025-12-09,22,17.0,5.0,12.0,0.0,0.0,0.0,0.0,0.0,0.0,0.0,0.0,0.0,4377.12,17191.8,25.460510243255506,0.0,10_C,1784.86,2.4523604092197706,4.40146337730939,0,0,0,1
357,Dara Retail,Modern Trade,3,23,88,Kochi,A,24755.23,5.0,4951.046,2711.52,2.0,8.12965052811707,1.5,-22043.71,-3.0,2025-12-31,0,28.0,5.0,14.0,2.0,1.0,30.0,0.5,0.4666666666666667,0.0,0.0,0.0,0.0,24755.23,59015.3,41.94713913171669,12377.615,3_A,19782.739999999998,1.2513549690285573,8.079042682144607,0,0,0,1
358,Hans Retail,Supermarket,4,13,48,Kolkata,B,11257.66,2.0,5628.83,3267.67,2.0,2.445164291375812,0.0,-7989.99,0.0,2025-12-18,13,16.0,5.0,12.0,6.0,3.0,28.166666666666668,0.5,1.4000000000000001,0.0,0.0,0.0,0.0,11257.66,38092.4,29.55355924016339,1876.2766666666666,4_B,5210.49,2.1605760686614888,2.636416219986765,0,0,0,1
359,Mutti Traders,Supermarket,7,20,13,Chennai,A,11254.62,5.0,2250.924,17128.49,3.0,-0.34292982043367515,0.6666666666666666,5873.870000000001,-2.0,2025-12-28,3,41.0,5.0,14.0,3.0,2.0,25.0,0.6666666666666666,0.7000000000000001,0.0,0.0,0.0,0.0,11254.62,63143.32,17.82392816849035,3751.5400000000004,7_A,22880.32,0.49189084768045205,-0.33894350465203266,0,1,0,1
360,Dar Traders,Pharmacy,4,13,12,Bhubaneswar,B,2859.04,3.0,953.0133333333333,4698.88,4.0,-0.39154862435303733,-0.25,1839.8400000000001,1.0,2025-12-23,8,30.0,5.0,13.0,0.0,0.0,0.0,0.0,0.0,195.0,0.0,207.36410256410255,0.0,3775.58,35075.63,10.764111720872869,0.0,4_B,5210.49,0.5487084707964126,-0.20029669574208428,0,1,0,1
361,Wason Supermarket,Pharmacy,12,35,66,Bhubaneswar,A,36755.28,4.0,9188.82,4689.39,1.0,6.837966132055555,3.0,-32065.89,-3.0,2025-12-26,5,37.0,5.0,12.0,4.0,4.0,25.25,1.0,0.9333333333333333,0.0,0.0,0.0,0.0,36755.28,71704.36,51.25947710850498,9188.82,12_A,24540.835,1.497719209635695,6.708244610455617,0,0,0,1
362,Goyal Mart,General Trade,4,7,4,Bhubaneswar,A,7089.72,2.0,3544.86,24591.739999999998,5.0,-0.7117031979030357,-0.6,17502.019999999997,3.0,2025-12-26,5,20.0,5.0,12.0,6.0,3.0,21.833333333333332,0.5,1.4000000000000001,0.0,0.0,0.0,0.0,7089.72,61718.97,11.487100319399367,1181.6200000000001,4_A,22237.399999999998,0.318819646181658,-0.7806034408490209,0,1,0,1
363,Handa Traders,Convenience,3,18,91,Chennai,B,8682.41,2.0,4341.205,3387.69,2.0,1.5629293117138816,0.0,-5294.719999999999,0.0,2025-12-28,3,19.0,5.0,12.0,3.0,2.0,29.333333333333332,0.6666666666666666,0.7000000000000001,0.0,0.0,0.0,0.0,8682.41,34315.44,25.30175920809991,2894.1366666666668,3_B,5507.8,1.5763844003050218,1.8022802410106566,0,0,0,1
364,Kalita Supermarket,Pharmacy,4,7,4,Bhubaneswar,B,0.0,0.0,0.0,8541.349999999999,2.0,-1.0,-1.0,8541.349999999999,2.0,2025-11-26,35,18.0,5.0,11.0,2.0,1.0,23.0,0.5,0.4666666666666667,0.0,0.0,0.0,0.0,0.0,40636.51,0.0,0.0,4_B,5210.49,0.0,-0.8087480713890469,1,1,0,1
365,Sule Retail,General Trade,5,22,71,Chandigarh,B,0.0,0.0,0.0,5468.459999999999,2.0,-1.0,-1.0,5468.459999999999,2.0,2025-11-19,42,16.0,5.0,9.0,1.0,0.0,26.0,0.0,0.23333333333333334,0.0,0.0,0.0,0.0,0.0,37611.42,0.0,0.0,5_B,6391.82,0.0,-0.6472833924304291,1,1,0,1
366,Malhotra Mart,Modern Trade,6,31,74,Pune,C,4211.41,4.0,1052.8525,0.0,0.0,,,-4211.41,-4.0,2025-12-14,17,17.0,5.0,10.0,3.0,2.0,27.666666666666668,0.6666666666666666,0.7000000000000001,0.0,0.0,0.0,0.0,4211.41,20993.19,20.060838776765227,1403.8033333333333,6_C,1535.8200000000002,2.7421247281582475,,0,0,0,1
367,Vohra Mart,Modern Trade,10,15,100,Mumbai,B,7141.77,1.0,7141.77,11734.529999999999,3.0,-0.39138849191233044,-0.6666666666666666,4592.759999999998,2.0,2025-12-25,6,24.0,5.0,13.0,1.0,0.0,10.0,0.0,0.23333333333333334,195.0,0.0,193.6,0.0,10298.52,33375.07,30.85692404540275,7141.77,10_B,6269.79,1.1390764283971235,-0.21647791190968096,0,1,0,1
368,Mandal Retail,Pharmacy,12,35,78,Patna,C,4041.54,1.0,4041.54,5744.96,3.0,-0.29650685122263687,-0.6666666666666666,1703.42,2.0,2025-12-06,25,13.0,5.0,10.0,2.0,1.0,28.0,0.5,0.4666666666666667,0.0,0.0,0.0,0.0,4041.54,18540.4,21.798558822894865,2020.77,12_C,1525.54,2.6492520681201412,0.2919283242262083,0,1,0,1
369,Chaudhry Supermarket,Convenience,10,32,33,Pune,B,3350.2400000000002,3.0,1116.7466666666667,5606.73,1.0,-0.4024609710116234,2.0,2256.4899999999993,-2.0,2025-12-24,7,20.0,5.0,13.0,0.0,0.0,0.0,0.0,0.0,0.0,0.0,0.0,0.0,3350.2400000000002,39449.85,8.492402379223241,0.0,10_B,6269.79,0.5343464454152372,-0.22755039100897395,0,1,0,1
370,Hari Supermarket,Convenience,9,11,85,Chandigarh,C,0.0,0.0,0.0,1687.23,1.0,-1.0,-1.0,1687.23,1.0,2025-11-19,42,3.0,2.0,3.0,2.0,1.0,39.0,0.5,0.4666666666666667,0.0,0.0,0.0,0.0,0.0,18877.33,0.0,0.0,9_C,1106.01,0.0,-0.5051035981171249,1,1,0,1
371,Minhas Retail,Supermarket,2,29,9,Ahmedabad,C,7377.63,2.0,3688.815,1099.76,1.0,5.708400014548629,1.0,-6277.87,-1.0,2025-12-11,20,22.0,4.0,11.0,2.0,1.0,31.0,0.5,0.4666666666666667,0.0,0.0,0.0,0.0,7377.63,21030.28,35.08098798494362,3688.815,2_C,1065.73,6.922607039306391,6.142224079956246,0,0,0,1
372,Karan Mart,General Trade,4,1,39,Bhubaneswar,A,36999.84,6.0,6166.639999999999,13218.630000000001,2.0,1.799067679479643,2.0,-23781.209999999995,-4.0,2025-12-29,2,30.0,5.0,14.0,1.0,1.0,10.0,1.0,0.23333333333333334,195.0,0.0,67.7948717948718,0.0,36999.84,57729.6,64.09162717219589,36999.84,4_A,22237.399999999998,1.6638563860883018,1.7301674365336577,0,0,0,1
373,Patel General Store,Pharmacy,1,5,52,Chandigarh,C,2493.02,2.0,1246.51,0.0,0.0,,,-2493.02,-2.0,2025-12-11,20,11.0,4.0,8.0,2.0,0.0,17.0,0.0,0.4666666666666667,0.0,0.0,0.0,0.0,2493.02,18419.59,13.534611791033353,1246.51,1_C,1475.75,1.6893240725055056,,0,0,0,1
374,Gola Supermarket,Convenience,1,5,52,Lucknow,C,0.0,0.0,0.0,6713.67,3.0,-1.0,-1.0,6713.67,3.0,2025-11-25,36,15.0,5.0,9.0,2.0,1.0,20.5,0.5,0.4666666666666667,0.0,0.0,0.0,0.0,0.0,20097.21,0.0,0.0,1_C,1475.75,0.0,-0.3734276773884362,1,1,0,1
375,Mittal Traders,Supermarket,3,23,88,Coimbatore,C,8137.2699999999995,4.0,2034.3174999999999,5597.57,2.0,0.45371473693048947,1.0,-2539.7,-2.0,2025-12-31,0,18.0,5.0,11.0,5.0,2.0,24.8,0.4,1.1666666666666667,0.0,0.0,0.0,0.0,8137.2699999999995,21214.11,38.35781939473303,1627.454,3_C,1975.87,4.118322561706995,0.8108965270190366,0,0,0,1
376,Atwal Traders,Modern Trade,6,21,72,Pune,B,15519.0,5.0,3103.8,9752.710000000001,3.0,0.5912500217888155,0.6666666666666666,-5766.289999999999,-2.0,2025-12-26,5,42.0,5.0,14.0,3.0,3.0,25.333333333333332,1.0,0.7000000000000001,0.0,0.0,0.0,0.0,15519.0,32457.51,47.813279576899156,5173.0,6_B,5118.745000000001,3.0317978332579565,0.8605390825104262,0,0,0,1
377,Walla Retail,General Trade,6,31,98,Pune,C,386.81,1.0,386.81,374.82,1.0,0.031988687903527054,0.0,-11.990000000000009,0.0,2025-12-13,18,2.0,2.0,2.0,3.0,3.0,22.666666666666668,1.0,0.7000000000000001,0.0,0.0,0.0,0.0,386.81,18601.6,2.079444778943747,128.93666666666667,6_C,1535.8200000000002,0.25185894180307583,0.5418720280518796,0,0,0,1
378,Date Supermarket,Supermarket,4,13,54,Patna,B,5206.59,1.0,5206.59,0.0,0.0,,,-5206.59,-1.0,2025-12-23,8,12.0,4.0,9.0,0.0,0.0,0.0,0.0,0.0,0.0,0.0,0.0,0.0,5206.59,33168.18,15.697545056738116,0.0,4_B,5210.49,0.9992515099347663,,0,0,0,1
379,Mahal Supermarket,General Trade,5,33,82,Ludhiana,C,4511.91,2.0,2255.955,0.0,0.0,,,-4511.91,-2.0,2025-12-30,1,19.0,4.0,9.0,4.0,4.0,24.0,1.0,0.9333333333333333,0.0,0.0,0.0,0.0,4511.91,20928.84,21.558337681400403,1127.9775,5_C,1965.2,2.295903724811724,,0,0,0,1
380,Bath Traders,General Trade,3,23,88,Kochi,B,5542.29,4.0,1385.5725,17756.45,5.0,-0.687871731117425,-0.2,12214.16,1.0,2025-12-22,9,37.0,5.0,14.0,4.0,3.0,31.0,0.75,0.9333333333333333,0.0,0.0,0.0,0.0,5542.29,32586.95,17.007697866784095,1385.5725,3_B,5507.8,1.0062620283960928,-0.4485208018206499,0,1,0,1
381,Bhagat Traders,Modern Trade,7,20,44,Kochi,C,15068.49,7.0,2152.6414285714286,55.66,1.0,269.72385914480776,6.0,-15012.83,-6.0,2025-12-29,2,28.0,5.0,12.0,6.0,3.0,18.666666666666668,0.5,1.4000000000000001,0.0,0.0,0.0,0.0,15068.49,18823.37,80.05203106563809,2511.415,7_C,1610.4699999999998,9.35657913528349,270.1715735300712,0,0,0,0
382,Master Mart,Supermarket,10,32,63,Ahmedabad,C,465.5,2.0,232.75,1406.81,2.0,-0.6691095457097973,0.0,941.31,0.0,2025-12-04,27,6.0,3.0,4.0,1.0,1.0,12.0,1.0,0.23333333333333334,0.0,0.0,0.0,0.0,465.5,21213.58,2.1943490914781942,465.5,10_C,1784.86,0.26080476900149036,-0.4918748489518183,0,1,0,1
383,Date Mart,Pharmacy,1,34,27,Jaipur,C,0.0,0.0,0.0,3026.76,2.0,-1.0,-1.0,3026.76,2.0,2025-11-28,33,8.0,5.0,8.0,1.0,1.0,32.0,1.0,0.23333333333333334,0.0,0.0,0.0,0.0,0.0,19762.76,0.0,0.0,1_C,1475.75,0.0,-0.3734276773884362,1,1,0,1
384,Swaminathan Traders,Pharmacy,7,28,79,Kochi,C,7234.51,3.0,2411.5033333333336,3063.68,1.0,1.3613791257572594,2.0,-4170.83,-2.0,2025-12-07,24,19.0,5.0,11.0,2.0,0.0,15.5,0.0,0.4666666666666667,0.0,0.0,0.0,0.0,7234.51,19973.41,36.22070542786635,3617.255,7_C,1610.4699999999998,4.492173092327086,1.809093511020722,0,0,0,1
385,Chauhan General Store,Supermarket,8,14,69,Bhubaneswar,C,0.0,0.0,0.0,4344.07,2.0,-1.0,-1.0,4344.07,2.0,2025-11-30,31,13.0,5.0,10.0,2.0,2.0,31.0,1.0,0.4666666666666667,0.0,0.0,0.0,0.0,0.0,20014.76,0.0,0.0,8_C,1474.47,0.0,-0.4422553310707772,1,1,0,1
386,Arora Mart,Modern Trade,12,8,87,Kolkata,C,4591.59,2.0,2295.795,4761.55,2.0,-0.03569425922231207,0.0,169.96000000000004,0.0,2025-12-20,11,23.0,5.0,12.0,2.0,2.0,19.0,1.0,0.4666666666666667,0.0,0.0,0.0,0.0,4591.59,20822.24,22.051373915582566,2295.795,12_C,1525.54,3.009812918704197,0.5527409162265331,0,0,0,1
387,Mane Retail,Modern Trade,6,31,14,Surat,B,0.0,0.0,0.0,0.0,0.0,,,0.0,0.0,2025-10-24,68,11.0,4.0,8.0,2.0,2.0,26.0,1.0,0.4666666666666667,0.0,0.0,0.0,0.0,0.0,34045.89,0.0,0.0,6_B,5118.745000000001,0.0,,1,0,0,1
388,Singh Retail,Pharmacy,12,19,59,Guwahati,C,5274.84,3.0,1758.28,0.0,0.0,,,-5274.84,-3.0,2025-12-29,2,21.0,5.0,12.0,4.0,3.0,28.0,0.75,0.9333333333333333,0.0,0.0,0.0,0.0,5274.84,21320.3,24.740927660492584,1318.71,12_C,1525.54,3.457687114071083,,0,0,0,1
389,Srinivas Mart,Pharmacy,10,32,63,Ahmedabad,C,0.0,0.0,0.0,530.7,1.0,-1.0,-1.0,530.7,1.0,2025-11-20,41,1.0,1.0,1.0,2.0,1.0,27.0,0.5,0.4666666666666667,0.0,0.0,0.0,0.0,0.0,19317.77,0.0,0.0,10_C,1784.86,0.0,-0.822765303242021,1,1,0,1
390,Sastry Mart,General Trade,7,12,28,Bengaluru,C,2807.11,1.0,2807.11,1080.99,1.0,1.5967955300234045,0.0,-1726.1200000000001,0.0,2025-12-08,23,13.0,5.0,8.0,2.0,2.0,12.0,1.0,0.4666666666666667,0.0,0.0,0.0,0.0,2807.11,16882.97,16.626873115334565,1403.555,7_C,1610.4699999999998,1.7430377467447393,2.0445099152868673,0,0,0,1
391,Oak Supermarket,General Trade,1,17,49,Chandigarh,C,1475.75,1.0,1475.75,1805.04,1.0,-0.18242809023622744,0.0,329.28999999999996,0.0,2025-12-06,25,6.0,4.0,5.0,4.0,3.0,22.75,0.75,0.9333333333333333,195.0,0.0,299.4974358974359,0.0,3280.79,17807.91,18.423217547707733,368.9375,1_C,1475.75,1.0,0.4441442323753364,0,1,0,1
392,Gour General Store,Pharmacy,7,20,84,Bengaluru,A,46354.19,6.0,7725.698333333334,48101.73,9.0,-0.0363300862567729,-0.3333333333333333,1747.5400000000009,3.0,2025-12-22,9,57.0,5.0,15.0,0.0,0.0,0.0,0.0,0.0,0.0,0.0,0.0,0.0,46354.19,70022.7,66.19880410209834,0.0,7_A,22880.32,2.02594150781108,-0.03234377047513043,0,0,0,1
393,Behl General Store,Supermarket,12,35,61,Bhubaneswar,B,5373.56,3.0,1791.1866666666667,6765.52,2.0,-0.20574323924842436,0.5,1391.96,-1.0,2025-12-17,14,24.0,5.0,11.0,0.0,0.0,0.0,0.0,0.0,0.0,0.0,0.0,0.0,5373.56,42360.76,12.68523038774564,0.0,12_B,6060.66,0.88662950899737,-0.10462286095065093,0,1,0,1
394,Krishnan Mart,Pharmacy,9,3,35,Ludhiana,C,1987.4,2.0,993.7,5217.03,2.0,-0.6190552862452391,0.0,3229.6299999999997,0.0,2025-12-31,0,19.0,5.0,12.0,1.0,1.0,36.0,1.0,0.23333333333333334,0.0,0.0,0.0,0.0,1987.4,21184.02,9.38159990407864,1987.4,9_C,1106.01,1.7969096120288244,-0.124158884362364,0,1,0,1
395,Sridhar General Store,Pharmacy,12,10,16,Patna,A,21137.63,2.0,10568.815,9824.24,3.0,1.1515791552323642,-0.3333333333333333,-11313.390000000001,1.0,2025-12-19,12,27.0,5.0,11.0,0.0,0.0,0.0,0.0,0.0,0.0,0.0,0.0,0.0,21137.63,61167.2,34.55713192691508,0.0,12_A,24540.835,0.8613248082227032,1.0218576336324268,0,0,0,1
396,Comar Traders,Supermarket,3,18,67,Chennai,B,0.0,0.0,0.0,9239.66,3.0,-1.0,-1.0,9239.66,3.0,2025-11-21,40,17.0,5.0,13.0,6.0,3.0,27.666666666666668,0.5,1.4000000000000001,0.0,0.0,0.0,0.0,0.0,33792.51,0.0,0.0,3_B,5507.8,0.0,-0.760649070703225,1,1,0,1
397,Bhattacharyya General Store,General Trade,3,18,89,Kochi,B,6818.6,2.0,3409.3,2572.01,1.0,1.6510783395087887,1.0,-4246.59,-1.0,2025-12-16,15,18.0,5.0,12.0,1.0,0.0,41.0,0.0,0.23333333333333334,0.0,0.0,0.0,0.0,6818.6,32432.61,21.023901560805623,6818.6,3_B,5507.8,1.2379897599767602,1.8904292688055637,0,0,0,1
398,Rattan General Store,Convenience,6,25,86,Surat,A,49729.53,6.0,8288.255,15834.24,3.0,2.140632578513399,1.0,-33895.29,-3.0,2025-12-29,2,37.0,5.0,14.0,0.0,0.0,0.0,0.0,0.0,0.0,0.0,0.0,0.0,49729.53,59806.7,83.15043297824491,0.0,6_A,21985.86,2.261886958254078,2.0652330727430708,0,0,0,0
399,Swamy Retail,Supermarket,3,18,83,Chennai,B,4282.25,3.0,1427.4166666666667,4366.33,2.0,-0.019256446489385806,0.5,84.07999999999993,-1.0,2025-12-29,2,13.0,5.0,9.0,0.0,0.0,0.0,0.0,0.0,0.0,0.0,0.0,0.0,4282.25,39108.0,10.949805666359824,0.0,3_B,5507.8,0.7774882893351247,0.22009448280738925,0,0,0,1
400,Borah Retail,Pharmacy,10,4,6,Ahmedabad,B,1048.9,1.0,1048.9,7542.04,2.0,-0.8609262215527893,-0.5,6493.139999999999,1.0,2025-12-28,3,24.0,5.0,14.0,1.0,0.0,25.0,0.0,0.23333333333333334,0.0,0.0,0.0,0.0,1048.9,40996.31,2.5585229499923288,1048.9,10_B,6269.79,0.1672942793937277,-0.6860156415501398,0,1,0,1
401,Bera Mart,Supermarket,3,18,2,Chennai,C,1222.89,2.0,611.445,0.0,0.0,,,-1222.89,-2.0,2025-12-23,8,6.0,5.0,5.0,1.0,0.0,39.0,0.0,0.23333333333333334,0.0,0.0,0.0,0.0,1222.89,16955.76,7.2122393805998675,1222.89,3_C,1975.87,0.6189121753961547,,0,0,0,1
402,Doshi Retail,Modern Trade,9,3,35,Delhi,B,9119.09,2.0,4559.545,7047.93,1.0,0.293867844884952,1.0,-2071.16,-1.0,2025-12-23,8,17.0,5.0,12.0,1.0,1.0,26.0,1.0,0.23333333333333334,195.0,0.0,204.5948717948718,0.0,9119.09,42965.34,21.224293814502577,9119.09,9_B,5894.43,1.54706901261021,0.4690141202893199,0,0,0,1
403,Dixit Traders,Pharmacy,9,3,35,Lucknow,C,0.0,0.0,0.0,378.18,1.0,-1.0,-1.0,378.18,1.0,2025-11-18,43,7.0,4.0,5.0,2.0,1.0,18.0,0.5,0.4666666666666667,0.0,0.0,0.0,0.0,0.0,16765.26,0.0,0.0,9_C,1106.01,0.0,-0.5051035981171249,1,1,0,1
404,Modi Mart,General Trade,5,22,17,Delhi,C,2603.12,1.0,2603.12,892.66,1.0,1.91613828333296,0.0,-1710.46,0.0,2025-12-13,18,12.0,5.0,9.0,1.0,1.0,40.0,1.0,0.23333333333333334,0.0,0.0,0.0,0.0,2603.12,20697.44,12.577014355398541,2603.12,5_C,1965.2,1.3246081823732954,2.363045261187095,0,0,0,1
405,Chada Traders,Supermarket,12,8,87,Ranchi,A,20323.38,3.0,6774.46,48080.09,7.0,-0.5773015399929575,-0.5714285714285714,27756.709999999995,4.0,2025-12-31,0,47.0,5.0,15.0,4.0,3.0,23.0,0.75,0.9333333333333333,0.0,0.0,0.0,0.0,24415.760000000002,56898.93,42.91075420926194,5080.845,12_A,24540.835,0.8281454155899749,-0.7070230615928951,0,1,0,1
406,Kothari Traders,Pharmacy,4,13,62,Ranchi,A,33961.24,5.0,6792.248,12888.27,4.0,1.6350503209507556,0.25,-21072.969999999998,-1.0,2025-12-31,0,34.0,5.0,13.0,3.0,2.0,20.333333333333332,0.6666666666666666,0.7000000000000001,0.0,0.0,0.0,0.0,33961.24,72561.78,46.80320686730673,11320.413333333332,4_A,22237.399999999998,1.5272127137165317,1.5661500780047704,0,0,0,1
407,Dani Supermarket,Convenience,3,18,2,Coimbatore,C,1842.04,1.0,1842.04,3405.25,1.0,-0.45905880625504736,0.0,1563.21,0.0,2025-12-29,2,15.0,5.0,9.0,3.0,0.0,17.0,0.0,0.7000000000000001,195.0,0.0,293.84615384615387,0.0,1842.04,20117.17,9.15655631482957,614.0133333333333,3_C,1975.87,0.9322678111414213,-0.10187701616650024,0,1,0,1
408,Saha Supermarket,General Trade,3,18,67,Coimbatore,C,5448.65,1.0,5448.65,3765.57,1.0,0.4469655324426314,0.0,-1683.0799999999995,0.0,2025-12-04,27,16.0,5.0,11.0,0.0,0.0,0.0,0.0,0.0,0.0,0.0,0.0,0.0,5448.65,19968.56,27.28614381808202,0.0,3_C,1975.87,2.75759538836057,0.8041473225311785,0,0,0,1
409,Kara Supermarket,Convenience,6,21,45,Surat,A,6781.07,1.0,6781.07,12772.98,3.0,-0.4691082268977169,-0.6666666666666666,5991.91,2.0,2025-12-13,18,16.0,5.0,9.0,1.0,1.0,33.0,1.0,0.23333333333333334,0.0,0.0,0.0,0.0,6781.07,64740.69,10.474201000947007,6781.07,6_A,21985.86,0.30842869007625806,-0.5445077326680453,0,1,0,1
410,Virk Mart,General Trade,6,25,65,Surat,C,487.15,1.0,487.15,2325.75,2.0,-0.7905406858002795,-0.5,1838.6,1.0,2025-12-23,8,5.0,2.0,5.0,1.0,0.0,26.0,0.0,0.23333333333333334,0.0,0.0,0.0,0.0,487.15,19874.39,2.4511444124825967,487.15,6_C,1535.8200000000002,0.31719211886809645,-0.2806573456519269,0,1,0,1
411,Rai Supermarket,Pharmacy,12,19,36,Kolkata,B,3270.66,2.0,1635.33,2547.91,1.0,0.28366386567814406,1.0,-722.75,-1.0,2025-12-28,3,19.0,5.0,12.0,4.0,2.0,23.25,0.5,0.9333333333333333,0.0,0.0,0.0,0.0,3270.66,34802.17,9.397862259738401,817.665,12_B,6060.66,0.539654097078536,0.3847842439759175,0,0,0,1
412,Seshadri Traders,Pharmacy,7,28,57,Coimbatore,B,7089.83,2.0,3544.915,10389.619999999999,2.0,-0.31760449371584326,0.0,3299.789999999999,0.0,2025-12-15,16,23.0,5.0,14.0,2.0,1.0,36.0,0.5,0.4666666666666667,195.0,0.0,212.14358974358976,0.0,7089.83,37270.72,19.022519554223795,3544.915,7_B,6107.09,1.1609178839676506,-0.09767647094292725,0,1,0,1
413,Savant General Store,Convenience,1,17,3,Delhi,B,4557.27,1.0,4557.27,8763.19,2.0,-0.47995307644818835,-0.5,4205.92,1.0,2025-12-29,2,19.0,5.0,12.0,1.0,1.0,9.0,1.0,0.23333333333333334,0.0,0.0,0.0,0.0,4557.27,42233.15,10.790741396272834,4557.27,1_B,5467.655000000001,0.8334962611942414,-0.4779058382066893,0,1,0,1
414,Mishra Supermarket,Modern Trade,6,21,80,Ahmedabad,C,0.0,0.0,0.0,1503.46,1.0,-1.0,-1.0,1503.46,1.0,2025-11-16,45,3.0,3.0,3.0,3.0,1.0,26.666666666666668,0.3333333333333333,0.7000000000000001,0.0,0.0,0.0,0.0,0.0,19997.75,0.0,0.0,6_C,1535.8200000000002,0.0,-0.49011665985164743,1,1,0,1
415,Sanghvi Traders,Supermarket,5,16,47,Delhi,C,1303.95,1.0,1303.95,3721.85,1.0,-0.6496500396308287,0.0,2417.8999999999996,0.0,2025-12-22,9,20.0,5.0,10.0,2.0,1.0,27.5,0.5,0.4666666666666667,0.0,0.0,0.0,0.0,1303.95,19875.7,6.560523654512797,651.975,5_C,1965.2,0.663520252391614,-0.20274306177669355,0,1,0,1
416,Mody General Store,General Trade,12,8,92,Patna,C,0.0,0.0,0.0,5209.389999999999,3.0,-1.0,-1.0,5209.389999999999,3.0,2025-11-22,39,21.0,5.0,12.0,0.0,0.0,0.0,0.0,0.0,0.0,0.0,0.0,0.0,0.0,17135.08,0.0,0.0,12_C,1525.54,0.0,-0.41156482455115484,1,1,0,1
417,Bhasin Retail,General Trade,12,10,46,Patna,B,6839.000000000001,3.0,2279.666666666667,8590.25,3.0,-0.20386484677395875,0.0,1751.249999999999,0.0,2025-12-27,4,20.0,5.0,9.0,1.0,1.0,32.0,1.0,0.23333333333333334,0.0,0.0,0.0,0.0,6839.000000000001,32373.36,21.125394460136363,6839.000000000001,12_B,6060.66,1.1284249570178828,-0.10274446847618532,0,1,0,1
418,Chaudhary Supermarket,Modern Trade,12,8,92,Ranchi,A,44558.299999999996,7.0,6365.471428571428,26501.11,4.0,0.681374855619255,0.75,-18057.189999999995,-3.0,2025-12-15,16,41.0,5.0,15.0,0.0,0.0,0.0,0.0,0.0,0.0,0.0,0.0,0.0,55828.97,58231.72,95.87381241701259,0.0,12_A,24540.835,1.8156798658236364,0.5516533340193175,0,0,0,0
419,Johal Mart,Supermarket,7,12,28,Kochi,C,1724.37,1.0,1724.37,0.0,0.0,,,-1724.37,-1.0,2025-12-03,28,3.0,2.0,3.0,1.0,1.0,20.0,1.0,0.23333333333333334,0.0,0.0,0.0,0.0,1724.37,16369.86,10.53381030747972,1724.37,7_C,1610.4699999999998,1.0707246952752925,,0,0,0,1
420,Kakar Traders,Pharmacy,12,8,87,Guwahati,A,55039.14,7.0,7862.734285714286,5255.11,1.0,9.473451554772403,6.0,-49784.03,-6.0,2025-12-30,1,46.0,5.0,14.0,5.0,3.0,23.0,0.6,1.1666666666666667,0.0,0.0,0.0,0.0,55039.14,72840.02,75.56167612254912,11007.828,12_A,24540.835,2.2427574285879026,9.343730033172465,0,0,0,1
421,Lalla General Store,Convenience,12,10,64,Kolkata,B,9951.67,2.0,4975.835,8879.279999999999,3.0,0.12077443216116637,-0.3333333333333333,-1072.3900000000012,1.0,2025-12-22,9,16.0,5.0,10.0,1.0,0.0,23.0,0.0,0.23333333333333334,0.0,0.0,0.0,0.0,9951.67,39744.15,25.039332832630713,9951.67,12_B,6060.66,1.6420109361026687,0.2218948104589398,0,0,0,1
422,Bumb Mart,Modern Trade,12,35,66,Bhubaneswar,C,3145.17,1.0,3145.17,3018.11,1.0,0.042099194529026426,0.0,-127.05999999999995,0.0,2025-12-07,24,17.0,5.0,11.0,0.0,0.0,0.0,0.0,0.0,0.0,0.0,0.0,0.0,3145.17,19592.05,16.053297128171888,0.0,12_C,1525.54,2.061676521100725,0.6305343699778716,0,0,0,1
423,Dugar Traders,Convenience,5,16,42,Ludhiana,C,0.0,0.0,0.0,1186.26,2.0,-1.0,-1.0,1186.26,2.0,2025-11-21,40,13.0,5.0,9.0,2.0,2.0,15.5,1.0,0.4666666666666667,0.0,0.0,0.0,0.0,0.0,16582.89,0.0,0.0,5_C,1965.2,0.0,-0.5530930221458649,1,1,0,1
424,Khatri Traders,Modern Trade,5,33,51,Chandigarh,C,4386.82,3.0,1462.2733333333333,2217.58,3.0,0.9782014628559059,0.0,-2169.24,0.0,2025-12-16,15,28.0,5.0,13.0,1.0,0.0,10.0,0.0,0.23333333333333334,0.0,0.0,0.0,0.0,4386.82,21033.67,20.856179639596895,4386.82,5_C,1965.2,2.2322511703643393,1.4251084407100412,0,0,0,1
425,Ghose Supermarket,Modern Trade,4,1,39,Guwahati,C,2530.49,1.0,2530.49,874.76,1.0,1.8927820202112577,0.0,-1655.7299999999998,0.0,2025-12-11,20,5.0,3.0,4.0,3.0,1.0,25.333333333333332,0.3333333333333333,0.7000000000000001,0.0,0.0,0.0,0.0,2530.49,16489.95,15.345649926167148,843.4966666666666,4_C,1263.49,2.0027780196123435,2.5411962765890976,0,0,0,1
426,Borde Mart,Modern Trade,3,23,88,Hyderabad,C,2873.24,1.0,2873.24,1890.45,1.0,0.5198709302018036,0.0,-982.7899999999997,0.0,2025-12-02,29,12.0,5.0,9.0,1.0,1.0,23.0,1.0,0.23333333333333334,0.0,0.0,0.0,0.0,2873.24,16259.21,17.67146128255924,2873.24,3_C,1975.87,1.454164494627683,0.8770527202903508,0,0,0,1
427,Dugar Supermarket,Pharmacy,3,18,91,Bengaluru,C,0.0,0.0,0.0,3079.7,1.0,-1.0,-1.0,3079.7,1.0,2025-11-21,40,13.0,4.0,9.0,3.0,1.0,21.0,0.3333333333333333,0.7000000000000001,0.0,0.0,0.0,0.0,0.0,18983.26,0.0,0.0,3_C,1975.87,0.0,-0.6428182099114529,1,1,0,1
428,Agate Traders,General Trade,12,8,87,Guwahati,B,0.0,0.0,0.0,0.0,0.0,,,0.0,0.0,2025-10-31,61,9.0,4.0,7.0,1.0,1.0,15.0,1.0,0.23333333333333334,0.0,0.0,0.0,0.0,0.0,34788.63,0.0,0.0,12_B,6060.66,0.0,,1,0,0,1
429,Rege Mart,Supermarket,8,14,7,Kolkata,A,21658.77,3.0,7219.59,19810.63,5.0,0.093290319389136,-0.4,-1848.1399999999994,2.0,2025-12-22,9,35.0,5.0,14.0,0.0,0.0,0.0,0.0,0.0,195.0,0.0,61.85641025641026,0.0,21658.77,59248.34,36.555910258413995,0.0,8_A,21023.8,1.0302024372377971,0.11194590128337571,0,0,0,1
430,Seshadri Supermarket,General Trade,3,18,89,Hyderabad,B,6416.43,2.0,3208.215,13702.45,4.0,-0.5317311867585723,-0.5,7286.02,2.0,2025-12-19,12,24.0,5.0,11.0,1.0,1.0,29.0,1.0,0.23333333333333334,0.0,0.0,0.0,0.0,6416.43,42183.82,15.210642374256292,6416.43,3_B,5507.8,1.1649714949707688,-0.2923802574617973,0,1,0,1
431,Singhal Supermarket,Pharmacy,12,8,87,Guwahati,C,2075.05,1.0,2075.05,0.0,0.0,,,-2075.05,-1.0,2025-12-14,17,4.0,3.0,4.0,2.0,1.0,37.5,0.5,0.4666666666666667,0.0,0.0,0.0,0.0,2075.05,16994.17,12.21036390715169,1037.525,12_C,1525.54,1.3602068775646659,,0,0,0,1
432,Manne Traders,Pharmacy,3,18,89,Bengaluru,C,0.0,0.0,0.0,3388.69,1.0,-1.0,-1.0,3388.69,1.0,2025-11-16,45,8.0,4.0,7.0,2.0,0.0,22.5,0.0,0.4666666666666667,0.0,0.0,0.0,0.0,0.0,16825.92,0.0,0.0,3_C,1975.87,0.0,-0.6428182099114529,1,1,0,1
433,Bali Retail,Modern Trade,5,22,71,Delhi,A,17052.27,3.0,5684.09,24750.510000000002,4.0,-0.31103359082297705,-0.25,7698.240000000002,1.0,2025-12-28,3,32.0,5.0,14.0,5.0,4.0,21.6,0.8,1.1666666666666667,0.0,0.0,0.0,0.0,17052.27,72246.82,23.602796635201383,3410.454,5_A,23936.755,0.7123885422230373,-0.31179256280926354,0,1,0,1
434,Kata Supermarket,Convenience,6,21,29,Ahmedabad,C,4765.73,1.0,4765.73,11011.99,4.0,-0.5672235445182933,-0.75,6246.26,3.0,2025-12-24,7,27.0,5.0,10.0,1.0,1.0,37.0,1.0,0.23333333333333334,0.0,0.0,0.0,0.0,4765.73,20761.11,22.95508284479972,4765.73,6_C,1535.8200000000002,3.1030524410412674,-0.057340204369940695,0,1,0,1
435,Mani General Store,Modern Trade,2,26,38,Surat,A,18356.920000000002,2.0,9178.460000000001,20314.91,4.0,-0.09638191850222315,-0.5,1957.989999999998,2.0,2025-12-19,12,34.0,5.0,13.0,4.0,1.0,25.5,0.25,0.9333333333333333,0.0,0.0,0.0,0.0,18356.920000000002,58528.74,31.363941885644557,4589.2300000000005,2_A,21794.730000000003,0.8422641620244894,-0.23115558088288812,0,0,0,1
436,Mandal Supermarket,Supermarket,1,17,49,Delhi,B,3310.05,1.0,3310.05,22605.43,5.0,-0.8535727920238634,-0.8,19295.38,4.0,2025-12-17,14,29.0,5.0,12.0,1.0,1.0,39.0,1.0,0.23333333333333334,0.0,0.0,0.0,0.0,4497.06,34752.57,12.940222838195853,3310.05,1_B,5467.655000000001,0.6053875015888895,-0.8515255537823644,0,1,0,1
437,Setty Mart,General Trade,4,7,1,Patna,B,5001.43,3.0,1667.1433333333334,12284.42,5.0,-0.592863969157681,-0.4,7282.99,2.0,2025-12-27,4,24.0,5.0,13.0,2.0,0.0,27.5,0.0,0.4666666666666667,0.0,0.0,0.0,0.0,5001.43,33273.68,15.031189817297037,2500.715,4_B,5210.49,0.9598770940928781,-0.40161204054672794,0,1,0,1
438,Bobal Retail,Pharmacy,10,15,100,Nashik,C,1807.88,1.0,1807.88,0.0,0.0,,,-1807.88,-1.0,2025-12-27,4,8.0,5.0,5.0,4.0,3.0,19.75,0.75,0.9333333333333333,0.0,0.0,0.0,0.0,1807.88,20743.1,8.715572889298128,451.97,10_C,1784.86,1.0128973701018569,,0,0,0,1
439,Kaur Mart,Convenience,3,18,91,Hyderabad,B,1068.89,1.0,1068.89,23625.46,6.0,-0.9547568597606142,-0.8333333333333334,22556.57,5.0,2025-12-10,21,27.0,5.0,12.0,3.0,3.0,20.333333333333332,1.0,0.7000000000000001,0.0,0.0,0.0,0.0,7940.27,39200.47,20.255547956440317,356.2966666666667,3_B,5507.8,0.19406841207015507,-0.7154059304638392,0,1,0,1
440,Lalla Retail,Modern Trade,8,36,70,Guwahati,B,1822.92,1.0,1822.92,5117.1,1.0,-0.6437591604619805,0.0,3294.1800000000003,0.0,2025-12-06,25,17.0,5.0,10.0,0.0,0.0,0.0,0.0,0.0,0.0,0.0,0.0,0.0,1822.92,43237.82,4.216031243018265,0.0,8_B,5652.47,0.3224997213607503,-0.4631508434720788,0,1,0,1
441,Hora Supermarket,Convenience,5,16,47,Chandigarh,B,0.0,0.0,0.0,7521.1900000000005,2.0,-1.0,-1.0,7521.1900000000005,2.0,2025-11-09,52,20.0,5.0,11.0,4.0,1.0,33.5,0.25,0.9333333333333333,195.0,0.0,214.54358974358973,0.0,0.0,40994.99,0.0,0.0,5_B,6391.82,0.0,-0.6472833924304291,1,1,0,1
442,Sandal Traders,Modern Trade,3,18,2,Bengaluru,C,1434.32,1.0,1434.32,0.0,0.0,,,-1434.32,-1.0,2025-12-12,19,9.0,5.0,8.0,2.0,2.0,22.0,1.0,0.4666666666666667,0.0,0.0,0.0,0.0,1434.32,17886.38,8.019062549269332,717.16,3_C,1975.87,0.7259182031206507,,0,0,0,1
443,Contractor Retail,Pharmacy,4,1,32,Kolkata,C,2435.96,1.0,2435.96,2703.2,2.0,-0.09886060964782473,-0.5,267.2399999999998,1.0,2025-12-12,19,12.0,5.0,10.0,0.0,0.0,0.0,0.0,0.0,0.0,0.0,0.0,0.0,2435.96,18624.62,13.07924671751692,0.0,4_C,1263.49,1.9279614401380303,0.5495536467300152,0,0,0,1
444,Kar General Store,Convenience,10,32,33,Nashik,C,7992.849999999999,4.0,1998.2124999999999,0.0,0.0,,,-7992.849999999999,-4.0,2025-12-25,6,13.0,4.0,9.0,3.0,2.0,29.333333333333332,0.6666666666666666,0.7000000000000001,0.0,0.0,0.0,0.0,7992.849999999999,18153.68,44.02881399253484,2664.2833333333333,10_C,1784.86,4.478138341382517,,0,0,0,1
445,Dixit Mart,Supermarket,4,1,58,Ranchi,A,11869.08,2.0,5934.54,5157.0599999999995,2.0,1.301520633849519,0.0,-6712.02,0.0,2025-12-22,9,19.0,5.0,11.0,3.0,1.0,23.0,0.3333333333333333,0.7000000000000001,0.0,0.0,0.0,0.0,11869.08,68124.65,17.422592262859332,3956.36,4_A,22237.399999999998,0.5337440528119295,1.2326203909035338,0,0,0,1
446,Lata General Store,Modern Trade,1,34,99,Ludhiana,B,4973.35,2.0,2486.675,0.0,0.0,,,-4973.35,-2.0,2025-12-29,2,17.0,5.0,12.0,1.0,0.0,39.0,0.0,0.23333333333333334,0.0,0.0,0.0,0.0,4973.35,33267.59,14.949534967817026,4973.35,1_B,5467.655000000001,0.9095946982755861,,0,0,0,1
447,Dhar Traders,General Trade,8,36,55,Kolkata,B,652.78,1.0,652.78,7768.42,1.0,-0.915970042814369,0.0,7115.64,0.0,2025-12-09,22,24.0,5.0,11.0,2.0,1.0,31.5,0.5,0.4666666666666667,0.0,0.0,0.0,0.0,652.78,35049.32,1.8624612403321947,326.39,8_B,5652.47,0.11548579647481542,-0.7353617258244673,0,1,0,1
448,Bora General Store,General Trade,12,8,92,Patna,A,17384.52,2.0,8692.26,9315.57,4.0,0.8661788811634716,-0.5,-8068.950000000001,2.0,2025-12-13,18,36.0,5.0,13.0,1.0,1.0,36.0,1.0,0.23333333333333334,0.0,0.0,0.0,0.0,17384.52,70796.51,24.555617218984384,17384.52,12_A,24540.835,0.7083915441345008,0.7364573595635341,0,0,0,1
449,Bhasin Traders,Pharmacy,6,31,74,Pune,C,3315.26,2.0,1657.63,1325.65,3.0,1.5008561837589107,-0.3333333333333333,-1989.6100000000001,1.0,2025-12-28,3,10.0,4.0,7.0,1.0,0.0,16.0,0.0,0.23333333333333334,0.0,0.0,0.0,0.0,3315.26,21059.48,15.742364008987877,3315.26,6_C,1535.8200000000002,2.158625359742678,2.0107395239072634,0,0,0,1
450,Gandhi Supermarket,General Trade,1,17,3,Lucknow,C,1427.4,1.0,1427.4,4987.06,2.0,-0.7137792607267609,-0.5,3559.6600000000003,1.0,2025-12-07,24,11.0,5.0,9.0,0.0,0.0,0.0,0.0,0.0,0.0,0.0,0.0,0.0,1427.4,16983.22,8.404766587254949,0.0,1_C,1475.75,0.9672369981365408,-0.08720693811519709,0,1,0,1
451,Mohanty Supermarket,General Trade,10,4,6,Mumbai,B,1409.2,1.0,1409.2,5819.71,2.0,-0.7578573502803405,-0.5,4410.51,1.0,2025-12-30,1,8.0,3.0,6.0,0.0,0.0,0.0,0.0,0.0,0.0,0.0,0.0,0.0,1409.2,43597.5,3.232295429783818,0.0,10_B,6269.79,0.22476031892615225,-0.582946770277691,0,1,0,1
452,Mani Traders,Pharmacy,4,13,12,Patna,C,2276.28,1.0,2276.28,0.0,0.0,,,-2276.28,-1.0,2025-12-26,5,6.0,4.0,5.0,2.0,1.0,21.0,0.5,0.4666666666666667,0.0,0.0,0.0,0.0,2276.28,20832.67,10.926491899502082,1138.14,4_C,1263.49,1.8015813342408726,,0,0,0,1
453,Sarna Traders,Convenience,10,4,21,Nashik,B,5967.4,3.0,1989.1333333333332,4977.07,1.0,0.1989785154719544,2.0,-990.3299999999999,-2.0,2025-12-21,10,16.0,5.0,10.0,2.0,2.0,27.0,1.0,0.4666666666666667,0.0,0.0,0.0,0.0,5967.4,34663.23,17.215360484294163,2983.7,10_B,6269.79,0.9517703144762424,0.37388909547460386,0,0,0,1
454,Dash General Store,Convenience,12,8,87,Patna,C,3358.41,3.0,1119.47,0.0,0.0,,,-3358.41,-3.0,2025-12-29,2,11.0,5.0,8.0,1.0,1.0,17.0,1.0,0.23333333333333334,0.0,0.0,0.0,0.0,3358.41,17764.65,18.905016423064904,3358.41,12_C,1525.54,2.20145653342423,,0,0,0,1
455,Sidhu Supermarket,Convenience,4,7,1,Guwahati,C,493.11,1.0,493.11,3406.78,1.0,-0.8552562830590763,0.0,2913.67,0.0,2025-12-23,8,15.0,5.0,10.0,0.0,0.0,0.0,0.0,0.0,0.0,0.0,0.0,0.0,493.11,21619.81,2.2808248546125056,0.0,4_C,1263.49,0.3902761398982184,-0.2068420266812364,0,1,0,1
456,Modi Supermarket,Modern Trade,7,12,28,Kochi,C,0.0,0.0,0.0,8240.18,3.0,-1.0,-1.0,8240.18,3.0,2025-12-01,30,13.0,5.0,8.0,1.0,1.0,42.0,1.0,0.23333333333333334,0.0,0.0,0.0,0.0,3141.42,19314.06,16.264938599134517,0.0,7_C,1610.4699999999998,0.0,-0.5522856147365374,0,1,0,1
457,Rau Supermarket,General Trade,4,1,25,Kolkata,A,29796.010000000002,4.0,7449.0025000000005,14780.42,5.0,1.0159109145748229,-0.2,-15015.590000000002,1.0,2025-12-29,2,31.0,5.0,13.0,5.0,5.0,27.2,1.0,1.1666666666666667,0.0,0.0,0.0,0.0,29796.010000000002,60115.23,49.56482741561498,5959.202,4_A,22237.399999999998,1.3399052946837313,0.9470106716288377,0,0,0,1
458,Magar General Store,Supermarket,4,2,60,Guwahati,A,33438.14,4.0,8359.535,0.0,0.0,,,-33438.14,-4.0,2025-12-29,2,26.0,5.0,14.0,1.0,1.0,28.0,1.0,0.23333333333333334,0.0,0.0,0.0,0.0,33438.14,69136.45,48.36542807737453,33438.14,4_A,22237.399999999998,1.5036892802216089,,0,0,0,1
459,Tella Mart,General Trade,10,32,43,Ahmedabad,A,52217.82,8.0,6527.2275,29300.510000000002,3.0,0.7821471366880643,1.6666666666666667,-22917.309999999998,-5.0,2025-12-31,0,40.0,5.0,14.0,1.0,1.0,10.0,1.0,0.23333333333333334,0.0,0.0,0.0,0.0,52217.82,66109.07,78.98737646740453,52217.82,10_A,24727.44,2.111735788257903,0.6239468360264708,0,0,0,1
460,Zacharia Supermarket,Supermarket,4,2,41,Ranchi,B,2622.89,1.0,2622.89,10557.39,5.0,-0.7515588606653728,-0.8,7934.5,4.0,2025-12-27,4,25.0,5.0,14.0,2.0,0.0,25.5,0.0,0.4666666666666667,0.0,0.0,0.0,0.0,2622.89,35198.81,7.451643961827119,1311.445,4_B,5210.49,0.503386437743859,-0.5603069320544197,0,1,0,1
461,Tak Mart,General Trade,5,16,47,Chandigarh,C,5603.1,2.0,2801.55,9014.91,4.0,-0.3784630129418929,-0.5,3411.8099999999995,2.0,2025-12-29,2,27.0,5.0,14.0,0.0,0.0,0.0,0.0,0.0,0.0,0.0,0.0,0.0,5603.1,20707.69,27.05806393663417,0.0,5_C,1965.2,2.8511601872582943,0.06844396491224225,0,1,0,1
462,Sarma Mart,Supermarket,11,9,56,Hyderabad,C,4570.75,1.0,4570.75,2093.15,2.0,1.1836705443948115,-0.5,-2477.6,1.0,2025-12-28,3,9.0,5.0,9.0,1.0,1.0,28.0,1.0,0.23333333333333334,0.0,0.0,0.0,0.0,4570.75,20825.9,21.9474308433249,4570.75,11_C,2316.54,1.9730934928816253,1.1215614783609071,0,0,0,1
463,Buch General Store,Modern Trade,10,15,100,Ahmedabad,B,0.0,0.0,0.0,11672.74,4.0,-1.0,-1.0,11672.74,4.0,2025-11-30,31,12.0,5.0,8.0,3.0,0.0,30.0,0.0,0.7000000000000001,0.0,0.0,0.0,0.0,0.0,35591.71,0.0,0.0,10_B,6269.79,0.0,-0.8250894199973505,1,1,0,1
464,Baral General Store,General Trade,12,8,18,Guwahati,A,14241.300000000001,4.0,3560.3250000000003,17369.11,4.0,-0.18007888717383905,0.0,3127.8099999999995,0.0,2025-12-27,4,34.0,5.0,14.0,5.0,3.0,24.6,0.6,1.1666666666666667,0.0,0.0,0.0,0.0,14241.300000000001,56956.6,25.003774803973556,2848.26,12_A,24540.835,0.5803103276640751,-0.30980040877377657,0,1,0,1
465,Sankaran Supermarket,Modern Trade,4,7,4,Guwahati,C,0.0,0.0,0.0,153.74,1.0,-1.0,-1.0,153.74,1.0,2025-11-07,54,2.0,2.0,2.0,3.0,1.0,31.0,0.3333333333333333,0.7000000000000001,0.0,0.0,0.0,0.0,0.0,20133.19,0.0,0.0,4_C,1263.49,0.0,-0.3515857436221601,1,1,0,1
466,Naidu Mart,Supermarket,8,36,70,Ranchi,C,3598.5600000000004,2.0,1799.2800000000002,0.0,0.0,,,-3598.5600000000004,-2.0,2025-12-24,7,4.0,3.0,4.0,1.0,0.0,35.0,0.0,0.23333333333333334,0.0,0.0,0.0,0.0,3598.5600000000004,20714.66,17.372044725812543,3598.5600000000004,8_C,1474.47,2.440578648599158,,0,0,0,1
467,Krishna Supermarket,Convenience,10,15,94,Ahmedabad,A,33575.44,4.0,8393.86,16542.3,3.0,1.029671811054086,0.3333333333333333,-17033.140000000003,-1.0,2025-12-29,2,35.0,5.0,15.0,9.0,4.0,22.555555555555557,0.4444444444444444,2.1,0.0,0.0,0.0,0.0,33575.44,56184.0,59.75978926384736,3730.6044444444447,10_A,24727.44,1.357821108857205,0.8714715103924924,0,0,0,1
468,Bal Supermarket,Modern Trade,9,11,85,Jaipur,C,501.07,1.0,501.07,0.0,0.0,,,-501.07,-1.0,2025-12-04,27,14.0,4.0,8.0,0.0,0.0,0.0,0.0,0.0,0.0,0.0,0.0,0.0,501.07,17364.98,2.8855201676016904,0.0,9_C,1106.01,0.4530429200459309,,0,0,0,1
469,Chand Mart,Pharmacy,1,17,23,Ludhiana,C,9003.84,3.0,3001.28,0.0,0.0,,,-9003.84,-3.0,2025-12-28,3,22.0,5.0,13.0,1.0,0.0,29.0,0.0,0.23333333333333334,0.0,0.0,0.0,0.0,9003.84,17454.22,51.58546185392415,9003.84,1_C,1475.75,6.101196002032864,,0,0,0,1
470,Karnik Mart,General Trade,12,10,30,Kolkata,B,10459.26,4.0,2614.815,0.0,0.0,,,-10459.26,-4.0,2025-12-18,13,11.0,4.0,8.0,1.0,0.0,28.0,0.0,0.23333333333333334,0.0,0.0,0.0,0.0,10459.26,36721.13,28.482947011706887,10459.26,12_B,6060.66,1.7257625407133876,,0,0,0,1
471,Bail General Store,General Trade,12,8,50,Ranchi,C,1180.76,2.0,590.38,849.36,1.0,0.3901761326175002,1.0,-331.4,-1.0,2025-12-30,1,18.0,5.0,12.0,0.0,0.0,0.0,0.0,0.0,0.0,0.0,0.0,0.0,1180.76,19552.33,6.03897336020822,0.0,12_C,1525.54,0.773994782175492,0.9786113080663454,0,0,0,1
472,Luthra Retail,Convenience,5,33,82,Chandigarh,C,0.0,0.0,0.0,0.0,0.0,,,0.0,0.0,2025-10-23,69,2.0,2.0,2.0,2.0,1.0,19.0,0.5,0.4666666666666667,195.0,0.0,316.79487179487177,0.0,0.0,17405.98,0.0,0.0,5_C,1965.2,0.0,,1,0,0,1
473,Baria General Store,Convenience,1,17,49,Chandigarh,C,6618.68,3.0,2206.226666666667,3946.2,2.0,0.6772287263696722,0.5,-2672.4800000000005,-1.0,2025-12-30,1,12.0,4.0,8.0,0.0,0.0,0.0,0.0,0.0,0.0,0.0,0.0,0.0,6618.68,19725.01,33.55476118896771,0.0,1_C,1475.75,4.484960189734034,1.303801048981236,0,0,0,1
474,Gill Retail,Pharmacy,3,18,67,Kochi,B,5119.62,1.0,5119.62,7502.339999999999,2.0,-0.31759690976415356,-0.5,2382.7199999999993,1.0,2025-12-17,14,10.0,5.0,9.0,1.0,1.0,16.0,1.0,0.23333333333333334,0.0,0.0,0.0,0.0,5119.62,39183.93,13.065611336075783,5119.62,3_B,5507.8,0.9295217691274192,-0.07824598046737849,0,1,0,1
475,Singhal Mart,General Trade,6,25,65,Pune,B,4683.31,1.0,4683.31,5421.93,2.0,-0.13622824344836615,-0.5,738.6199999999999,1.0,2025-12-19,12,19.0,5.0,12.0,1.0,0.0,40.0,0.0,0.23333333333333334,0.0,0.0,0.0,0.0,4683.31,41642.6,11.24643994371149,4683.31,6_B,5118.745000000001,0.914933250240049,0.1330608172732446,0,0,0,1
476,Venkataraman General Store,Modern Trade,7,28,24,Chennai,B,0.0,0.0,0.0,0.0,0.0,,,0.0,0.0,2025-09-30,92,0.0,0.0,0.0,0.0,0.0,0.0,0.0,0.0,0.0,0.0,0.0,0.0,0.0,36702.38,0.0,0.0,7_B,6107.09,0.0,,1,0,0,1
477,Sathe Supermarket,Modern Trade,4,13,62,Ranchi,B,6802.92,2.0,3401.46,3537.99,2.0,0.9228205845692047,0.0,-3264.9300000000003,0.0,2025-12-14,17,22.0,5.0,12.0,1.0,1.0,40.0,1.0,0.23333333333333334,0.0,0.0,0.0,0.0,6802.92,36652.12,18.5607817501416,6802.92,4_B,5210.49,1.3056200088667285,1.1140725131801577,0,0,0,1
478,Mall Mart,Modern Trade,10,4,6,Pune,C,0.0,0.0,0.0,3088.4,3.0,-1.0,-1.0,3088.4,3.0,2025-11-16,45,15.0,5.0,11.0,0.0,0.0,0.0,0.0,0.0,0.0,0.0,0.0,0.0,0.0,19954.22,0.0,0.0,10_C,1784.86,0.0,-0.822765303242021,1,1,0,1
479,Golla Mart,Convenience,12,8,19,Kolkata,A,39939.009999999995,5.0,7987.801999999999,14603.19,2.0,1.7349510620624666,1.5,-25335.819999999992,-3.0,2025-12-29,2,41.0,5.0,14.0,3.0,2.0,25.0,0.6666666666666666,0.7000000000000001,0.0,0.0,0.0,0.0,39939.009999999995,57932.65,68.9404161556566,13313.003333333332,12_A,24540.835,1.627451144184784,1.605229540462529,0,0,0,1
480,Sarin Retail,General Trade,5,33,82,Delhi,C,0.0,0.0,0.0,2299.73,1.0,-1.0,-1.0,2299.73,1.0,2025-11-19,42,8.0,5.0,7.0,0.0,0.0,0.0,0.0,0.0,195.0,0.0,288.7897435897436,0.0,0.0,17292.27,0.0,0.0,5_C,1965.2,0.0,-0.5530930221458649,1,1,0,1
481,Swamy Traders,Convenience,4,13,62,Bhubaneswar,B,3637.34,1.0,3637.34,7645.94,1.0,-0.524278244401604,0.0,4008.5999999999995,0.0,2025-12-03,28,10.0,5.0,8.0,0.0,0.0,0.0,0.0,0.0,0.0,0.0,0.0,0.0,3637.34,41829.45,8.695643858573327,0.0,4_B,5210.49,0.6980802189429401,-0.3330263157906509,0,1,0,1
482,Chand Retail,Pharmacy,6,21,80,Nashik,B,2505.16,2.0,1252.58,0.0,0.0,,,-2505.16,-2.0,2025-12-30,1,15.0,5.0,11.0,0.0,0.0,0.0,0.0,0.0,0.0,0.0,0.0,0.0,2505.16,33519.46,7.4737480854405165,0.0,6_B,5118.745000000001,0.48940902506376066,,0,0,0,1
483,Singhal Mart,Convenience,12,8,50,Bhubaneswar,A,32156.120000000003,4.0,8039.030000000001,18798.07,4.0,0.7106075251342294,0.0,-13358.050000000003,0.0,2025-12-24,7,39.0,5.0,15.0,3.0,2.0,28.0,0.6666666666666666,0.7000000000000001,0.0,0.0,0.0,0.0,32156.120000000003,55658.35,57.774116552143575,10718.706666666667,12_A,24540.835,1.310310753484957,0.5808860035342919,0,0,0,1
484,Pall Traders,Convenience,3,23,20,Coimbatore,A,19949.559999999998,2.0,9974.779999999999,14130.78,3.0,0.4117805245004166,-0.3333333333333333,-5818.779999999997,1.0,2025-12-21,10,26.0,5.0,12.0,0.0,0.0,0.0,0.0,0.0,0.0,0.0,0.0,0.0,19949.559999999998,65262.3,30.56827601846701,0.0,3_A,19782.739999999998,1.0084326033704127,0.3611726785279534,0,0,0,1
485,Rege Mart,Convenience,6,25,65,Mumbai,A,30388.020000000004,6.0,5064.670000000001,29322.620000000003,4.0,0.036333724612602876,0.5,-1065.4000000000015,-2.0,2025-12-26,5,34.0,5.0,14.0,0.0,0.0,0.0,0.0,0.0,195.0,0.0,66.14871794871794,0.0,30388.020000000004,65572.24,46.34281214123538,0.0,6_A,21985.86,1.38216198956966,-0.039065781157725486,0,0,0,1
486,Nath Retail,General Trade,7,20,84,Kochi,B,1419.92,1.0,1419.92,9262.19,2.0,-0.8466971634138363,-0.5,7842.27,1.0,2025-12-06,25,32.0,5.0,14.0,4.0,2.0,18.5,0.5,0.9333333333333333,195.0,0.0,204.4051282051282,0.0,1419.92,42411.78,3.3479377663469916,354.98,7_B,6107.09,0.23250353277911412,-0.6267691406409203,0,1,0,1
487,Nagi Supermarket,General Trade,1,34,99,Lucknow,B,4638.67,2.0,2319.335,2187.06,2.0,1.1209614733935056,0.0,-2451.61,0.0,2025-12-19,12,16.0,4.0,10.0,2.0,1.0,23.5,0.5,0.4666666666666667,0.0,0.0,0.0,0.0,4638.67,37590.62,12.339966725741688,2319.335,1_B,5467.655000000001,0.8483838135361502,1.1230087116350047,0,0,0,1
488,Cheema Supermarket,Pharmacy,3,18,11,Hyderabad,C,1172.42,1.0,1172.42,7407.76,2.0,-0.84173083361232,-0.5,6235.34,1.0,2025-12-09,22,16.0,5.0,10.0,2.0,1.0,27.5,0.5,0.4666666666666667,195.0,0.0,307.1179487179487,0.0,1172.42,19682.19,5.956755828492664,586.21,3_C,1975.87,0.5933689969481799,-0.4845490435237729,0,1,0,1
489,Dyal General Store,Pharmacy,6,31,74,Nashik,A,20046.1,3.0,6682.033333333333,9260.869999999999,2.0,1.1646022457933218,0.5,-10785.23,-1.0,2025-12-28,3,21.0,5.0,12.0,6.0,4.0,24.5,0.6666666666666666,1.4000000000000001,0.0,0.0,0.0,0.0,20046.1,73934.07,27.113480970275265,3341.0166666666664,6_A,21985.86,0.9117723846144749,1.0892027400229936,0,0,0,1
490,Narayan Traders,Convenience,12,19,53,Patna,A,13423.919999999998,3.0,4474.639999999999,17448.93,2.0,-0.23067374331835833,0.5,4025.010000000002,-1.0,2025-12-24,7,25.0,5.0,11.0,5.0,5.0,23.2,1.0,1.1666666666666667,0.0,0.0,0.0,0.0,13423.919999999998,71831.99,18.687941124838662,2684.7839999999997,12_A,24540.835,0.5470033925088531,-0.3603952649182959,0,1,0,1
491,Sabharwal Traders,Modern Trade,9,11,73,Chandigarh,C,0.0,0.0,0.0,6529.8,3.0,-1.0,-1.0,6529.8,3.0,2025-11-29,32,23.0,5.0,12.0,0.0,0.0,0.0,0.0,0.0,0.0,0.0,0.0,0.0,0.0,20044.53,0.0,0.0,9_C,1106.01,0.0,-0.5051035981171249,1,1,0,1
492,Tandon Traders,Supermarket,1,17,23,Chandigarh,C,3417.0,2.0,1708.5,694.47,1.0,3.9202989329992652,1.0,-2722.5299999999997,-1.0,2025-12-22,9,9.0,5.0,8.0,2.0,1.0,10.0,0.5,0.4666666666666667,0.0,0.0,0.0,0.0,3417.0,21203.96,16.114914383916968,1708.5,1_C,1475.75,2.3154328307640184,4.546871255610829,0,0,0,1
493,Mani General Store,Modern Trade,9,3,95,Jaipur,C,4795.85,2.0,2397.925,0.0,0.0,,,-4795.85,-2.0,2025-12-27,4,14.0,5.0,12.0,0.0,0.0,0.0,0.0,0.0,0.0,0.0,0.0,0.0,4795.85,16479.19,29.10246195353049,0.0,9_C,1106.01,4.336172367338452,,0,0,0,1
494,Rattan Retail,Convenience,7,20,13,Chennai,B,13192.29,5.0,2638.458,8745.71,2.0,0.5084298473194289,1.5,-4446.580000000002,-3.0,2025-12-21,10,22.0,5.0,12.0,0.0,0.0,0.0,0.0,0.0,0.0,0.0,0.0,0.0,13192.29,40554.59,32.52970872101037,0.0,7_B,6107.09,2.1601597487510418,0.7283578700923449,0,0,0,1
495,Bansal General Store,General Trade,10,4,21,Surat,C,3127.24,1.0,3127.24,5402.59,3.0,-0.42115911072282003,-0.6666666666666666,2275.3500000000004,2.0,2025-12-11,20,26.0,5.0,12.0,5.0,2.0,25.8,0.4,1.1666666666666667,0.0,0.0,0.0,0.0,3127.24,19761.08,15.825248417596608,625.448,10_C,1784.86,1.7520926011003664,-0.24392441396484105,0,1,0,1
496,Sha Mart,Supermarket,11,9,56,Bengaluru,A,21236.21,4.0,5309.0525,33969.009999999995,7.0,-0.37483576942630936,-0.42857142857142855,12732.799999999996,3.0,2025-12-29,2,40.0,5.0,15.0,4.0,3.0,25.25,0.75,0.9333333333333333,0.0,0.0,0.0,0.0,21236.21,60128.09,35.318284681918215,5309.0525,11_A,26805.28,0.7922398124548596,-1.0439689272995358,0,1,0,1
497,Chakrabarti Retail,Convenience,1,5,52,Ludhiana,C,834.47,2.0,417.235,0.0,0.0,,,-834.47,-2.0,2025-12-23,8,10.0,5.0,8.0,3.0,1.0,15.666666666666666,0.3333333333333333,0.7000000000000001,0.0,0.0,0.0,0.0,834.47,19293.0,4.325247499092935,278.1566666666667,1_C,1475.75,0.5654548534643402,,0,0,0,1
498,Murty Mart,Convenience,5,33,82,Lucknow,B,9787.83,5.0,1957.566,22450.890000000003,6.0,-0.5640337643630164,-0.16666666666666666,12663.060000000003,1.0,2025-12-18,13,34.0,5.0,14.0,1.0,0.0,40.0,0.0,0.23333333333333334,0.0,0.0,0.0,0.0,9787.83,38316.24,25.54486035164202,9787.83,5_B,6391.82,1.5313056375179528,-0.21131715679344554,0,1,0,1
499,Krishnan Supermarket,Modern Trade,12,35,66,Guwahati,C,7868.2,2.0,3934.1,696.18,1.0,10.301962136229136,1.0,-7172.0199999999995,-1.0,2025-12-16,15,11.0,4.0,8.0,2.0,1.0,25.5,0.5,0.4666666666666667,0.0,0.0,0.0,0.0,7868.2,18742.96,41.97949523447737,3934.1,12_C,1525.54,5.157649094746779,10.890397311677981,0,0,0,1
500,Naik Retail,Pharmacy,4,7,1,Bhubaneswar,A,31573.81,6.0,5262.301666666667,13946.119999999999,2.0,1.2639852518119739,2.0,-17627.690000000002,-4.0,2025-12-25,6,25.0,5.0,13.0,1.0,1.0,34.0,1.0,0.23333333333333334,0.0,0.0,0.0,0.0,31573.81,59949.97,52.66693211022457,31573.81,4_A,22237.399999999998,1.4198516912948458,1.1950850088659886,0,0,0,1
501,D’Alia General Store,General Trade,4,7,26,Guwahati,A,14989.960000000001,3.0,4996.653333333334,14094.359999999999,3.0,0.06354314775555628,0.0,-895.6000000000022,0.0,2025-12-23,8,31.0,5.0,13.0,0.0,0.0,0.0,0.0,0.0,0.0,0.0,0.0,0.0,14989.960000000001,59070.08,25.37656966098573,0.0,4_A,22237.399999999998,0.6740877980339429,-0.005357095190428929,0,0,0,1
502,Raval Retail,Modern Trade,2,26,75,Ahmedabad,B,14337.560000000001,3.0,4779.186666666667,11929.869999999999,3.0,0.20182030483148622,0.0,-2407.6900000000023,0.0,2025-12-26,5,31.0,5.0,13.0,0.0,0.0,0.0,0.0,0.0,0.0,0.0,0.0,0.0,17393.47,38949.23,44.6567749863091,0.0,2_B,7635.110000000001,1.8778458987493305,0.02605265915088223,0,0,0,1
503,Varkey Traders,Convenience,6,31,74,Mumbai,B,7447.17,1.0,7447.17,4482.89,1.0,0.6612430820296727,0.0,-2964.2799999999997,0.0,2025-12-05,26,12.0,4.0,7.0,4.0,1.0,22.0,0.25,0.9333333333333333,0.0,0.0,0.0,0.0,7447.17,40790.93,18.25692623335629,1861.7925,6_B,5118.745000000001,1.4548820072107516,0.9305321427512835,0,0,0,1
504,Agarwal Retail,Convenience,7,20,44,Bengaluru,C,3431.55,3.0,1143.8500000000001,5896.61,3.0,-0.41804697953569925,0.0,2465.0599999999995,0.0,2025-12-29,2,17.0,5.0,11.0,4.0,3.0,18.0,0.75,0.9333333333333333,0.0,0.0,0.0,0.0,3431.55,18751.22,18.300409253371246,857.8875,7_C,1610.4699999999998,2.130775487901048,0.029667405727763385,0,1,0,1
505,Shere Mart,Supermarket,1,17,49,Ludhiana,B,18464.06,5.0,3692.8120000000004,18514.61,5.0,-0.00273027625210573,0.0,50.54999999999927,0.0,2025-12-31,0,30.0,5.0,14.0,3.0,0.0,21.666666666666668,0.0,0.7000000000000001,0.0,0.0,0.0,0.0,18464.06,43240.54,42.70080808426537,6154.686666666667,1_B,5467.655000000001,3.376961421304014,-0.000683038010606696,0,0,0,1
506,Sachdev Retail,General Trade,8,36,76,Kolkata,B,14324.76,5.0,2864.952,2838.66,2.0,4.046310583162478,1.5,-11486.1,-3.0,2025-12-30,1,18.0,5.0,11.0,1.0,0.0,15.0,0.0,0.23333333333333334,0.0,0.0,0.0,0.0,14324.76,33696.08,42.51165120690597,14324.76,8_B,5652.47,2.534247859785191,4.22691890015238,0,0,0,1
507,Bhagat Traders,Supermarket,12,8,87,Bhubaneswar,C,0.0,0.0,0.0,0.0,0.0,,,0.0,0.0,2025-10-19,73,6.0,4.0,5.0,3.0,0.0,28.0,0.0,0.7000000000000001,0.0,0.0,0.0,0.0,0.0,16169.65,0.0,0.0,12_C,1525.54,0.0,,1,0,0,1
508,Guha Retail,General Trade,4,1,32,Patna,A,29763.9,4.0,7440.975,24708.64,4.0,0.20459482998659587,0.0,-5055.260000000002,0.0,2025-12-22,9,31.0,5.0,13.0,3.0,3.0,24.333333333333332,1.0,0.7000000000000001,0.0,0.0,0.0,0.0,29763.9,60199.21,49.442343180251044,9921.300000000001,4_A,22237.399999999998,1.338461330910988,0.13569458704061066,0,0,0,1
509,Vasa Retail,Modern Trade,12,10,46,Bhubaneswar,C,2620.22,1.0,2620.22,499.3,1.0,4.247786901662327,0.0,-2120.9199999999996,0.0,2025-12-28,3,8.0,5.0,7.0,1.0,1.0,26.0,1.0,0.23333333333333334,0.0,0.0,0.0,0.0,2620.22,17758.48,14.75475378523387,2620.22,12_C,1525.54,1.7175688608623831,4.836222077111172,0,0,0,1
510,Pathak Mart,Supermarket,12,10,64,Bhubaneswar,B,5677.55,2.0,2838.775,8417.26,2.0,-0.32548715377688225,0.0,2739.71,0.0,2025-12-15,16,19.0,5.0,12.0,4.0,2.0,28.25,0.5,0.9333333333333333,0.0,0.0,0.0,0.0,5677.55,37584.86,15.105949576505006,1419.3875,12_B,6060.66,0.936787412592028,-0.22436677547910883,0,1,0,1
511,Tara General Store,General Trade,6,21,80,Ahmedabad,A,11050.439999999999,2.0,5525.219999999999,47407.02,6.0,-0.7669028764094432,-0.6666666666666666,36356.58,4.0,2025-12-28,3,41.0,5.0,14.0,1.0,1.0,26.0,1.0,0.23333333333333334,0.0,0.0,0.0,0.0,11050.439999999999,66421.79,16.636769349335513,11050.439999999999,6_A,21985.86,0.5026157721371827,-0.8423023821797716,0,1,0,1
512,Sathe Supermarket,General Trade,12,10,64,Guwahati,A,37799.78,7.0,5399.9685714285715,18876.38,4.0,1.0024909437084863,0.75,-18923.399999999998,-3.0,2025-12-31,0,48.0,5.0,14.0,1.0,1.0,41.0,1.0,0.23333333333333334,195.0,0.0,55.13846153846154,0.0,37799.78,62821.17,60.17044891077323,37799.78,12_A,24540.835,1.5402809236116048,0.8727694221085488,0,0,0,1
513,Behl Traders,Modern Trade,12,10,64,Guwahati,C,1707.39,1.0,1707.39,1232.24,1.0,0.385598584691294,0.0,-475.1500000000001,0.0,2025-12-04,27,5.0,3.0,4.0,1.0,0.0,24.0,0.0,0.23333333333333334,0.0,0.0,0.0,0.0,1707.39,20235.88,8.437438846247359,1707.39,12_C,1525.54,1.1192036918074912,0.9740337601401392,0,0,0,1
514,Jani Mart,General Trade,5,33,51,Jaipur,C,2908.67,1.0,2908.67,0.0,0.0,,,-2908.67,-1.0,2025-12-16,15,8.0,5.0,8.0,0.0,0.0,0.0,0.0,0.0,0.0,0.0,0.0,0.0,2908.67,16297.04,17.847842307560146,0.0,5_C,1965.2,1.480088540606554,,0,0,0,1
515,Loke Mart,Pharmacy,6,25,5,Nashik,B,20467.76,6.0,3411.293333333333,9634.99,2.0,1.1243156453717127,2.0,-10832.769999999999,-4.0,2025-12-28,3,38.0,5.0,12.0,2.0,1.0,40.0,0.5,0.4666666666666667,195.0,0.0,207.0871794871795,0.0,20467.76,36777.24,55.653333420343664,10233.88,6_B,5118.745000000001,3.998589498011719,1.3936047060933234,0,0,0,1
516,Deep Mart,Pharmacy,4,2,41,Kolkata,A,18816.989999999998,4.0,4704.2474999999995,40658.58,8.0,-0.5371951012553808,-0.5,21841.590000000004,4.0,2025-12-29,2,56.0,5.0,15.0,3.0,2.0,29.333333333333332,0.6666666666666666,0.7000000000000001,0.0,0.0,0.0,0.0,18816.989999999998,62563.35,30.076698258645035,6272.329999999999,4_A,22237.399999999998,0.846186604549093,-0.606095344201366,0,1,0,1
517,Mani Mart,Supermarket,8,14,34,Bhubaneswar,B,0.0,0.0,0.0,9550.68,3.0,-1.0,-1.0,9550.68,3.0,2025-11-25,36,11.0,5.0,8.0,1.0,0.0,29.0,0.0,0.23333333333333334,0.0,0.0,0.0,0.0,0.0,35632.17,0.0,0.0,8_B,5652.47,0.0,-0.8193916830100983,1,1,0,1
518,Sarma Traders,Supermarket,7,28,24,Kochi,B,21504.690000000002,4.0,5376.172500000001,5604.31,4.0,2.8371699638314083,0.0,-15900.380000000001,0.0,2025-12-18,13,34.0,5.0,14.0,2.0,1.0,30.0,0.5,0.4666666666666667,0.0,0.0,0.0,0.0,21504.690000000002,42777.48,50.271053834868255,10752.345000000001,7_B,6107.09,3.521266265930255,3.057097986604324,0,0,0,1
519,Sundaram Supermarket,Modern Trade,7,28,24,Coimbatore,A,16444.1,3.0,5481.366666666666,37674.81,6.0,-0.563525336955913,-0.5,21230.71,3.0,2025-12-27,4,33.0,5.0,13.0,3.0,3.0,35.333333333333336,1.0,0.7000000000000001,0.0,0.0,0.0,0.0,16444.1,57929.35,28.386474213848416,5481.366666666666,7_A,22880.32,0.718700612578845,-0.5595390211742706,0,1,0,1
520,Dara Mart,Modern Trade,6,21,72,Surat,C,0.0,0.0,0.0,114.81,1.0,-1.0,-1.0,114.81,1.0,2025-11-05,56,7.0,5.0,5.0,1.0,1.0,25.0,1.0,0.23333333333333334,0.0,0.0,0.0,0.0,0.0,16167.43,0.0,0.0,6_C,1535.8200000000002,0.0,-0.49011665985164743,1,1,0,1
521,Balakrishnan Mart,Convenience,3,18,2,Chennai,B,3762.9700000000003,2.0,1881.4850000000001,13358.150000000001,6.0,-0.7183015612191808,-0.6666666666666666,9595.18,4.0,2025-12-09,22,37.0,5.0,13.0,2.0,0.0,20.0,0.0,0.4666666666666667,0.0,0.0,0.0,0.0,3762.9700000000003,38609.98,9.74610709459057,1881.4850000000001,3_B,5507.8,0.6832074512509532,-0.4789506319224057,0,1,0,1
522,Khatri Supermarket,General Trade,4,1,39,Patna,C,0.0,0.0,0.0,2649.18,2.0,-1.0,-1.0,2649.18,2.0,2025-11-11,50,7.0,4.0,6.0,1.0,1.0,40.0,1.0,0.23333333333333334,0.0,0.0,0.0,0.0,0.0,19114.74,0.0,0.0,4_C,1263.49,0.0,-0.3515857436221601,1,1,0,1
523,Dutt General Store,Pharmacy,7,12,28,Hyderabad,B,11586.93,5.0,2317.386,12092.869999999999,2.0,-0.04183787636847156,1.5,505.9399999999987,-3.0,2025-12-31,0,36.0,5.0,15.0,0.0,0.0,0.0,0.0,0.0,0.0,0.0,0.0,0.0,11586.93,37321.84,31.045977368747096,0.0,7_B,6107.09,1.8972915087218298,0.17809014640444445,0,0,0,1
524,Mukhopadhyay Retail,Supermarket,6,21,72,Nashik,C,3285.36,1.0,3285.36,3613.0899999999997,3.0,-0.09070629295146249,-0.6666666666666666,327.72999999999956,2.0,2025-12-31,0,9.0,4.0,6.0,2.0,0.0,41.0,0.0,0.4666666666666667,0.0,0.0,0.0,0.0,3285.36,16933.03,19.402079840406593,1642.68,6_C,1535.8200000000002,2.1391569324530217,0.4191770471968901,0,0,0,1
525,Atwal Supermarket,Modern Trade,12,35,78,Bhubaneswar,C,0.0,0.0,0.0,3576.3,1.0,-1.0,-1.0,3576.3,1.0,2025-11-03,58,10.0,5.0,8.0,0.0,0.0,0.0,0.0,0.0,0.0,0.0,0.0,0.0,0.0,20620.42,0.0,0.0,12_C,1525.54,0.0,-0.41156482455115484,1,1,0,1
526,Reddy Traders,General Trade,12,8,87,Guwahati,B,9215.5,2.0,4607.75,0.0,0.0,,,-9215.5,-2.0,2025-12-10,21,13.0,5.0,10.0,1.0,0.0,35.0,0.0,0.23333333333333334,0.0,0.0,0.0,0.0,9215.5,37438.22,24.615219420154055,9215.5,12_B,6060.66,1.5205439671586922,,0,0,0,1
527,Chander Retail,Pharmacy,12,8,19,Bhubaneswar,C,0.0,0.0,0.0,2165.0299999999997,2.0,-1.0,-1.0,2165.0299999999997,2.0,2025-11-27,34,6.0,3.0,4.0,0.0,0.0,0.0,0.0,0.0,195.0,0.0,289.9948717948718,0.0,0.0,21532.84,0.0,0.0,12_C,1525.54,0.0,-0.41156482455115484,1,1,0,1
528,Kar Retail,Supermarket,3,18,11,Chennai,B,25469.02,6.0,4244.836666666667,2219.69,2.0,10.474133775437112,2.0,-23249.33,-4.0,2025-12-30,1,33.0,5.0,13.0,0.0,0.0,0.0,0.0,0.0,195.0,0.0,211.47179487179488,0.0,25469.02,37370.2,68.15328791389932,0.0,3_B,5507.8,4.6241729910309015,10.713484704733887,0,0,0,1
529,Comar Traders,Supermarket,3,18,83,Kochi,B,6520.8099999999995,3.0,2173.603333333333,8340.19,2.0,-0.21814610938120127,0.5,1819.380000000001,-1.0,2025-12-08,23,17.0,5.0,11.0,0.0,0.0,0.0,0.0,0.0,0.0,0.0,0.0,0.0,6520.8099999999995,33071.91,19.71706502587845,0.0,3_B,5507.8,1.183922800392171,0.021204819915573797,0,1,0,1
530,Shenoy General Store,Modern Trade,12,19,53,Bhubaneswar,A,47282.25,7.0,6754.607142857143,48649.64,8.0,-0.028106888355186172,-0.125,1367.3899999999994,1.0,2025-12-27,4,54.0,5.0,15.0,5.0,3.0,28.8,0.6,1.1666666666666667,0.0,0.0,0.0,0.0,57603.04,65614.96,87.78949190855255,9456.45,12_A,24540.835,1.926676496541377,-0.15782840995512373,0,0,0,0
531,Dalal General Store,General Trade,1,34,27,Jaipur,B,2733.34,1.0,2733.34,828.59,1.0,2.2987846824122906,0.0,-1904.75,0.0,2025-12-24,7,9.0,5.0,8.0,0.0,0.0,0.0,0.0,0.0,0.0,0.0,0.0,0.0,2733.34,42821.41,6.383115362151784,0.0,1_B,5467.655000000001,0.4999108392903356,2.3008319206537897,0,0,0,1
532,Dube General Store,General Trade,4,7,4,Ranchi,B,333.54,1.0,333.54,0.0,0.0,,,-333.54,-1.0,2025-12-16,15,1.0,1.0,1.0,1.0,0.0,15.0,0.0,0.23333333333333334,0.0,0.0,0.0,0.0,333.54,42953.64,0.7765116064668792,333.54,4_B,5210.49,0.06401317342514812,,0,0,0,1
533,Tara Retail,Pharmacy,12,8,50,Patna,B,15890.57,4.0,3972.6425,3346.63,2.0,3.748230309296217,1.0,-12543.939999999999,-2.0,2025-12-20,11,16.0,5.0,11.0,4.0,3.0,28.25,0.75,0.9333333333333333,195.0,0.0,225.71794871794873,0.0,15890.57,35934.64,44.22075746410706,3972.6425,12_B,6060.66,2.621920714905637,3.8493506875939905,0,0,0,1
534,Manne Retail,Pharmacy,4,7,4,Kolkata,C,6037.57,2.0,3018.785,0.0,0.0,,,-6037.57,-2.0,2025-12-15,16,16.0,5.0,12.0,5.0,3.0,28.2,0.6,1.1666666666666667,0.0,0.0,0.0,0.0,6037.57,20386.45,29.615602520301472,1207.514,4_C,1263.49,4.778486572905207,,0,0,0,1
535,Upadhyay Supermarket,Modern Trade,5,22,71,Lucknow,A,13351.29,2.0,6675.645,41719.61,5.0,-0.6799756757074191,-0.6,28368.32,3.0,2025-12-15,16,37.0,5.0,14.0,3.0,2.0,26.0,0.6666666666666666,0.7000000000000001,0.0,0.0,0.0,0.0,13351.29,70170.85,19.026832367001397,4450.43,5_A,23936.755,0.5577735996378791,-0.6807346476937056,0,1,0,1
536,Mahajan Supermarket,Supermarket,9,11,73,Lucknow,B,931.34,2.0,465.67,5982.38,1.0,-0.8443194848872856,1.0,5051.04,-1.0,2025-12-28,3,19.0,5.0,8.0,1.0,0.0,29.0,0.0,0.23333333333333334,0.0,0.0,0.0,0.0,931.34,37569.23,2.4789967747542336,931.34,9_B,5894.43,0.15800340321286366,-0.6691732094829177,0,1,0,1
537,Sagar Traders,Supermarket,4,13,12,Ranchi,B,8285.86,3.0,2761.9533333333334,6272.46,3.0,0.32099048858023815,0.0,-2013.4000000000005,0.0,2025-12-29,2,26.0,5.0,14.0,1.0,1.0,22.0,1.0,0.23333333333333334,0.0,0.0,0.0,0.0,8285.86,39901.16,20.76596269381642,8285.86,4_B,5210.49,1.5902266389533424,0.5122424171911912,0,0,0,1
538,Subramanian Traders,Convenience,6,31,98,Pune,B,161.18,1.0,161.18,4750.84,1.0,-0.9660733680780661,0.0,4589.66,0.0,2025-12-05,26,20.0,5.0,10.0,2.0,2.0,33.0,1.0,0.4666666666666667,0.0,0.0,0.0,0.0,161.18,40205.99,0.40088553969197127,80.59,6_B,5118.745000000001,0.031488187045848146,-0.6967843073564554,0,1,0,1
539,Sodhi Retail,Convenience,4,1,39,Kolkata,C,3226.88,2.0,1613.44,5230.12,2.0,-0.3830198924690064,0.0,2003.2399999999998,0.0,2025-12-22,9,18.0,5.0,13.0,1.0,1.0,32.0,1.0,0.23333333333333334,0.0,0.0,0.0,0.0,3226.88,18354.19,17.581162666399337,3226.88,4_C,1263.49,2.5539418594527854,0.2653943639088335,0,1,0,1
540,Kohli Traders,Pharmacy,4,1,25,Ranchi,C,0.0,0.0,0.0,0.0,0.0,,,0.0,0.0,2025-10-22,70,4.0,4.0,4.0,0.0,0.0,0.0,0.0,0.0,0.0,0.0,0.0,0.0,0.0,19283.67,0.0,0.0,4_C,1263.49,0.0,,1,0,0,1
541,Shan General Store,Pharmacy,12,8,50,Ranchi,B,18419.38,5.0,3683.876,6060.8,1.0,2.0391004487856392,4.0,-12358.580000000002,-4.0,2025-12-29,2,25.0,5.0,11.0,2.0,0.0,17.5,0.0,0.4666666666666667,0.0,0.0,0.0,0.0,18419.38,36889.21,49.931619571142896,9209.69,12_B,6060.66,3.039170651381203,2.1402208270834127,0,0,0,1
542,Dhillon Supermarket,Supermarket,3,18,89,Hyderabad,B,21854.7,5.0,4370.9400000000005,2216.5299999999997,2.0,8.859871059719474,1.5,-19638.170000000002,-3.0,2025-12-24,7,35.0,5.0,15.0,2.0,0.0,17.5,0.0,0.4666666666666667,0.0,0.0,0.0,0.0,21854.7,37652.44,58.04325031790768,10927.35,3_B,5507.8,3.9679545372017864,9.099221989016248,0,0,0,1
543,Rajagopal Traders,Convenience,12,8,18,Patna,A,24178.2,5.0,4835.64,40822.55,6.0,-0.407724407221009,-0.16666666666666666,16644.350000000002,1.0,2025-12-28,3,48.0,5.0,15.0,2.0,1.0,25.5,0.5,0.4666666666666667,0.0,0.0,0.0,0.0,24178.2,56875.08,42.511061083342646,12089.1,12_A,24540.835,0.9852232004330742,-0.5374459288209466,0,1,0,1
544,Halder General Store,Convenience,4,1,25,Patna,A,24731.35,3.0,8243.783333333333,26434.79,6.0,-0.06443932408768907,-0.5,1703.4400000000023,3.0,2025-12-18,13,40.0,5.0,13.0,3.0,1.0,25.333333333333332,0.3333333333333333,0.7000000000000001,0.0,0.0,0.0,0.0,24731.35,65903.03,37.526878506193114,8243.783333333333,4_A,22237.399999999998,1.1121511507640283,-0.13333956703367428,0,0,0,1
545,Trivedi General Store,Modern Trade,9,3,35,Jaipur,C,3389.39,1.0,3389.39,0.0,0.0,,,-3389.39,-1.0,2025-12-11,20,4.0,4.0,4.0,1.0,1.0,33.0,1.0,0.23333333333333334,0.0,0.0,0.0,0.0,3389.39,16867.81,20.09383553644486,3389.39,9_C,1106.01,3.0645202122946444,,0,0,0,1
546,Deshpande Traders,Supermarket,7,20,44,Kochi,B,3439.69,2.0,1719.845,11702.9,4.0,-0.7060822531167488,-0.5,8263.21,2.0,2025-12-23,8,24.0,5.0,12.0,3.0,2.0,21.0,0.6666666666666666,0.7000000000000001,0.0,0.0,0.0,0.0,3439.69,38096.29,9.028936938478786,1146.5633333333333,7_B,6107.09,0.5632289682975034,-0.48615423034383276,0,1,0,1
547,Boase Traders,General Trade,3,18,11,Chennai,A,2258.6,1.0,2258.6,41641.45,6.0,-0.9457607744206794,-0.8333333333333334,39382.85,5.0,2025-12-18,13,40.0,5.0,15.0,0.0,0.0,0.0,0.0,0.0,0.0,0.0,0.0,0.0,2258.6,59942.47,3.7679461657152262,0.0,3_A,19782.739999999998,0.11417023122176201,-0.9963686203931426,0,1,0,1
548,Majumdar Mart,Pharmacy,1,17,49,Delhi,A,6187.98,1.0,6187.98,30533.09,7.0,-0.7973352844405857,-0.8571428571428571,24345.11,6.0,2025-12-05,26,29.0,5.0,14.0,3.0,2.0,25.0,0.6666666666666666,0.7000000000000001,0.0,0.0,0.0,0.0,6187.98,56433.17,10.965146916255103,2062.66,1_A,22934.37,0.269812512835539,-0.8856677586430471,0,1,0,1
549,Sachdeva General Store,Convenience,4,7,26,Ranchi,C,4462.53,4.0,1115.6325,0.0,0.0,,,-4462.53,-4.0,2025-12-29,2,17.0,5.0,10.0,2.0,1.0,18.5,0.5,0.4666666666666667,0.0,0.0,0.0,0.0,4462.53,20680.59,21.57834955385702,2231.265,4_C,1263.49,3.5319076526130004,,0,0,0,1
550,Oak Mart,General Trade,3,23,88,Hyderabad,C,0.0,0.0,0.0,2234.07,1.0,-1.0,-1.0,2234.07,1.0,2025-11-12,49,14.0,5.0,9.0,1.0,1.0,31.0,1.0,0.23333333333333334,0.0,0.0,0.0,0.0,0.0,18230.68,0.0,0.0,3_C,1975.87,0.0,-0.6428182099114529,1,1,0,1
551,Tripathi Mart,Supermarket,10,32,33,Surat,C,0.0,0.0,0.0,1169.64,1.0,-1.0,-1.0,1169.64,1.0,2025-11-08,53,3.0,3.0,3.0,5.0,4.0,19.6,0.8,1.1666666666666667,0.0,0.0,0.0,0.0,0.0,18910.74,0.0,0.0,10_C,1784.86,0.0,-0.822765303242021,1,1,0,1
552,Loke Retail,General Trade,12,8,15,Bhubaneswar,C,1820.13,1.0,1820.13,1869.6,1.0,-0.026460205391527495,0.0,49.4699999999998,0.0,2025-12-26,5,9.0,4.0,6.0,6.0,1.0,31.166666666666668,0.16666666666666666,1.4000000000000001,0.0,0.0,0.0,0.0,1820.13,18520.28,9.827767182785575,303.355,12_C,1525.54,1.1931053921889954,0.5619749700573177,0,0,0,1
553,Agate General Store,Convenience,5,33,51,Jaipur,A,0.0,0.0,0.0,27905.91,4.0,-1.0,-1.0,27905.91,4.0,2025-11-09,52,23.0,5.0,12.0,3.0,1.0,25.0,0.3333333333333333,0.7000000000000001,0.0,0.0,0.0,0.0,0.0,62441.97,0.0,0.0,5_A,23936.755,0.0,-1.0007589719862864,1,1,0,1
554,Mandal Mart,Modern Trade,3,23,20,Hyderabad,C,4383.7,1.0,4383.7,2505.25,1.0,0.7498054086418521,0.0,-1878.4499999999998,0.0,2025-12-29,2,18.0,5.0,10.0,1.0,1.0,21.0,1.0,0.23333333333333334,195.0,0.0,306.1589743589744,0.0,4383.7,18362.51,23.873097958830247,4383.7,3_C,1975.87,2.2186176216046603,1.1069871987303992,0,0,0,1
555,Misra Mart,Convenience,6,31,98,Mumbai,A,28831.629999999997,5.0,5766.325999999999,11341.5,4.0,1.542135519992946,0.25,-17490.129999999997,-1.0,2025-12-27,4,26.0,5.0,11.0,4.0,3.0,25.5,0.75,0.9333333333333333,0.0,0.0,0.0,0.0,28831.629999999997,69925.14,41.23213768324239,7207.907499999999,6_A,21985.86,1.3113714905853124,1.4667360142226178,0,0,0,1
556,Suri Retail,Pharmacy,4,2,41,Guwahati,C,5354.280000000001,2.0,2677.1400000000003,0.0,0.0,,,-5354.280000000001,-2.0,2025-12-30,1,18.0,5.0,12.0,3.0,2.0,22.666666666666668,0.6666666666666666,0.7000000000000001,0.0,0.0,0.0,0.0,5354.280000000001,19018.71,28.152698053653484,1784.7600000000002,4_C,1263.49,4.237690840449866,,0,0,0,1
557,Dixit General Store,Pharmacy,12,10,46,Bhubaneswar,B,5767.26,2.0,2883.63,9779.82,4.0,-0.4102897599342319,-0.5,4012.5599999999995,2.0,2025-12-19,12,27.0,5.0,12.0,0.0,0.0,0.0,0.0,0.0,0.0,0.0,0.0,0.0,11105.630000000001,37362.6,29.723921782745315,0.0,12_B,6060.66,0.9515894308540654,-0.30916938163645846,0,1,0,1
558,Sekhon Mart,Convenience,5,33,90,Lucknow,A,21229.329999999998,5.0,4245.866,23627.7,4.0,-0.1015067061118942,0.25,2398.3700000000026,-1.0,2025-12-26,5,41.0,5.0,14.0,3.0,2.0,26.666666666666668,0.6666666666666666,0.7000000000000001,0.0,0.0,0.0,0.0,21229.329999999998,59094.15,35.92458813605069,7076.443333333333,5_A,23936.755,0.8868925633403524,-0.1022656780981807,0,0,0,1
559,Yohannan Supermarket,Modern Trade,1,17,77,Ludhiana,A,45958.58,6.0,7659.763333333333,29236.25,4.0,0.5719724656889992,0.5,-16722.33,-2.0,2025-12-29,2,40.0,5.0,15.0,0.0,0.0,0.0,0.0,0.0,0.0,0.0,0.0,0.0,45958.58,74246.8,61.89974517420279,0.0,1_A,22934.37,2.003917264786432,0.4836399914865377,0,0,0,1
560,Sule Supermarket,Pharmacy,5,16,47,Lucknow,A,29695.81,6.0,4949.301666666667,26341.29,5.0,0.12734835689520144,0.2,-3354.5200000000004,-1.0,2025-12-30,1,38.0,5.0,13.0,4.0,3.0,21.5,0.75,0.9333333333333333,0.0,0.0,0.0,0.0,29695.81,69255.68,42.878519133737484,7423.9525,5_A,23936.755,1.2405946420055685,0.12658938490891494,0,0,0,1
561,Pai General Store,Convenience,5,16,47,Ludhiana,B,18738.45,7.0,2676.921428571429,0.0,0.0,,,-18738.45,-7.0,2025-12-30,1,22.0,5.0,11.0,2.0,2.0,35.0,1.0,0.4666666666666667,0.0,0.0,0.0,0.0,18738.45,35466.5,52.83422384503687,9369.225,5_B,6391.82,2.9316298018404776,,0,0,0,1
562,Natarajan Retail,Supermarket,12,10,64,Guwahati,A,26621.73,5.0,5324.346,13050.79,2.0,1.0398558248198,1.5,-13570.939999999999,-3.0,2025-12-18,13,35.0,5.0,14.0,1.0,1.0,29.0,1.0,0.23333333333333334,0.0,0.0,0.0,0.0,26621.73,74693.9,35.64110322261925,26621.73,12_A,24540.835,1.084793162090858,0.9101343032198624,0,0,0,1
563,Purohit Mart,Modern Trade,3,18,67,Bengaluru,A,18299.36,3.0,6099.786666666667,6174.17,2.0,1.9638574901565717,0.5,-12125.19,-1.0,2025-12-21,10,36.0,5.0,13.0,2.0,1.0,25.0,0.5,0.4666666666666667,195.0,0.0,67.18974358974359,0.0,18299.36,67692.98,27.032876968926473,9149.68,3_A,19782.739999999998,0.9250164537369445,1.9132496441841085,0,0,0,1
564,Shah Traders,Pharmacy,4,1,25,Kolkata,A,33474.05,5.0,6694.81,16216.39,6.0,1.0642109618725255,-0.16666666666666666,-17257.660000000003,1.0,2025-12-14,17,47.0,5.0,15.0,0.0,0.0,0.0,0.0,0.0,0.0,0.0,0.0,0.0,38210.67,65526.65,58.31317486854585,0.0,4_A,22237.399999999998,1.5053041272810672,0.9953107189265403,0,0,0,1
565,Nagy General Store,General Trade,8,14,7,Patna,B,15729.630000000001,4.0,3932.4075000000003,7542.73,2.0,1.085402765311764,1.0,-8186.9000000000015,-2.0,2025-12-23,8,37.0,5.0,14.0,7.0,3.0,22.428571428571427,0.42857142857142855,1.6333333333333333,195.0,0.0,204.96923076923076,0.0,15729.630000000001,40713.35,38.635066876098385,2247.09,8_B,5652.47,2.782788763142485,1.2660110823016657,0,0,0,1
566,Gulati General Store,Supermarket,3,18,11,Kochi,C,1513.8,2.0,756.9,0.0,0.0,,,-1513.8,-2.0,2025-12-30,1,9.0,4.0,7.0,5.0,2.0,21.6,0.4,1.1666666666666667,0.0,0.0,0.0,0.0,1513.8,16367.25,9.248957521880584,302.76,3_C,1975.87,0.7661435215879587,,0,0,0,1
567,Khare Retail,Convenience,4,13,48,Kolkata,C,4668.01,1.0,4668.01,370.54,1.0,11.597857181410914,0.0,-4297.47,0.0,2025-12-17,14,5.0,3.0,3.0,2.0,1.0,40.5,0.5,0.4666666666666667,0.0,0.0,0.0,0.0,4668.01,20732.78,22.515118570688543,2334.005,4_C,1263.49,3.6945365614290577,12.246271437788755,0,0,0,1
568,Rajagopal General Store,General Trade,6,21,10,Pune,C,4632.629999999999,2.0,2316.3149999999996,2479.71,2.0,0.8682144283000831,0.0,-2152.919999999999,0.0,2025-12-21,10,14.0,5.0,9.0,0.0,0.0,0.0,0.0,0.0,0.0,0.0,0.0,0.0,5294.09,16194.4,32.69086844835252,0.0,6_C,1535.8200000000002,3.0163886392936665,1.3780977684484357,0,0,0,1
569,Kaur Supermarket,Modern Trade,4,1,25,Guwahati,C,0.0,0.0,0.0,9585.05,4.0,-1.0,-1.0,9585.05,4.0,2025-12-01,30,24.0,5.0,12.0,4.0,3.0,23.25,0.75,0.9333333333333333,0.0,0.0,0.0,0.0,2238.79,21520.02,10.403289588020828,0.0,4_C,1263.49,0.0,-0.3515857436221601,0,1,0,1
570,Roy Traders,Pharmacy,1,34,99,Ludhiana,B,78.67,1.0,78.67,5084.42,2.0,-0.9845272420453071,-0.5,5005.75,1.0,2025-12-11,20,10.0,4.0,7.0,3.0,2.0,33.333333333333336,0.6666666666666666,0.7000000000000001,0.0,0.0,0.0,0.0,78.67,35344.2,0.22258248878175205,26.223333333333333,1_B,5467.655000000001,0.014388252367788384,-0.9824800038038081,0,1,0,1
571,Bassi Mart,Convenience,5,22,71,Lucknow,B,2462.4,1.0,2462.4,11274.43,5.0,-0.7815942801542961,-0.8,8812.03,4.0,2025-12-05,26,26.0,5.0,15.0,1.0,1.0,23.0,1.0,0.23333333333333334,0.0,0.0,0.0,0.0,2462.4,42455.75,5.799921094315847,2462.4,5_B,6391.82,0.38524238792706933,-0.4288776725847252,0,1,0,1
572,Nadkarni Retail,Supermarket,4,2,41,Guwahati,C,4825.18,2.0,2412.59,0.0,0.0,,,-4825.18,-2.0,2025-12-25,6,16.0,5.0,11.0,1.0,1.0,24.0,1.0,0.23333333333333334,0.0,0.0,0.0,0.0,4825.18,19986.48,24.142220140815194,4825.18,4_C,1263.49,3.8189301062928873,,0,0,0,1
573,Solanki Mart,Pharmacy,12,35,78,Bhubaneswar,C,2668.65,1.0,2668.65,1121.62,2.0,1.3792817531784387,-0.5,-1547.0300000000002,1.0,2025-12-19,12,12.0,5.0,8.0,1.0,1.0,23.0,1.0,0.23333333333333334,0.0,0.0,0.0,0.0,2668.65,17627.11,15.139464154929538,2668.65,12_C,1525.54,1.7493149966569217,1.9677169286272838,0,0,0,1
574,Raj Traders,General Trade,5,16,47,Lucknow,B,14201.07,3.0,4733.69,18572.84,4.0,-0.2353851107315844,-0.25,4371.77,1.0,2025-12-31,0,31.0,5.0,14.0,1.0,0.0,14.0,0.0,0.23333333333333334,0.0,0.0,0.0,0.0,17778.92,32435.49,54.81316915514456,14201.07,5_B,6391.82,2.221756870500108,0.1173314968379865,0,1,0,1
575,Raju Retail,General Trade,1,17,3,Ludhiana,A,4608.18,1.0,4608.18,51461.97,6.0,-0.910454652241257,-0.8333333333333334,46853.79,5.0,2025-12-05,26,31.0,5.0,11.0,4.0,2.0,16.5,0.5,0.9333333333333333,0.0,0.0,0.0,0.0,14560.39,57255.06,25.43074795485325,1152.045,1_A,22934.37,0.20092899870369235,-0.9987871264437185,0,1,0,1
576,Doshi Supermarket,Convenience,1,17,3,Chandigarh,C,1298.1,1.0,1298.1,3640.78,2.0,-0.6434555232669923,-0.5,2342.6800000000003,1.0,2025-12-06,25,16.0,5.0,11.0,2.0,2.0,27.0,1.0,0.4666666666666667,0.0,0.0,0.0,0.0,1298.1,17982.83,7.2185523635601285,649.05,1_C,1475.75,0.8796205319329155,-0.016883200655428476,0,1,0,1
577,Tandon Mart,Supermarket,6,25,5,Surat,B,0.0,0.0,0.0,1698.92,1.0,-1.0,-1.0,1698.92,1.0,2025-11-08,53,3.0,3.0,3.0,0.0,0.0,0.0,0.0,0.0,0.0,0.0,0.0,0.0,0.0,34158.23,0.0,0.0,6_B,5118.745000000001,0.0,-0.7307109392783893,1,1,0,1
578,Bansal Traders,Convenience,10,32,33,Ahmedabad,A,30238.72,5.0,6047.744000000001,52196.61,7.0,-0.42067655351564015,-0.2857142857142857,21957.89,2.0,2025-12-28,3,42.0,5.0,15.0,4.0,4.0,22.0,1.0,0.9333333333333333,0.0,0.0,0.0,0.0,30238.72,59952.36,50.437914370676985,7559.68,10_A,24727.44,1.2228811393334693,-0.5788768541772336,0,1,0,1
579,Date Supermarket,General Trade,4,13,62,Bhubaneswar,B,8359.98,3.0,2786.66,4951.85,2.0,0.6882538849116995,0.5,-3408.129999999999,-1.0,2025-12-31,0,19.0,5.0,13.0,0.0,0.0,0.0,0.0,0.0,0.0,0.0,0.0,0.0,8359.98,35910.54,23.28001751017946,0.0,4_B,5210.49,1.6044517886033751,0.8795058135226526,0,0,0,1
580,Thakkar Retail,Supermarket,1,17,49,Delhi,C,2559.2,2.0,1279.6,6746.05,4.0,-0.6206372618050563,-0.5,4186.85,2.0,2025-12-19,12,35.0,5.0,14.0,4.0,3.0,26.25,0.75,0.9333333333333333,0.0,0.0,0.0,0.0,2559.2,17140.43,14.930780616355598,639.8,1_C,1475.75,1.734169066576317,0.0059350608065075194,0,1,0,1
581,Narula Supermarket,General Trade,1,34,99,Jaipur,C,0.0,0.0,0.0,0.0,0.0,,,0.0,0.0,2025-10-31,61,5.0,3.0,5.0,0.0,0.0,0.0,0.0,0.0,0.0,0.0,0.0,0.0,0.0,19380.36,0.0,0.0,1_C,1475.75,0.0,,1,0,0,1
582,Chaudhry Supermarket,Convenience,2,29,40,Nashik,A,7463.049999999999,2.0,3731.5249999999996,1894.27,1.0,2.939802668046265,1.0,-5568.779999999999,-1.0,2025-12-29,2,25.0,5.0,11.0,1.0,1.0,30.0,1.0,0.23333333333333334,0.0,0.0,0.0,0.0,7463.049999999999,60201.2,12.396845910048304,7463.049999999999,2_A,21794.730000000003,0.3424245218913012,2.8050290056656,0,0,0,1
583,Sarraf Traders,Pharmacy,3,23,20,Bengaluru,C,4021.82,3.0,1340.6066666666668,0.0,0.0,,,-4021.82,-3.0,2025-12-22,9,11.0,5.0,8.0,3.0,3.0,12.666666666666666,1.0,0.7000000000000001,0.0,0.0,0.0,0.0,4021.82,16405.79,24.5146378199404,1340.6066666666668,3_C,1975.87,2.0354679204603543,,0,0,0,1
584,Chaudhry Traders,Modern Trade,6,21,29,Surat,B,3248.96,2.0,1624.48,4802.8,4.0,-0.32352794203381363,-0.5,1553.8400000000001,2.0,2025-12-28,3,21.0,5.0,11.0,1.0,0.0,29.0,0.0,0.23333333333333334,0.0,0.0,0.0,0.0,3729.85,35715.23,10.443303879045438,3248.96,6_B,5118.745000000001,0.6347180803107011,-0.05423888131220289,0,1,0,1
585,Vora Retail,General Trade,4,13,96,Kolkata,B,15647.18,3.0,5215.7266666666665,3139.24,1.0,3.984384755545929,2.0,-12507.94,-2.0,2025-12-23,8,30.0,5.0,13.0,2.0,2.0,38.0,1.0,0.4666666666666667,0.0,0.0,0.0,0.0,15647.18,39455.65,39.65764092088205,7823.59,4_B,5210.49,3.0030150715191857,4.175636684156882,0,0,0,1
586,Shan Mart,Pharmacy,6,31,98,Pune,B,15354.43,2.0,7677.215,12423.05,4.0,0.2359629881550828,-0.5,-2931.380000000001,2.0,2025-12-15,16,25.0,5.0,13.0,2.0,2.0,29.0,1.0,0.4666666666666667,0.0,0.0,0.0,0.0,15354.43,36794.17,41.730605691064646,7677.215,6_B,5118.745000000001,2.9996473745029295,0.5052520488766935,0,0,0,1
587,Aurora General Store,Supermarket,7,28,79,Coimbatore,B,14131.74,3.0,4710.58,4896.92,2.0,1.8858425295900278,0.5,-9234.82,-1.0,2025-12-31,0,28.0,5.0,11.0,2.0,2.0,8.5,1.0,0.4666666666666667,0.0,0.0,0.0,0.0,14131.74,43340.03,32.60666870788968,7065.87,7_B,6107.09,2.313989150315453,2.105770552362944,0,0,0,1
588,Dhawan Traders,Supermarket,4,13,12,Kolkata,C,689.32,1.0,689.32,4499.75,2.0,-0.8468092671815101,-0.5,3810.43,1.0,2025-12-24,7,15.0,5.0,10.0,0.0,0.0,0.0,0.0,0.0,0.0,0.0,0.0,0.0,689.32,18048.7,3.8192224370730306,0.0,4_C,1263.49,0.545568227686804,-0.19839501080367017,0,1,0,1
589,Rout Mart,Supermarket,7,20,84,Bengaluru,C,0.0,0.0,0.0,342.25,1.0,-1.0,-1.0,342.25,1.0,2025-11-29,32,11.0,4.0,9.0,1.0,0.0,14.0,0.0,0.23333333333333334,0.0,0.0,0.0,0.0,0.0,16599.0,0.0,0.0,7_C,1610.4699999999998,0.0,-0.5522856147365374,1,1,0,1
590,Dubey Mart,Modern Trade,6,21,80,Pune,B,2156.13,1.0,2156.13,2244.56,1.0,-0.03939747656556289,0.0,88.42999999999984,0.0,2025-12-02,29,10.0,3.0,7.0,0.0,0.0,0.0,0.0,0.0,0.0,0.0,0.0,0.0,2156.13,41488.2,5.196971669052887,0.0,6_B,5118.745000000001,0.42122238947241947,0.22989158415604785,0,0,0,1
591,Borde Supermarket,Modern Trade,12,8,15,Kolkata,B,4593.98,1.0,4593.98,0.0,0.0,,,-4593.98,-1.0,2025-12-06,25,16.0,5.0,11.0,2.0,1.0,17.5,0.5,0.4666666666666667,0.0,0.0,0.0,0.0,4593.98,37333.56,12.305228861110486,2296.99,12_B,6060.66,0.7579999538004111,,0,0,0,1
592,Singh Traders,General Trade,7,20,44,Bengaluru,B,5006.68,1.0,5006.68,2738.18,1.0,0.8284700056241739,0.0,-2268.5000000000005,0.0,2025-12-07,24,11.0,5.0,8.0,5.0,2.0,31.0,0.4,1.1666666666666667,195.0,0.0,203.92820512820512,0.0,5006.68,40984.67,12.215982219693364,1001.336,7_B,6107.09,0.8198143469311898,1.04839802839709,0,0,0,1
593,Lanka Retail,Convenience,1,34,27,Ludhiana,B,11939.59,2.0,5969.795,991.72,1.0,11.039275198644779,1.0,-10947.87,-1.0,2025-12-25,6,17.0,4.0,9.0,0.0,0.0,0.0,0.0,0.0,0.0,0.0,0.0,0.0,11939.59,42267.37,28.247771271314015,0.0,1_B,5467.655000000001,2.1836765487215266,11.041322436886277,0,0,0,1
594,Nigam Supermarket,General Trade,3,18,89,Bengaluru,B,0.0,0.0,0.0,0.0,0.0,,,0.0,0.0,2025-11-01,60,17.0,5.0,11.0,1.0,0.0,24.0,0.0,0.23333333333333334,0.0,0.0,0.0,0.0,0.0,42053.98,0.0,0.0,3_B,5507.8,0.0,,1,0,0,1
595,Rao Traders,General Trade,5,33,90,Ludhiana,B,4247.84,2.0,2123.92,13485.949999999999,4.0,-0.6850173699294451,-0.5,9238.109999999999,2.0,2025-12-25,6,21.0,5.0,12.0,2.0,1.0,20.5,0.5,0.4666666666666667,0.0,0.0,0.0,0.0,4247.84,36684.39,11.579421110723118,2123.92,5_B,6391.82,0.6645744091667163,-0.33230076235987416,0,1,0,1
596,Buch General Store,Supermarket,9,11,85,Chandigarh,C,1764.33,1.0,1764.33,7555.26,2.0,-0.7664766004081924,-0.5,5790.93,1.0,2025-12-03,28,19.0,5.0,12.0,3.0,2.0,24.666666666666668,0.6666666666666666,0.7000000000000001,0.0,0.0,0.0,0.0,1764.33,20223.87,8.723997929179726,588.11,9_C,1106.01,1.5952206580410664,-0.27158019852531734,0,1,0,1
597,Narasimhan General Store,Supermarket,1,17,49,Ludhiana,C,662.3299999999999,2.0,331.16499999999996,1773.65,1.0,-0.6265723226115638,1.0,1111.3200000000002,-1.0,2025-12-27,4,8.0,4.0,5.0,5.0,3.0,20.4,0.6,1.1666666666666667,195.0,0.0,293.9641025641026,0.0,662.3299999999999,18643.99,3.552512096391383,132.46599999999998,1_C,1475.75,0.44880908012874804,0.0,0,1,0,1
598,Walla Traders,Convenience,7,28,24,Chennai,B,0.0,0.0,0.0,337.01,2.0,-1.0,-1.0,337.01,2.0,2025-11-28,33,2.0,2.0,2.0,1.0,1.0,29.0,1.0,0.23333333333333334,0.0,0.0,0.0,0.0,0.0,34521.64,0.0,0.0,7_B,6107.09,0.0,-0.780071977227084,1,1,0,1
599,Rai Traders,Modern Trade,7,20,68,Hyderabad,B,0.0,0.0,0.0,3580.93,1.0,-1.0,-1.0,3580.93,1.0,2025-11-22,39,14.0,5.0,11.0,2.0,1.0,25.0,0.5,0.4666666666666667,0.0,0.0,0.0,0.0,0.0,33411.86,0.0,0.0,7_B,6107.09,0.0,-0.780071977227084,1,1,0,1
600,Nadig Supermarket,Supermarket,4,7,81,Patna,B,1314.77,2.0,657.385,3626.34,1.0,-0.6374388501905502,1.0,2311.57,-1.0,2025-12-30,1,8.0,5.0,7.0,2.0,2.0,27.0,1.0,0.4666666666666667,0.0,0.0,0.0,0.0,1314.77,40494.16,3.2468138615543567,657.385,4_B,5210.49,0.2523313546326737,-0.44618692157959716,0,1,0,1
601,Sura Mart,Modern Trade,4,7,4,Guwahati,C,8180.4800000000005,3.0,2726.826666666667,1888.83,1.0,3.330977377530006,2.0,-6291.650000000001,-2.0,2025-12-30,1,19.0,4.0,9.0,3.0,1.0,11.333333333333334,0.3333333333333333,0.7000000000000001,195.0,0.0,302.1128205128205,0.0,8180.4800000000005,19960.35,40.98365008629609,2726.826666666667,4_C,1263.49,6.4745110764628135,3.979391633907846,0,0,0,1
602,Banik Supermarket,Modern Trade,4,13,12,Ranchi,B,3967.5699999999997,2.0,1983.7849999999999,8080.03,3.0,-0.508965932057183,-0.3333333333333333,4112.46,1.0,2025-12-30,1,31.0,5.0,15.0,2.0,2.0,24.5,1.0,0.4666666666666667,0.0,0.0,0.0,0.0,3967.5699999999997,32352.85,12.263432742401365,1983.7849999999999,4_B,5210.49,0.7614581354152872,-0.3177140034462299,0,1,0,1
603,Biswas Supermarket,Modern Trade,2,29,40,Nashik,B,9654.69,3.0,3218.23,1383.21,1.0,5.979916281692584,2.0,-8271.48,-2.0,2025-12-07,24,21.0,5.0,10.0,1.0,0.0,41.0,0.0,0.23333333333333334,195.0,0.0,222.33333333333334,0.0,9654.69,38996.54,24.757811846897187,9654.69,2_B,7635.110000000001,1.2645122336154948,5.8041486360119805,0,0,0,1
604,Keer Retail,Convenience,3,23,88,Chennai,C,4231.84,2.0,2115.92,0.0,0.0,,,-4231.84,-2.0,2025-12-30,1,11.0,5.0,7.0,4.0,2.0,23.75,0.5,0.9333333333333333,0.0,0.0,0.0,0.0,4231.84,21427.32,19.749740051485674,1057.96,3_C,1975.87,2.1417603384838073,,0,0,0,1
605,Mani Retail,General Trade,7,20,84,Coimbatore,C,2175.73,1.0,2175.73,2405.0299999999997,2.0,-0.09534184604765834,-0.5,229.29999999999973,1.0,2025-12-29,2,17.0,5.0,9.0,4.0,3.0,26.75,0.75,0.9333333333333333,0.0,0.0,0.0,0.0,2175.73,21722.45,10.016043310031787,543.9325,7_C,1610.4699999999998,1.350990704576925,0.3523725392158043,0,0,0,1
606,Karan Mart,General Trade,7,28,24,Hyderabad,C,861.03,1.0,861.03,3261.89,2.0,-0.7360334039467915,-0.5,2400.8599999999997,1.0,2025-12-21,10,13.0,4.0,7.0,2.0,2.0,12.5,1.0,0.4666666666666667,0.0,0.0,0.0,0.0,861.03,19986.01,4.308163560410507,430.515,7_C,1610.4699999999998,0.5346451656969705,-0.2883190186833289,0,1,0,1
607,Chana Retail,Modern Trade,12,19,53,Patna,B,13089.880000000001,3.0,4363.293333333334,6452.719999999999,3.0,1.02858329510656,0.0,-6637.160000000002,0.0,2025-12-13,18,20.0,5.0,11.0,0.0,0.0,0.0,0.0,0.0,0.0,0.0,0.0,0.0,13089.880000000001,37787.93,34.640373262044264,0.0,12_B,6060.66,2.159810977682299,1.1297036734043335,0,0,0,1
608,Saraf Supermarket,Convenience,4,7,4,Guwahati,C,5341.6,2.0,2670.8,2161.58,1.0,1.471155358580298,1.0,-3180.0200000000004,-1.0,2025-12-30,1,14.0,5.0,8.0,0.0,0.0,0.0,0.0,0.0,0.0,0.0,0.0,0.0,5341.6,18123.92,29.47265271530663,0.0,4_C,1263.49,4.227655145667952,2.119569614958138,0,0,0,1
609,Chaudhari Traders,Modern Trade,3,23,88,Bengaluru,B,3052.17,1.0,3052.17,9736.37,3.0,-0.6865186922847016,-0.6666666666666666,6684.200000000001,2.0,2025-12-18,13,27.0,5.0,13.0,5.0,0.0,22.6,0.0,1.1666666666666667,195.0,0.0,207.37948717948717,0.0,3052.17,40526.39,7.531314780319688,610.434,3_B,5507.8,0.5541541087185446,-0.4471677629879266,0,1,0,1
610,Chaudhry Traders,Pharmacy,4,13,48,Bhubaneswar,C,9692.970000000001,3.0,3230.9900000000002,2552.3,1.0,2.7977392939701446,2.0,-7140.670000000001,-2.0,2025-12-16,15,27.0,5.0,14.0,0.0,0.0,0.0,0.0,0.0,0.0,0.0,0.0,0.0,9692.970000000001,21248.3,45.61762588065869,0.0,4_C,1263.49,7.671584262637616,3.4461535503479848,0,0,0,1
611,Sawhney Traders,Modern Trade,12,19,53,Kolkata,C,0.0,0.0,0.0,908.26,1.0,-1.0,-1.0,908.26,1.0,2025-11-07,54,15.0,5.0,9.0,0.0,0.0,0.0,0.0,0.0,0.0,0.0,0.0,0.0,0.0,21335.35,0.0,0.0,12_C,1525.54,0.0,-0.41156482455115484,1,1,0,1
612,Ganesan Traders,Convenience,2,29,9,Pune,C,1192.61,1.0,1192.61,3539.09,2.0,-0.6630178944304893,-0.5,2346.4800000000005,1.0,2025-12-16,15,11.0,5.0,9.0,0.0,0.0,0.0,0.0,0.0,0.0,0.0,0.0,0.0,1192.61,19364.26,6.158820424844533,0.0,2_C,1065.73,1.1190545447721278,-0.22919382902287266,0,1,0,1
613,Mistry General Store,Convenience,4,1,32,Ranchi,B,3833.8,2.0,1916.9,0.0,0.0,,,-3833.8,-2.0,2025-12-20,11,10.0,4.0,9.0,2.0,0.0,14.5,0.0,0.4666666666666667,0.0,0.0,0.0,0.0,3833.8,33884.71,11.31424763558549,1916.9,4_B,5210.49,0.7357849261777684,,0,0,0,1
614,Balakrishnan Supermarket,Convenience,5,33,51,Ludhiana,C,1743.86,1.0,1743.86,2894.2,1.0,-0.39746389330384907,0.0,1150.34,0.0,2025-12-14,17,8.0,3.0,6.0,0.0,0.0,0.0,0.0,0.0,0.0,0.0,0.0,0.0,1743.86,19503.59,8.941225692295623,0.0,5_C,1965.2,0.8873702422145328,0.049443084550286065,0,1,0,1
615,Batra General Store,Modern Trade,3,18,67,Bengaluru,B,9190.05,1.0,9190.05,8367.77,1.0,0.09826751930323119,0.0,-822.2799999999988,0.0,2025-12-09,22,10.0,4.0,7.0,5.0,4.0,25.2,0.8,1.1666666666666667,0.0,0.0,0.0,0.0,9190.05,33841.06,27.156507508925547,1838.0099999999998,3_B,5507.8,1.6685518718907728,0.3376184486000062,0,0,0,1
616,Nair General Store,Modern Trade,6,21,72,Surat,B,13899.89,4.0,3474.9725,4337.37,1.0,2.2046816388733266,3.0,-9562.52,-3.0,2025-12-14,17,27.0,5.0,14.0,2.0,0.0,32.0,0.0,0.4666666666666667,0.0,0.0,0.0,0.0,13899.89,35972.54,38.64027950208687,6949.945,6_B,5118.745000000001,2.7154878783764373,2.473970699594937,0,0,0,1
617,Bhalla Traders,Supermarket,10,15,100,Ahmedabad,B,3093.17,2.0,1546.585,11474.71,3.0,-0.7304358890115741,-0.3333333333333333,8381.539999999999,1.0,2025-12-13,18,20.0,5.0,10.0,1.0,1.0,37.0,1.0,0.23333333333333334,0.0,0.0,0.0,0.0,3093.17,35348.44,8.750513459717034,3093.17,10_B,6269.79,0.4933450721635015,-0.5555253090089246,0,1,0,1
618,Memon Traders,General Trade,12,8,19,Ranchi,C,0.0,0.0,0.0,2535.17,1.0,-1.0,-1.0,2535.17,1.0,2025-11-18,43,5.0,3.0,5.0,0.0,0.0,0.0,0.0,0.0,0.0,0.0,0.0,0.0,0.0,16309.19,0.0,0.0,12_C,1525.54,0.0,-0.41156482455115484,1,1,0,1
619,Parmer Traders,Supermarket,5,33,90,Ludhiana,A,53676.21,4.0,13419.0525,5163.88,1.0,9.39455022192615,3.0,-48512.33,-3.0,2025-12-31,0,34.0,5.0,14.0,1.0,1.0,9.0,1.0,0.23333333333333334,0.0,0.0,0.0,0.0,53676.21,55702.04,96.3630954988363,53676.21,5_A,23936.755,2.242417988570297,9.393791249939863,0,0,0,0
620,Prasad General Store,Supermarket,12,8,92,Bhubaneswar,C,1348.15,1.0,1348.15,3903.84,2.0,-0.6546605393663675,-0.5,2555.69,1.0,2025-12-31,0,17.0,5.0,10.0,4.0,1.0,28.25,0.25,0.9333333333333333,0.0,0.0,0.0,0.0,1348.15,20763.65,6.492837242007066,337.0375,12_C,1525.54,0.8837198631304326,-0.06622536391752232,0,1,0,1
621,Sankar Traders,Supermarket,12,8,92,Kolkata,A,17920.800000000003,4.0,4480.200000000001,27618.54,6.0,-0.3511315225207414,-0.3333333333333333,9697.739999999998,2.0,2025-12-19,12,39.0,5.0,14.0,0.0,0.0,0.0,0.0,0.0,0.0,0.0,0.0,0.0,17920.800000000003,73531.31,24.371658821255878,0.0,12_A,24540.835,0.7302441013111414,-0.480853044120679,0,1,0,1
622,Dhingra Traders,General Trade,7,28,79,Chennai,B,602.5,1.0,602.5,10531.720000000001,3.0,-0.9427918706536065,-0.6666666666666666,9929.220000000001,2.0,2025-12-24,7,25.0,5.0,11.0,0.0,0.0,0.0,0.0,0.0,0.0,0.0,0.0,0.0,602.5,33126.97,1.8187597597969267,0.0,7_B,6107.09,0.09865582462351136,-0.7228638478806905,0,1,0,1
623,Konda Mart,Modern Trade,9,11,85,Jaipur,A,21874.55,3.0,7291.516666666666,14052.49,3.0,0.5566316005206194,0.0,-7822.0599999999995,0.0,2025-12-16,15,41.0,5.0,14.0,2.0,1.0,17.5,0.5,0.4666666666666667,0.0,0.0,0.0,0.0,21874.55,66670.18,32.81009590794565,10937.275,9_A,20504.7,1.0668066345764629,0.44658475207730014,0,0,0,1
624,Wali Mart,General Trade,2,29,40,Surat,B,5852.9800000000005,2.0,2926.4900000000002,6910.81,1.0,-0.1530688877280666,1.0,1057.83,-1.0,2025-12-18,13,15.0,5.0,10.0,0.0,0.0,0.0,0.0,0.0,0.0,0.0,0.0,0.0,5852.9800000000005,41559.62,14.083333774466658,0.0,2_B,7635.110000000001,0.766587514783677,-0.3288365334086706,0,1,0,1
625,Sabharwal Traders,Pharmacy,6,21,80,Ahmedabad,A,14420.25,4.0,3605.0625,30219.46,6.0,-0.5228157617641083,-0.3333333333333333,15799.21,2.0,2025-12-30,1,44.0,5.0,14.0,0.0,0.0,0.0,0.0,0.0,195.0,0.0,69.6923076923077,0.0,14420.25,56198.15,25.659652497457657,0.0,6_A,21985.86,0.6558874658530528,-0.5982152675344367,0,1,0,1
626,Gole Traders,Pharmacy,5,16,31,Jaipur,C,0.0,0.0,0.0,5973.17,4.0,-1.0,-1.0,5973.17,4.0,2025-11-30,31,13.0,5.0,11.0,0.0,0.0,0.0,0.0,0.0,195.0,0.0,311.5897435897436,0.0,0.0,21266.49,0.0,0.0,5_C,1965.2,0.0,-0.5530930221458649,1,1,0,1
627,Garde Retail,Convenience,4,7,1,Bhubaneswar,C,0.0,0.0,0.0,1997.73,1.0,-1.0,-1.0,1997.73,1.0,2025-11-03,58,16.0,5.0,11.0,1.0,0.0,31.0,0.0,0.23333333333333334,0.0,0.0,0.0,0.0,0.0,20010.5,0.0,0.0,4_C,1263.49,0.0,-0.3515857436221601,1,1,0,1
628,Gill Retail,General Trade,8,14,7,Bhubaneswar,A,1564.83,1.0,1564.83,14207.77,3.0,-0.8898609704408221,-0.6666666666666666,12642.94,2.0,2025-12-18,13,19.0,5.0,11.0,8.0,5.0,25.375,0.625,1.8666666666666667,0.0,0.0,0.0,0.0,1564.83,56710.89,2.759311306875981,195.60375,8_A,21023.8,0.07443135874580238,-0.8712053885465824,0,1,0,1
629,Brar General Store,General Trade,12,35,78,Patna,B,18905.02,3.0,6301.673333333333,14964.73,5.0,0.2633051181010283,-0.4,-3940.290000000001,2.0,2025-12-25,6,34.0,5.0,13.0,5.0,4.0,23.4,0.8,1.1666666666666667,0.0,0.0,0.0,0.0,18905.02,41411.2,45.65194923112588,3781.004,12_B,6060.66,3.11930053822521,0.36442549639880173,0,0,0,1
630,Raja Supermarket,Convenience,12,8,87,Patna,C,0.0,0.0,0.0,4402.29,2.0,-1.0,-1.0,4402.29,2.0,2025-11-29,32,13.0,4.0,7.0,2.0,0.0,38.5,0.0,0.4666666666666667,0.0,0.0,0.0,0.0,0.0,16295.78,0.0,0.0,12_C,1525.54,0.0,-0.41156482455115484,1,1,0,1
631,Khosla General Store,General Trade,4,13,96,Guwahati,B,0.0,0.0,0.0,0.0,0.0,,,0.0,0.0,2025-10-27,65,6.0,4.0,5.0,1.0,1.0,41.0,1.0,0.23333333333333334,0.0,0.0,0.0,0.0,0.0,34171.62,0.0,0.0,4_B,5210.49,0.0,,1,0,0,1
632,Tank General Store,Supermarket,2,29,9,Surat,C,466.6,1.0,466.6,0.0,0.0,,,-466.6,-1.0,2025-12-24,7,1.0,1.0,1.0,5.0,3.0,23.4,0.6,1.1666666666666667,0.0,0.0,0.0,0.0,466.6,16805.13,2.7765331181609425,93.32000000000001,2_C,1065.73,0.43782196241074195,,0,0,0,1
633,Dhar Mart,Modern Trade,10,32,43,Nashik,B,4235.25,2.0,2117.625,5133.08,1.0,-0.17491058000264947,1.0,897.8299999999999,-1.0,2025-12-30,1,18.0,5.0,8.0,5.0,3.0,29.4,0.6,1.1666666666666667,195.0,0.0,201.7846153846154,0.0,4235.25,36447.47,11.620148120020401,847.05,10_B,6269.79,0.6755010933380544,0.0,0,1,0,1
634,Kata Supermarket,Supermarket,7,20,68,Bengaluru,B,4352.25,1.0,4352.25,5496.41,1.0,-0.20816496585953376,0.0,1144.1599999999999,0.0,2025-12-14,17,26.0,5.0,14.0,4.0,2.0,27.0,0.5,0.9333333333333333,0.0,0.0,0.0,0.0,4352.25,41650.66,10.449414246977117,1088.0625,7_B,6107.09,0.7126552908177217,0.011763056913382253,0,1,0,1
635,Shenoy Retail,Modern Trade,7,20,68,Coimbatore,C,5412.47,2.0,2706.235,3632.39,2.0,0.490057510344429,0.0,-1780.0800000000004,0.0,2025-12-19,12,16.0,5.0,12.0,1.0,1.0,11.0,1.0,0.23333333333333334,0.0,0.0,0.0,0.0,5412.47,18243.81,29.667432405840664,5412.47,7_C,1610.4699999999998,3.360801505150671,0.9377718956078916,0,0,0,1
636,Kumar Supermarket,Modern Trade,12,10,64,Ranchi,C,0.0,0.0,0.0,0.0,0.0,,,0.0,0.0,2025-10-12,80,1.0,1.0,1.0,1.0,1.0,30.0,1.0,0.23333333333333334,0.0,0.0,0.0,0.0,0.0,18205.62,0.0,0.0,12_C,1525.54,0.0,,1,0,0,1
637,Sharaf General Store,Modern Trade,12,10,16,Kolkata,B,10366.33,3.0,3455.443333333333,10254.53,3.0,0.010902498700574212,0.0,-111.79999999999927,0.0,2025-12-25,6,40.0,5.0,13.0,2.0,2.0,28.5,1.0,0.4666666666666667,0.0,0.0,0.0,0.0,10366.33,36941.22,28.061688271259044,5183.165,12_B,6060.66,1.7104292271798782,0.11202287699834763,0,0,0,1
638,Kumer Mart,General Trade,10,4,6,Ahmedabad,B,6269.79,1.0,6269.79,5239.5,3.0,0.19663899227025478,-0.6666666666666666,-1030.29,2.0,2025-12-14,17,10.0,5.0,9.0,0.0,0.0,0.0,0.0,0.0,0.0,0.0,0.0,0.0,6269.79,33511.18,18.70954708249605,0.0,10_B,6269.79,1.0,0.37154957227290425,0,0,0,1
639,Andra Supermarket,Supermarket,2,29,9,Ahmedabad,B,12462.650000000001,3.0,4154.216666666667,7419.29,3.0,0.6797631579302065,0.0,-5043.3600000000015,0.0,2025-12-27,4,37.0,5.0,14.0,2.0,2.0,35.0,1.0,0.4666666666666667,0.0,0.0,0.0,0.0,12462.650000000001,41732.42,29.863233428591013,6231.325000000001,2_B,7635.110000000001,1.6322816567148346,0.5039955122496025,0,0,0,1
640,Shroff Supermarket,General Trade,7,20,44,Kochi,C,3886.56,2.0,1943.28,3355.43,1.0,0.15828969759464515,1.0,-531.1300000000001,-1.0,2025-12-26,5,21.0,5.0,11.0,1.0,1.0,32.0,1.0,0.23333333333333334,0.0,0.0,0.0,0.0,3886.56,21614.6,17.981179388006254,3886.56,7_C,1610.4699999999998,2.4133079163225646,0.6060040828581078,0,0,0,1
641,Mani General Store,Modern Trade,12,8,87,Ranchi,C,4062.25,3.0,1354.0833333333333,882.23,1.0,3.6045248971356676,2.0,-3180.02,-2.0,2025-12-24,7,18.0,5.0,10.0,2.0,0.0,26.5,0.0,0.4666666666666667,0.0,0.0,0.0,0.0,4062.25,20445.04,19.86912229078544,2031.125,12_C,1525.54,2.6628275889193334,4.192960072584513,0,0,0,1
642,Dugar Traders,General Trade,10,32,43,Surat,C,3726.4100000000003,2.0,1863.2050000000002,1829.29,1.0,1.037079959984475,1.0,-1897.1200000000003,-1.0,2025-12-29,2,12.0,4.0,7.0,2.0,2.0,33.0,1.0,0.4666666666666667,0.0,0.0,0.0,0.0,3726.4100000000003,20951.72,17.785699694344903,1863.2050000000002,10_C,1784.86,2.087788397969589,1.214314656742454,0,0,0,1
643,Borah Mart,Convenience,4,2,41,Guwahati,B,21544.25,4.0,5386.0625,0.0,0.0,,,-21544.25,-4.0,2025-12-29,2,20.0,5.0,10.0,3.0,2.0,27.0,0.6666666666666666,0.7000000000000001,0.0,0.0,0.0,0.0,21544.25,39843.48,54.072209555992586,7181.416666666667,4_B,5210.49,4.134783868695651,,0,0,0,1
644,Sathe General Store,Supermarket,2,29,9,Pune,B,16246.44,5.0,3249.288,9706.67,2.0,0.6737398098420984,1.5,-6539.77,-3.0,2025-12-30,1,36.0,5.0,13.0,3.0,1.0,38.666666666666664,0.3333333333333333,0.7000000000000001,195.0,0.0,208.7948717948718,0.0,16246.44,35369.3,45.9337334920397,5415.4800000000005,2_B,7635.110000000001,2.1278593235722862,0.49797216416149437,0,0,0,1
645,Pai Supermarket,General Trade,6,31,74,Nashik,B,0.0,0.0,0.0,10675.16,4.0,-1.0,-1.0,10675.16,4.0,2025-11-30,31,18.0,5.0,10.0,2.0,1.0,28.5,0.5,0.4666666666666667,0.0,0.0,0.0,0.0,0.0,34110.04,0.0,0.0,6_B,5118.745000000001,0.0,-0.7307109392783893,1,1,0,1
646,Mistry General Store,Pharmacy,3,18,91,Bengaluru,B,0.0,0.0,0.0,4086.29,1.0,-1.0,-1.0,4086.29,1.0,2025-11-14,47,3.0,3.0,3.0,1.0,0.0,33.0,0.0,0.23333333333333334,195.0,0.0,232.4923076923077,0.0,0.0,36477.43,0.0,0.0,3_B,5507.8,0.0,-0.760649070703225,1,1,0,1
647,Samra General Store,Supermarket,7,12,28,Coimbatore,B,10864.64,3.0,3621.5466666666666,14325.310000000001,4.0,-0.2415773201417632,-0.25,3460.670000000002,1.0,2025-12-21,10,29.0,5.0,13.0,0.0,0.0,0.0,0.0,0.0,0.0,0.0,0.0,0.0,10864.64,43158.15,25.174016958558234,0.0,7_B,6107.09,1.77902077748977,-0.021649297368847187,0,1,0,1
648,Krishna Traders,Convenience,7,28,57,Coimbatore,A,26413.89,6.0,4402.315,4492.26,4.0,4.879866704064323,0.5,-21921.629999999997,-2.0,2025-12-31,0,37.0,5.0,14.0,4.0,3.0,31.75,0.75,0.9333333333333333,0.0,0.0,0.0,0.0,26413.89,58435.11,45.202088265085834,6603.4725,7_A,22880.32,1.1544370882924715,4.883853019845966,0,0,0,1
649,Shan Retail,Modern Trade,10,15,94,Nashik,B,12729.18,3.0,4243.06,4683.51,2.0,1.7178718525208656,0.5,-8045.67,-1.0,2025-12-28,3,35.0,5.0,14.0,1.0,1.0,10.0,1.0,0.23333333333333334,0.0,0.0,0.0,0.0,12729.18,39468.26,32.25168781192786,12729.18,10_B,6269.79,2.0302402472810095,1.8927824325235152,0,0,0,1
650,Mittal General Store,Pharmacy,12,8,87,Bhubaneswar,B,6354.9,3.0,2118.2999999999997,14215.72,4.0,-0.5529667157203434,-0.25,7860.82,1.0,2025-12-23,8,21.0,5.0,11.0,3.0,1.0,21.0,0.3333333333333333,0.7000000000000001,0.0,0.0,0.0,0.0,6354.9,33479.62,18.98139823570279,2118.2999999999997,12_B,6060.66,1.0485491679124055,-0.45184633742256997,0,1,0,1
651,Issac Supermarket,General Trade,4,7,1,Patna,C,3984.13,2.0,1992.065,1232.23,1.0,2.233268139876484,1.0,-2751.9,-1.0,2025-12-31,0,13.0,4.0,7.0,1.0,0.0,25.0,0.0,0.23333333333333334,0.0,0.0,0.0,0.0,3984.13,18874.55,21.108476758386292,3984.13,4_C,1263.49,3.153273868412097,2.881682396254324,0,0,0,1
652,Rajagopalan Retail,Modern Trade,3,18,67,Hyderabad,A,13679.18,4.0,3419.795,46111.48,7.0,-0.7033454575736888,-0.42857142857142855,32432.300000000003,3.0,2025-12-28,3,47.0,5.0,15.0,2.0,2.0,13.0,1.0,0.4666666666666667,0.0,0.0,0.0,0.0,13679.18,72979.16,18.74395375337288,6839.59,3_A,19782.739999999998,0.691470443426947,-0.753953303546152,0,1,0,1
653,Subramanian General Store,Supermarket,8,14,69,Patna,C,0.0,0.0,0.0,3044.5,2.0,-1.0,-1.0,3044.5,2.0,2025-12-01,30,9.0,5.0,7.0,2.0,0.0,19.5,0.0,0.4666666666666667,0.0,0.0,0.0,0.0,2396.63,19792.94,12.108509397795377,0.0,8_C,1474.47,0.0,-0.4422553310707772,0,1,0,1
654,Chhabra Mart,Convenience,6,21,80,Nashik,B,9244.89,3.0,3081.6299999999997,0.0,0.0,,,-9244.89,-3.0,2025-12-22,9,15.0,5.0,10.0,0.0,0.0,0.0,0.0,0.0,0.0,0.0,0.0,0.0,9244.89,34113.82,27.100131266448614,0.0,6_B,5118.745000000001,1.8060852806693823,,0,0,0,1
655,Khalsa Mart,General Trade,3,18,91,Hyderabad,C,0.0,0.0,0.0,0.0,0.0,,,0.0,0.0,2025-09-06,116,0.0,0.0,0.0,2.0,1.0,23.0,0.5,0.4666666666666667,0.0,0.0,0.0,0.0,0.0,19932.25,0.0,0.0,3_C,1975.87,0.0,,1,0,0,1
656,Raj Traders,General Trade,7,28,57,Bengaluru,A,1886.17,1.0,1886.17,27378.19,5.0,-0.9311068408831993,-0.8,25492.019999999997,4.0,2025-12-13,18,32.0,5.0,13.0,3.0,3.0,25.333333333333332,1.0,0.7000000000000001,195.0,3.0,60.794871794871796,0.015384615384615385,1886.17,56323.72,3.3488022453062407,628.7233333333334,7_A,22880.32,0.08243634704409729,-0.9271205251015568,0,1,0,1
657,Parmer Supermarket,Pharmacy,5,33,51,Jaipur,C,8061.58,4.0,2015.395,823.71,1.0,8.786915297859682,3.0,-7237.87,-3.0,2025-12-24,7,18.0,5.0,11.0,0.0,0.0,0.0,0.0,0.0,0.0,0.0,0.0,0.0,8061.58,18096.74,44.547139429532606,0.0,5_C,1965.2,4.102167718298392,9.233822275713818,0,0,0,1
658,Merchant Traders,Convenience,12,8,92,Guwahati,A,0.0,0.0,0.0,11022.09,2.0,-1.0,-1.0,11022.09,2.0,2025-11-12,49,13.0,5.0,8.0,2.0,2.0,27.0,1.0,0.4666666666666667,0.0,0.0,0.0,0.0,0.0,61081.33,0.0,0.0,12_A,24540.835,0.0,-1.1297215215999374,1,1,0,1
659,Merchant Traders,Pharmacy,7,20,13,Kochi,B,5035.24,3.0,1678.4133333333332,0.0,0.0,,,-5035.24,-3.0,2025-12-29,2,14.0,5.0,8.0,2.0,1.0,32.0,0.5,0.4666666666666667,0.0,0.0,0.0,0.0,5035.24,35450.35,14.203639738394685,2517.62,7_B,6107.09,0.8244908786345051,,0,0,0,1
660,Bains Retail,Supermarket,8,14,34,Patna,B,6499.93,1.0,6499.93,5381.83,2.0,0.2077546113496711,-0.5,-1118.1000000000004,1.0,2025-12-18,13,24.0,5.0,11.0,1.0,0.0,14.0,0.0,0.23333333333333334,0.0,0.0,0.0,0.0,10089.310000000001,40135.06,25.138395208578242,6499.93,8_B,5652.47,1.1499273768812572,0.38836292833957275,0,0,0,1
661,Randhawa Mart,Supermarket,12,8,15,Patna,B,5467.02,2.0,2733.51,1794.05,1.0,2.047306373846883,1.0,-3672.9700000000003,-1.0,2025-12-30,1,12.0,4.0,7.0,1.0,0.0,37.0,0.0,0.23333333333333334,0.0,0.0,0.0,0.0,7261.07,34215.13,21.22181035115167,5467.02,12_B,6060.66,0.9020502717525815,2.1484267521446565,0,0,0,1
662,Maharaj General Store,Supermarket,12,35,66,Kolkata,B,6135.18,2.0,3067.59,11764.02,3.0,-0.4784792953429185,-0.3333333333333333,5628.84,1.0,2025-12-18,13,22.0,5.0,10.0,2.0,0.0,26.0,0.0,0.4666666666666667,0.0,0.0,0.0,0.0,6135.18,35683.03,17.193551108187844,3067.59,12_B,6060.66,1.012295690568354,-0.37735891704514507,0,1,0,1
663,Anand Traders,Modern Trade,8,14,69,Ranchi,B,3669.5,1.0,3669.5,8020.959999999999,3.0,-0.542511120863338,-0.6666666666666666,4351.459999999999,2.0,2025-12-03,28,27.0,5.0,13.0,1.0,1.0,20.0,1.0,0.23333333333333334,0.0,0.0,0.0,0.0,8277.41,36386.3,22.748699373115702,3669.5,8_B,5652.47,0.6491852234509868,-0.3619028038734363,0,1,0,1
664,Bawa Supermarket,Pharmacy,12,8,50,Kolkata,B,4859.72,1.0,4859.72,11785.42,2.0,-0.5876498249532048,-0.5,6925.7,1.0,2025-12-07,24,20.0,5.0,9.0,3.0,3.0,29.666666666666668,1.0,0.7000000000000001,0.0,0.0,0.0,0.0,4859.72,37644.36,12.909556703846206,1619.9066666666668,12_B,6060.66,0.8018466635646944,-0.4865294466554314,0,1,0,1
665,Taneja General Store,Convenience,8,36,70,Bhubaneswar,A,10280.880000000001,2.0,5140.4400000000005,10433.72,3.0,-0.014648658388379057,-0.3333333333333333,152.83999999999833,1.0,2025-12-24,7,35.0,5.0,15.0,4.0,2.0,29.75,0.5,0.9333333333333333,0.0,0.0,0.0,0.0,10280.880000000001,57062.81,18.016778353537095,2570.2200000000003,8_A,21023.8,0.48901150125096327,0.004006923505860661,0,0,0,1
666,Mangat Traders,Modern Trade,4,2,60,Patna,C,1071.54,1.0,1071.54,1141.71,1.0,-0.06146044091757107,0.0,70.17000000000007,0.0,2025-12-25,6,6.0,5.0,6.0,2.0,0.0,23.5,0.0,0.4666666666666667,0.0,0.0,0.0,0.0,1071.54,18756.38,5.712936078283762,535.77,4_C,1263.49,0.8480795257580194,0.5869538154602688,0,0,0,1
667,Karpe Traders,Supermarket,6,31,14,Nashik,C,7789.84,2.0,3894.92,0.0,0.0,,,-7789.84,-2.0,2025-12-14,17,19.0,5.0,13.0,4.0,2.0,24.25,0.5,0.9333333333333333,195.0,0.0,293.8820512820513,0.0,7789.84,19842.22,39.258913569147,1947.46,6_C,1535.8200000000002,5.0721048039483785,,0,0,0,1
668,Pandey General Store,Modern Trade,7,12,28,Chennai,C,0.0,0.0,0.0,0.0,0.0,,,0.0,0.0,2025-11-01,60,6.0,4.0,6.0,2.0,1.0,15.5,0.5,0.4666666666666667,0.0,0.0,0.0,0.0,0.0,21341.4,0.0,0.0,7_C,1610.4699999999998,0.0,,1,0,0,1
669,Kanda Mart,Modern Trade,12,8,50,Guwahati,C,268.5,1.0,268.5,0.0,0.0,,,-268.5,-1.0,2025-12-17,14,1.0,1.0,1.0,6.0,4.0,24.0,0.6666666666666666,1.4000000000000001,0.0,0.0,0.0,0.0,268.5,18678.91,1.437450043926546,44.75,12_C,1525.54,0.17600325130773367,,0,0,0,1
670,Gupta Traders,Supermarket,12,8,87,Patna,C,2129.38,1.0,2129.38,4654.9,2.0,-0.5425508603836816,-0.5,2525.5199999999995,1.0,2025-12-26,5,18.0,5.0,11.0,1.0,0.0,26.0,0.0,0.23333333333333334,0.0,0.0,0.0,0.0,2129.38,17107.9,12.446764360324762,2129.38,12_C,1525.54,1.3958204963488339,0.04588431506516355,0,1,0,1
671,Krishna Retail,General Trade,12,35,66,Ranchi,C,0.0,0.0,0.0,924.84,1.0,-1.0,-1.0,924.84,1.0,2025-11-24,37,4.0,3.0,4.0,2.0,1.0,10.0,0.5,0.4666666666666667,0.0,0.0,0.0,0.0,0.0,21158.31,0.0,0.0,12_C,1525.54,0.0,-0.41156482455115484,1,1,0,1
672,Devan Retail,General Trade,4,7,1,Guwahati,C,3873.44,1.0,3873.44,3071.03,1.0,0.26128367355577764,0.0,-802.4099999999999,0.0,2025-12-26,5,10.0,5.0,7.0,4.0,1.0,25.75,0.25,0.9333333333333333,0.0,0.0,0.0,0.0,3873.44,16792.58,23.066378126529692,968.36,4_C,1263.49,3.0656673183008967,0.9096979299336175,0,0,0,1
673,Chatterjee Retail,Pharmacy,11,9,56,Coimbatore,B,5189.37,1.0,5189.37,7029.4800000000005,2.0,-0.2617704296761639,-0.5,1840.1100000000006,1.0,2025-12-03,28,28.0,5.0,14.0,1.0,0.0,27.0,0.0,0.23333333333333334,0.0,0.0,0.0,0.0,5189.37,36443.11,14.239646396808613,5189.37,11_B,5734.650000000001,0.904914859668855,0.13093459651271372,0,1,0,1
674,Baral Mart,Convenience,9,11,85,Jaipur,B,13067.52,3.0,4355.84,9426.82,3.0,0.3862065892846157,0.0,-3640.7000000000007,0.0,2025-12-26,5,42.0,5.0,14.0,0.0,0.0,0.0,0.0,0.0,0.0,0.0,0.0,0.0,13067.52,32561.89,40.131331442984425,0.0,9_B,5894.43,2.2169268275303975,0.5613528646889836,0,0,0,1
675,More Mart,Modern Trade,3,23,20,Hyderabad,C,2286.82,1.0,2286.82,0.0,0.0,,,-2286.82,-1.0,2025-12-21,10,11.0,3.0,7.0,3.0,2.0,24.666666666666668,0.6666666666666666,0.7000000000000001,0.0,0.0,0.0,0.0,2286.82,20958.7,10.911077500035784,762.2733333333334,3_C,1975.87,1.1573737138576932,,0,0,0,1
676,Sastry Mart,General Trade,9,3,93,Lucknow,C,0.0,0.0,0.0,0.0,0.0,,,0.0,0.0,2025-08-27,126,0.0,0.0,0.0,0.0,0.0,0.0,0.0,0.0,195.0,0.0,295.0820512820513,0.0,0.0,19409.0,0.0,0.0,9_C,1106.01,0.0,,1,0,0,1
677,Bandi Supermarket,Modern Trade,5,33,90,Ludhiana,C,4605.76,3.0,1535.2533333333333,0.0,0.0,,,-4605.76,-3.0,2025-12-28,3,14.0,5.0,9.0,1.0,1.0,38.0,1.0,0.23333333333333334,0.0,0.0,0.0,0.0,4605.76,16797.21,27.41979173922336,4605.76,5_C,1965.2,2.343659678404234,,0,0,0,1
678,Patla Traders,Convenience,12,8,50,Patna,B,3041.0699999999997,2.0,1520.5349999999999,2968.1099999999997,2.0,0.024581299210608785,0.0,-72.96000000000004,0.0,2025-12-24,7,15.0,5.0,8.0,1.0,1.0,10.0,1.0,0.23333333333333334,0.0,0.0,0.0,0.0,3041.0699999999997,43217.29,7.03669758099131,3041.0699999999997,12_B,6060.66,0.5017720842284503,0.1257016775083822,0,0,0,1
679,Deep Supermarket,Convenience,12,8,92,Guwahati,B,8601.4,4.0,2150.35,6624.46,3.0,0.29843036262578376,0.3333333333333333,-1976.9399999999996,-1.0,2025-12-25,6,19.0,5.0,13.0,1.0,0.0,20.0,0.0,0.23333333333333334,0.0,0.0,0.0,0.0,8601.4,38320.52,22.445937581222804,8601.4,12_B,6060.66,1.4192183689565163,0.3995507409235572,0,0,0,1
680,Chana Traders,General Trade,4,13,62,Patna,A,38430.11,6.0,6405.018333333333,33801.770000000004,5.0,0.13692596571126292,0.2,-4628.3399999999965,-1.0,2025-12-26,5,50.0,5.0,15.0,3.0,1.0,22.333333333333332,0.3333333333333333,0.7000000000000001,195.0,0.0,70.37435897435897,0.0,38430.11,72165.91,53.25244287780754,12810.036666666667,4_A,22237.399999999998,1.7281746067435944,0.06802572276527771,0,0,0,1
681,Merchant Supermarket,General Trade,4,2,60,Guwahati,A,23822.47,4.0,5955.6175,19888.2,3.0,0.19781930994257904,0.3333333333333333,-3934.2700000000004,-1.0,2025-12-25,6,40.0,5.0,15.0,5.0,4.0,23.0,0.8,1.1666666666666667,195.0,1.0,58.753846153846155,0.005128205128205128,23822.47,64916.7,36.69698244057385,4764.494000000001,4_A,22237.399999999998,1.071279466124637,0.12891906699659383,0,0,0,1
682,Narain Supermarket,Convenience,6,25,86,Mumbai,C,701.29,1.0,701.29,6081.28,3.0,-0.8846805277836245,-0.6666666666666666,5379.99,2.0,2025-12-30,1,19.0,5.0,12.0,2.0,2.0,26.5,1.0,0.4666666666666667,0.0,0.0,0.0,0.0,701.29,21835.15,3.211748030125737,350.645,6_C,1535.8200000000002,0.45662252086833083,-0.3747971876352719,0,1,0,1
683,Sagar Supermarket,Pharmacy,8,14,69,Kolkata,B,8898.279999999999,2.0,4449.139999999999,20485.9,6.0,-0.5656388052270099,-0.6666666666666666,11587.620000000003,4.0,2025-12-31,0,39.0,5.0,15.0,1.0,1.0,42.0,1.0,0.23333333333333334,195.0,0.0,187.55384615384617,0.0,8898.279999999999,43472.84,20.46859602455234,8898.279999999999,8_B,5652.47,1.5742286115627324,-0.3850304882371083,0,1,0,1
684,Gill Supermarket,Supermarket,2,26,38,Ahmedabad,A,27465.370000000003,6.0,4577.561666666667,32588.88,7.0,-0.1572165106625327,-0.14285714285714285,5123.509999999998,1.0,2025-12-31,0,44.0,5.0,14.0,0.0,0.0,0.0,0.0,0.0,0.0,0.0,0.0,0.0,29248.170000000002,58095.44,50.34503568610549,0.0,2_A,21794.730000000003,1.260183998608838,-0.29199017304319763,0,1,0,1
685,Iyer Supermarket,General Trade,4,7,81,Ranchi,C,0.0,0.0,0.0,0.0,0.0,,,0.0,0.0,2025-10-02,90,0.0,0.0,0.0,2.0,1.0,25.5,0.5,0.4666666666666667,0.0,0.0,0.0,0.0,0.0,18845.7,0.0,0.0,4_C,1263.49,0.0,,1,0,0,1
686,Deo Mart,Convenience,4,7,4,Patna,B,5220.66,1.0,5220.66,8753.4,4.0,-0.40358489272739734,-0.75,3532.74,3.0,2025-12-22,9,25.0,5.0,13.0,3.0,2.0,28.333333333333332,0.6666666666666666,0.7000000000000001,0.0,0.0,0.0,0.0,5220.66,39003.92,13.384962331991247,1740.22,4_B,5210.49,1.0019518317854943,-0.21233296411644428,0,1,0,1
687,Zacharia Retail,General Trade,5,22,17,Ludhiana,B,9406.87,3.0,3135.6233333333334,6731.210000000001,3.0,0.39750059796084203,0.0,-2675.66,0.0,2025-12-28,3,19.0,5.0,10.0,3.0,1.0,34.333333333333336,0.3333333333333333,0.7000000000000001,0.0,0.0,0.0,0.0,9406.87,40293.56,23.345839881112518,3135.6233333333334,5_B,6391.82,1.4717044597626343,0.7502172055304129,0,0,0,1
688,Pau Retail,Modern Trade,9,3,95,Jaipur,C,0.0,0.0,0.0,0.0,0.0,,,0.0,0.0,2025-09-09,113,0.0,0.0,0.0,1.0,0.0,35.0,0.0,0.23333333333333334,195.0,0.0,300.04102564102567,0.0,0.0,18820.52,0.0,0.0,9_C,1106.01,0.0,,1,0,0,1
689,Wali Retail,General Trade,7,28,24,Coimbatore,C,0.0,0.0,0.0,861.97,1.0,-1.0,-1.0,861.97,1.0,2025-11-11,50,4.0,4.0,4.0,3.0,2.0,29.0,0.6666666666666666,0.7000000000000001,0.0,0.0,0.0,0.0,0.0,21724.82,0.0,0.0,7_C,1610.4699999999998,0.0,-0.5522856147365374,1,1,0,1
690,Thaker Mart,Pharmacy,12,10,64,Ranchi,C,7251.73,3.0,2417.2433333333333,413.24,1.0,16.548470622398604,2.0,-6838.49,-2.0,2025-12-24,7,16.0,5.0,12.0,3.0,1.0,12.666666666666666,0.3333333333333333,0.7000000000000001,0.0,0.0,0.0,0.0,7251.73,18877.71,38.41424621948319,2417.2433333333333,12_C,1525.54,4.753549562777771,17.136905797847447,0,0,0,1
691,Mahajan Retail,General Trade,10,15,94,Ahmedabad,A,0.0,0.0,0.0,0.0,0.0,,,0.0,0.0,2025-11-01,60,22.0,5.0,11.0,4.0,4.0,24.0,1.0,0.9333333333333333,0.0,0.0,0.0,0.0,0.0,56052.95,0.0,0.0,10_A,24727.44,0.0,,1,0,0,1
692,Gala Supermarket,Modern Trade,4,1,39,Ranchi,C,0.0,0.0,0.0,718.09,1.0,-1.0,-1.0,718.09,1.0,2025-12-01,30,12.0,4.0,6.0,2.0,1.0,30.5,0.5,0.4666666666666667,0.0,0.0,0.0,0.0,718.09,16764.21,4.283470560199378,0.0,4_C,1263.49,0.0,-0.3515857436221601,0,1,0,1
693,Kurian Traders,General Trade,8,14,34,Bhubaneswar,B,2225.75,2.0,1112.875,5212.92,3.0,-0.5730320050950332,-0.3333333333333333,2987.17,1.0,2025-12-30,1,13.0,5.0,11.0,0.0,0.0,0.0,0.0,0.0,0.0,0.0,0.0,0.0,2225.75,33418.84,6.660165343859931,0.0,8_B,5652.47,0.3937659111857294,-0.3924236881051315,0,1,0,1
694,Subramaniam General Store,General Trade,12,8,87,Patna,C,4063.99,2.0,2031.995,0.0,0.0,,,-4063.99,-2.0,2025-12-19,12,7.0,4.0,7.0,4.0,0.0,37.5,0.0,0.9333333333333333,0.0,0.0,0.0,0.0,4063.99,17452.87,23.285511208185245,1015.9975,12_C,1525.54,2.6639681686484784,,0,0,0,1
695,Merchant Retail,General Trade,7,28,79,Hyderabad,B,0.0,0.0,0.0,7660.780000000001,3.0,-1.0,-1.0,7660.780000000001,3.0,2025-11-29,32,20.0,5.0,12.0,0.0,0.0,0.0,0.0,0.0,0.0,0.0,0.0,0.0,0.0,32655.32,0.0,0.0,7_B,6107.09,0.0,-0.780071977227084,1,1,0,1
696,Nigam Supermarket,Modern Trade,1,34,99,Jaipur,C,0.0,0.0,0.0,604.13,1.0,-1.0,-1.0,604.13,1.0,2025-11-05,56,5.0,3.0,5.0,2.0,2.0,39.5,1.0,0.4666666666666667,0.0,0.0,0.0,0.0,0.0,20977.19,0.0,0.0,1_C,1475.75,0.0,-0.3734276773884362,1,1,0,1
697,Contractor General Store,General Trade,4,2,41,Guwahati,A,41632.909999999996,6.0,6938.818333333333,20210.16,4.0,1.0599990301907554,0.5,-21422.749999999996,-2.0,2025-12-31,0,56.0,5.0,15.0,3.0,2.0,25.0,0.6666666666666666,0.7000000000000001,0.0,0.0,0.0,0.0,41632.909999999996,64883.48,64.1656551097444,13877.636666666665,4_A,22237.399999999998,1.872202235872899,0.9910987872447702,0,0,0,1
698,Sidhu Retail,Supermarket,3,23,88,Kochi,B,5302.3099999999995,2.0,2651.1549999999997,4417.5599999999995,2.0,0.2002802452032344,0.0,-884.75,0.0,2025-12-12,19,14.0,4.0,9.0,2.0,2.0,33.0,1.0,0.4666666666666667,0.0,0.0,0.0,0.0,5302.3099999999995,33774.53,15.699137782228204,2651.1549999999997,3_B,5507.8,0.9626910926322668,0.43963117450000944,0,0,0,1
699,Borra Mart,Convenience,4,2,8,Guwahati,C,2631.52,2.0,1315.76,1680.11,1.0,0.5662783984381976,1.0,-951.4100000000001,-1.0,2025-12-11,20,14.0,5.0,9.0,2.0,1.0,34.5,0.5,0.4666666666666667,0.0,0.0,0.0,0.0,2631.52,16654.89,15.800284481014284,1315.76,4_C,1263.49,2.082739079850256,1.2146926548160375,0,0,0,1
700,Dhaliwal Supermarket,Modern Trade,4,13,12,Guwahati,A,24154.8,3.0,8051.599999999999,31015.13,3.0,-0.2211930112819131,0.0,6860.330000000002,0.0,2025-12-27,4,28.0,5.0,14.0,3.0,2.0,25.333333333333332,0.6666666666666666,0.7000000000000001,0.0,0.0,0.0,0.0,24154.8,64338.4,37.54336446041555,8051.599999999999,4_A,22237.399999999998,1.0862241089335984,-0.29009325422789833,0,1,0,1
701,Kara General Store,Pharmacy,2,26,38,Surat,C,0.0,0.0,0.0,1689.68,1.0,-1.0,-1.0,1689.68,1.0,2025-11-07,54,16.0,5.0,11.0,1.0,0.0,9.0,0.0,0.23333333333333334,0.0,0.0,0.0,0.0,0.0,19655.18,0.0,0.0,2_C,1065.73,0.0,-0.5661759345923834,1,1,0,1
702,Ranganathan General Store,Supermarket,3,18,89,Hyderabad,B,0.0,0.0,0.0,8660.99,2.0,-1.0,-1.0,8660.99,2.0,2025-11-11,50,12.0,3.0,5.0,1.0,1.0,40.0,1.0,0.23333333333333334,0.0,0.0,0.0,0.0,0.0,41001.08,0.0,0.0,3_B,5507.8,0.0,-0.760649070703225,1,1,0,1
703,Pau Retail,Modern Trade,4,2,8,Patna,C,390.63,1.0,390.63,2255.81,2.0,-0.8268338202242209,-0.5,1865.1799999999998,1.0,2025-12-07,24,10.0,5.0,9.0,0.0,0.0,0.0,0.0,0.0,0.0,0.0,0.0,0.0,390.63,17783.53,2.1965830181072037,0.0,4_C,1263.49,0.3091674647207338,-0.17841956384638102,0,1,0,1
704,Chana Traders,General Trade,7,28,79,Kochi,A,16979.56,2.0,8489.78,29228.7,4.0,-0.4190791927112735,-0.5,12249.14,2.0,2025-12-29,2,37.0,5.0,14.0,4.0,3.0,16.75,0.75,0.9333333333333333,0.0,0.0,0.0,0.0,16979.56,67519.09,25.14779153569754,4244.89,7_A,22880.32,0.7421032572971008,-0.415092876929631,0,1,0,1
705,Rana Retail,General Trade,7,28,79,Bengaluru,C,2495.38,1.0,2495.38,3713.41,1.0,-0.32800848815509187,0.0,1218.0299999999997,0.0,2025-12-04,27,13.0,5.0,11.0,1.0,1.0,27.0,1.0,0.23333333333333334,0.0,0.0,0.0,0.0,2495.38,18353.48,13.596222623720408,2495.38,7_C,1610.4699999999998,1.5494731351717204,0.11970589710837076,0,1,0,1
706,Atwal Traders,Modern Trade,10,15,100,Surat,A,27734.39,4.0,6933.5975,23082.02,4.0,0.20155818251608823,0.0,-4652.369999999999,0.0,2025-12-28,3,37.0,5.0,13.0,0.0,0.0,0.0,0.0,0.0,0.0,0.0,0.0,0.0,27734.39,66594.4,41.64673005538003,0.0,10_A,24727.44,1.121603772974477,0.04335788185449477,0,0,0,1
707,Lalla Retail,Pharmacy,6,25,86,Surat,B,5189.31,3.0,1729.7700000000002,14935.52,3.0,-0.6525524387500401,0.0,9746.21,0.0,2025-12-28,3,25.0,5.0,10.0,0.0,0.0,0.0,0.0,0.0,0.0,0.0,0.0,0.0,5189.31,43605.91,11.900474041248078,0.0,6_B,5118.745000000001,1.0137856056513852,-0.38326337802842936,0,1,0,1
708,Yadav General Store,Convenience,4,13,62,Ranchi,B,11820.4,2.0,5910.2,9961.83,3.0,0.18656913438595116,-0.3333333333333333,-1858.5699999999997,1.0,2025-12-10,21,34.0,5.0,12.0,4.0,3.0,25.0,0.75,0.9333333333333333,0.0,0.0,0.0,0.0,11820.4,39329.9,30.05448780698654,2955.1,4_B,5210.49,2.2685774274588377,0.3778210629969042,0,0,0,1
709,Dasgupta Retail,Supermarket,12,10,16,Guwahati,B,12552.630000000001,3.0,4184.21,10937.6,2.0,0.147658535693388,0.5,-1615.0300000000007,-1.0,2025-12-24,7,26.0,5.0,12.0,2.0,1.0,22.5,0.5,0.4666666666666667,0.0,0.0,0.0,0.0,12552.630000000001,36969.56,33.953961042544194,6276.3150000000005,12_B,6060.66,2.0711655166269023,0.24877891399116142,0,0,0,1
710,Sha Retail,General Trade,3,18,83,Bengaluru,B,12442.98,3.0,4147.66,0.0,0.0,,,-12442.98,-3.0,2025-12-24,7,19.0,5.0,11.0,0.0,0.0,0.0,0.0,0.0,195.0,0.0,209.7128205128205,0.0,12442.98,42417.79,29.334342972606542,0.0,3_B,5507.8,2.2591561058861975,,0,0,0,1
711,Pillay General Store,Pharmacy,3,18,83,Chennai,A,46088.1,9.0,5120.9,14481.92,2.0,2.1824578508926993,3.5,-31606.18,-7.0,2025-12-29,2,48.0,5.0,15.0,3.0,3.0,30.333333333333332,1.0,0.7000000000000001,0.0,0.0,0.0,0.0,46088.1,59801.06,77.06903523114808,15362.699999999999,3_A,19782.739999999998,2.3297126687203087,2.1318500049202362,0,0,0,1
712,Lala Traders,Modern Trade,6,31,14,Ahmedabad,B,0.0,0.0,0.0,8676.699999999999,2.0,-1.0,-1.0,8676.699999999999,2.0,2025-11-30,31,12.0,5.0,8.0,3.0,0.0,30.666666666666668,0.0,0.7000000000000001,0.0,0.0,0.0,0.0,0.0,43246.47,0.0,0.0,6_B,5118.745000000001,0.0,-0.7307109392783893,1,1,0,1
713,Raj Supermarket,Supermarket,5,16,31,Lucknow,B,18411.41,5.0,3682.282,14952.349999999999,5.0,0.2313388865295423,0.0,-3459.0600000000013,0.0,2025-12-30,1,32.0,5.0,14.0,1.0,0.0,37.0,0.0,0.23333333333333334,0.0,0.0,0.0,0.0,18411.41,41677.99,44.1753788990304,18411.41,5_B,6391.82,2.880464406069007,0.5840554940991132,0,0,0,1
714,Prabhu Retail,General Trade,1,17,3,Delhi,B,24508.84,6.0,4084.806666666667,11222.77,3.0,1.1838494418044743,1.0,-13286.07,-3.0,2025-12-30,1,27.0,5.0,14.0,2.0,1.0,35.5,0.5,0.4666666666666667,0.0,0.0,0.0,0.0,24508.84,32509.44,75.38991751319001,12254.42,1_B,5467.655000000001,4.482513984514385,1.1858966800459734,0,0,0,1
715,Chokshi Supermarket,Modern Trade,6,25,86,Nashik,B,5885.17,2.0,2942.585,1660.83,2.0,2.5435113768416997,0.0,-4224.34,0.0,2025-12-31,0,13.0,5.0,11.0,2.0,0.0,40.5,0.0,0.4666666666666667,0.0,0.0,0.0,0.0,7196.1,38957.71,18.471568272365086,2942.585,6_B,5118.745000000001,1.149729083984453,2.81280043756331,0,0,0,1
716,Kaur General Store,Pharmacy,6,25,5,Pune,B,8507.2,2.0,4253.6,12608.560000000001,2.0,-0.32528377546682574,0.0,4101.360000000001,0.0,2025-12-28,3,22.0,5.0,12.0,0.0,0.0,0.0,0.0,0.0,0.0,0.0,0.0,0.0,8507.2,33365.73,25.49681964099092,0.0,6_B,5118.745000000001,1.6619698773820535,-0.055994714745215,0,1,0,1
717,Sinha General Store,Supermarket,5,33,90,Jaipur,A,39333.84,4.0,9833.46,18072.449999999997,3.0,1.176453109567325,0.3333333333333333,-21261.39,-1.0,2025-12-10,21,36.0,5.0,14.0,5.0,2.0,22.4,0.4,1.1666666666666667,0.0,0.0,0.0,0.0,39333.84,56297.82,69.86743003547916,7866.767999999999,5_A,23936.755,1.6432402804807917,1.1756941375810386,0,0,0,1
718,Bakshi General Store,General Trade,4,2,22,Guwahati,A,14434.369999999999,2.0,7217.1849999999995,8665.529999999999,3.0,0.6657226967075298,-0.3333333333333333,-5768.84,1.0,2025-12-16,15,38.0,5.0,14.0,1.0,1.0,41.0,1.0,0.23333333333333334,0.0,0.0,0.0,0.0,14434.369999999999,59630.19,24.206479972644726,14434.369999999999,4_A,22237.399999999998,0.6491033124376051,0.5968224537615446,0,0,0,1
719,Narang Traders,Supermarket,2,29,9,Pune,B,3624.81,2.0,1812.405,8363.43,3.0,-0.5665881103805497,-0.3333333333333333,4738.620000000001,1.0,2025-12-30,1,15.0,4.0,8.0,3.0,1.0,17.666666666666668,0.3333333333333333,0.7000000000000001,0.0,0.0,0.0,0.0,3624.81,38094.52,9.515305613510815,1208.27,2_B,7635.110000000001,0.4747554390179054,-0.7423557560611537,0,1,0,1
720,Kant Mart,General Trade,12,8,18,Patna,C,4038.2,1.0,4038.2,0.0,0.0,,,-4038.2,-1.0,2025-12-24,7,14.0,5.0,8.0,3.0,1.0,29.0,0.3333333333333333,0.7000000000000001,0.0,0.0,0.0,0.0,4038.2,16948.06,23.826915882997817,1346.0666666666666,12_C,1525.54,2.6470626794446557,,0,0,0,1
721,Bhatnagar Mart,Supermarket,12,19,36,Bhubaneswar,C,0.0,0.0,0.0,1644.54,1.0,-1.0,-1.0,1644.54,1.0,2025-11-09,52,2.0,2.0,2.0,0.0,0.0,0.0,0.0,0.0,0.0,0.0,0.0,0.0,0.0,16410.64,0.0,0.0,12_C,1525.54,0.0,-0.41156482455115484,1,1,0,1
722,Shetty Supermarket,Pharmacy,10,4,6,Pune,A,40817.86,5.0,8163.572,33066.19,4.0,0.23442888340023443,0.25,-7751.669999999998,-1.0,2025-12-31,0,45.0,5.0,14.0,3.0,2.0,21.0,0.6666666666666666,0.7000000000000001,0.0,0.0,0.0,0.0,40817.86,69146.69,59.030822733524914,13605.953333333333,10_A,24727.44,1.6507111128365897,0.07622858273864097,0,0,0,1
723,Mittal General Store,Convenience,3,18,11,Bengaluru,A,28586.7,6.0,4764.45,16961.67,2.0,0.6853706032483832,2.0,-11625.030000000002,-4.0,2025-12-28,3,38.0,5.0,15.0,1.0,0.0,16.0,0.0,0.23333333333333334,0.0,0.0,0.0,0.0,34913.55,73959.16,47.20652587184603,28586.7,3_A,19782.739999999998,1.4450323868180042,0.63476275727592,0,0,0,1
724,Rege Retail,Convenience,3,18,89,Chennai,B,0.0,0.0,0.0,0.0,0.0,,,0.0,0.0,2025-10-15,77,11.0,4.0,6.0,5.0,2.0,26.8,0.4,1.1666666666666667,0.0,0.0,0.0,0.0,0.0,35356.79,0.0,0.0,3_B,5507.8,0.0,,1,0,0,1
725,Dada Traders,Convenience,7,28,79,Bengaluru,C,762.57,1.0,762.57,0.0,0.0,,,-762.57,-1.0,2025-12-17,14,3.0,2.0,3.0,4.0,2.0,25.75,0.5,0.9333333333333333,0.0,0.0,0.0,0.0,762.57,20678.64,3.6877183412448793,190.6425,7_C,1610.4699999999998,0.4735077337671612,,0,0,0,1
726,Dey Mart,Modern Trade,6,21,45,Surat,A,29926.93,4.0,7481.7325,27514.89,4.0,0.08766307988147512,0.0,-2412.040000000001,0.0,2025-12-26,5,47.0,5.0,14.0,4.0,3.0,25.75,0.75,0.9333333333333333,0.0,0.0,0.0,0.0,29926.93,73589.01,40.6676621957545,7481.7325,6_A,21985.86,1.361189873855287,0.012263574111146758,0,0,0,1
727,Bath Supermarket,Convenience,6,21,80,Ahmedabad,C,1593.0,1.0,1593.0,3044.65,1.0,-0.47678715123248977,0.0,1451.65,0.0,2025-12-15,16,13.0,5.0,10.0,1.0,0.0,32.0,0.0,0.23333333333333334,0.0,0.0,0.0,0.0,1593.0,20216.97,7.879519037719302,1593.0,6_C,1535.8200000000002,1.037230925499082,0.0330961889158628,0,1,0,1
728,Barad General Store,Modern Trade,1,34,27,Chandigarh,A,51850.96,5.0,10370.192,21575.620000000003,3.0,1.4032199306439395,0.6666666666666666,-30275.339999999997,-2.0,2025-12-24,7,41.0,5.0,13.0,0.0,0.0,0.0,0.0,0.0,0.0,0.0,0.0,0.0,51850.96,73561.21,70.48682315040766,0.0,1_A,22934.37,2.2608408253638537,1.314887456441478,0,0,0,1
729,Modi General Store,General Trade,12,10,64,Bhubaneswar,A,25180.370000000003,4.0,6295.092500000001,45705.83,8.0,-0.44907750280434683,-0.5,20525.46,4.0,2025-12-29,2,46.0,5.0,14.0,4.0,4.0,25.5,1.0,0.9333333333333333,0.0,0.0,0.0,0.0,25180.370000000003,59214.14,42.52425180877405,6295.092500000001,12_A,24540.835,1.0260600342245896,-0.5787990244042844,0,1,0,1
730,Tailor Traders,General Trade,10,32,33,Ahmedabad,C,1138.38,1.0,1138.38,1447.8,1.0,-0.21371736427683372,0.0,309.41999999999985,0.0,2025-12-04,27,14.0,4.0,10.0,1.0,1.0,22.0,1.0,0.23333333333333334,0.0,0.0,0.0,0.0,1138.38,18155.33,6.270224776966324,1138.38,10_C,1784.86,0.6377979225261367,-0.03648266751885473,0,1,0,1
731,D’Alia Traders,Convenience,1,17,23,Jaipur,C,3711.79,2.0,1855.895,4135.79,1.0,-0.10251971207435581,1.0,424.0,-1.0,2025-12-18,13,9.0,5.0,6.0,1.0,0.0,35.0,0.0,0.23333333333333334,0.0,0.0,0.0,0.0,3711.79,19443.38,19.09025076915639,3711.79,1_C,1475.75,2.5151888870066066,0.524052610537208,0,0,0,1
732,Chatterjee Mart,Supermarket,8,36,76,Guwahati,B,10829.35,2.0,5414.675,0.0,0.0,,,-10829.35,-2.0,2025-12-25,6,9.0,4.0,7.0,3.0,2.0,23.333333333333332,0.6666666666666666,0.7000000000000001,0.0,0.0,0.0,0.0,10829.35,38683.93,27.994441102545682,3609.7833333333333,8_B,5652.47,1.9158615614058987,,0,0,0,1
733,Keer Mart,Pharmacy,7,20,13,Chennai,C,3423.34,1.0,3423.34,0.0,0.0,,,-3423.34,-1.0,2025-12-30,1,22.0,5.0,13.0,0.0,0.0,0.0,0.0,0.0,0.0,0.0,0.0,0.0,3423.34,18468.6,18.536001646037057,0.0,7_C,1610.4699999999998,2.1256775972231714,,0,0,0,1
734,Yogi Mart,Modern Trade,10,32,63,Mumbai,C,4448.9400000000005,3.0,1482.9800000000002,8427.94,2.0,-0.4721201147611397,0.5,3979.0,-1.0,2025-12-21,10,23.0,5.0,11.0,0.0,0.0,0.0,0.0,0.0,0.0,0.0,0.0,0.0,4448.9400000000005,21550.44,20.64431167066659,0.0,10_C,1784.86,2.492598859294287,-0.2948854180031607,0,1,0,1
735,Deshmukh Mart,Supermarket,4,13,48,Bhubaneswar,B,12170.36,4.0,3042.59,16663.37,5.0,-0.26963393359206445,-0.2,4493.009999999998,1.0,2025-12-28,3,38.0,5.0,14.0,0.0,0.0,0.0,0.0,0.0,195.0,0.0,197.0974358974359,0.0,17894.260000000002,38915.62,45.9822045749239,0.0,4_B,5210.49,2.33574193597915,-0.07838200498111139,0,1,0,1
736,Rama Mart,General Trade,6,25,5,Nashik,A,17898.41,3.0,5966.136666666666,11503.82,3.0,0.555866659944262,0.0,-6394.59,0.0,2025-12-17,14,32.0,5.0,14.0,2.0,1.0,25.0,0.5,0.4666666666666667,0.0,0.0,0.0,0.0,17898.41,71374.62,25.07671494433175,8949.205,6_A,21985.86,0.814087327036559,0.4804671541739336,0,0,0,1
737,Setty Retail,Convenience,6,31,98,Ahmedabad,B,2329.91,2.0,1164.955,1960.68,1.0,0.1883173184813431,1.0,-369.2299999999998,-1.0,2025-12-10,21,14.0,5.0,9.0,3.0,2.0,14.333333333333334,0.6666666666666666,0.7000000000000001,0.0,0.0,0.0,0.0,2329.91,39969.48,5.829222696917748,776.6366666666667,6_B,5118.745000000001,0.45517211738424157,0.45760637920295383,0,0,0,1
738,Prabhakar Mart,General Trade,4,2,22,Guwahati,C,4623.9,2.0,2311.95,3064.07,1.0,0.5090712679540609,1.0,-1559.8299999999995,-1.0,2025-12-18,13,26.0,5.0,13.0,3.0,2.0,25.0,0.6666666666666666,0.7000000000000001,0.0,0.0,0.0,0.0,4623.9,17902.68,25.827976593448575,1541.3,4_C,1263.49,3.6596253235086937,1.1574855243319009,0,0,0,1
739,Zachariah Retail,General Trade,8,36,76,Ranchi,C,0.0,0.0,0.0,0.0,0.0,,,0.0,0.0,2025-09-02,120,0.0,0.0,0.0,1.0,1.0,27.0,1.0,0.23333333333333334,195.0,0.0,292.91282051282053,0.0,0.0,20004.69,0.0,0.0,8_C,1474.47,0.0,,1,0,0,1
740,Saini Mart,Convenience,4,1,32,Patna,B,6153.56,2.0,3076.78,9530.720000000001,4.0,-0.35434468749475384,-0.5,3377.1600000000008,2.0,2025-12-26,5,22.0,5.0,14.0,2.0,2.0,10.0,1.0,0.4666666666666667,0.0,0.0,0.0,0.0,6153.56,37754.72,16.298783304445113,3076.78,4_B,5210.49,1.1809944938000074,-0.1630927588838008,0,1,0,1
741,Dubey Traders,Convenience,4,13,54,Kolkata,A,10141.64,2.0,5070.82,11993.04,5.0,-0.1543728695977001,-0.6,1851.4000000000015,3.0,2025-12-21,10,25.0,5.0,13.0,1.0,1.0,41.0,1.0,0.23333333333333334,0.0,0.0,0.0,0.0,10141.64,62059.57,16.34178258083322,10141.64,4_A,22237.399999999998,0.4560623094426507,-0.22327311254368531,0,1,0,1
742,Sachdeva Mart,General Trade,5,33,90,Delhi,B,10250.48,3.0,3416.8266666666664,4261.09,1.0,1.405600444956572,2.0,-5989.389999999999,-2.0,2025-12-15,16,14.0,5.0,8.0,1.0,1.0,14.0,1.0,0.23333333333333334,0.0,0.0,0.0,0.0,10250.48,41323.85,24.80523958924447,10250.48,5_B,6391.82,1.6036872127187562,1.758317052526143,0,0,0,1
743,Chaudhary Mart,General Trade,7,12,28,Chennai,B,4651.17,3.0,1550.39,4772.71,3.0,-0.02546561597080065,0.0,121.53999999999996,0.0,2025-12-22,9,27.0,5.0,13.0,0.0,0.0,0.0,0.0,0.0,0.0,0.0,0.0,0.0,4651.17,39889.79,11.660051356499997,0.0,7_B,6107.09,0.761601679359564,0.19446240680211535,0,0,0,1
744,Suri Supermarket,General Trade,3,18,91,Kochi,C,2876.62,1.0,2876.62,4410.5,2.0,-0.3477791633601633,-0.5,1533.88,1.0,2025-12-31,0,15.0,5.0,9.0,4.0,3.0,32.75,0.75,0.9333333333333333,0.0,0.0,0.0,0.0,2876.62,18132.86,15.864127335676775,719.155,3_C,1975.87,1.4558751334855027,0.009402626728383823,0,1,0,1
745,Reddy Retail,Pharmacy,3,18,91,Kochi,A,15920.77,4.0,3980.1925,15611.29,4.0,0.019824114471001405,0.0,-309.47999999999956,0.0,2025-12-22,9,29.0,5.0,13.0,2.0,1.0,40.0,0.5,0.4666666666666667,195.0,0.0,63.63076923076923,0.0,15920.77,66975.21,23.77113860486589,7960.385,3_A,19782.739999999998,0.8047808342019357,-0.030783731501461787,0,0,0,1
746,Mammen Retail,Convenience,6,21,10,Surat,C,7231.24,2.0,3615.62,40.92,1.0,175.71652003910066,1.0,-7190.32,-1.0,2025-12-19,12,9.0,4.0,5.0,0.0,0.0,0.0,0.0,0.0,0.0,0.0,0.0,0.0,7231.24,18838.82,38.38478206172149,0.0,6_C,1535.8200000000002,4.7083903061556684,176.226403379249,0,0,0,1
747,Bali Mart,General Trade,5,33,90,Ludhiana,B,14702.99,4.0,3675.7475,4248.72,1.0,2.460569300871792,3.0,-10454.27,-3.0,2025-12-14,17,18.0,5.0,11.0,0.0,0.0,0.0,0.0,0.0,0.0,0.0,0.0,0.0,14702.99,36394.92,40.3984676982392,0.0,5_B,6391.82,2.3002822357325456,2.8132859084413626,0,0,0,1
748,Prabhakar General Store,Pharmacy,12,35,66,Patna,C,3620.35,1.0,3620.35,2287.39,1.0,0.5827427767018305,0.0,-1332.96,0.0,2025-12-30,1,13.0,5.0,9.0,1.0,0.0,35.0,0.0,0.23333333333333334,0.0,0.0,0.0,0.0,3620.35,21369.95,16.941312450426885,3620.35,12_C,1525.54,2.3731596680519687,1.1711779521506758,0,0,0,1
749,Kalla General Store,Convenience,5,16,47,Jaipur,C,4012.72,3.0,1337.5733333333333,0.0,0.0,,,-4012.72,-3.0,2025-12-28,3,15.0,4.0,10.0,5.0,3.0,26.6,0.6,1.1666666666666667,0.0,0.0,0.0,0.0,4012.72,16582.59,24.198391204269054,802.544,5_C,1965.2,2.041888866273153,,0,0,0,1
750,Sawhney Traders,Convenience,5,16,31,Ludhiana,A,0.0,0.0,0.0,5871.37,2.0,-1.0,-1.0,5871.37,2.0,2025-11-14,47,19.0,5.0,11.0,5.0,4.0,25.6,0.8,1.1666666666666667,0.0,0.0,0.0,0.0,0.0,72311.45,0.0,0.0,5_A,23936.755,0.0,-1.0007589719862864,1,1,0,1
751,Saxena Supermarket,Pharmacy,5,16,42,Chandigarh,C,0.0,0.0,0.0,0.0,0.0,,,0.0,0.0,2025-09-19,103,0.0,0.0,0.0,0.0,0.0,0.0,0.0,0.0,0.0,0.0,0.0,0.0,0.0,21764.53,0.0,0.0,5_C,1965.2,0.0,,1,0,0,1
752,Keer General Store,Pharmacy,4,1,58,Ranchi,B,3747.77,1.0,3747.77,0.0,0.0,,,-3747.77,-1.0,2025-12-06,25,10.0,4.0,9.0,0.0,0.0,0.0,0.0,0.0,0.0,0.0,0.0,0.0,3747.77,32940.78,11.377295862453774,0.0,4_B,5210.49,0.7192740030208291,,0,0,0,1
753,Patil General Store,Modern Trade,2,26,38,Surat,C,0.0,0.0,0.0,0.0,0.0,,,0.0,0.0,2025-10-31,61,11.0,4.0,6.0,3.0,1.0,26.0,0.3333333333333333,0.7000000000000001,195.0,0.0,306.63589743589745,0.0,0.0,19582.22,0.0,0.0,2_C,1065.73,0.0,,1,0,0,1
754,Chaudhary General Store,General Trade,5,33,51,Jaipur,B,1306.63,1.0,1306.63,3010.16,2.0,-0.5659267281473409,-0.5,1703.5299999999997,1.0,2025-12-27,4,14.0,5.0,9.0,3.0,1.0,21.333333333333332,0.3333333333333333,0.7000000000000001,195.0,0.0,217.15384615384616,0.0,1306.63,32634.36,4.003847478547151,435.54333333333335,5_B,6391.82,0.20442221464309074,-0.21321012057777,0,1,0,1
755,Pillai Supermarket,General Trade,12,10,64,Bhubaneswar,C,0.0,0.0,0.0,681.22,1.0,-1.0,-1.0,681.22,1.0,2025-11-02,59,18.0,5.0,10.0,0.0,0.0,0.0,0.0,0.0,0.0,0.0,0.0,0.0,0.0,20444.42,0.0,0.0,12_C,1525.54,0.0,-0.41156482455115484,1,1,0,1
756,Parmer Traders,General Trade,5,22,17,Lucknow,B,658.54,1.0,658.54,2589.74,2.0,-0.7457119247492027,-0.5,1931.1999999999998,1.0,2025-12-09,22,5.0,3.0,5.0,0.0,0.0,0.0,0.0,0.0,0.0,0.0,0.0,0.0,2111.4700000000003,43206.64,4.886910900731925,0.0,5_B,6391.82,0.10302855837617454,-0.39299531717963176,0,1,0,1
757,Bhat Retail,Supermarket,3,18,67,Hyderabad,B,16391.809999999998,3.0,5463.936666666666,1219.15,1.0,12.445277447401876,2.0,-15172.659999999998,-2.0,2025-12-15,16,28.0,5.0,15.0,3.0,1.0,37.666666666666664,0.3333333333333333,0.7000000000000001,0.0,0.0,0.0,0.0,16391.809999999998,36412.19,45.01736918323231,5463.936666666666,3_B,5507.8,2.9761084280474956,12.684628376698651,0,0,0,1
758,Rao Supermarket,Modern Trade,5,22,71,Lucknow,B,2636.59,2.0,1318.295,0.0,0.0,,,-2636.59,-2.0,2025-12-18,13,9.0,4.0,5.0,0.0,0.0,0.0,0.0,0.0,0.0,0.0,0.0,0.0,2636.59,41337.27,6.378239298337796,0.0,5_B,6391.82,0.41249440691383676,,0,0,0,1
759,Majumdar Retail,General Trade,12,10,30,Ranchi,B,6687.92,3.0,2229.306666666667,716.01,1.0,8.340539936593064,2.0,-5971.91,-2.0,2025-12-20,11,21.0,5.0,12.0,2.0,2.0,15.0,1.0,0.4666666666666667,0.0,0.0,0.0,0.0,6687.92,41590.09,16.080561499145592,3343.96,12_B,6060.66,1.103496978876888,8.441660314890838,0,0,0,1
760,Gupta Retail,Modern Trade,6,21,80,Pune,C,2050.93,1.0,2050.93,933.5799999999999,2.0,1.1968444054071423,-0.5,-1117.35,1.0,2025-12-30,1,13.0,4.0,9.0,1.0,1.0,31.0,1.0,0.23333333333333334,195.0,0.0,303.2564102564103,0.0,2050.93,20259.05,10.123525041894856,2050.93,6_C,1535.8200000000002,1.3353973772968184,1.706727745555495,0,0,0,1
761,Das General Store,Supermarket,3,23,20,Chennai,B,13457.439999999999,4.0,3364.3599999999997,4179.42,2.0,2.219930038139263,1.0,-9278.019999999999,-2.0,2025-12-14,17,17.0,5.0,10.0,1.0,1.0,21.0,1.0,0.23333333333333334,0.0,0.0,0.0,0.0,13457.439999999999,33187.51,40.54971282871176,13457.439999999999,3_B,5507.8,2.4433421692871926,2.459280967436038,0,0,0,1
762,Sha General Store,Supermarket,7,28,24,Chennai,C,1916.65,1.0,1916.65,0.0,0.0,,,-1916.65,-1.0,2025-12-09,22,8.0,5.0,6.0,0.0,0.0,0.0,0.0,0.0,195.0,0.0,287.7128205128205,0.0,1916.65,18820.73,10.183717634756995,0.0,7_C,1610.4699999999998,1.1901184126373048,,0,0,0,1
763,Chand General Store,General Trade,8,36,70,Bhubaneswar,B,3165.98,1.0,3165.98,4882.62,2.0,-0.35158173275823223,-0.5,1716.6399999999999,1.0,2025-12-30,1,17.0,5.0,11.0,0.0,0.0,0.0,0.0,0.0,0.0,0.0,0.0,0.0,3165.98,41586.52,7.612995749584241,0.0,8_B,5652.47,0.5601055821614268,-0.17097341576833058,0,1,0,1
764,Kala Supermarket,Convenience,12,19,59,Patna,A,28323.78,5.0,5664.755999999999,14629.32,3.0,0.9360968247327969,0.6666666666666666,-13694.46,-2.0,2025-12-22,9,34.0,5.0,14.0,1.0,1.0,20.0,1.0,0.23333333333333334,195.0,0.0,78.37435897435897,0.0,28323.78,57593.6,49.17869346594066,28323.78,12_A,24540.835,1.154148992892866,0.8063753031328593,0,0,0,1
765,Bail Supermarket,Pharmacy,2,26,38,Nashik,C,0.0,0.0,0.0,0.0,0.0,,,0.0,0.0,2025-10-15,77,5.0,3.0,4.0,1.0,0.0,8.0,0.0,0.23333333333333334,0.0,0.0,0.0,0.0,0.0,20633.79,0.0,0.0,2_C,1065.73,0.0,,1,0,0,1
766,Bedi General Store,Supermarket,10,4,6,Pune,C,0.0,0.0,0.0,1296.25,1.0,-1.0,-1.0,1296.25,1.0,2025-11-30,31,7.0,4.0,6.0,0.0,0.0,0.0,0.0,0.0,0.0,0.0,0.0,0.0,0.0,20317.71,0.0,0.0,10_C,1784.86,0.0,-0.822765303242021,1,1,0,1
767,Nath General Store,Convenience,4,1,58,Patna,A,2200.08,1.0,2200.08,26397.91,3.0,-0.9166570383791748,-0.6666666666666666,24197.83,2.0,2025-12-07,24,29.0,5.0,13.0,1.0,1.0,34.0,1.0,0.23333333333333334,0.0,0.0,0.0,0.0,24059.78,61669.6,39.014003658204366,2200.08,4_A,22237.399999999998,0.09893602669376816,-0.98555728132516,0,1,0,1
768,Kohli General Store,Convenience,1,34,99,Chandigarh,A,0.0,0.0,0.0,0.0,0.0,,,0.0,0.0,2025-10-25,67,12.0,4.0,8.0,0.0,0.0,0.0,0.0,0.0,0.0,0.0,0.0,0.0,0.0,63114.79,0.0,0.0,1_A,22934.37,0.0,,1,0,0,1
769,Dass Retail,Convenience,12,35,66,Ranchi,A,19995.13,3.0,6665.043333333334,11138.97,2.0,0.7950609436958715,0.5,-8856.160000000002,-1.0,2025-12-29,2,25.0,5.0,12.0,1.0,1.0,23.0,1.0,0.23333333333333334,0.0,0.0,0.0,0.0,19995.13,74148.79,26.966225612043033,19995.13,12_A,24540.835,0.8147697500920406,0.665339422095934,0,0,0,1
770,Jha Traders,Supermarket,5,16,47,Lucknow,A,28882.99,4.0,7220.7475,18859.320000000003,3.0,0.5314968938434682,0.3333333333333333,-10023.669999999998,-1.0,2025-12-31,0,34.0,5.0,13.0,2.0,1.0,21.0,0.5,0.4666666666666667,0.0,0.0,0.0,0.0,30829.230000000003,61827.73,49.86311158439749,14441.495,5_A,23936.755,1.2066376582790774,0.5307379218571817,0,0,0,1
771,Biswas Supermarket,General Trade,6,21,45,Ahmedabad,C,0.0,0.0,0.0,3504.35,3.0,-1.0,-1.0,3504.35,3.0,2025-11-28,33,12.0,5.0,8.0,1.0,0.0,39.0,0.0,0.23333333333333334,0.0,0.0,0.0,0.0,0.0,20183.67,0.0,0.0,6_C,1535.8200000000002,0.0,-0.49011665985164743,1,1,0,1
772,Johal Traders,Pharmacy,7,28,57,Hyderabad,A,25300.55,5.0,5060.11,15584.980000000001,2.0,0.6233931644442275,1.5,-9715.569999999998,-3.0,2025-12-27,4,22.0,5.0,12.0,4.0,4.0,25.75,1.0,0.9333333333333333,0.0,0.0,0.0,0.0,25300.55,73811.67,34.2771678245459,6325.1375,7_A,22880.32,1.1057778038069397,0.62737948022587,0,0,0,1
773,Kalita Supermarket,Supermarket,12,8,19,Bhubaneswar,B,27186.85,5.0,5437.37,5631.139999999999,2.0,3.827947804529811,1.5,-21555.71,-3.0,2025-12-18,13,33.0,5.0,13.0,2.0,1.0,30.0,0.5,0.4666666666666667,0.0,0.0,0.0,0.0,27186.85,34879.28,77.94555965604795,13593.425,12_B,6060.66,4.485790326466094,3.9290681828275846,0,0,0,1
774,Kaul Retail,Pharmacy,4,13,12,Kolkata,B,5214.39,2.0,2607.195,13781.77,3.0,-0.6216458408462774,-0.3333333333333333,8567.380000000001,1.0,2025-12-14,17,21.0,5.0,12.0,2.0,1.0,25.5,0.5,0.4666666666666667,0.0,0.0,0.0,0.0,5214.39,38534.22,13.531842606389855,2607.195,4_B,5210.49,1.000748490065234,-0.4303939122353243,0,1,0,1
775,Narasimhan Traders,Supermarket,8,14,97,Bhubaneswar,A,0.0,0.0,0.0,19578.41,4.0,-1.0,-1.0,19578.41,4.0,2025-11-23,38,22.0,5.0,11.0,3.0,2.0,24.666666666666668,0.6666666666666666,0.7000000000000001,0.0,0.0,0.0,0.0,0.0,67864.91,0.0,0.0,8_A,21023.8,0.0,-0.9813444181057602,1,1,0,1
776,Divan Traders,Modern Trade,2,26,75,Ahmedabad,B,10995.61,4.0,2748.9025,41.84,1.0,261.80138623326957,3.0,-10953.77,-3.0,2025-12-25,6,17.0,4.0,8.0,3.0,2.0,33.666666666666664,0.6666666666666666,0.7000000000000001,0.0,0.0,0.0,0.0,10995.61,37962.78,28.964185446903524,3665.2033333333334,2_B,7635.110000000001,1.440137732134835,261.625618587589,0,0,0,1
777,Agate Retail,Pharmacy,4,1,39,Ranchi,A,5333.72,2.0,2666.86,2727.11,2.0,0.9558140302371375,0.0,-2606.61,0.0,2025-12-30,1,13.0,5.0,8.0,1.0,1.0,15.0,1.0,0.23333333333333334,0.0,0.0,0.0,0.0,5333.72,70127.34,7.605764028694089,5333.72,4_A,22237.399999999998,0.2398535800048567,0.8869137872911523,0,0,0,1
778,Malhotra Retail,Pharmacy,4,1,32,Kolkata,A,22537.05,3.0,7512.349999999999,17143.64,3.0,0.31460121654444445,0.0,-5393.41,0.0,2025-12-20,11,27.0,5.0,13.0,2.0,2.0,31.5,1.0,0.4666666666666667,195.0,0.0,47.753846153846155,0.0,22537.05,60063.86,37.52181428233217,11268.525,4_A,22237.399999999998,1.013475046543211,0.24570097359845924,0,0,0,1
779,Dhillon Retail,Pharmacy,2,26,75,Surat,C,4567.59,2.0,2283.795,3584.34,2.0,0.27431828453773915,0.0,-983.25,0.0,2025-12-28,3,20.0,5.0,11.0,1.0,1.0,8.0,1.0,0.23333333333333334,0.0,0.0,0.0,0.0,4567.59,17256.92,26.468164655106474,4567.59,2_C,1065.73,4.285879162639693,0.7081423499453559,0,0,0,1
780,De Retail,Modern Trade,12,35,66,Guwahati,A,53519.24,8.0,6689.905,18805.75,2.0,1.8458976642782128,3.0,-34713.49,-6.0,2025-12-31,0,41.0,5.0,14.0,1.0,1.0,21.0,1.0,0.23333333333333334,0.0,0.0,0.0,0.0,53519.24,63316.76,84.52618232518529,53519.24,12_A,24540.835,2.180823920620468,1.7161761426782753,0,0,0,0
781,Zachariah General Store,Supermarket,3,18,89,Chennai,B,18129.37,5.0,3625.874,4505.31,1.0,3.0240005682183906,4.0,-13624.059999999998,-4.0,2025-12-24,7,31.0,5.0,14.0,3.0,2.0,29.0,0.6666666666666666,0.7000000000000001,0.0,0.0,0.0,0.0,18129.37,33629.97,53.90837398903419,6043.123333333333,3_B,5507.8,3.291581030538509,3.2633514975151656,0,0,0,1
782,Krishna General Store,Convenience,8,14,7,Patna,B,3715.6499999999996,2.0,1857.8249999999998,1944.68,2.0,0.9106742497480302,0.0,-1770.9699999999996,0.0,2025-12-27,4,13.0,4.0,9.0,0.0,0.0,0.0,0.0,0.0,0.0,0.0,0.0,0.0,3715.6499999999996,42479.57,8.746910573718141,0.0,8_B,5652.47,0.657349795753007,1.0912825667379318,0,0,0,1
783,Ghosh Retail,Supermarket,1,17,77,Jaipur,B,704.42,1.0,704.42,0.0,0.0,,,-704.42,-1.0,2025-12-18,13,5.0,4.0,5.0,2.0,1.0,27.5,0.5,0.4666666666666667,0.0,0.0,0.0,0.0,704.42,32617.26,2.1596541217747904,352.21,1_B,5467.655000000001,0.12883402482417047,,0,0,0,1
784,Choudhary Mart,General Trade,7,20,13,Coimbatore,C,2542.43,1.0,2542.43,3696.52,1.0,-0.31220986224881786,0.0,1154.0900000000001,0.0,2025-12-25,6,19.0,5.0,12.0,0.0,0.0,0.0,0.0,0.0,0.0,0.0,0.0,0.0,2542.43,18239.99,13.938768606781032,0.0,7_C,1610.4699999999998,1.578688209032146,0.13550452301464477,0,1,0,1
785,Bal Mart,General Trade,12,19,53,Patna,C,0.0,0.0,0.0,4126.8,2.0,-1.0,-1.0,4126.8,2.0,2025-11-27,34,9.0,4.0,7.0,2.0,1.0,17.0,0.5,0.4666666666666667,0.0,0.0,0.0,0.0,0.0,16954.57,0.0,0.0,12_C,1525.54,0.0,-0.41156482455115484,1,1,0,1
786,Deep Supermarket,Convenience,6,21,72,Nashik,C,0.0,0.0,0.0,903.92,1.0,-1.0,-1.0,903.92,1.0,2025-11-16,45,7.0,3.0,7.0,1.0,1.0,29.0,1.0,0.23333333333333334,0.0,0.0,0.0,0.0,0.0,19129.42,0.0,0.0,6_C,1535.8200000000002,0.0,-0.49011665985164743,1,1,0,1
787,Aurora General Store,Modern Trade,4,13,54,Ranchi,C,615.35,1.0,615.35,4490.93,1.0,-0.8629793828895129,0.0,3875.5800000000004,0.0,2025-12-03,28,15.0,5.0,9.0,0.0,0.0,0.0,0.0,0.0,0.0,0.0,0.0,0.0,615.35,17750.01,3.4667586102768397,0.0,4_C,1263.49,0.4870240365970447,-0.21456512651167303,0,1,0,1
788,Parmar Traders,Convenience,3,18,89,Hyderabad,A,9043.37,1.0,9043.37,36239.08,4.0,-0.7504525501199257,-0.75,27195.71,3.0,2025-12-10,21,38.0,5.0,14.0,2.0,1.0,16.5,0.5,0.4666666666666667,0.0,0.0,0.0,0.0,9043.37,70254.64,12.872274343730181,4521.685,3_A,19782.739999999998,0.45713435044892675,-0.8010603960923889,0,1,0,1
789,Khanna General Store,Modern Trade,3,18,91,Hyderabad,A,15561.66,3.0,5187.22,18355.15,4.0,-0.15219107443959878,-0.25,2793.4900000000016,1.0,2025-12-15,16,24.0,5.0,11.0,3.0,2.0,31.333333333333332,0.6666666666666666,0.7000000000000001,0.0,0.0,0.0,0.0,15561.66,58158.81,26.757184337162332,5187.22,3_A,19782.739999999998,0.7866281415011268,-0.202798920412062,0,1,0,1
790,Naik Mart,General Trade,12,10,30,Patna,A,43662.53,7.0,6237.504285714285,2296.74,2.0,18.01065423165008,2.5,-41365.79,-5.0,2025-12-20,11,40.0,5.0,15.0,1.0,1.0,12.0,1.0,0.23333333333333334,0.0,0.0,0.0,0.0,43662.53,67430.46,64.75193851562038,43662.53,12_A,24540.835,1.7791786628287098,17.880932710050143,0,0,0,1
791,Babu Traders,General Trade,6,21,10,Mumbai,C,0.0,0.0,0.0,1858.77,1.0,-1.0,-1.0,1858.77,1.0,2025-11-06,55,6.0,3.0,5.0,5.0,4.0,34.0,0.8,1.1666666666666667,195.0,0.0,280.3025641025641,0.0,0.0,17753.46,0.0,0.0,6_C,1535.8200000000002,0.0,-0.49011665985164743,1,1,0,1
792,Ghosh General Store,Supermarket,12,35,66,Guwahati,A,29242.879999999997,7.0,4177.5542857142855,38531.16,6.0,-0.2410589247767263,0.16666666666666666,9288.280000000006,-1.0,2025-12-28,3,55.0,5.0,15.0,3.0,2.0,12.333333333333334,0.6666666666666666,0.7000000000000001,0.0,0.0,0.0,0.0,29242.879999999997,72892.31,40.11792190424477,9747.626666666665,12_A,24540.835,1.1916008562870823,-0.37078044637666385,0,1,0,1
793,Lanka Supermarket,Modern Trade,8,14,97,Kolkata,C,0.0,0.0,0.0,0.0,0.0,,,0.0,0.0,2025-10-19,73,3.0,2.0,3.0,4.0,1.0,24.75,0.25,0.9333333333333333,0.0,0.0,0.0,0.0,0.0,18415.53,0.0,0.0,8_C,1474.47,0.0,,1,0,0,1
794,Ben Retail,Convenience,6,21,45,Mumbai,A,10631.68,4.0,2657.92,29600.489999999998,4.0,-0.6408275673814858,0.0,18968.809999999998,0.0,2025-12-22,9,35.0,5.0,14.0,3.0,3.0,19.666666666666668,1.0,0.7000000000000001,0.0,0.0,0.0,0.0,10631.68,58342.81,18.222776722615862,3543.8933333333334,6_A,21985.86,0.4835689847929533,-0.7162270731518142,0,1,0,1
795,Date Supermarket,General Trade,10,15,100,Nashik,B,11706.1,4.0,2926.525,11005.01,3.0,0.06370643915816525,0.3333333333333333,-701.0900000000001,-1.0,2025-12-31,0,25.0,5.0,12.0,2.0,1.0,23.5,0.5,0.4666666666666667,0.0,0.0,0.0,0.0,11706.1,36022.16,32.49694077201367,5853.05,10_B,6269.79,1.867064128144643,0.23861701916081474,0,0,0,1
796,Sama Retail,Modern Trade,7,20,68,Chennai,C,0.0,0.0,0.0,3244.25,1.0,-1.0,-1.0,3244.25,1.0,2025-11-07,54,6.0,4.0,6.0,6.0,2.0,29.5,0.3333333333333333,1.4000000000000001,0.0,0.0,0.0,0.0,0.0,21363.14,0.0,0.0,7_C,1610.4699999999998,0.0,-0.5522856147365374,1,1,0,1
797,Vora Traders,Supermarket,7,12,28,Coimbatore,C,1824.36,1.0,1824.36,0.0,0.0,,,-1824.36,-1.0,2025-12-25,6,6.0,4.0,5.0,3.0,1.0,27.0,0.3333333333333333,0.7000000000000001,0.0,0.0,0.0,0.0,1824.36,18568.84,9.824846355507399,608.12,7_C,1610.4699999999998,1.1328121604252175,,0,0,0,1
798,Comar Traders,Pharmacy,6,31,14,Pune,C,4473.02,3.0,1491.006666666667,429.18,1.0,9.422247075819005,2.0,-4043.8400000000006,-2.0,2025-12-23,8,15.0,4.0,8.0,0.0,0.0,0.0,0.0,0.0,0.0,0.0,0.0,0.0,4473.02,19965.62,22.403611808699157,0.0,6_C,1535.8200000000002,2.9124637001731974,9.932130415967357,0,0,0,1
799,Bhatt General Store,Convenience,6,31,98,Ahmedabad,A,29032.46,4.0,7258.115,22490.33,5.0,0.29088634982234574,-0.2,-6542.129999999997,1.0,2025-12-30,1,32.0,5.0,13.0,3.0,1.0,15.666666666666666,0.3333333333333333,0.7000000000000001,0.0,0.0,0.0,0.0,29032.46,72592.23,39.993894663382015,9677.486666666666,6_A,21985.86,1.3205059979459524,0.21548684405201737,0,0,0,1
800,Soni Traders,General Trade,6,21,72,Mumbai,A,47431.91,6.0,7905.318333333334,18145.05,2.0,1.6140412950088319,2.0,-29286.860000000004,-4.0,2025-12-31,0,40.0,5.0,14.0,2.0,2.0,29.0,1.0,0.4666666666666667,0.0,0.0,0.0,0.0,47431.91,61202.37,77.50011968490763,23715.955,6_A,21985.86,2.1573825176727226,1.5386417892385036,0,0,0,1
801,Sen Traders,Supermarket,3,23,88,Kochi,B,6639.64,2.0,3319.82,8979.23,2.0,-0.26055574921234886,0.0,2339.5899999999992,0.0,2025-12-30,1,21.0,5.0,11.0,0.0,0.0,0.0,0.0,0.0,0.0,0.0,0.0,0.0,6639.64,33403.19,19.877263219470954,0.0,3_B,5507.8,1.205497657867025,-0.021204819915573797,0,1,0,1
802,Pathak Traders,General Trade,12,35,61,Patna,A,43517.4,8.0,5439.675,18368.44,3.0,1.369139676532139,1.6666666666666667,-25148.960000000003,-5.0,2025-12-31,0,47.0,5.0,15.0,0.0,0.0,0.0,0.0,0.0,0.0,0.0,0.0,0.0,43517.4,65280.49,66.66218344868429,0.0,12_A,24540.835,1.773264846122799,1.2394181549322014,0,0,0,1
803,Varghese Traders,Convenience,3,18,11,Bengaluru,A,61498.79,10.0,6149.879,23156.370000000003,3.0,1.655804428759775,2.3333333333333335,-38342.42,-7.0,2025-12-31,0,44.0,5.0,15.0,1.0,1.0,35.0,1.0,0.23333333333333334,0.0,0.0,0.0,0.0,61498.79,57757.09,106.47833884982781,61498.79,3_A,19782.739999999998,3.1087094103243538,1.6051965827873118,0,0,0,0
804,Chopra Retail,Modern Trade,2,29,9,Ahmedabad,C,3355.24,2.0,1677.62,4147.65,2.0,-0.19105035381481078,0.0,792.4099999999999,0.0,2025-12-29,2,18.0,5.0,12.0,2.0,2.0,23.0,1.0,0.4666666666666667,195.0,0.0,277.3692307692308,0.0,3355.24,18148.75,18.48744403884565,1677.62,2_C,1065.73,3.148302102784007,0.24277371159280586,0,1,0,1
805,Seth Retail,Convenience,12,10,30,Ranchi,C,10972.470000000001,4.0,2743.1175000000003,446.31,1.0,23.58486253949049,3.0,-10526.160000000002,-3.0,2025-12-21,10,20.0,5.0,10.0,1.0,1.0,9.0,1.0,0.23333333333333334,0.0,0.0,0.0,0.0,10972.470000000001,17538.61,62.56179936722466,10972.470000000001,12_C,1525.54,7.19251543715668,24.173297714939334,0,0,0,1
806,Thakur Supermarket,Pharmacy,1,5,52,Chandigarh,B,5943.55,1.0,5943.55,0.0,0.0,,,-5943.55,-1.0,2025-12-31,0,12.0,5.0,8.0,0.0,0.0,0.0,0.0,0.0,0.0,0.0,0.0,0.0,5943.55,41242.14,14.411352078238423,0.0,1_B,5467.655000000001,1.08703822753996,,0,0,0,1
807,Kant Retail,Pharmacy,1,34,99,Lucknow,A,12228.150000000001,2.0,6114.075000000001,11660.43,2.0,0.04868774136116774,0.0,-567.7200000000012,0.0,2025-12-13,18,27.0,5.0,12.0,1.0,0.0,28.0,0.0,0.23333333333333334,0.0,0.0,0.0,0.0,12228.150000000001,60128.34,20.336749692407942,12228.150000000001,1_A,22934.37,0.5331801135152177,-0.03964473284129373,0,0,0,1
808,Bassi General Store,Pharmacy,4,7,4,Kolkata,C,2389.35,1.0,2389.35,1108.27,1.0,1.1559277071471752,0.0,-1281.08,0.0,2025-12-12,19,9.0,5.0,8.0,2.0,0.0,28.5,0.0,0.4666666666666667,0.0,0.0,0.0,0.0,2389.35,20587.18,11.60600917658465,1194.675,4_C,1263.49,1.8910715557701288,1.804341963525015,0,0,0,1
809,Verma Supermarket,Convenience,12,35,78,Patna,A,23117.760000000002,2.0,11558.880000000001,22614.87,4.0,0.022237138661420696,-0.5,-502.89000000000306,2.0,2025-12-27,4,29.0,5.0,12.0,2.0,0.0,29.0,0.0,0.4666666666666667,0.0,0.0,0.0,0.0,23117.760000000002,62853.14,36.78059680073263,11558.880000000001,12_A,24540.835,0.9420119568058708,-0.10748438293851685,0,0,0,1
810,Mitra Mart,Supermarket,1,34,99,Lucknow,C,3568.88,2.0,1784.44,3696.32,1.0,-0.03447753441260498,1.0,127.44000000000005,-1.0,2025-12-28,3,13.0,5.0,8.0,4.0,3.0,28.75,0.75,0.9333333333333333,0.0,0.0,0.0,0.0,3568.88,17342.78,20.57847703770676,892.22,1_C,1475.75,2.418349991529731,0.5920947881989589,0,0,0,1
811,Shanker Supermarket,Convenience,8,36,70,Patna,C,3251.63,1.0,3251.63,0.0,0.0,,,-3251.63,-1.0,2025-12-30,1,6.0,4.0,6.0,1.0,1.0,10.0,1.0,0.23333333333333334,0.0,0.0,0.0,0.0,3251.63,20241.2,16.064413177084365,3251.63,8_C,1474.47,2.2052873235806767,,0,0,0,1
812,Balasubramanian Traders,Pharmacy,12,10,16,Ranchi,B,10374.82,4.0,2593.705,359.37,1.0,27.869466009961876,3.0,-10015.449999999999,-3.0,2025-12-23,8,11.0,4.0,6.0,2.0,1.0,28.0,0.5,0.4666666666666667,0.0,0.0,0.0,0.0,10374.82,37397.58,27.74195549551602,5187.41,12_B,6060.66,1.711830064712424,27.970586388259647,0,0,0,1
813,Bhat Mart,Pharmacy,9,11,85,Chandigarh,C,3026.8500000000004,2.0,1513.4250000000002,0.0,0.0,,,-3026.8500000000004,-2.0,2025-12-18,13,10.0,4.0,9.0,2.0,1.0,33.0,0.5,0.4666666666666667,0.0,0.0,0.0,0.0,3026.8500000000004,19885.84,15.221132222727329,1513.4250000000002,9_C,1106.01,2.73672932432799,,0,0,0,1
814,Srinivas Traders,Convenience,10,32,63,Mumbai,C,0.0,0.0,0.0,0.0,0.0,,,0.0,0.0,2025-10-09,83,2.0,1.0,2.0,5.0,4.0,25.0,0.8,1.1666666666666667,0.0,0.0,0.0,0.0,0.0,16796.94,0.0,0.0,10_C,1784.86,0.0,,1,0,0,1
815,Ratti Traders,Supermarket,6,21,72,Pune,B,4055.65,2.0,2027.825,8962.289999999999,2.0,-0.5474761472793226,0.0,4906.639999999999,0.0,2025-12-21,10,30.0,5.0,13.0,2.0,2.0,23.5,1.0,0.4666666666666667,0.0,0.0,0.0,0.0,4055.65,33012.66,12.28513546015377,2027.825,6_B,5118.745000000001,0.7923133502450307,-0.27818708655771185,0,1,0,1
816,Sandhu Retail,Supermarket,12,8,87,Patna,C,4106.72,2.0,2053.36,5133.49,1.0,-0.2000140255459735,1.0,1026.7699999999995,-1.0,2025-12-23,8,26.0,5.0,14.0,3.0,3.0,27.333333333333332,1.0,0.7000000000000001,195.0,0.0,293.08717948717947,0.0,4106.72,21559.46,19.04834351138665,1368.9066666666668,12_C,1525.54,2.6919779225716796,0.3884211499028717,0,1,0,1
817,Chokshi Supermarket,General Trade,5,16,47,Chandigarh,C,13409.66,4.0,3352.415,3231.19,2.0,3.1500685505959103,1.0,-10178.47,-2.0,2025-12-28,3,32.0,5.0,13.0,1.0,1.0,40.0,1.0,0.23333333333333334,0.0,0.0,0.0,0.0,13409.66,18934.79,70.8202203457234,13409.66,5_C,1965.2,6.823559943008345,3.5969755284500455,0,0,0,1
818,Swaminathan Retail,Pharmacy,7,20,13,Kochi,B,6589.29,2.0,3294.645,11119.58,4.0,-0.40741556785418154,-0.5,4530.29,2.0,2025-12-19,12,32.0,5.0,14.0,4.0,3.0,20.0,0.75,0.9333333333333333,0.0,0.0,0.0,0.0,6589.29,40705.48,16.187722144536803,1647.3225,7_B,6107.09,1.078957408520261,-0.18748754508126553,0,1,0,1
819,Sawhney General Store,Supermarket,5,16,31,Chandigarh,C,6957.16,2.0,3478.58,0.0,0.0,,,-6957.16,-2.0,2025-12-29,2,17.0,5.0,13.0,3.0,1.0,20.0,0.3333333333333333,0.7000000000000001,0.0,0.0,0.0,0.0,6957.16,21217.84,32.78920003167146,2319.0533333333333,5_C,1965.2,3.5401791166293504,,0,0,0,1
820,Borah Traders,Convenience,5,16,42,Delhi,B,8319.560000000001,3.0,2773.186666666667,1077.44,1.0,6.721599346599347,2.0,-7242.120000000001,-2.0,2025-12-07,24,23.0,5.0,13.0,3.0,3.0,23.333333333333332,1.0,0.7000000000000001,0.0,0.0,0.0,0.0,8319.560000000001,32519.77,25.583083767197618,2773.186666666667,5_B,6391.82,1.3015948509188309,7.074315954168918,0,0,0,1
821,Buch Retail,Pharmacy,5,33,90,Lucknow,C,4979.68,3.0,1659.8933333333334,1110.9,1.0,3.482563687100549,2.0,-3868.78,-2.0,2025-12-28,3,18.0,5.0,11.0,1.0,1.0,9.0,1.0,0.23333333333333334,0.0,0.0,0.0,0.0,4979.68,16735.72,29.754799913000458,4979.68,5_C,1965.2,2.5339303887645026,3.9294706649546844,0,0,0,1
822,Nagy Mart,Supermarket,10,32,63,Mumbai,C,401.7,1.0,401.7,848.52,1.0,-0.5265874699476736,0.0,446.82,0.0,2025-12-15,16,2.0,1.0,2.0,2.0,0.0,23.0,0.0,0.4666666666666667,0.0,0.0,0.0,0.0,401.7,21337.76,1.8825781150411292,200.85,10_C,1784.86,0.22505966854543213,-0.3493527731896946,0,1,0,1
823,Divan Retail,Pharmacy,7,20,44,Chennai,C,2338.33,1.0,2338.33,4299.62,2.0,-0.45615426479549354,-0.5,1961.29,1.0,2025-12-18,13,18.0,4.0,9.0,2.0,1.0,12.5,0.5,0.4666666666666667,195.0,0.0,312.79487179487177,0.0,2338.33,16713.28,13.990850389630282,1169.165,7_C,1610.4699999999998,1.4519550193421797,-0.008439879532030903,0,1,0,1
824,Bhatti General Store,Supermarket,8,14,69,Bhubaneswar,B,9729.95,2.0,4864.975,21887.21,4.0,-0.5554504205880968,-0.5,12157.259999999998,2.0,2025-12-19,12,39.0,5.0,12.0,4.0,3.0,18.5,0.75,0.9333333333333333,195.0,0.0,203.90769230769232,0.0,9729.95,41262.87,23.580400490804447,2432.4875,8_B,5652.47,1.7213625193941764,-0.37484210359819514,0,1,0,1
825,Date Supermarket,General Trade,6,21,80,Mumbai,C,5104.25,3.0,1701.4166666666667,3443.23,3.0,0.4824016984052764,0.0,-1661.02,0.0,2025-12-31,0,28.0,5.0,13.0,0.0,0.0,0.0,0.0,0.0,0.0,0.0,0.0,0.0,5104.25,20374.66,25.05195178717093,0.0,6_C,1535.8200000000002,3.323468896094594,0.992285038553629,0,0,0,1
826,Maharaj Retail,General Trade,7,20,68,Kochi,B,12235.66,3.0,4078.5533333333333,6826.83,1.0,0.7922901258710119,2.0,-5408.83,-2.0,2025-12-22,9,30.0,5.0,14.0,3.0,0.0,27.333333333333332,0.0,0.7000000000000001,0.0,0.0,0.0,0.0,12235.66,36514.24,33.50928295371888,4078.5533333333333,7_B,6107.09,2.003517223423922,1.012218148643928,0,0,0,1
827,Nair Traders,Pharmacy,11,9,56,Coimbatore,B,2719.35,1.0,2719.35,6795.38,2.0,-0.5998237037516666,-0.5,4076.03,1.0,2025-12-12,19,17.0,5.0,11.0,1.0,0.0,13.0,0.0,0.23333333333333334,0.0,0.0,0.0,0.0,2719.35,40098.44,6.781685272544268,2719.35,11_B,5734.650000000001,0.47419633281891654,-0.207118677562789,0,1,0,1
828,Raj General Store,Convenience,6,31,98,Nashik,A,23765.4,4.0,5941.35,63481.15,8.0,-0.6256306005798572,-0.5,39715.75,4.0,2025-12-24,7,49.0,5.0,15.0,4.0,4.0,23.75,1.0,0.9333333333333333,0.0,0.0,0.0,0.0,23765.4,59986.91,39.61764324916886,5941.35,6_A,21985.86,1.0809402042949423,-0.7010301063501856,0,1,0,1
829,Wali Supermarket,Convenience,9,11,85,Lucknow,B,7772.139999999999,2.0,3886.0699999999997,0.0,0.0,,,-7772.139999999999,-2.0,2025-12-20,11,20.0,5.0,10.0,2.0,1.0,21.0,0.5,0.4666666666666667,0.0,0.0,0.0,0.0,7772.139999999999,36351.51,21.380514867195334,3886.0699999999997,9_B,5894.43,1.3185566712981576,,0,0,0,1
830,Menon Retail,Pharmacy,10,15,94,Mumbai,B,13642.880000000001,2.0,6821.4400000000005,11702.06,3.0,0.16585284984011375,-0.3333333333333333,-1940.8200000000015,1.0,2025-12-06,25,22.0,5.0,12.0,1.0,0.0,34.0,0.0,0.23333333333333334,0.0,0.0,0.0,0.0,13642.880000000001,34268.4,39.81183831168073,13642.880000000001,10_B,6269.79,2.175970806039756,0.3407634298427632,0,0,0,1
831,Setty Traders,Supermarket,6,31,98,Ahmedabad,C,487.29,1.0,487.29,0.0,0.0,,,-487.29,-1.0,2025-12-06,25,3.0,3.0,3.0,1.0,0.0,41.0,0.0,0.23333333333333334,0.0,0.0,0.0,0.0,487.29,16842.26,2.8932577931940253,487.29,6_C,1535.8200000000002,0.317283275383834,,0,0,0,1
832,Tiwari Retail,Modern Trade,1,34,27,Lucknow,B,0.0,0.0,0.0,0.0,0.0,,,0.0,0.0,2025-10-16,76,4.0,3.0,4.0,2.0,2.0,33.5,1.0,0.4666666666666667,195.0,0.0,197.93333333333334,0.0,0.0,39365.85,0.0,0.0,1_B,5467.655000000001,0.0,,1,0,0,1
833,Sani General Store,Modern Trade,5,16,31,Delhi,A,22241.9,3.0,7413.966666666667,27457.85,4.0,-0.189962069135056,-0.25,5215.949999999997,1.0,2025-12-17,14,28.0,5.0,14.0,2.0,2.0,35.0,1.0,0.4666666666666667,0.0,0.0,0.0,0.0,22241.9,68494.47,32.472548513770526,11120.95,5_A,23936.755,0.9291944543025987,-0.1907210411213425,0,1,0,1
834,Chaudhary General Store,Modern Trade,6,21,72,Surat,B,11512.619999999999,2.0,5756.3099999999995,4976.87,2.0,1.3132249787517052,0.0,-6535.749999999999,0.0,2025-12-29,2,25.0,5.0,13.0,5.0,4.0,26.0,0.8,1.1666666666666667,0.0,0.0,0.0,0.0,11512.619999999999,38568.7,29.849644919325772,2302.524,6_B,5118.745000000001,2.2491098892404287,1.582514039473316,0,0,0,1
835,Contractor General Store,Pharmacy,12,19,36,Guwahati,A,14143.44,6.0,2357.2400000000002,13280.28,4.0,0.0649956175622803,0.5,-863.1599999999999,-2.0,2025-12-29,2,45.0,5.0,15.0,0.0,0.0,0.0,0.0,0.0,0.0,0.0,0.0,0.0,14143.44,59105.18,23.929273204142177,0.0,12_A,24540.835,0.5763226882866863,-0.06472590403765725,0,0,0,1
836,Kale General Store,Pharmacy,4,2,41,Guwahati,B,0.0,0.0,0.0,0.0,0.0,,,0.0,0.0,2025-10-16,76,2.0,2.0,2.0,0.0,0.0,0.0,0.0,0.0,0.0,0.0,0.0,0.0,0.0,39751.86,0.0,0.0,4_B,5210.49,0.0,,1,0,0,1
837,Sani Supermarket,Convenience,5,33,51,Jaipur,B,480.85,1.0,480.85,8773.37,2.0,-0.945192098361291,-0.5,8292.52,1.0,2025-12-19,12,19.0,5.0,10.0,0.0,0.0,0.0,0.0,0.0,0.0,0.0,0.0,0.0,480.85,33760.62,1.424292563347474,0.0,5_B,6391.82,0.07522896452027748,-0.5924754907917201,0,1,0,1
838,Seth General Store,Modern Trade,10,15,100,Nashik,B,7480.73,1.0,7480.73,10532.74,4.0,-0.28976410696551896,-0.75,3052.01,3.0,2025-12-23,8,22.0,5.0,15.0,0.0,0.0,0.0,0.0,0.0,0.0,0.0,0.0,0.0,7480.73,32833.23,22.78402094463444,0.0,10_B,6269.79,1.1931388451606832,-0.11485352696286949,0,1,0,1
839,Kari Mart,Pharmacy,10,32,43,Nashik,C,2963.15,2.0,1481.575,0.0,0.0,,,-2963.15,-2.0,2025-12-09,22,17.0,5.0,10.0,2.0,1.0,25.5,0.5,0.4666666666666667,0.0,0.0,0.0,0.0,2963.15,18256.58,16.23058645156979,1481.575,10_C,1784.86,1.660158219692301,,0,0,0,1
840,Sachdev Supermarket,General Trade,12,19,36,Ranchi,B,0.0,0.0,0.0,8409.25,2.0,-1.0,-1.0,8409.25,2.0,2025-11-17,44,19.0,5.0,12.0,1.0,1.0,20.0,1.0,0.23333333333333334,0.0,0.0,0.0,0.0,0.0,37884.67,0.0,0.0,12_B,6060.66,0.0,-0.8988796217022266,1,1,0,1
841,Nori Mart,Supermarket,4,2,41,Guwahati,B,2885.46,1.0,2885.46,8087.35,2.0,-0.6432131662411049,-0.5,5201.89,1.0,2025-12-19,12,17.0,5.0,12.0,1.0,0.0,27.0,0.0,0.23333333333333334,0.0,0.0,0.0,0.0,2885.46,41040.28,7.030799984795426,2885.46,4_B,5210.49,0.5537790111870476,-0.45196123763015184,0,1,0,1
842,Setty General Store,Convenience,12,35,61,Patna,C,793.04,1.0,793.04,0.0,0.0,,,-793.04,-1.0,2025-12-29,2,4.0,4.0,4.0,2.0,2.0,28.0,1.0,0.4666666666666667,0.0,0.0,0.0,0.0,793.04,21092.91,3.7597467585079536,396.52,12_C,1525.54,0.5198421542535757,,0,0,0,1
843,Rastogi Traders,Supermarket,3,18,89,Chennai,B,0.0,0.0,0.0,16502.73,2.0,-1.0,-1.0,16502.73,2.0,2025-11-08,53,19.0,5.0,12.0,2.0,2.0,32.0,1.0,0.4666666666666667,0.0,0.0,0.0,0.0,0.0,37358.93,0.0,0.0,3_B,5507.8,0.0,-0.760649070703225,1,1,0,1
844,Sagar Traders,Pharmacy,12,10,16,Guwahati,C,1992.22,2.0,996.11,0.0,0.0,,,-1992.22,-2.0,2025-12-20,11,12.0,5.0,8.0,2.0,1.0,19.5,0.5,0.4666666666666667,0.0,0.0,0.0,0.0,1992.22,21342.83,9.334375994186338,996.11,12_C,1525.54,1.3059113494238106,,0,0,0,1
845,Chandran Mart,Supermarket,4,1,39,Kolkata,C,0.0,0.0,0.0,2769.2799999999997,2.0,-1.0,-1.0,2769.2799999999997,2.0,2025-11-22,39,7.0,4.0,5.0,4.0,1.0,20.0,0.25,0.9333333333333333,0.0,0.0,0.0,0.0,0.0,21533.66,0.0,0.0,4_C,1263.49,0.0,-0.3515857436221601,1,1,0,1
846,Munshi Traders,General Trade,4,7,81,Patna,C,0.0,0.0,0.0,2830.78,1.0,-1.0,-1.0,2830.78,1.0,2025-11-22,39,10.0,5.0,9.0,1.0,0.0,26.0,0.0,0.23333333333333334,0.0,0.0,0.0,0.0,0.0,20191.27,0.0,0.0,4_C,1263.49,0.0,-0.3515857436221601,1,1,0,1
847,Sane Retail,Pharmacy,12,35,61,Ranchi,C,3697.9,2.0,1848.95,0.0,0.0,,,-3697.9,-2.0,2025-12-22,9,17.0,5.0,11.0,3.0,1.0,16.333333333333332,0.3333333333333333,0.7000000000000001,0.0,0.0,0.0,0.0,3697.9,16939.43,21.83013241885943,1232.6333333333334,12_C,1525.54,2.4239941266699008,,0,0,0,1
848,Munshi Retail,Pharmacy,5,33,90,Chandigarh,B,13578.7,6.0,2263.116666666667,21383.42,5.0,-0.3649893235039109,0.2,7804.7199999999975,-1.0,2025-12-30,1,38.0,5.0,15.0,3.0,1.0,15.333333333333334,0.3333333333333333,0.7000000000000001,0.0,0.0,0.0,0.0,13578.7,41461.25,32.75033917211855,4526.233333333334,5_B,6391.82,2.1243871072714815,-0.012272715934339984,0,1,0,1
849,Kumer Mart,Pharmacy,12,19,59,Kolkata,C,5150.889999999999,5.0,1030.1779999999999,0.0,0.0,,,-5150.889999999999,-5.0,2025-12-31,0,23.0,5.0,14.0,2.0,1.0,21.0,0.5,0.4666666666666667,0.0,0.0,0.0,0.0,5150.889999999999,20530.1,25.089454021168915,2575.4449999999997,12_C,1525.54,3.376437196009282,,0,0,0,1
850,Prasad General Store,General Trade,4,7,26,Patna,B,0.0,0.0,0.0,2407.73,1.0,-1.0,-1.0,2407.73,1.0,2025-11-26,35,22.0,5.0,12.0,0.0,0.0,0.0,0.0,0.0,0.0,0.0,0.0,0.0,0.0,35173.68,0.0,0.0,4_B,5210.49,0.0,-0.8087480713890469,1,1,0,1
851,Dua Traders,Supermarket,6,31,98,Pune,C,0.0,0.0,0.0,0.0,0.0,,,0.0,0.0,2025-10-31,61,4.0,4.0,4.0,2.0,1.0,23.5,0.5,0.4666666666666667,0.0,0.0,0.0,0.0,0.0,16436.27,0.0,0.0,6_C,1535.8200000000002,0.0,,1,0,0,1
852,Som Retail,Supermarket,8,14,34,Bhubaneswar,C,2636.2,1.0,2636.2,5960.81,1.0,-0.5577446689292228,0.0,3324.6100000000006,0.0,2025-12-15,16,23.0,5.0,12.0,0.0,0.0,0.0,0.0,0.0,195.0,0.0,296.61538461538464,0.0,2636.2,20319.93,12.97346988892186,0.0,8_C,1474.47,1.787896667955265,0.0,0,1,0,1
853,Bhavsar Supermarket,Modern Trade,5,33,51,Lucknow,C,6607.389999999999,3.0,2202.463333333333,0.0,0.0,,,-6607.389999999999,-3.0,2025-12-31,0,10.0,5.0,9.0,2.0,2.0,28.0,1.0,0.4666666666666667,0.0,0.0,0.0,0.0,6607.389999999999,17751.6,37.22137722796818,3303.6949999999997,5_C,1965.2,3.3621972318339095,,0,0,0,1
854,Chand General Store,Pharmacy,3,18,83,Coimbatore,C,1304.82,1.0,1304.82,5922.74,2.0,-0.779693182547267,-0.5,4617.92,1.0,2025-12-21,10,19.0,5.0,12.0,4.0,2.0,18.5,0.5,0.9333333333333333,195.0,0.0,302.6871794871795,0.0,1304.82,20550.89,6.349214072967156,326.205,3_C,1975.87,0.6603774539822964,-0.42251139245871994,0,1,0,1
855,Chada Supermarket,Supermarket,8,14,7,Ranchi,C,1864.76,1.0,1864.76,386.03,1.0,3.8306090200243506,0.0,-1478.73,0.0,2025-12-10,21,8.0,5.0,7.0,3.0,3.0,20.0,1.0,0.7000000000000001,0.0,0.0,0.0,0.0,1864.76,19429.68,9.597481790744881,621.5866666666667,8_C,1474.47,1.2646985018345576,4.388353688953574,0,0,0,1
856,Chander Supermarket,Pharmacy,9,11,73,Delhi,A,15431.970000000001,3.0,5143.990000000001,11836.11,2.0,0.30380420594266194,0.5,-3595.8600000000006,-1.0,2025-12-31,0,31.0,5.0,13.0,4.0,3.0,35.0,0.75,0.9333333333333333,0.0,0.0,0.0,0.0,15431.970000000001,68770.69,22.439748677816088,3857.9925000000003,9_A,20504.7,0.7526064755885237,0.19375735749934264,0,0,0,1
857,Sankaran Mart,Modern Trade,12,10,64,Kolkata,B,6259.4,1.0,6259.4,2310.89,1.0,1.7086533759720282,0.0,-3948.5099999999998,0.0,2025-12-21,10,15.0,5.0,9.0,1.0,0.0,19.0,0.0,0.23333333333333334,0.0,0.0,0.0,0.0,6259.4,39071.81,16.02024579869732,6259.4,12_B,6060.66,1.0327918081529075,1.8097737542698016,0,0,0,1
858,Char Traders,Modern Trade,2,29,37,Surat,B,11787.66,4.0,2946.915,3798.98,1.0,2.1028486593769906,3.0,-7988.68,-3.0,2025-12-22,9,15.0,4.0,11.0,1.0,1.0,19.0,1.0,0.23333333333333334,0.0,0.0,0.0,0.0,11787.66,32641.06,36.112981624983995,11787.66,2_B,7635.110000000001,1.543875595767448,1.9270810136963865,0,0,0,1
859,Pradhan Traders,Modern Trade,10,15,94,Pune,B,8439.56,3.0,2813.1866666666665,5784.360000000001,3.0,0.459030904023954,0.0,-2655.199999999999,0.0,2025-12-18,13,25.0,5.0,13.0,2.0,1.0,16.5,0.5,0.4666666666666667,0.0,0.0,0.0,0.0,8439.56,34324.66,24.587454034504635,4219.78,10_B,6269.79,1.3460674121461802,0.6339414840266036,0,0,0,1
860,De Retail,Convenience,6,21,80,Surat,C,1052.19,1.0,1052.19,6911.34,2.0,-0.8477589005894659,-0.5,5859.15,1.0,2025-12-18,13,19.0,5.0,11.0,0.0,0.0,0.0,0.0,0.0,0.0,0.0,0.0,0.0,1052.19,19993.65,5.262620882130077,0.0,6_C,1535.8200000000002,0.6850998163847325,-0.33787556044111333,0,1,0,1
861,Bhasin Traders,Modern Trade,12,35,61,Bhubaneswar,C,1612.99,1.0,1612.99,421.78,1.0,2.824244866992271,0.0,-1191.21,0.0,2025-12-30,1,13.0,4.0,9.0,2.0,0.0,22.0,0.0,0.4666666666666667,0.0,0.0,0.0,0.0,1612.99,16361.13,9.858671130905995,806.495,12_C,1525.54,1.0573239639734127,3.4126800424411163,0,0,0,1
862,Narayan General Store,General Trade,10,32,33,Mumbai,A,34178.840000000004,6.0,5696.473333333334,18477.53,3.0,0.8497515631147673,1.0,-15701.310000000005,-3.0,2025-12-18,13,39.0,5.0,13.0,4.0,1.0,18.5,0.25,0.9333333333333333,0.0,0.0,0.0,0.0,34178.840000000004,55463.88,61.62360080109794,8544.710000000001,10_A,24727.44,1.382223149666929,0.6915512624531739,0,0,0,1
863,Das General Store,General Trade,12,35,78,Guwahati,C,446.37,1.0,446.37,0.0,0.0,,,-446.37,-1.0,2025-12-14,17,2.0,2.0,2.0,4.0,4.0,22.25,1.0,0.9333333333333333,0.0,0.0,0.0,0.0,446.37,16782.95,2.659663527568157,111.5925,12_C,1525.54,0.29259803086120323,,0,0,0,1
864,Roy Supermarket,General Trade,5,33,51,Chandigarh,A,19302.07,3.0,6434.0233333333335,23916.760000000002,3.0,-0.1929479578337535,0.0,4614.690000000002,0.0,2025-12-26,5,45.0,5.0,15.0,0.0,0.0,0.0,0.0,0.0,0.0,0.0,0.0,0.0,19302.07,65073.07,29.662147490505674,0.0,5_A,23936.755,0.8063778904032731,-0.19370692982003998,0,1,0,1
865,Pandya Mart,General Trade,12,10,64,Patna,C,7560.379999999999,3.0,2520.1266666666666,2495.18,1.0,2.0299938281005776,2.0,-5065.199999999999,-2.0,2025-12-26,5,23.0,5.0,11.0,1.0,1.0,25.0,1.0,0.23333333333333334,0.0,0.0,0.0,0.0,7560.379999999999,21553.17,35.07780989988943,7560.379999999999,12_C,1525.54,4.955871363582731,2.618429003549423,0,0,0,1
866,Sampath Mart,Pharmacy,8,14,34,Kolkata,B,13328.44,3.0,4442.8133333333335,16627.629999999997,5.0,-0.1984161302602955,-0.4,3299.189999999997,2.0,2025-12-30,1,32.0,5.0,14.0,2.0,1.0,25.5,0.5,0.4666666666666667,0.0,0.0,0.0,0.0,13328.44,39168.55,34.028423314112985,6664.22,8_B,5652.47,2.3579850932424233,-0.017807813270393852,0,1,0,1
867,Behl Retail,Convenience,11,9,56,Hyderabad,C,1367.4,1.0,1367.4,3074.26,2.0,-0.5552100342846734,-0.5,1706.8600000000001,1.0,2025-12-08,23,15.0,5.0,11.0,1.0,1.0,37.0,1.0,0.23333333333333334,0.0,0.0,0.0,0.0,2640.24,19074.28,13.841885512847668,1367.4,11_C,2316.54,0.5902768784480303,-0.6173191003185777,0,1,0,1
868,Mani Retail,Pharmacy,4,2,41,Ranchi,C,6805.9,4.0,1701.475,5683.37,2.0,0.19751133570399249,1.0,-1122.5299999999997,-2.0,2025-12-27,4,32.0,5.0,14.0,1.0,1.0,22.0,1.0,0.23333333333333334,0.0,0.0,0.0,0.0,6805.9,16542.62,41.14160876572151,6805.9,4_C,1263.49,5.3865879429200065,0.8459255920818324,0,0,0,1
869,Muni Mart,General Trade,5,33,82,Lucknow,A,14417.15,3.0,4805.716666666666,7554.59,1.0,0.9083960876764986,2.0,-6862.5599999999995,-2.0,2025-12-24,7,22.0,4.0,11.0,3.0,2.0,25.333333333333332,0.6666666666666666,0.7000000000000001,0.0,0.0,0.0,0.0,14417.15,60861.86,23.68831645960212,4805.716666666666,5_A,23936.755,0.6023017739873261,0.9076371156902121,0,0,0,1
870,Pandey Traders,General Trade,10,4,21,Surat,B,2337.5299999999997,3.0,779.1766666666666,7608.280000000001,4.0,-0.6927649876187523,-0.25,5270.750000000001,1.0,2025-12-28,3,20.0,5.0,10.0,3.0,2.0,35.666666666666664,0.6666666666666666,0.7000000000000001,0.0,0.0,0.0,0.0,2337.5299999999997,36369.76,6.427125172121014,779.1766666666666,10_B,6269.79,0.37282428917076965,-0.5178544076161028,0,1,0,1
871,Chawla Mart,General Trade,10,32,63,Surat,B,5410.25,2.0,2705.125,4187.16,2.0,0.2921049112047307,0.0,-1223.0900000000001,0.0,2025-12-08,23,11.0,5.0,10.0,0.0,0.0,0.0,0.0,0.0,0.0,0.0,0.0,0.0,5410.25,35921.76,15.061205241613996,0.0,10_B,6269.79,0.8629076890932551,0.4670154912073802,0,0,0,1
872,Tripathi Retail,Convenience,7,28,24,Chennai,C,587.25,1.0,587.25,0.0,0.0,,,-587.25,-1.0,2025-12-28,3,7.0,3.0,5.0,2.0,2.0,33.5,1.0,0.4666666666666667,0.0,0.0,0.0,0.0,587.25,20471.07,2.8686824870414687,293.625,7_C,1610.4699999999998,0.364645103603296,,0,0,0,1
873,Kala Mart,Pharmacy,4,7,1,Guwahati,C,0.0,0.0,0.0,285.55,1.0,-1.0,-1.0,285.55,1.0,2025-11-05,56,1.0,1.0,1.0,2.0,0.0,29.0,0.0,0.4666666666666667,0.0,0.0,0.0,0.0,0.0,16793.33,0.0,0.0,4_C,1263.49,0.0,-0.3515857436221601,1,1,0,1
874,Dubey General Store,Supermarket,12,8,87,Kolkata,C,2012.66,1.0,2012.66,6066.72,4.0,-0.6682457736635282,-0.75,4054.0600000000004,3.0,2025-12-27,4,23.0,5.0,12.0,1.0,0.0,32.0,0.0,0.23333333333333334,0.0,0.0,0.0,0.0,2012.66,16316.57,12.335067970780624,2012.66,12_C,1525.54,1.3193098837133082,-0.07981059821468306,0,1,0,1
875,Subramaniam General Store,Supermarket,4,13,48,Guwahati,C,5198.31,3.0,1732.7700000000002,3546.6,1.0,0.46571646083573015,2.0,-1651.7100000000005,-2.0,2025-12-20,11,20.0,5.0,11.0,2.0,0.0,10.5,0.0,0.4666666666666667,0.0,0.0,0.0,0.0,5198.31,16380.21,31.735307422798613,2599.155,4_C,1263.49,4.114247045880854,1.1141307172135702,0,0,0,1
876,Kapur Retail,Convenience,4,13,62,Ranchi,C,0.0,0.0,0.0,6760.49,3.0,-1.0,-1.0,6760.49,3.0,2025-11-23,38,8.0,4.0,6.0,1.0,0.0,37.0,0.0,0.23333333333333334,0.0,0.0,0.0,0.0,0.0,16571.45,0.0,0.0,4_C,1263.49,0.0,-0.3515857436221601,1,1,0,1
877,Chokshi Retail,Convenience,7,20,84,Coimbatore,C,7862.5599999999995,3.0,2620.853333333333,3177.08,1.0,1.4747755800924118,2.0,-4685.48,-2.0,2025-12-17,14,17.0,5.0,12.0,0.0,0.0,0.0,0.0,0.0,0.0,0.0,0.0,0.0,7862.5599999999995,16204.13,48.5219508853607,0.0,7_C,1610.4699999999998,4.88215241513347,1.9224899653558745,0,0,0,1
878,Palla General Store,Convenience,2,29,37,Ahmedabad,C,0.0,0.0,0.0,5018.44,3.0,-1.0,-1.0,5018.44,3.0,2025-11-27,34,16.0,5.0,9.0,2.0,0.0,35.5,0.0,0.4666666666666667,0.0,0.0,0.0,0.0,0.0,16701.0,0.0,0.0,2_C,1065.73,0.0,-0.5661759345923834,1,1,0,1
879,Pillai Traders,General Trade,10,32,33,Pune,B,0.0,0.0,0.0,8779.44,3.0,-1.0,-1.0,8779.44,3.0,2025-12-01,30,15.0,5.0,12.0,1.0,0.0,26.0,0.0,0.23333333333333334,0.0,0.0,0.0,0.0,1979.05,38733.81,5.109360530244766,0.0,10_B,6269.79,0.0,-0.8250894199973505,0,1,0,1
880,Contractor Mart,General Trade,10,15,100,Surat,B,9309.83,3.0,3103.2766666666666,0.0,0.0,,,-9309.83,-3.0,2025-12-21,10,13.0,5.0,10.0,0.0,0.0,0.0,0.0,0.0,195.0,0.0,231.14358974358976,0.0,9309.83,41009.72,22.701520517574856,0.0,10_B,6269.79,1.4848711041358642,,0,0,0,1
881,Mallick General Store,Supermarket,3,23,88,Coimbatore,A,15214.339999999998,6.0,2535.723333333333,32392.86,5.0,-0.5303181009642249,0.2,17178.520000000004,-1.0,2025-12-28,3,45.0,5.0,14.0,4.0,4.0,21.25,1.0,0.9333333333333333,0.0,0.0,0.0,0.0,15214.339999999998,65293.98,23.301290563081004,3803.5849999999996,3_A,19782.739999999998,0.7690714228665999,-0.5809259469366881,0,1,0,1
882,Kara Traders,General Trade,12,35,61,Patna,C,0.0,0.0,0.0,0.0,0.0,,,0.0,0.0,2025-10-29,63,17.0,5.0,9.0,0.0,0.0,0.0,0.0,0.0,0.0,0.0,0.0,0.0,0.0,18749.98,0.0,0.0,12_C,1525.54,0.0,,1,0,0,1
883,Sanghvi General Store,General Trade,7,28,24,Kochi,C,4209.85,1.0,4209.85,0.0,0.0,,,-4209.85,-1.0,2025-12-18,13,16.0,5.0,11.0,2.0,2.0,18.5,1.0,0.4666666666666667,0.0,0.0,0.0,0.0,4209.85,18760.2,22.440325796100254,2104.925,7_C,1610.4699999999998,2.6140505566697927,,0,0,0,1
884,Bal Supermarket,Convenience,6,21,29,Pune,C,0.0,0.0,0.0,0.0,0.0,,,0.0,0.0,2025-10-31,61,6.0,3.0,4.0,2.0,1.0,17.0,0.5,0.4666666666666667,0.0,0.0,0.0,0.0,0.0,17289.52,0.0,0.0,6_C,1535.8200000000002,0.0,,1,0,0,1
885,Loke Mart,Supermarket,4,13,62,Patna,A,41420.29,5.0,8284.058,32370.4,4.0,0.27957300496750115,0.25,-9049.89,-1.0,2025-12-28,3,59.0,5.0,15.0,2.0,1.0,21.0,0.5,0.4666666666666667,195.0,0.0,59.246153846153845,0.0,41420.29,72474.48,57.151551829002436,20710.145,4_A,22237.399999999998,1.8626408662883254,0.21067276202151594,0,0,0,1
886,Balakrishnan General Store,Convenience,9,11,73,Delhi,C,2665.98,2.0,1332.99,0.0,0.0,,,-2665.98,-2.0,2025-12-19,12,4.0,4.0,4.0,4.0,2.0,22.75,0.5,0.9333333333333333,195.0,0.0,281.25128205128203,0.0,2665.98,21638.13,12.320750453019738,666.495,9_C,1106.01,2.410448368459598,,0,0,0,1
887,Gole Retail,Supermarket,4,2,60,Guwahati,C,3595.86,2.0,1797.93,194.16,1.0,17.520086526576023,1.0,-3401.7000000000003,-1.0,2025-12-27,4,11.0,5.0,9.0,0.0,0.0,0.0,0.0,0.0,0.0,0.0,0.0,0.0,3595.86,18285.99,19.664562870262973,0.0,4_C,1263.49,2.845974245937839,18.168500782953863,0,0,0,1
888,Mahajan Mart,Pharmacy,12,8,15,Ranchi,A,0.0,0.0,0.0,282.79,1.0,-1.0,-1.0,282.79,1.0,2025-11-08,53,25.0,5.0,14.0,3.0,3.0,27.666666666666668,1.0,0.7000000000000001,0.0,0.0,0.0,0.0,0.0,57383.78,0.0,0.0,12_A,24540.835,0.0,-1.1297215215999374,1,1,0,1
889,More Traders,Convenience,4,2,41,Guwahati,C,1237.13,2.0,618.565,1736.45,1.0,-0.28755218981254854,1.0,499.31999999999994,-1.0,2025-12-19,12,9.0,4.0,7.0,2.0,1.0,16.0,0.5,0.4666666666666667,0.0,0.0,0.0,0.0,1237.13,16930.86,7.306953102205087,618.565,4_C,1263.49,0.9791371518571577,0.36086206656529135,0,1,0,1
890,Nori Supermarket,Supermarket,7,12,28,Chennai,A,35205.2,6.0,5867.533333333333,36891.95,6.0,-0.04572135655610506,0.0,1686.75,0.0,2025-12-29,2,41.0,5.0,15.0,0.0,0.0,0.0,0.0,0.0,195.0,0.0,53.45128205128205,0.0,39372.11,55339.46,71.14653811222588,0.0,7_A,22880.32,1.5386672913665542,-0.04173504077446259,0,0,0,1
891,Panchal General Store,Modern Trade,1,17,3,Delhi,B,17070.85,4.0,4267.7125,19601.22,4.0,-0.12909247485615705,0.0,2530.3700000000026,0.0,2025-12-24,7,45.0,5.0,14.0,0.0,0.0,0.0,0.0,0.0,0.0,0.0,0.0,0.0,17070.85,43465.9,39.274120632495816,0.0,1_B,5467.655000000001,3.122152001177835,-0.12704523661465802,0,0,0,1
892,Ahuja Retail,Convenience,9,11,85,Ludhiana,C,0.0,0.0,0.0,1995.5,2.0,-1.0,-1.0,1995.5,2.0,2025-11-20,41,12.0,4.0,6.0,0.0,0.0,0.0,0.0,0.0,0.0,0.0,0.0,0.0,0.0,20880.17,0.0,0.0,9_C,1106.01,0.0,-0.5051035981171249,1,1,0,1
893,Golla General Store,Modern Trade,3,18,89,Kochi,C,2724.93,1.0,2724.93,11009.18,3.0,-0.7524856528824126,-0.6666666666666666,8284.25,2.0,2025-12-03,28,30.0,5.0,12.0,3.0,2.0,19.0,0.6666666666666666,0.7000000000000001,0.0,0.0,0.0,0.0,2724.93,16642.28,16.373537760451093,908.31,3_C,1975.87,1.3791038884137115,-0.39530386279386553,0,1,0,1
894,Dhar Mart,Pharmacy,5,33,90,Jaipur,C,1219.83,1.0,1219.83,34.68,1.0,34.173875432525946,0.0,-1185.1499999999999,0.0,2025-12-25,6,3.0,2.0,2.0,3.0,2.0,25.333333333333332,0.6666666666666666,0.7000000000000001,0.0,0.0,0.0,0.0,1219.83,20102.82,6.067954645169185,406.60999999999996,5_C,1965.2,0.6207154488092814,34.62078241038008,0,0,0,1
895,Rattan Retail,Pharmacy,4,7,81,Guwahati,A,33471.92,6.0,5578.653333333333,33581.59,7.0,-0.0032657774691430114,-0.14285714285714285,109.66999999999825,1.0,2025-12-29,2,49.0,5.0,15.0,1.0,0.0,40.0,0.0,0.23333333333333334,195.0,1.0,61.743589743589745,0.005128205128205128,33471.92,60992.89,54.878396481950595,33471.92,4_A,22237.399999999998,1.5052083427019347,-0.07216602041512822,0,0,0,1
896,Boase Traders,Pharmacy,4,2,22,Bhubaneswar,C,7411.86,4.0,1852.965,2419.37,1.0,2.063549601755829,3.0,-4992.49,-3.0,2025-12-29,2,19.0,5.0,11.0,3.0,3.0,23.666666666666668,1.0,0.7000000000000001,195.0,0.0,292.04102564102567,0.0,9831.23,16223.66,60.59810178467744,2470.62,4_C,1263.49,5.866180183460099,2.711963858133669,0,0,0,1
897,Dhar Traders,General Trade,4,1,32,Bhubaneswar,B,11707.94,3.0,3902.646666666667,0.0,0.0,,,-11707.94,-3.0,2025-12-24,7,13.0,5.0,9.0,2.0,1.0,26.5,0.5,0.4666666666666667,0.0,0.0,0.0,0.0,11707.94,42208.54,27.738320254621456,5853.97,4_B,5210.49,2.246994044705968,,0,0,0,1
898,Balasubramanian Supermarket,Convenience,4,13,54,Ranchi,C,1263.49,1.0,1263.49,0.0,0.0,,,-1263.49,-1.0,2025-12-17,14,2.0,1.0,2.0,1.0,0.0,14.0,0.0,0.23333333333333334,0.0,0.0,0.0,0.0,1263.49,20744.53,6.090714034012822,1263.49,4_C,1263.49,1.0,,0,0,0,1
899,Chand Supermarket,Pharmacy,10,32,63,Nashik,C,1784.86,1.0,1784.86,307.01,1.0,4.813686850591186,0.0,-1477.85,0.0,2025-12-23,8,7.0,4.0,6.0,1.0,1.0,29.0,1.0,0.23333333333333334,0.0,0.0,0.0,0.0,1784.86,19487.92,9.158801965525312,1784.86,10_C,1784.86,1.0,4.990921547349164,0,0,0,1
900,Wali General Store,Supermarket,8,36,55,Guwahati,B,7042.09,3.0,2347.3633333333332,4926.320000000001,3.0,0.42948285941635933,0.0,-2115.7699999999995,0.0,2025-12-26,5,17.0,5.0,9.0,2.0,1.0,16.5,0.5,0.4666666666666667,0.0,0.0,0.0,0.0,7042.09,32373.77,21.752455768975935,3521.045,8_B,5652.47,1.2458429677645348,0.610091176406261,0,0,0,1
901,Kale Retail,Pharmacy,12,8,15,Ranchi,C,495.31,1.0,495.31,3412.6,2.0,-0.8548584656859872,-0.5,2917.29,1.0,2025-12-25,6,8.0,4.0,7.0,0.0,0.0,0.0,0.0,0.0,0.0,0.0,0.0,0.0,495.31,17093.44,2.897661325046334,0.0,12_C,1525.54,0.32467847450738757,-0.26642329023714206,0,1,0,1
902,Puri Traders,Modern Trade,9,3,93,Jaipur,B,15414.619999999999,3.0,5138.206666666666,0.0,0.0,,,-15414.619999999999,-3.0,2025-12-31,0,18.0,5.0,12.0,3.0,1.0,31.333333333333332,0.3333333333333333,0.7000000000000001,0.0,0.0,0.0,0.0,15414.619999999999,34284.68,44.96066464671684,5138.206666666666,9_B,5894.43,2.61511630471479,,0,0,0,1
903,Saini Traders,Modern Trade,7,20,44,Coimbatore,C,1120.03,1.0,1120.03,4182.12,2.0,-0.7321860683098524,-0.5,3062.09,1.0,2025-12-30,1,15.0,4.0,10.0,3.0,2.0,22.666666666666668,0.6666666666666666,0.7000000000000001,0.0,0.0,0.0,0.0,1120.03,16508.55,6.784544978208262,373.3433333333333,7_C,1610.4699999999998,0.6954677826969767,-0.2844716830463898,0,1,0,1
904,Setty Mart,Convenience,4,13,54,Patna,C,1829.64,2.0,914.82,4716.53,3.0,-0.6120792192565296,-0.3333333333333333,2886.8899999999994,1.0,2025-12-28,3,20.0,5.0,11.0,1.0,0.0,13.0,0.0,0.23333333333333334,0.0,0.0,0.0,0.0,1829.64,21554.96,8.488255139420348,1829.64,4_C,1263.49,1.4480842745094935,0.036335037121310254,0,1,0,1
905,Om Mart,Modern Trade,6,25,86,Surat,A,19158.850000000002,3.0,6386.283333333334,12589.26,2.0,0.5218408389373166,0.5,-6569.590000000002,-1.0,2025-12-26,5,28.0,5.0,14.0,2.0,2.0,30.0,1.0,0.4666666666666667,0.0,0.0,0.0,0.0,19158.850000000002,64414.63,29.743010244722363,9579.425000000001,6_A,21985.86,0.8714169015903859,0.4464413331669882,0,0,0,1
906,Dugar Supermarket,General Trade,12,10,64,Patna,B,5871.58,1.0,5871.58,1232.29,1.0,3.764771279487783,0.0,-4639.29,0.0,2025-12-23,8,13.0,5.0,9.0,3.0,3.0,32.333333333333336,1.0,0.7000000000000001,0.0,0.0,0.0,0.0,5871.58,37160.62,15.800543693835031,1957.1933333333334,12_B,6060.66,0.9688020776615088,3.865891657785556,0,0,0,1
907,Pingle Supermarket,General Trade,12,10,46,Bhubaneswar,A,3794.96,2.0,1897.48,16826.28,4.0,-0.7744623291660426,-0.5,13031.32,2.0,2025-12-10,21,18.0,5.0,9.0,7.0,3.0,23.142857142857142,0.42857142857142855,1.6333333333333333,0.0,0.0,0.0,0.0,3794.96,62164.96,6.104660889349884,542.1371428571429,12_A,24540.835,0.15463858503592076,-0.9041838507659802,0,1,0,1
908,Muni Mart,Pharmacy,6,21,80,Pune,A,20312.760000000002,3.0,6770.920000000001,28824.67,6.0,-0.29529947784311134,-0.5,8511.909999999996,3.0,2025-12-29,2,34.0,5.0,14.0,2.0,0.0,17.0,0.0,0.4666666666666667,0.0,0.0,0.0,0.0,20312.760000000002,69302.87,29.31012813755044,10156.380000000001,6_A,21985.86,0.9239010891545749,-0.37069898361343967,0,1,0,1
909,Nair Supermarket,Supermarket,1,34,99,Delhi,C,0.0,0.0,0.0,8561.82,2.0,-1.0,-1.0,8561.82,2.0,2025-11-21,40,13.0,4.0,10.0,1.0,1.0,40.0,1.0,0.23333333333333334,0.0,0.0,0.0,0.0,0.0,20946.35,0.0,0.0,1_C,1475.75,0.0,-0.3734276773884362,1,1,0,1
910,Chad Traders,Pharmacy,12,35,78,Kolkata,C,4303.85,2.0,2151.925,829.35,1.0,4.1894254536685365,1.0,-3474.5000000000005,-1.0,2025-12-15,16,16.0,5.0,11.0,0.0,0.0,0.0,0.0,0.0,0.0,0.0,0.0,0.0,4303.85,16177.69,26.60361275311865,0.0,12_C,1525.54,2.821197739816721,4.777860629117382,0,0,0,1
911,Ben General Store,Convenience,7,28,79,Coimbatore,C,0.0,0.0,0.0,4328.85,3.0,-1.0,-1.0,4328.85,3.0,2025-11-28,33,10.0,5.0,8.0,1.0,1.0,19.0,1.0,0.23333333333333334,0.0,0.0,0.0,0.0,0.0,17749.24,0.0,0.0,7_C,1610.4699999999998,0.0,-0.5522856147365374,1,1,0,1
912,Dugal Mart,Supermarket,12,10,16,Bhubaneswar,C,2977.78,1.0,2977.78,954.32,1.0,2.120316036549585,0.0,-2023.46,0.0,2025-12-08,23,8.0,4.0,7.0,4.0,3.0,21.25,0.75,0.9333333333333333,0.0,0.0,0.0,0.0,2977.78,18065.63,16.4831229245811,744.445,12_C,1525.54,1.9519514401457847,2.7087512119984303,0,0,0,1
913,Dugar Retail,Supermarket,10,15,94,Mumbai,A,9063.73,2.0,4531.865,39504.51,5.0,-0.7705646772988705,-0.6,30440.780000000002,3.0,2025-12-17,14,27.0,5.0,11.0,1.0,1.0,34.0,1.0,0.23333333333333334,0.0,0.0,0.0,0.0,9063.73,55699.46,16.272563504206325,9063.73,10_A,24727.44,0.36654542483977315,-0.9287649779604639,0,1,0,1
914,Bawa General Store,Modern Trade,7,28,57,Kochi,C,170.04,1.0,170.04,5279.3,4.0,-0.9677911844373307,-0.75,5109.26,3.0,2025-12-15,16,16.0,5.0,10.0,0.0,0.0,0.0,0.0,0.0,0.0,0.0,0.0,0.0,170.04,19931.93,0.8531035378912126,0.0,7_C,1610.4699999999998,0.10558408414934771,-0.5200767991738681,0,1,0,1
915,Bumb Retail,Pharmacy,6,25,65,Pune,A,12788.43,1.0,12788.43,18819.1,5.0,-0.3204547507585378,-0.8,6030.669999999998,4.0,2025-12-24,7,31.0,5.0,15.0,7.0,3.0,26.571428571428573,0.42857142857142855,1.6333333333333333,0.0,0.0,0.0,0.0,12788.43,57134.42,22.383057358418974,1826.9185714285716,6_A,21985.86,0.5816661254096951,-0.3958542565288662,0,1,0,1
916,Magar Mart,Modern Trade,8,14,97,Guwahati,B,6089.83,1.0,6089.83,5518.0,1.0,0.10362993838347226,0.0,-571.8299999999999,0.0,2025-12-28,3,20.0,5.0,11.0,1.0,0.0,9.0,0.0,0.23333333333333334,0.0,0.0,0.0,0.0,6089.83,42110.94,14.461396492217935,6089.83,8_B,5652.47,1.077375023662222,0.2842382553733739,0,0,0,1
917,Savant Retail,General Trade,12,19,59,Guwahati,C,5474.99,3.0,1824.9966666666667,0.0,0.0,,,-5474.99,-3.0,2025-12-28,3,9.0,5.0,8.0,0.0,0.0,0.0,0.0,0.0,0.0,0.0,0.0,0.0,5474.99,16173.04,33.85257193452807,0.0,12_C,1525.54,3.5888865582023413,,0,0,0,1
918,Samra Traders,Modern Trade,2,29,9,Mumbai,B,0.0,0.0,0.0,13257.28,3.0,-1.0,-1.0,13257.28,3.0,2025-11-21,40,18.0,5.0,10.0,0.0,0.0,0.0,0.0,0.0,0.0,0.0,0.0,0.0,0.0,33421.66,0.0,0.0,2_B,7635.110000000001,0.0,-1.175767645680604,1,1,0,1
919,Sunder General Store,Convenience,9,11,85,Jaipur,C,1378.43,2.0,689.215,0.0,0.0,,,-1378.43,-2.0,2025-12-25,6,13.0,3.0,8.0,1.0,0.0,25.0,0.0,0.23333333333333334,0.0,0.0,0.0,0.0,1378.43,19638.0,7.019197474284551,1378.43,9_C,1106.01,1.246308803717869,,0,0,0,1
920,Sathe Retail,Supermarket,5,33,90,Ludhiana,C,2423.9,1.0,2423.9,1934.97,1.0,0.2526809201176246,0.0,-488.93000000000006,0.0,2025-12-12,19,12.0,4.0,7.0,3.0,0.0,23.0,0.0,0.7000000000000001,0.0,0.0,0.0,0.0,2423.9,18740.22,12.93421315224688,807.9666666666667,5_C,1965.2,1.2334113576226338,0.6995878979717598,0,0,0,1
921,Sachdeva Traders,Modern Trade,7,28,79,Chennai,C,3680.5099999999998,2.0,1840.2549999999999,2588.5600000000004,2.0,0.42183685137682697,0.0,-1091.9499999999994,0.0,2025-12-25,6,14.0,5.0,9.0,1.0,1.0,32.0,1.0,0.23333333333333334,0.0,0.0,0.0,0.0,3680.5099999999998,20708.44,17.77299497209833,3680.5099999999998,7_C,1610.4699999999998,2.2853638999795094,0.8695512366402895,0,0,0,1
922,Mahajan Traders,Modern Trade,7,20,84,Kochi,C,753.16,1.0,753.16,3160.96,2.0,-0.7617306134845111,-0.5,2407.8,1.0,2025-12-10,21,13.0,4.0,8.0,1.0,0.0,20.0,0.0,0.23333333333333334,0.0,0.0,0.0,0.0,753.16,17697.76,4.255679814846625,753.16,7_C,1610.4699999999998,0.467664718995076,-0.31401622822104847,0,1,0,1
923,Kale Mart,Convenience,10,32,43,Surat,C,5685.63,3.0,1895.21,692.07,1.0,7.2153972864016644,2.0,-4993.56,-2.0,2025-12-30,1,15.0,5.0,8.0,2.0,2.0,23.5,1.0,0.4666666666666667,0.0,0.0,0.0,0.0,5685.63,20694.17,27.474549595369137,2842.815,10_C,1784.86,3.1854767320686217,7.392631983159643,0,0,0,1
924,Vala Retail,Modern Trade,12,35,66,Guwahati,B,0.0,0.0,0.0,6595.4,1.0,-1.0,-1.0,6595.4,1.0,2025-11-14,47,7.0,4.0,6.0,0.0,0.0,0.0,0.0,0.0,0.0,0.0,0.0,0.0,0.0,40549.66,0.0,0.0,12_B,6060.66,0.0,-0.8988796217022266,1,1,0,1
925,Comar Retail,Pharmacy,8,36,76,Patna,B,256.78,1.0,256.78,4623.54,2.0,-0.9444624681521087,-0.5,4366.76,1.0,2025-12-22,9,25.0,5.0,14.0,3.0,0.0,24.666666666666668,0.0,0.7000000000000001,0.0,0.0,0.0,0.0,256.78,41780.18,0.614597639359141,85.59333333333332,8_B,5652.47,0.045427927967773375,-0.763854151162207,0,1,0,1
926,Pai Retail,General Trade,4,13,48,Patna,C,995.44,1.0,995.44,0.0,0.0,,,-995.44,-1.0,2025-12-23,8,11.0,5.0,7.0,1.0,0.0,31.0,0.0,0.23333333333333334,0.0,0.0,0.0,0.0,995.44,20522.63,4.850450453962284,995.44,4_C,1263.49,0.7878495278949577,,0,0,0,1
927,Sani General Store,Pharmacy,4,1,58,Patna,C,2732.12,2.0,1366.06,3843.07,1.0,-0.2890787833685049,1.0,1110.9500000000003,-1.0,2025-12-15,16,15.0,5.0,10.0,2.0,1.0,33.5,0.5,0.4666666666666667,0.0,0.0,0.0,0.0,2732.12,20575.75,13.278349513383473,1366.06,4_C,1263.49,2.162359812899192,0.359335473009335,0,1,0,1
928,Choudhry Mart,Supermarket,9,11,73,Ludhiana,C,5396.9800000000005,2.0,2698.4900000000002,5556.81,2.0,-0.02876290533597512,0.0,159.82999999999993,0.0,2025-12-31,0,21.0,4.0,9.0,1.0,1.0,39.0,1.0,0.23333333333333334,195.0,0.0,287.174358974359,0.0,5396.9800000000005,17424.79,30.972998813759016,5396.9800000000005,9_C,1106.01,4.8796846321461835,0.46613349654689995,0,0,0,1
929,Mander Supermarket,Modern Trade,12,8,87,Bhubaneswar,C,0.0,0.0,0.0,6601.1900000000005,2.0,-1.0,-1.0,6601.1900000000005,2.0,2025-11-28,33,8.0,3.0,5.0,0.0,0.0,0.0,0.0,0.0,0.0,0.0,0.0,0.0,0.0,21025.49,0.0,0.0,12_C,1525.54,0.0,-0.41156482455115484,1,1,0,1
930,Sur Mart,Pharmacy,10,15,100,Ahmedabad,B,7578.629999999999,2.0,3789.3149999999996,4587.97,2.0,0.6518482030178921,0.0,-2990.659999999999,0.0,2025-12-29,2,32.0,5.0,13.0,2.0,2.0,34.5,1.0,0.4666666666666667,0.0,0.0,0.0,0.0,7578.629999999999,38544.36,19.662098423738257,3789.3149999999996,10_B,6269.79,1.2087534032240312,0.8267587830205416,0,0,0,1
931,Vyas Traders,General Trade,8,36,55,Bhubaneswar,B,5910.53,2.0,2955.265,18498.58,4.0,-0.6804873671384507,-0.5,12588.050000000003,2.0,2025-12-17,14,32.0,5.0,12.0,3.0,2.0,18.333333333333332,0.6666666666666666,0.7000000000000001,0.0,0.0,0.0,0.0,5910.53,42284.14,13.978125131550506,1970.1766666666665,8_B,5652.47,1.0456543776437557,-0.49987905014854905,0,1,0,1
932,Morar Retail,Convenience,6,21,72,Nashik,C,0.0,0.0,0.0,2592.19,2.0,-1.0,-1.0,2592.19,2.0,2025-11-19,42,7.0,5.0,6.0,0.0,0.0,0.0,0.0,0.0,0.0,0.0,0.0,0.0,0.0,20919.95,0.0,0.0,6_C,1535.8200000000002,0.0,-0.49011665985164743,1,1,0,1
933,Bath Traders,Modern Trade,3,18,89,Kochi,C,4664.47,2.0,2332.235,2136.62,1.0,1.1831069633346127,1.0,-2527.8500000000004,-1.0,2025-12-30,1,20.0,5.0,10.0,0.0,0.0,0.0,0.0,0.0,0.0,0.0,0.0,0.0,4664.47,20724.2,22.50735854701267,0.0,3_C,1975.87,2.360717051223006,1.5402887534231597,0,0,0,1
934,Kannan General Store,Modern Trade,5,22,17,Ludhiana,C,3324.29,2.0,1662.145,2680.4799999999996,4.0,0.240184593804095,-0.5,-643.8100000000004,2.0,2025-12-28,3,21.0,5.0,11.0,2.0,1.0,38.5,0.5,0.4666666666666667,0.0,0.0,0.0,0.0,3324.29,17849.03,18.624485476241567,1662.145,5_C,1965.2,1.691578465296153,0.6870915716582301,0,0,0,1
935,Rana General Store,Convenience,6,21,72,Ahmedabad,C,0.0,0.0,0.0,0.0,0.0,,,0.0,0.0,2025-10-27,65,1.0,1.0,1.0,2.0,0.0,30.0,0.0,0.4666666666666667,0.0,0.0,0.0,0.0,0.0,16412.56,0.0,0.0,6_C,1535.8200000000002,0.0,,1,0,0,1
936,Bhakta Mart,General Trade,6,31,74,Ahmedabad,A,45752.229999999996,4.0,11438.057499999999,12909.98,3.0,2.543942748168471,0.3333333333333333,-32842.25,-1.0,2025-12-23,8,36.0,5.0,13.0,2.0,1.0,18.0,0.5,0.4666666666666667,0.0,0.0,0.0,0.0,45752.229999999996,67157.55,68.12671099526412,22876.114999999998,6_A,21985.86,2.0809843235606884,2.468543242398143,0,0,0,1
937,Amble Mart,Modern Trade,2,26,38,Surat,A,11605.35,3.0,3868.4500000000003,28019.92,3.0,-0.585817875283013,0.0,16414.57,0.0,2025-12-30,1,30.0,5.0,13.0,3.0,3.0,24.0,1.0,0.7000000000000001,0.0,0.0,0.0,0.0,11605.35,69078.98,16.80011777823008,3868.4500000000003,2_A,21794.730000000003,0.5324842289856309,-0.720591537663678,0,1,0,1
938,Jayaraman Traders,General Trade,2,29,37,Pune,A,9625.32,2.0,4812.66,17351.53,4.0,-0.44527543104268036,-0.5,7726.209999999999,2.0,2025-12-17,14,25.0,5.0,12.0,1.0,1.0,31.0,1.0,0.23333333333333334,0.0,0.0,0.0,0.0,9625.32,72901.7,13.203148897762329,9625.32,2_A,21794.730000000003,0.4416352026384359,-0.5800490934233453,0,1,0,1
939,Mitra Supermarket,Pharmacy,4,13,54,Ranchi,C,2347.42,1.0,2347.42,2429.22,1.0,-0.03367336017322422,0.0,81.79999999999973,0.0,2025-12-24,7,12.0,5.0,9.0,1.0,0.0,36.0,0.0,0.23333333333333334,195.0,0.0,279.87692307692305,0.0,2347.42,21002.78,11.176710892558035,2347.42,4_C,1263.49,1.8578856975520186,0.6147408962046157,0,0,0,1
940,Kakar Mart,Convenience,9,3,93,Ludhiana,A,35411.799999999996,6.0,5901.966666666666,7290.16,1.0,3.857479122543263,5.0,-28121.639999999996,-5.0,2025-12-27,4,35.0,5.0,14.0,0.0,0.0,0.0,0.0,0.0,0.0,0.0,0.0,0.0,35411.799999999996,58930.67,60.09061156100889,0.0,9_A,20504.7,1.7270089296600288,3.747432274099944,0,0,0,1
941,Devan Retail,General Trade,4,1,58,Bhubaneswar,C,1124.89,1.0,1124.89,1537.32,1.0,-0.2682785626935185,0.0,412.42999999999984,0.0,2025-12-30,1,8.0,4.0,7.0,1.0,1.0,11.0,1.0,0.23333333333333334,0.0,0.0,0.0,0.0,1124.89,18953.29,5.935064571902821,1124.89,4_C,1263.49,0.890303840948484,0.3801356936843214,0,1,0,1
942,Kumer Retail,Convenience,12,8,50,Bhubaneswar,C,0.0,0.0,0.0,1678.69,1.0,-1.0,-1.0,1678.69,1.0,2025-11-30,31,8.0,3.0,5.0,2.0,1.0,32.0,0.5,0.4666666666666667,0.0,0.0,0.0,0.0,0.0,20344.52,0.0,0.0,12_C,1525.54,0.0,-0.41156482455115484,1,1,0,1
943,Mann Mart,General Trade,9,3,95,Chandigarh,C,2186.31,2.0,1093.155,1748.49,1.0,0.2503989156357771,1.0,-437.81999999999994,-1.0,2025-12-27,4,8.0,3.0,5.0,4.0,3.0,24.5,0.75,0.9333333333333333,0.0,0.0,0.0,0.0,2186.31,16326.89,13.39085398382668,546.5775,9_C,1106.01,1.9767542788944041,0.7452953175186522,0,0,0,1
944,Narang General Store,Modern Trade,6,21,72,Mumbai,C,3560.5,3.0,1186.8333333333333,4792.7699999999995,4.0,-0.25711018888868015,-0.25,1232.2699999999995,1.0,2025-12-26,5,29.0,5.0,11.0,0.0,0.0,0.0,0.0,0.0,0.0,0.0,0.0,0.0,3560.5,18484.01,19.26259507541924,0.0,6_C,1535.8200000000002,2.318305530596033,0.2527731512596724,0,1,0,1
945,Dar Traders,Convenience,9,11,73,Ludhiana,A,10022.89,1.0,10022.89,15187.77,2.0,-0.3400683576324899,-0.5,5164.880000000001,1.0,2025-12-18,13,20.0,5.0,11.0,6.0,5.0,23.833333333333332,0.8333333333333334,1.4000000000000001,0.0,0.0,0.0,0.0,10022.89,59503.58,16.8441797955686,1670.4816666666666,9_A,20504.7,0.4888093949192136,-0.4501152060758092,0,1,0,1
946,Amble Mart,Modern Trade,7,28,24,Bengaluru,B,10163.36,2.0,5081.68,11069.76,2.0,-0.08188072731477464,0.0,906.3999999999996,0.0,2025-12-24,7,18.0,5.0,10.0,1.0,1.0,34.0,1.0,0.23333333333333334,0.0,0.0,0.0,0.0,10163.36,43478.69,23.37549728384181,10163.36,7_B,6107.09,1.6641903099512207,0.13804729545814137,0,0,0,1
947,Tank Supermarket,Supermarket,7,28,57,Bengaluru,C,724.92,2.0,362.46,1286.85,1.0,-0.43667094066907564,1.0,561.93,-1.0,2025-12-19,12,17.0,5.0,11.0,1.0,1.0,13.0,1.0,0.23333333333333334,0.0,0.0,0.0,0.0,724.92,17643.19,4.1087807817067095,724.92,7_C,1610.4699999999998,0.45012946531136877,0.011043444594386997,0,1,0,1
948,Sani General Store,Convenience,7,20,44,Kochi,A,33468.99,5.0,6693.798,36943.96,8.0,-0.0940605717416325,-0.375,3474.970000000001,3.0,2025-12-31,0,42.0,5.0,14.0,2.0,2.0,14.5,1.0,0.4666666666666667,0.0,0.0,0.0,0.0,33468.99,67266.4,49.75588109368124,16734.495,7_A,22880.32,1.4627850484608607,-0.09007425595999004,0,0,0,1
949,Gill Mart,Modern Trade,7,20,13,Coimbatore,A,34744.4,5.0,6948.88,5582.83,2.0,5.223438650290265,1.5,-29161.57,-3.0,2025-12-31,0,38.0,5.0,15.0,4.0,3.0,36.75,0.75,0.9333333333333333,0.0,0.0,0.0,0.0,34744.4,59977.56,57.92899877887664,8686.1,7_A,22880.32,1.5185277128991204,5.227424966071908,0,0,0,1
950,Dayal Retail,Modern Trade,12,19,53,Bhubaneswar,A,10757.24,2.0,5378.62,18414.260000000002,3.0,-0.415820130703053,-0.3333333333333333,7657.020000000002,1.0,2025-12-27,4,41.0,5.0,15.0,3.0,3.0,14.666666666666666,1.0,0.7000000000000001,0.0,0.0,0.0,0.0,10757.24,71061.6,15.137908518806217,3585.7466666666664,12_A,24540.835,0.4383404232170584,-0.5455416523029906,0,1,0,1
951,Rai Retail,Supermarket,7,20,13,Hyderabad,A,24615.869999999995,4.0,6153.967499999999,34554.86,6.0,-0.2876292944031608,-0.3333333333333333,9938.990000000005,2.0,2025-12-30,1,32.0,5.0,13.0,4.0,3.0,35.75,0.75,0.9333333333333333,0.0,0.0,0.0,0.0,24615.869999999995,57238.36,43.00589674477045,6153.967499999999,7_A,22880.32,1.0758533971552844,-0.2836429786215183,0,1,0,1
952,Walia Supermarket,Convenience,8,14,7,Bhubaneswar,B,12786.49,3.0,4262.163333333333,11096.42,5.0,0.1523076812161039,-0.4,-1690.0699999999997,2.0,2025-12-16,15,30.0,5.0,14.0,0.0,0.0,0.0,0.0,0.0,0.0,0.0,0.0,0.0,17985.629999999997,42442.98,42.37598302475462,0.0,8_B,5652.47,2.2621066542591115,0.3329159982060056,0,0,0,1
953,Karpe Retail,Pharmacy,12,8,50,Kolkata,B,0.0,0.0,0.0,15832.279999999999,3.0,-1.0,-1.0,15832.279999999999,3.0,2025-11-25,36,25.0,5.0,11.0,4.0,3.0,34.5,0.75,0.9333333333333333,0.0,0.0,0.0,0.0,0.0,37221.65,0.0,0.0,12_B,6060.66,0.0,-0.8988796217022266,1,1,0,1
954,Tella General Store,Supermarket,12,19,53,Bhubaneswar,C,1429.99,1.0,1429.99,1027.57,1.0,0.39162295512714473,0.0,-402.4200000000001,0.0,2025-12-12,19,13.0,4.0,8.0,3.0,1.0,26.0,0.3333333333333333,0.7000000000000001,0.0,0.0,0.0,0.0,1429.99,20059.75,7.128653148718205,476.66333333333336,12_C,1525.54,0.9373664407357395,0.9800581305759899,0,0,0,1
955,Pandya Mart,Supermarket,4,1,32,Guwahati,C,0.0,0.0,0.0,2177.23,2.0,-1.0,-1.0,2177.23,2.0,2025-11-21,40,12.0,5.0,8.0,1.0,1.0,27.0,1.0,0.23333333333333334,0.0,0.0,0.0,0.0,0.0,16336.13,0.0,0.0,4_C,1263.49,0.0,-0.3515857436221601,1,1,0,1
956,Bora Mart,Supermarket,6,25,65,Pune,C,0.0,0.0,0.0,359.22,1.0,-1.0,-1.0,359.22,1.0,2025-11-02,59,14.0,5.0,11.0,1.0,1.0,37.0,1.0,0.23333333333333334,0.0,0.0,0.0,0.0,0.0,18076.8,0.0,0.0,6_C,1535.8200000000002,0.0,-0.49011665985164743,1,1,0,1
957,Ranganathan Supermarket,Pharmacy,8,14,69,Ranchi,C,7388.74,3.0,2462.9133333333334,4048.45,2.0,0.8250787338364065,0.5,-3340.29,-1.0,2025-12-20,11,20.0,5.0,11.0,0.0,0.0,0.0,0.0,0.0,0.0,0.0,0.0,0.0,7388.74,18669.61,39.576295380567664,0.0,8_C,1474.47,5.011115858579693,1.3828234027656294,0,0,0,1
958,Basak Traders,Supermarket,2,26,38,Pune,A,14398.37,4.0,3599.5925,17587.41,3.0,-0.18132516385300615,0.3333333333333333,3189.039999999999,-1.0,2025-12-26,5,28.0,5.0,14.0,0.0,0.0,0.0,0.0,0.0,0.0,0.0,0.0,0.0,14398.37,70507.21,20.42113139918598,0.0,2_A,21794.730000000003,0.6606353921337864,-0.31609882623367114,0,1,0,1
959,Sarin Supermarket,Supermarket,6,21,45,Pune,C,8586.56,3.0,2862.1866666666665,3745.1099999999997,2.0,1.2927390650741901,0.5,-4841.45,-1.0,2025-12-26,5,21.0,5.0,12.0,1.0,1.0,25.0,1.0,0.23333333333333334,0.0,0.0,0.0,0.0,8586.56,21367.94,40.18431350892973,8586.56,6_C,1535.8200000000002,5.590863512651222,1.8026224052225426,0,0,0,1
960,Bahl General Store,Modern Trade,2,29,9,Ahmedabad,A,12930.07,3.0,4310.0233333333335,68388.96,11.0,-0.8109333728718787,-0.7272727272727273,55458.89000000001,8.0,2025-12-21,10,53.0,5.0,14.0,3.0,2.0,34.333333333333336,0.6666666666666666,0.7000000000000001,0.0,0.0,0.0,0.0,12930.07,57975.9,22.302491207553484,4310.0233333333335,2_A,21794.730000000003,0.5932658950122345,-0.9457070352525436,0,1,0,1
961,Sharaf Retail,Supermarket,1,34,27,Ludhiana,B,6515.72,1.0,6515.72,29007.15,7.0,-0.7753753815869535,-0.8571428571428571,22491.43,6.0,2025-12-12,19,34.0,5.0,13.0,3.0,1.0,28.666666666666668,0.3333333333333333,0.7000000000000001,0.0,0.0,0.0,0.0,6515.72,35134.46,18.54509788965022,2171.9066666666668,1_B,5467.655000000001,1.1916845521526138,-0.7733281433454545,0,1,0,1
962,Brahmbhatt Retail,Supermarket,9,3,35,Jaipur,C,0.0,0.0,0.0,0.0,0.0,,,0.0,0.0,2025-10-14,78,8.0,5.0,8.0,0.0,0.0,0.0,0.0,0.0,0.0,0.0,0.0,0.0,0.0,17028.17,0.0,0.0,9_C,1106.01,0.0,,1,0,0,1
963,Munshi General Store,Convenience,1,17,3,Jaipur,C,1771.74,2.0,885.87,2798.96,2.0,-0.36700060022293995,0.0,1027.22,0.0,2025-12-18,13,19.0,5.0,9.0,0.0,0.0,0.0,0.0,0.0,0.0,0.0,0.0,0.0,1771.74,21543.28,8.224095866553283,0.0,1_C,1475.75,1.200569202100627,0.25957172238862386,0,1,0,1
964,Sanghvi Traders,Pharmacy,1,17,23,Lucknow,C,0.0,0.0,0.0,0.0,0.0,,,0.0,0.0,2025-09-24,98,0.0,0.0,0.0,4.0,1.0,28.25,0.25,0.9333333333333333,0.0,0.0,0.0,0.0,0.0,18532.65,0.0,0.0,1_C,1475.75,0.0,,1,0,0,1
965,Ravel Traders,General Trade,7,20,84,Bengaluru,B,4478.69,1.0,4478.69,0.0,0.0,,,-4478.69,-1.0,2025-12-25,6,16.0,4.0,8.0,2.0,0.0,33.0,0.0,0.4666666666666667,0.0,0.0,0.0,0.0,4478.69,38408.36,11.660716573162716,2239.345,7_B,6107.09,0.7333590957395419,,0,0,0,1
966,Sahni General Store,General Trade,12,10,46,Ranchi,A,33717.47,4.0,8429.3675,11486.77,3.0,1.9353308197169439,0.3333333333333333,-22230.7,-1.0,2025-12-09,22,44.0,5.0,15.0,3.0,2.0,14.0,0.6666666666666666,0.7000000000000001,0.0,0.0,0.0,0.0,33717.47,68177.59,49.45535622482403,11239.156666666668,12_A,24540.835,1.373933283036213,1.8056092981170062,0,0,0,1
967,Mann Retail,Supermarket,3,18,2,Chennai,C,2523.22,1.0,2523.22,2808.25,2.0,-0.10149737380931192,-0.5,285.0300000000002,1.0,2025-12-03,28,14.0,5.0,8.0,5.0,4.0,24.2,0.8,1.1666666666666667,0.0,0.0,0.0,0.0,2523.22,18189.57,13.871795759877775,504.64399999999995,3_C,1975.87,1.277017212670874,0.2556844162792352,0,0,0,1
968,Contractor Traders,Supermarket,4,1,39,Bhubaneswar,B,10048.130000000001,2.0,5024.0650000000005,11536.119999999999,3.0,-0.12898530875198924,-0.3333333333333333,1487.989999999998,1.0,2025-12-22,9,28.0,5.0,13.0,2.0,1.0,29.0,0.5,0.4666666666666667,0.0,0.0,0.0,0.0,10048.130000000001,35869.7,28.01286322439274,5024.0650000000005,4_B,5210.49,1.9284424305583547,0.06226661985896381,0,0,0,1
969,Ravel Traders,General Trade,1,34,27,Delhi,A,35976.15,5.0,7195.2300000000005,25792.45,5.0,0.3948325963605629,0.0,-10183.7,0.0,2025-12-31,0,35.0,5.0,14.0,0.0,0.0,0.0,0.0,0.0,0.0,0.0,0.0,0.0,35976.15,61120.41,58.861107116264435,0.0,1_A,22934.37,1.5686565621815642,0.3065001221581014,0,0,0,1
970,Bail Supermarket,Convenience,4,2,22,Guwahati,A,14947.8,4.0,3736.95,35952.97,6.0,-0.5842401893362357,-0.3333333333333333,21005.170000000002,2.0,2025-12-29,2,26.0,5.0,13.0,2.0,2.0,23.5,1.0,0.4666666666666667,0.0,0.0,0.0,0.0,14947.8,59020.38,25.32650586119574,7473.9,4_A,22237.399999999998,0.672191892937124,-0.6531404322822209,0,1,0,1
971,Nair Supermarket,Modern Trade,4,13,96,Kolkata,A,29711.25,5.0,5942.25,15467.000000000002,4.0,0.9209445917113853,0.25,-14244.249999999998,-1.0,2025-12-21,10,38.0,5.0,15.0,2.0,1.0,29.0,0.5,0.4666666666666667,195.0,29.0,33.9025641025641,0.14871794871794872,39069.29,71219.76,54.857373852425226,14855.625,4_A,22237.399999999998,1.3360936980042633,0.8520443487654001,0,0,1,1
972,Garg Supermarket,Convenience,4,1,25,Kolkata,C,0.0,0.0,0.0,0.0,0.0,,,0.0,0.0,2025-10-09,83,1.0,1.0,1.0,5.0,3.0,26.4,0.6,1.1666666666666667,0.0,0.0,0.0,0.0,0.0,21191.92,0.0,0.0,4_C,1263.49,0.0,,1,0,0,1
973,Sharma General Store,Supermarket,4,7,1,Ranchi,C,6539.360000000001,3.0,2179.786666666667,4572.610000000001,2.0,0.4301154045501365,0.5,-1966.75,-1.0,2025-12-31,0,19.0,5.0,12.0,3.0,2.0,30.666666666666668,0.6666666666666666,0.7000000000000001,0.0,0.0,0.0,0.0,6539.360000000001,18073.67,36.18169414402278,2179.786666666667,4_C,1263.49,5.1756325732692785,1.0785296609279764,0,0,0,1
974,Pathak Retail,Convenience,12,10,16,Guwahati,B,2514.65,1.0,2514.65,7634.1900000000005,4.0,-0.6706068358267216,-0.75,5119.540000000001,3.0,2025-12-03,28,22.0,5.0,12.0,0.0,0.0,0.0,0.0,0.0,0.0,0.0,0.0,0.0,2514.65,34068.4,7.38118021392258,0.0,12_B,6060.66,0.4149135572693403,-0.5694864575289482,0,1,0,1
975,Chakrabarti Supermarket,Pharmacy,8,14,7,Patna,C,2531.27,2.0,1265.635,6706.97,3.0,-0.6225911253516865,-0.3333333333333333,4175.700000000001,1.0,2025-12-26,5,23.0,5.0,14.0,2.0,1.0,31.5,0.5,0.4666666666666667,0.0,0.0,0.0,0.0,2531.27,18803.99,13.461345171955525,1265.635,8_C,1474.47,1.7167321139121174,-0.06484645642246367,0,1,0,1
976,Sarkar Mart,Pharmacy,3,18,11,Coimbatore,C,6662.02,4.0,1665.505,2273.02,1.0,1.9309112986247372,3.0,-4389.0,-3.0,2025-12-24,7,19.0,5.0,11.0,2.0,1.0,37.5,0.5,0.4666666666666667,0.0,0.0,0.0,0.0,6662.02,18119.99,36.766135080648496,3331.01,3_C,1975.87,3.3716894330092573,2.288093088713284,0,0,0,1
977,Cherian General Store,General Trade,4,2,22,Patna,B,12441.119999999999,3.0,4147.04,2256.87,2.0,4.51255499873719,0.5,-10184.25,-1.0,2025-12-17,14,15.0,5.0,10.0,6.0,2.0,24.0,0.3333333333333333,1.4000000000000001,0.0,0.0,0.0,0.0,12441.119999999999,37705.05,32.99589842739898,2073.52,4_B,5210.49,2.387706338559329,4.703806927348142,0,0,0,1
978,Kohli Mart,General Trade,4,7,81,Patna,C,1468.42,1.0,1468.42,7726.99,3.0,-0.8099622233237004,-0.6666666666666666,6258.57,2.0,2025-12-25,6,19.0,5.0,11.0,1.0,0.0,14.0,0.0,0.23333333333333334,0.0,0.0,0.0,0.0,1468.42,20298.12,7.2342660305486435,1468.42,4_C,1263.49,1.1621936065975988,-0.1615479669458605,0,1,0,1
979,Sarin General Store,Convenience,10,32,43,Nashik,C,0.0,0.0,0.0,0.0,0.0,,,0.0,0.0,2025-10-08,84,5.0,3.0,4.0,1.0,1.0,39.0,1.0,0.23333333333333334,0.0,0.0,0.0,0.0,0.0,16946.18,0.0,0.0,10_C,1784.86,0.0,,1,0,0,1
980,Rattan General Store,General Trade,4,1,58,Guwahati,A,33634.32,5.0,6726.864,10945.47,2.0,2.0728986512228347,1.5,-22688.85,-3.0,2025-12-10,21,26.0,5.0,12.0,3.0,1.0,27.0,0.3333333333333333,0.7000000000000001,0.0,0.0,0.0,0.0,33634.32,71838.82,46.81914318748554,11211.44,4_A,22237.399999999998,1.5125113547447095,2.0039984082768494,0,0,0,1
981,Viswanathan Traders,General Trade,5,22,17,Delhi,C,4064.12,2.0,2032.06,0.0,0.0,,,-4064.12,-2.0,2025-12-22,9,12.0,5.0,10.0,3.0,1.0,25.666666666666668,0.3333333333333333,0.7000000000000001,0.0,0.0,0.0,0.0,4064.12,20818.82,19.521375370938408,1354.7066666666667,5_C,1965.2,2.0680439649908404,,0,0,0,1
982,Brar Retail,Pharmacy,6,31,14,Mumbai,C,4282.45,2.0,2141.225,0.0,0.0,,,-4282.45,-2.0,2025-12-21,10,10.0,4.0,6.0,3.0,2.0,26.666666666666668,0.6666666666666666,0.7000000000000001,0.0,0.0,0.0,0.0,4282.45,17822.46,24.028388898053354,1427.4833333333333,6_C,1535.8200000000002,2.7883801487153437,,0,0,0,1
983,Randhawa Supermarket,General Trade,12,10,30,Guwahati,C,3245.06,1.0,3245.06,0.0,0.0,,,-3245.06,-1.0,2025-12-19,12,18.0,5.0,8.0,1.0,0.0,17.0,0.0,0.23333333333333334,0.0,0.0,0.0,0.0,3245.06,17114.77,18.960582000225536,3245.06,12_C,1525.54,2.127154974631934,,0,0,0,1
984,Mukherjee General Store,Pharmacy,6,21,80,Nashik,A,47113.25,6.0,7852.208333333333,18171.11,3.0,1.5927557535010244,1.0,-28942.14,-3.0,2025-12-27,4,34.0,5.0,12.0,3.0,2.0,22.666666666666668,0.6666666666666666,0.7000000000000001,0.0,0.0,0.0,0.0,47113.25,72887.44,64.63836567726895,15704.416666666666,6_A,21985.86,2.14288865661839,1.517356247730696,0,0,0,1
985,Nori General Store,Convenience,6,31,14,Mumbai,C,877.87,1.0,877.87,2877.5699999999997,2.0,-0.6949266221151875,-0.5,1999.6999999999998,1.0,2025-12-23,8,8.0,4.0,7.0,1.0,1.0,35.0,1.0,0.23333333333333334,0.0,0.0,0.0,0.0,877.87,21429.47,4.096554884465178,877.87,6_C,1535.8200000000002,0.5715969319321274,-0.18504328196683495,0,1,0,1
986,Kant Traders,Pharmacy,5,22,17,Ludhiana,B,6133.58,2.0,3066.79,1685.87,2.0,2.6382283331454977,0.0,-4447.71,0.0,2025-12-19,12,16.0,5.0,10.0,2.0,0.0,27.0,0.0,0.4666666666666667,0.0,0.0,0.0,0.0,6133.58,41927.97,14.62885038316904,3066.79,5_B,6391.82,0.9595983616559915,2.9909449407150683,0,0,0,1
987,Nath Retail,Convenience,12,8,18,Kolkata,A,21308.47,3.0,7102.823333333334,8967.55,2.0,1.3761752095053836,0.5,-12340.920000000002,-1.0,2025-12-29,2,25.0,5.0,13.0,2.0,2.0,12.5,1.0,0.4666666666666667,195.0,0.0,65.81025641025641,0.0,21308.47,56233.79,37.89264426246213,10654.235,12_A,24540.835,0.8682862665430904,1.2464536879054462,0,0,0,1
988,Ganguly Mart,Modern Trade,2,29,40,Nashik,C,3914.17,2.0,1957.085,4965.9800000000005,2.0,-0.21180310834920807,0.0,1051.8100000000004,0.0,2025-12-26,5,21.0,5.0,12.0,1.0,1.0,31.0,1.0,0.23333333333333334,0.0,0.0,0.0,0.0,4362.93,17862.79,24.424683937951464,3914.17,2_C,1065.73,3.6727595169508223,0.22202095705840857,0,1,0,1
989,Bose Mart,General Trade,4,13,48,Kolkata,B,5754.950000000001,2.0,2877.4750000000004,7085.110000000001,2.0,-0.18774020445695264,0.0,1330.1599999999999,0.0,2025-12-11,20,16.0,4.0,9.0,1.0,0.0,35.0,0.0,0.23333333333333334,195.0,0.0,201.06153846153848,0.0,5754.950000000001,35877.91,16.040371359424224,5754.950000000001,4_B,5210.49,1.104493051517228,0.0035117241540004174,0,1,0,1
990,Uppal Mart,Modern Trade,8,14,7,Ranchi,B,0.0,0.0,0.0,0.0,0.0,,,0.0,0.0,2025-11-01,60,13.0,3.0,8.0,1.0,1.0,32.0,1.0,0.23333333333333334,0.0,0.0,0.0,0.0,0.0,42617.97,0.0,0.0,8_B,5652.47,0.0,,1,0,0,1
991,Comar Retail,Convenience,12,35,61,Ranchi,C,0.0,0.0,0.0,0.0,0.0,,,0.0,0.0,2025-10-06,86,2.0,2.0,2.0,2.0,1.0,34.5,0.5,0.4666666666666667,0.0,0.0,0.0,0.0,0.0,17566.58,0.0,0.0,12_C,1525.54,0.0,,1,0,0,1
992,Wali Traders,General Trade,4,13,54,Patna,A,52054.07,6.0,8675.678333333333,23420.329999999998,6.0,1.2226019018519383,0.0,-28633.74,0.0,2025-12-16,15,54.0,5.0,15.0,1.0,1.0,21.0,1.0,0.23333333333333334,195.0,0.0,70.06666666666666,0.0,52054.07,63944.54,81.40502691863918,52054.07,4_A,22237.399999999998,2.34083436013203,1.153701658905953,0,0,0,0
993,Uppal Mart,Modern Trade,6,21,29,Pune,B,5363.85,1.0,5363.85,6496.389999999999,2.0,-0.17433374535703663,-0.5,1132.539999999999,1.0,2025-12-29,2,14.0,5.0,8.0,2.0,2.0,20.0,1.0,0.4666666666666667,0.0,0.0,0.0,0.0,5363.85,42717.39,12.556595803254837,2681.925,6_B,5118.745000000001,1.0478838074567105,0.0949553153645741,0,1,0,1
994,Hari Mart,General Trade,9,3,95,Lucknow,B,18508.84,4.0,4627.21,11950.4,3.0,0.548805060918463,0.3333333333333333,-6558.4400000000005,-1.0,2025-12-23,8,30.0,5.0,13.0,2.0,2.0,18.5,1.0,0.4666666666666667,195.0,0.0,210.81025641025641,0.0,18508.84,34101.9,54.275099041402385,9254.42,9_B,5894.43,3.1400559511267416,0.7239513363228309,0,0,0,1
995,Palla Traders,Modern Trade,6,21,72,Mumbai,A,51090.450000000004,9.0,5676.716666666667,22194.83,4.0,1.301907696522118,1.25,-28895.620000000003,-5.0,2025-12-26,5,34.0,5.0,15.0,4.0,3.0,31.0,0.75,0.9333333333333333,0.0,0.0,0.0,0.0,51090.450000000004,71915.57,71.04226525632767,12772.612500000001,6_A,21985.86,2.3237867429338674,1.2265081907517896,0,0,0,1
996,Panchal Retail,Modern Trade,10,4,6,Mumbai,A,24819.05,3.0,8273.016666666666,0.0,0.0,,,-24819.05,-3.0,2025-12-22,9,24.0,5.0,12.0,2.0,1.0,36.5,0.5,0.4666666666666667,0.0,0.0,0.0,0.0,24819.05,67988.43,36.50481412793324,12409.525,10_A,24727.44,1.0037047911146484,,0,0,0,1
997,Divan Mart,General Trade,7,20,44,Coimbatore,B,2288.39,1.0,2288.39,0.0,0.0,,,-2288.39,-1.0,2025-12-19,12,10.0,5.0,8.0,0.0,0.0,0.0,0.0,0.0,195.0,0.0,220.22564102564104,0.0,2288.39,37330.7,6.130048458775217,0.0,7_B,6107.09,0.3747103776102857,,0,0,0,1
998,Keer General Store,Supermarket,1,17,3,Jaipur,B,11118.21,2.0,5559.105,4640.75,2.0,1.3957786995636479,0.0,-6477.459999999999,0.0,2025-12-18,13,16.0,5.0,11.0,2.0,1.0,33.0,0.5,0.4666666666666667,0.0,0.0,0.0,0.0,11118.21,40509.03,27.44625087295351,5559.105,1_B,5467.655000000001,2.0334512693284412,1.397825937805147,0,0,0,1
999,Chauhan Supermarket,Convenience,4,13,48,Patna,C,0.0,0.0,0.0,0.0,0.0,,,0.0,0.0,2025-10-08,84,3.0,3.0,3.0,2.0,1.0,15.0,0.5,0.4666666666666667,0.0,0.0,0.0,0.0,0.0,17965.48,0.0,0.0,4_C,1263.49,0.0,,1,0,0,1
1000,Dhingra Mart,Modern Trade,12,10,16,Bhubaneswar,C,3523.51,1.0,3523.51,6760.34,3.0,-0.4787969244150442,-0.6666666666666666,3236.83,2.0,2025-12-25,6,22.0,5.0,12.0,1.0,1.0,23.0,1.0,0.23333333333333334,0.0,0.0,0.0,0.0,3523.51,19512.0,18.058169331693318,3523.51,12_C,1525.54,2.3096805065747215,0.10963825103380098,0,1,0,1
1001,Kunda Mart,General Trade,4,2,41,Guwahati,B,0.0,0.0,0.0,8429.880000000001,2.0,-1.0,-1.0,8429.880000000001,2.0,2025-11-09,52,8.0,5.0,8.0,1.0,1.0,10.0,1.0,0.23333333333333334,0.0,0.0,0.0,0.0,0.0,32324.09,0.0,0.0,4_B,5210.49,0.0,-0.8087480713890469,1,1,0,1
1002,Hora General Store,Supermarket,2,26,38,Pune,B,747.57,1.0,747.57,9396.310000000001,2.0,-0.9204400450815268,-0.5,8648.740000000002,1.0,2025-12-26,5,20.0,5.0,12.0,1.0,0.0,32.0,0.0,0.23333333333333334,0.0,0.0,0.0,0.0,747.57,41193.57,1.8147735192652643,747.57,2_B,7635.110000000001,0.09791214533909794,-1.0962076907621308,0,1,0,1
1003,Ghose Traders,Convenience,10,32,63,Pune,C,0.0,0.0,0.0,0.0,0.0,,,0.0,0.0,2025-09-30,92,0.0,0.0,0.0,3.0,2.0,32.666666666666664,0.6666666666666666,0.7000000000000001,0.0,0.0,0.0,0.0,0.0,19212.65,0.0,0.0,10_C,1784.86,0.0,,1,0,0,1
1004,Dua Supermarket,Pharmacy,8,14,97,Guwahati,B,5652.47,1.0,5652.47,3289.7999999999997,2.0,0.7181804365006994,-0.5,-2362.6700000000005,1.0,2025-12-12,19,25.0,5.0,13.0,0.0,0.0,0.0,0.0,0.0,0.0,0.0,0.0,0.0,5652.47,41633.56,13.576715515079663,0.0,8_B,5652.47,1.0,0.8987887534906011,0,0,0,1
1005,Borra Traders,Pharmacy,3,18,89,Kochi,C,2994.03,1.0,2994.03,1183.32,1.0,1.5301947064192276,0.0,-1810.7100000000003,0.0,2025-12-21,10,15.0,5.0,10.0,3.0,1.0,34.0,0.3333333333333333,0.7000000000000001,0.0,0.0,0.0,0.0,2994.03,21828.48,13.716163470841764,998.0100000000001,3_C,1975.87,1.5152970590170407,1.8873764965077746,0,0,0,1
1006,Goel Mart,Pharmacy,7,20,84,Bengaluru,B,2955.35,1.0,2955.35,8868.2,4.0,-0.6667474797591394,-0.75,5912.85,3.0,2025-12-28,3,21.0,5.0,11.0,1.0,1.0,30.0,1.0,0.23333333333333334,0.0,0.0,0.0,0.0,4929.68,34235.86,14.399170927793255,2955.35,7_B,6107.09,0.48392114738770836,-0.4468194569862234,0,1,0,1
1007,Tak Retail,Supermarket,8,36,55,Ranchi,C,3961.2400000000002,2.0,1980.6200000000001,0.0,0.0,,,-3961.2400000000002,-2.0,2025-12-07,24,8.0,5.0,7.0,0.0,0.0,0.0,0.0,0.0,0.0,0.0,0.0,0.0,3961.2400000000002,19632.08,20.177383140248,0.0,8_C,1474.47,2.686551777926984,,0,0,0,1
1008,Shetty Mart,Convenience,2,26,38,Surat,B,7791.82,2.0,3895.91,10440.47,4.0,-0.2536906863388334,-0.5,2648.6499999999996,2.0,2025-12-14,17,34.0,5.0,13.0,1.0,1.0,12.0,1.0,0.23333333333333334,0.0,0.0,0.0,0.0,7791.82,34828.54,22.371939794203257,7791.82,2_B,7635.110000000001,1.0205249171262758,-0.4294583320194374,0,1,0,1
1009,Sen Traders,Supermarket,8,36,55,Ranchi,B,16598.440000000002,4.0,4149.610000000001,3933.62,1.0,3.219634840172666,3.0,-12664.820000000003,-3.0,2025-12-23,8,25.0,5.0,14.0,3.0,3.0,27.333333333333332,1.0,0.7000000000000001,195.0,0.0,189.0871794871795,0.0,20532.06,34259.59,59.930839802811434,5532.813333333334,8_B,5652.47,2.936493249853604,3.400243157162568,0,0,0,1
1010,Naidu Retail,General Trade,4,7,4,Bhubaneswar,B,8021.18,3.0,2673.726666666667,8450.43,2.0,-0.05079623167105106,0.5,429.25,-1.0,2025-12-20,11,24.0,5.0,11.0,1.0,1.0,34.0,1.0,0.23333333333333334,0.0,0.0,0.0,0.0,8021.18,32950.16,24.34337192899822,8021.18,4_B,5210.49,1.5394291131928093,0.140455696939902,0,0,0,1
1011,Mutti Retail,Modern Trade,12,35,66,Guwahati,C,4697.95,2.0,2348.975,0.0,0.0,,,-4697.95,-2.0,2025-12-20,11,6.0,4.0,5.0,2.0,0.0,24.0,0.0,0.4666666666666667,0.0,0.0,0.0,0.0,4697.95,19023.22,24.695871676824428,2348.975,12_C,1525.54,3.079532493412169,,0,0,0,1
1012,Dora Retail,Supermarket,8,36,70,Bhubaneswar,B,999.48,1.0,999.48,18015.62,4.0,-0.9445214763632892,-0.75,17016.14,3.0,2025-12-13,18,28.0,5.0,14.0,0.0,0.0,0.0,0.0,0.0,0.0,0.0,0.0,0.0,999.48,34868.44,2.866431649939028,0.0,8_B,5652.47,0.17682181418034948,-0.7639131593733876,0,1,0,1
1013,Sarraf Mart,Convenience,12,19,36,Bhubaneswar,C,3341.6800000000003,2.0,1670.8400000000001,500.4,1.0,5.678017585931256,1.0,-2841.28,-1.0,2025-12-09,22,14.0,4.0,10.0,1.0,1.0,12.0,1.0,0.23333333333333334,0.0,0.0,0.0,0.0,3341.6800000000003,18882.15,17.697560923941396,3341.6800000000003,12_C,1525.54,2.1904899248790595,6.266452761380101,0,0,0,1
1014,Bir Traders,Pharmacy,2,29,37,Ahmedabad,C,0.0,0.0,0.0,0.0,0.0,,,0.0,0.0,2025-10-29,63,9.0,5.0,7.0,3.0,0.0,28.333333333333332,0.0,0.7000000000000001,0.0,0.0,0.0,0.0,0.0,20270.94,0.0,0.0,2_C,1065.73,0.0,,1,0,0,1
1015,Singh Mart,Pharmacy,12,35,61,Guwahati,C,5541.01,1.0,5541.01,1063.39,1.0,4.210703504828896,0.0,-4477.62,0.0,2025-12-04,27,10.0,5.0,8.0,1.0,1.0,21.0,1.0,0.23333333333333334,0.0,0.0,0.0,0.0,5541.01,21154.37,26.19321681524905,5541.01,12_C,1525.54,3.632163037350709,4.799138680277741,0,0,0,1
1016,Sathe Supermarket,Pharmacy,12,35,61,Bhubaneswar,B,22500.29,6.0,3750.0483333333336,11568.470000000001,3.0,0.9449667933616113,1.0,-10931.82,-3.0,2025-12-29,2,44.0,5.0,15.0,0.0,0.0,0.0,0.0,0.0,0.0,0.0,0.0,0.0,22500.29,37577.77,59.87659725417448,0.0,12_B,6060.66,3.7125148086182036,1.0460871716593847,0,0,0,1
1017,Mitter Traders,Modern Trade,4,2,41,Bhubaneswar,B,8415.45,2.0,4207.725,0.0,0.0,,,-8415.45,-2.0,2025-12-26,5,17.0,5.0,11.0,2.0,1.0,27.5,0.5,0.4666666666666667,195.0,0.0,197.5897435897436,0.0,8415.45,40951.17,20.549962308769203,4207.725,4_B,5210.49,1.6150976203773544,,0,0,0,1
1018,Maharaj Mart,Supermarket,4,13,48,Bhubaneswar,C,3295.59,1.0,3295.59,2870.33,1.0,0.14815718053324886,0.0,-425.2600000000002,0.0,2025-12-18,13,12.0,5.0,8.0,3.0,2.0,37.666666666666664,0.6666666666666666,0.7000000000000001,0.0,0.0,0.0,0.0,3295.59,18340.36,17.96905840452423,1098.53,4_C,1263.49,2.6083229784169246,0.7965714369110888,0,0,0,1
1019,Bhalla Traders,Pharmacy,12,10,46,Patna,B,0.0,0.0,0.0,5762.52,2.0,-1.0,-1.0,5762.52,2.0,2025-11-27,34,5.0,4.0,5.0,0.0,0.0,0.0,0.0,0.0,195.0,0.0,199.1846153846154,0.0,0.0,40009.72,0.0,0.0,12_B,6060.66,0.0,-0.8988796217022266,1,1,0,1
1020,Pandey General Store,Modern Trade,5,16,42,Ludhiana,A,37750.56,5.0,7550.111999999999,14712.16,5.0,1.5659427303672606,0.0,-23038.399999999998,0.0,2025-12-31,0,37.0,5.0,12.0,0.0,0.0,0.0,0.0,0.0,0.0,0.0,0.0,0.0,37750.56,68923.9,54.77136377947273,0.0,5_A,23936.755,1.5770959764596326,1.5651837583809742,0,0,0,1
1021,Tripathi Supermarket,Pharmacy,9,11,73,Ludhiana,C,6074.7,4.0,1518.675,6853.1900000000005,2.0,-0.1135952746093426,1.0,778.4900000000007,-2.0,2025-12-22,9,23.0,5.0,11.0,1.0,1.0,40.0,1.0,0.23333333333333334,0.0,0.0,0.0,0.0,6074.7,19314.56,31.45140246529043,6074.7,9_C,1106.01,5.492445818753899,0.3813011272735325,0,0,0,1
1022,Borah Traders,General Trade,2,29,9,Nashik,B,1874.8400000000001,2.0,937.4200000000001,18944.989999999998,5.0,-0.9010376885920763,-0.6,17070.149999999998,3.0,2025-12-26,5,31.0,5.0,13.0,0.0,0.0,0.0,0.0,0.0,0.0,0.0,0.0,0.0,5586.19,37111.72,15.052360817553051,0.0,2_B,7635.110000000001,0.24555507386272105,-1.0768053342726804,0,1,0,1
1023,Mukherjee Supermarket,Modern Trade,4,1,39,Kolkata,A,31928.72,5.0,6385.744000000001,28677.64,5.0,0.11336637184928752,0.0,-3251.0800000000017,0.0,2025-12-26,5,36.0,5.0,15.0,9.0,7.0,31.666666666666668,0.7777777777777778,2.1,0.0,0.0,0.0,0.0,31928.72,56399.67,56.611536911474836,3547.6355555555556,4_A,22237.399999999998,1.4358117405811832,0.044466128903302315,0,0,0,1
1024,Shenoy Traders,Supermarket,4,7,4,Bhubaneswar,A,14168.25,2.0,7084.125,13080.240000000002,2.0,0.0831796664281388,0.0,-1088.0099999999984,0.0,2025-12-10,21,35.0,5.0,14.0,5.0,5.0,19.8,1.0,1.1666666666666667,0.0,0.0,0.0,0.0,18972.63,62391.23,30.409129616454106,2833.65,4_A,22237.399999999998,0.6371360860532257,0.014279423482153594,0,0,0,1
1025,Seth Supermarket,General Trade,2,29,9,Surat,A,6773.12,5.0,1354.624,20268.37,7.0,-0.6658280858302863,-0.2857142857142857,13495.25,2.0,2025-12-22,9,33.0,5.0,14.0,4.0,3.0,30.0,0.75,0.9333333333333333,0.0,0.0,0.0,0.0,6773.12,68168.69,9.93582244282529,1693.28,2_A,21794.730000000003,0.31076870417756947,-0.8006017482109513,0,1,0,1
1026,Barad Mart,Convenience,5,33,51,Jaipur,C,0.0,0.0,0.0,5375.11,1.0,-1.0,-1.0,5375.11,1.0,2025-11-04,57,7.0,4.0,6.0,2.0,1.0,24.5,0.5,0.4666666666666667,0.0,0.0,0.0,0.0,0.0,21310.23,0.0,0.0,5_C,1965.2,0.0,-0.5530930221458649,1,1,0,1
1027,Bhandari Retail,Pharmacy,1,34,27,Jaipur,C,0.0,0.0,0.0,1704.97,1.0,-1.0,-1.0,1704.97,1.0,2025-11-22,39,7.0,3.0,4.0,2.0,2.0,25.5,1.0,0.4666666666666667,0.0,0.0,0.0,0.0,0.0,18120.01,0.0,0.0,1_C,1475.75,0.0,-0.3734276773884362,1,1,0,1
1028,Pillay Supermarket,Modern Trade,12,35,78,Guwahati,C,952.88,1.0,952.88,2542.66,2.0,-0.6252428559068062,-0.5,1589.7799999999997,1.0,2025-12-05,26,9.0,3.0,5.0,3.0,1.0,20.0,0.3333333333333333,0.7000000000000001,0.0,0.0,0.0,0.0,952.88,21775.28,4.375971284869816,317.62666666666667,12_C,1525.54,0.624618167992973,-0.03680768045796101,0,1,0,1
1029,Mangat Traders,General Trade,4,7,26,Kolkata,C,3391.59,1.0,3391.59,6563.58,3.0,-0.48327132449059806,-0.6666666666666666,3171.99,2.0,2025-12-28,3,18.0,5.0,11.0,3.0,2.0,31.666666666666668,0.6666666666666666,0.7000000000000001,195.0,0.0,306.4051282051282,0.0,3391.59,17746.58,19.111231572505798,1130.53,4_C,1263.49,2.68430300200239,0.16514293188724183,0,1,0,1
1030,Bose Traders,Pharmacy,7,20,68,Hyderabad,C,0.0,0.0,0.0,0.0,0.0,,,0.0,0.0,2025-10-14,78,5.0,4.0,5.0,6.0,3.0,18.666666666666668,0.5,1.4000000000000001,0.0,0.0,0.0,0.0,0.0,21553.47,0.0,0.0,7_C,1610.4699999999998,0.0,,1,0,0,1
1031,Chana Retail,Pharmacy,2,29,37,Surat,B,0.0,0.0,0.0,8520.97,1.0,-1.0,-1.0,8520.97,1.0,2025-11-04,57,6.0,4.0,5.0,6.0,4.0,25.333333333333332,0.6666666666666666,1.4000000000000001,0.0,0.0,0.0,0.0,0.0,35208.61,0.0,0.0,2_B,7635.110000000001,0.0,-1.175767645680604,1,1,0,1
1032,Tripathi Supermarket,Pharmacy,4,13,54,Bhubaneswar,A,5948.46,1.0,5948.46,10094.560000000001,2.0,-0.4107261733052259,-0.5,4146.100000000001,1.0,2025-12-30,1,35.0,5.0,14.0,1.0,1.0,27.0,1.0,0.23333333333333334,0.0,0.0,0.0,0.0,5948.46,73547.21,8.087947863691905,5948.46,4_A,22237.399999999998,0.267497998866774,-0.47962641625121105,0,1,0,1
1033,Rajagopalan General Store,Modern Trade,5,33,90,Ludhiana,A,19449.02,3.0,6483.006666666667,29647.12,7.0,-0.3439828219402087,-0.5714285714285714,10198.099999999999,4.0,2025-12-29,2,50.0,5.0,14.0,3.0,2.0,27.333333333333332,0.6666666666666666,0.7000000000000001,0.0,0.0,0.0,0.0,19449.02,70758.96,27.48629996823017,6483.006666666667,5_A,23936.755,0.8125169848628186,-0.3447417939264952,0,1,0,1
1034,Shere General Store,Modern Trade,8,14,69,Patna,C,4518.11,3.0,1506.0366666666666,10502.92,6.0,-0.5698234395768035,-0.5,5984.81,3.0,2025-12-31,0,38.0,5.0,14.0,2.0,1.0,32.5,0.5,0.4666666666666667,0.0,0.0,0.0,0.0,4518.11,17957.65,25.159806544843,2259.055,8_C,1474.47,3.064226467815554,-0.012078770647580672,0,1,0,1
1035,Barman General Store,Convenience,12,10,16,Patna,A,32888.92,6.0,5481.486666666667,6344.77,2.0,4.183626829656551,2.0,-26544.149999999998,-4.0,2025-12-30,1,48.0,5.0,15.0,2.0,0.0,33.0,0.0,0.4666666666666667,0.0,0.0,0.0,0.0,32888.92,55834.23,58.90458236819958,16444.46,12_A,24540.835,1.3401711881441687,4.053905308056613,0,0,0,1
1036,Sengupta General Store,Pharmacy,4,2,22,Patna,B,13453.18,4.0,3363.295,4809.65,2.0,1.7971224517376527,1.0,-8643.53,-2.0,2025-12-21,10,19.0,5.0,11.0,2.0,1.0,24.0,0.5,0.4666666666666667,0.0,0.0,0.0,0.0,13453.18,33848.12,39.745722953002996,6726.59,4_B,5210.49,2.581941429692793,1.9883743803486058,0,0,0,1
1037,Guha Traders,Modern Trade,4,13,96,Ranchi,B,2919.57,1.0,2919.57,3446.4,1.0,-0.15286385793871865,0.0,526.8299999999999,0.0,2025-12-09,22,17.0,4.0,7.0,3.0,2.0,27.333333333333332,0.6666666666666666,0.7000000000000001,0.0,0.0,0.0,0.0,2919.57,42657.62,6.844193370375562,973.19,4_B,5210.49,0.5603254204499002,0.0383880706722344,0,1,0,1
1038,Nagy Traders,Pharmacy,3,18,91,Chennai,B,11306.08,3.0,3768.693333333333,9481.47,4.0,0.19243956896979061,-0.25,-1824.6100000000006,1.0,2025-12-25,6,34.0,5.0,14.0,3.0,1.0,26.666666666666668,0.3333333333333333,0.7000000000000001,0.0,0.0,0.0,0.0,11306.08,42731.36,26.45850728832408,3768.693333333333,3_B,5507.8,2.0527397508987253,0.4317904982665657,0,0,0,1
1039,Soni Retail,Modern Trade,4,1,32,Ranchi,A,28424.739999999998,4.0,7106.1849999999995,23696.35,4.0,0.19954085755823153,0.0,-4728.389999999999,0.0,2025-12-23,8,37.0,5.0,14.0,2.0,0.0,31.0,0.0,0.4666666666666667,0.0,0.0,0.0,0.0,28424.739999999998,68979.63,41.20744051541012,14212.369999999999,4_A,22237.399999999998,1.2782402619011215,0.13064061461224633,0,0,0,1
1040,Thaker Traders,Modern Trade,1,17,23,Chandigarh,A,35232.42,6.0,5872.07,20802.89,5.0,0.6936310291502766,0.2,-14429.529999999999,-1.0,2025-12-22,9,53.0,5.0,15.0,2.0,2.0,24.0,1.0,0.4666666666666667,0.0,0.0,0.0,0.0,37380.8,57202.34,65.34837560841044,17616.21,1_A,22934.37,1.5362279408590687,0.6052985549478151,0,0,0,1
1041,Dora Mart,Modern Trade,9,3,35,Jaipur,B,7491.9,4.0,1872.975,6375.63,3.0,0.17508387406421005,0.3333333333333333,-1116.2699999999995,-1.0,2025-12-20,11,26.0,5.0,12.0,1.0,1.0,39.0,1.0,0.23333333333333334,195.0,0.0,207.43589743589743,0.0,7491.9,35397.63,21.16497629926071,7491.9,9_B,5894.43,1.2710134822196546,0.35023014946857794,0,0,0,1
1042,Bhatia Supermarket,General Trade,7,12,28,Kochi,C,0.0,0.0,0.0,2907.8900000000003,2.0,-1.0,-1.0,2907.8900000000003,2.0,2025-11-14,47,7.0,3.0,5.0,1.0,0.0,34.0,0.0,0.23333333333333334,195.0,0.0,290.34871794871793,0.0,0.0,20606.01,0.0,0.0,7_C,1610.4699999999998,0.0,-0.5522856147365374,1,1,0,1
1043,Seshadri Traders,Modern Trade,1,17,77,Delhi,A,15236.279999999999,4.0,3809.0699999999997,3227.35,2.0,3.72098780733419,1.0,-12008.929999999998,-2.0,2025-12-19,12,27.0,5.0,13.0,2.0,2.0,27.0,1.0,0.4666666666666667,0.0,0.0,0.0,0.0,15236.279999999999,60066.04,25.365880620730113,7618.139999999999,1_A,22934.37,0.66434264381363,3.6326553331317286,0,0,0,1
1044,Chauhan General Store,General Trade,4,7,26,Kolkata,A,24226.54,4.0,6056.635,21304.36,4.0,0.13716347264128095,0.0,-2922.1800000000003,0.0,2025-12-30,1,50.0,5.0,15.0,1.0,1.0,41.0,1.0,0.23333333333333334,0.0,0.0,0.0,0.0,24226.54,59786.9,40.52148547591529,24226.54,4_A,22237.399999999998,1.0894502055096371,0.06826322969529575,0,0,0,1
1045,Oza General Store,Modern Trade,2,29,9,Pune,C,0.0,0.0,0.0,0.0,0.0,,,0.0,0.0,2025-10-31,61,1.0,1.0,1.0,2.0,0.0,29.5,0.0,0.4666666666666667,0.0,0.0,0.0,0.0,0.0,17661.41,0.0,0.0,2_C,1065.73,0.0,,1,0,0,1
1046,Chad Mart,Convenience,6,31,14,Ahmedabad,B,4248.56,2.0,2124.28,9141.23,6.0,-0.5352310356483755,-0.6666666666666666,4892.669999999999,4.0,2025-12-17,14,20.0,5.0,10.0,1.0,1.0,39.0,1.0,0.23333333333333334,0.0,0.0,0.0,0.0,4248.56,41656.78,10.198964010180337,4248.56,6_B,5118.745000000001,0.8300003223446372,-0.26594197492676475,0,1,0,1
1047,Thaman Retail,Supermarket,12,10,16,Bhubaneswar,B,10032.24,2.0,5016.12,1965.13,1.0,4.105127905024094,1.0,-8067.11,-1.0,2025-12-29,2,19.0,5.0,11.0,1.0,0.0,28.0,0.0,0.23333333333333334,0.0,0.0,0.0,0.0,10032.24,33647.19,29.815981661470094,10032.24,12_B,6060.66,1.6553048677866766,4.206248283321868,0,0,0,1
1048,Gera Mart,General Trade,3,18,2,Kochi,B,6780.34,1.0,6780.34,14307.369999999999,4.0,-0.5260945932061587,-0.75,7527.029999999999,3.0,2025-12-23,8,23.0,5.0,14.0,5.0,3.0,29.2,0.6,1.1666666666666667,0.0,0.0,0.0,0.0,6780.34,36370.42,18.64245724960009,1356.068,3_B,5507.8,1.2310432477577253,-0.28674366390938366,0,1,0,1
1049,Baral Mart,Pharmacy,4,13,48,Kolkata,A,3214.34,1.0,3214.34,23366.39,4.0,-0.8624374582466525,-0.75,20152.05,3.0,2025-12-13,18,18.0,5.0,12.0,4.0,3.0,29.25,0.75,0.9333333333333333,0.0,0.0,0.0,0.0,3214.34,57406.7,5.5992419003356755,803.585,4_A,22237.399999999998,0.1445465746894871,-0.9313377011926377,0,1,0,1
1050,Kota Supermarket,Modern Trade,12,8,92,Guwahati,C,4839.55,2.0,2419.775,9481.310000000001,3.0,-0.489569479323005,-0.3333333333333333,4641.760000000001,1.0,2025-12-19,12,26.0,5.0,13.0,1.0,1.0,30.0,1.0,0.23333333333333334,0.0,0.0,0.0,0.0,4839.55,18163.39,26.644530563953094,4839.55,12_C,1525.54,3.1723520851632867,0.09886569612584017,0,1,0,1
1051,Sarma Mart,Supermarket,4,7,81,Ranchi,C,300.98,1.0,300.98,5479.1,3.0,-0.9450676205946232,-0.6666666666666666,5178.120000000001,2.0,2025-12-13,18,15.0,5.0,11.0,4.0,3.0,25.0,0.75,0.9333333333333333,0.0,0.0,0.0,0.0,300.98,20247.2,1.4865265320636927,75.245,4_C,1263.49,0.23821320311201513,-0.29665336421678334,0,1,0,1
1052,Sarna General Store,Convenience,4,2,41,Ranchi,A,34256.58,6.0,5709.43,19584.84,5.0,0.7491375982647804,0.2,-14671.740000000002,-1.0,2025-12-31,0,37.0,5.0,12.0,1.0,1.0,40.0,1.0,0.23333333333333334,0.0,0.0,0.0,0.0,34256.58,69493.86,49.29439809502595,34256.58,4_A,22237.399999999998,1.540493942637179,0.6802373553187953,0,0,0,1
1053,Viswanathan General Store,Modern Trade,5,33,82,Jaipur,B,5221.25,2.0,2610.625,7616.28,2.0,-0.31446191579091104,0.0,2395.0299999999997,0.0,2025-12-29,2,30.0,5.0,12.0,2.0,1.0,24.5,0.5,0.4666666666666667,0.0,0.0,0.0,0.0,5221.25,36169.78,14.435393303470468,2610.625,5_B,6391.82,0.8168643672694162,0.038254691778659866,0,1,0,1
1054,Virk Mart,Convenience,2,29,40,Pune,C,5472.19,1.0,5472.19,1572.88,2.0,2.4790893138700976,-0.5,-3899.3099999999995,1.0,2025-12-22,9,19.0,5.0,11.0,0.0,0.0,0.0,0.0,0.0,0.0,0.0,0.0,0.0,5472.19,18439.93,29.675763411249388,0.0,2_C,1065.73,5.13468702204123,2.912913379277714,0,0,0,1
1055,Dutt Mart,General Trade,2,26,38,Pune,A,13086.01,1.0,13086.01,21281.17,5.0,-0.385089729559042,-0.8,8195.159999999998,4.0,2025-12-28,3,30.0,5.0,13.0,2.0,2.0,38.0,1.0,0.4666666666666667,0.0,0.0,0.0,0.0,13086.01,67398.44,19.415894492513477,6543.005,2_A,21794.730000000003,0.6004208356790838,-0.519863391939707,0,1,0,1
1056,Patla Retail,General Trade,9,3,95,Chandigarh,A,28657.469999999998,5.0,5731.494,13393.130000000001,2.0,1.1397141668900395,1.5,-15264.339999999997,-3.0,2025-12-27,4,34.0,5.0,13.0,2.0,1.0,11.5,0.5,0.4666666666666667,0.0,0.0,0.0,0.0,28657.469999999998,67336.94,42.558319400911294,14328.734999999999,9_A,20504.7,1.3976049393553671,1.0296673184467202,0,0,0,1
1057,Pradhan Retail,Supermarket,2,29,37,Mumbai,B,4787.39,2.0,2393.695,11412.82,4.0,-0.5805252339036276,-0.5,6625.429999999999,2.0,2025-12-27,4,23.0,5.0,12.0,1.0,0.0,28.0,0.0,0.23333333333333334,0.0,0.0,0.0,0.0,4787.39,40620.27,11.785716835461706,4787.39,2_B,7635.110000000001,0.6270230553325361,-0.7562928795842316,0,1,0,1
1058,Mandal Traders,Convenience,4,1,32,Bhubaneswar,C,902.42,1.0,902.42,5744.77,3.0,-0.8429145118081316,-0.6666666666666666,4842.35,2.0,2025-12-04,27,11.0,5.0,10.0,2.0,2.0,29.5,1.0,0.4666666666666667,0.0,0.0,0.0,0.0,902.42,17207.75,5.244264938763058,451.21,4_C,1263.49,0.7142280508749574,-0.1945002554302917,0,1,0,1
1059,Ram Mart,General Trade,2,29,9,Surat,A,38423.61,5.0,7684.722,27916.43,4.0,0.37637978781670867,0.25,-10507.18,-1.0,2025-12-18,13,43.0,5.0,14.0,3.0,1.0,29.0,0.3333333333333333,0.7000000000000001,0.0,0.0,0.0,0.0,38423.61,58829.55,65.31345216817058,12807.87,2_A,21794.730000000003,1.7629771050157537,0.2416061254360437,0,0,0,1
1060,Rege Supermarket,Modern Trade,5,22,17,Delhi,A,23749.47,5.0,4749.894,3875.87,1.0,5.127519756854591,4.0,-19873.600000000002,-4.0,2025-12-24,7,40.0,5.0,15.0,1.0,0.0,36.0,0.0,0.23333333333333334,0.0,0.0,0.0,0.0,23749.47,61408.23,38.674734640617395,23749.47,5_A,23936.755,0.9921758400418101,5.1267607848683046,0,0,0,1
1061,Nigam Mart,Pharmacy,2,29,40,Pune,C,5216.8099999999995,3.0,1738.9366666666665,3575.1800000000003,2.0,0.45917408354264655,0.5,-1641.6299999999992,-1.0,2025-12-31,0,17.0,5.0,11.0,0.0,0.0,0.0,0.0,0.0,0.0,0.0,0.0,0.0,5216.8099999999995,20021.44,26.056117841673725,0.0,2_C,1065.73,4.895057847672486,0.8929981489502632,0,0,0,1
1062,Ben Mart,Supermarket,6,31,74,Surat,C,3236.64,1.0,3236.64,2028.91,1.0,0.595260509337526,0.0,-1207.7299999999998,0.0,2025-12-29,2,8.0,4.0,7.0,2.0,1.0,27.0,0.5,0.4666666666666667,0.0,0.0,0.0,0.0,3236.64,19928.3,16.24142551045498,1618.32,6_C,1535.8200000000002,2.107434464976364,1.1051438494858785,0,0,0,1
1063,Natt Traders,Pharmacy,5,33,51,Lucknow,A,39437.72,4.0,9859.43,34818.020000000004,6.0,0.13268129549009383,-0.3333333333333333,-4619.699999999997,2.0,2025-12-26,5,51.0,5.0,15.0,1.0,1.0,28.0,1.0,0.23333333333333334,0.0,0.0,0.0,0.0,39437.72,56772.39,69.46637265050846,39437.72,5_A,23936.755,1.6475800500109559,0.13192232350380734,0,0,0,1
1064,Bhatti Traders,General Trade,4,13,62,Kolkata,C,2239.98,1.0,2239.98,7455.639999999999,2.0,-0.6995589915822116,-0.5,5215.66,1.0,2025-12-30,1,17.0,5.0,10.0,4.0,3.0,27.5,0.75,0.9333333333333333,0.0,0.0,0.0,0.0,2239.98,19179.78,11.67886180133453,559.995,4_C,1263.49,1.7728513878226182,-0.05114473520437168,0,1,0,1
1065,Narayan Mart,Supermarket,8,14,69,Bhubaneswar,C,2037.09,1.0,2037.09,0.0,0.0,,,-2037.09,-1.0,2025-12-04,27,13.0,5.0,11.0,0.0,0.0,0.0,0.0,0.0,0.0,0.0,0.0,0.0,2037.09,18198.52,11.193712455738158,0.0,8_C,1474.47,1.3815743962237277,,0,0,0,1
1066,Chandra General Store,Supermarket,1,17,49,Ludhiana,C,5298.84,2.0,2649.42,0.0,0.0,,,-5298.84,-2.0,2025-12-24,7,11.0,5.0,9.0,3.0,2.0,27.0,0.6666666666666666,0.7000000000000001,0.0,0.0,0.0,0.0,5298.84,16290.13,32.52791721121931,1766.28,1_C,1475.75,3.590608165339658,,0,0,0,1
1067,Raju Supermarket,Supermarket,4,1,25,Kolkata,A,9310.83,3.0,3103.61,16229.95,5.0,-0.4263180108379878,-0.4,6919.120000000001,2.0,2025-12-28,3,18.0,5.0,9.0,1.0,1.0,11.0,1.0,0.23333333333333334,0.0,0.0,0.0,0.0,9310.83,61714.07,15.087045790368386,9310.83,4_A,22237.399999999998,0.4187013769595367,-0.495218253783973,0,1,0,1
1068,Mander Retail,Convenience,4,13,96,Patna,B,0.0,0.0,0.0,4051.64,5.0,-1.0,-1.0,4051.64,5.0,2025-11-24,37,29.0,5.0,13.0,4.0,4.0,22.75,1.0,0.9333333333333333,0.0,0.0,0.0,0.0,0.0,42076.32,0.0,0.0,4_B,5210.49,0.0,-0.8087480713890469,1,1,0,1
1069,Krishnan Traders,Supermarket,12,8,50,Guwahati,A,0.0,0.0,0.0,6875.77,3.0,-1.0,-1.0,6875.77,3.0,2025-11-24,37,15.0,5.0,9.0,0.0,0.0,0.0,0.0,0.0,0.0,0.0,0.0,0.0,0.0,68677.86,0.0,0.0,12_A,24540.835,0.0,-1.1297215215999374,1,1,0,1
1070,Doctor Retail,General Trade,12,35,66,Ranchi,C,2303.48,2.0,1151.74,0.0,0.0,,,-2303.48,-2.0,2025-12-09,22,11.0,4.0,6.0,1.0,1.0,28.0,1.0,0.23333333333333334,0.0,0.0,0.0,0.0,2303.48,21780.41,10.575925797540084,2303.48,12_C,1525.54,1.5099440198224892,,0,0,0,1
1071,Nath Retail,General Trade,4,1,32,Ranchi,A,2904.69,1.0,2904.69,25015.84,4.0,-0.8838859698495034,-0.75,22111.15,3.0,2025-12-18,13,21.0,5.0,12.0,4.0,3.0,21.75,0.75,0.9333333333333333,0.0,0.0,0.0,0.0,2904.69,74193.99,3.9149936537986427,726.1725,4_A,22237.399999999998,0.13062183528649934,-0.9527862127954886,0,1,0,1
1072,Bumb Mart,Supermarket,12,35,78,Ranchi,C,0.0,0.0,0.0,2333.9700000000003,2.0,-1.0,-1.0,2333.9700000000003,2.0,2025-11-27,34,8.0,5.0,7.0,4.0,2.0,19.0,0.5,0.9333333333333333,0.0,0.0,0.0,0.0,0.0,19154.55,0.0,0.0,12_C,1525.54,0.0,-0.41156482455115484,1,1,0,1
1073,Dhaliwal General Store,Pharmacy,10,4,21,Mumbai,A,20824.06,3.0,6941.3533333333335,16417.690000000002,3.0,0.26839159467623025,0.0,-4406.369999999999,0.0,2025-12-19,12,27.0,5.0,13.0,1.0,1.0,41.0,1.0,0.23333333333333334,0.0,0.0,0.0,0.0,20824.06,66974.66,31.092446008684476,20824.06,10_A,24727.44,0.8421437884390783,0.11019129401463679,0,0,0,1
1074,Palla Mart,Pharmacy,3,18,67,Chennai,C,781.95,1.0,781.95,581.37,1.0,0.3450126425512153,0.0,-200.58000000000004,0.0,2025-12-24,7,17.0,5.0,11.0,1.0,0.0,28.0,0.0,0.23333333333333334,0.0,0.0,0.0,0.0,781.95,20775.91,3.7637340554517227,781.95,3_C,1975.87,0.3957497203763406,0.7021944326397624,0,0,0,1
1075,Mukherjee Traders,General Trade,9,11,85,Lucknow,C,0.0,0.0,0.0,0.0,0.0,,,0.0,0.0,2025-10-08,84,2.0,1.0,2.0,2.0,0.0,18.5,0.0,0.4666666666666667,0.0,0.0,0.0,0.0,0.0,16981.92,0.0,0.0,9_C,1106.01,0.0,,1,0,0,1
1076,Ramanathan Traders,Supermarket,12,8,19,Patna,C,0.0,0.0,0.0,1332.08,1.0,-1.0,-1.0,1332.08,1.0,2025-11-04,57,11.0,5.0,8.0,0.0,0.0,0.0,0.0,0.0,0.0,0.0,0.0,0.0,0.0,16428.34,0.0,0.0,12_C,1525.54,0.0,-0.41156482455115484,1,1,0,1
1077,Dayal Traders,Convenience,4,7,1,Kolkata,A,5717.76,2.0,2858.88,15945.42,3.0,-0.6414167830010122,-0.3333333333333333,10227.66,1.0,2025-12-21,10,27.0,5.0,13.0,1.0,1.0,14.0,1.0,0.23333333333333334,0.0,0.0,0.0,0.0,5717.76,68092.56,8.39704073396565,5717.76,4_A,22237.399999999998,0.2571235845917239,-0.7103170259469974,0,1,0,1
1078,Chad Mart,Modern Trade,4,2,22,Bhubaneswar,B,2469.74,1.0,2469.74,18790.31,6.0,-0.8685631051323794,-0.8333333333333334,16320.570000000002,5.0,2025-12-09,22,27.0,5.0,13.0,3.0,1.0,28.0,0.3333333333333333,0.7000000000000001,0.0,0.0,0.0,0.0,2469.74,41047.86,6.016732662798986,823.2466666666666,4_B,5210.49,0.47399380864371676,-0.6773111765214264,0,1,0,1
1079,Mukherjee Mart,Modern Trade,4,1,58,Guwahati,C,313.27,1.0,313.27,0.0,0.0,,,-313.27,-1.0,2025-12-14,17,1.0,1.0,1.0,1.0,0.0,36.0,0.0,0.23333333333333334,0.0,0.0,0.0,0.0,313.27,19600.47,1.598278000476519,313.27,4_C,1263.49,0.24794022904811275,,0,0,0,1
1080,Puri Supermarket,General Trade,8,14,34,Ranchi,B,1726.94,1.0,1726.94,8735.68,2.0,-0.8023118978717169,-0.5,7008.74,1.0,2025-12-18,13,23.0,5.0,10.0,4.0,1.0,36.25,0.25,0.9333333333333333,0.0,0.0,0.0,0.0,1726.94,40133.02,4.303040239682935,431.735,8_B,5652.47,0.3055195339382606,-0.6217035808818152,0,1,0,1
1081,Narasimhan General Store,Supermarket,3,18,11,Kochi,A,53705.06,8.0,6713.1325,12565.16,3.0,3.274124643060653,1.6666666666666667,-41139.899999999994,-5.0,2025-12-21,10,48.0,5.0,14.0,0.0,0.0,0.0,0.0,0.0,0.0,0.0,0.0,0.0,53705.06,67073.44,80.06904074101462,0.0,3_A,19782.739999999998,2.7147432559898177,3.22351679708819,0,0,0,0
1082,Datta Retail,General Trade,12,8,87,Kolkata,A,11217.84,3.0,3739.28,7378.96,2.0,0.5202467556403613,0.5,-3838.88,-1.0,2025-12-20,11,36.0,5.0,14.0,2.0,1.0,14.0,0.5,0.4666666666666667,0.0,0.0,0.0,0.0,11217.84,69533.23,16.133063284993376,5608.92,12_A,24540.835,0.45710914074439607,0.3905252340404237,0,0,0,1
1083,Vyas General Store,Pharmacy,7,20,13,Chennai,B,6724.320000000001,2.0,3362.1600000000003,2079.9,1.0,2.233001586614741,1.0,-4644.42,-1.0,2025-12-24,7,9.0,3.0,6.0,0.0,0.0,0.0,0.0,0.0,0.0,0.0,0.0,0.0,6724.320000000001,33512.08,20.065361505463105,0.0,7_B,6107.09,1.1010677753234357,2.452929609387657,0,0,0,1
1084,Chander Supermarket,Pharmacy,10,32,63,Surat,C,0.0,0.0,0.0,0.0,0.0,,,0.0,0.0,2025-10-01,91,0.0,0.0,0.0,2.0,1.0,28.0,0.5,0.4666666666666667,0.0,0.0,0.0,0.0,0.0,19688.07,0.0,0.0,10_C,1784.86,0.0,,1,0,0,1
1085,Sampath Traders,Pharmacy,4,2,41,Bhubaneswar,C,3748.91,3.0,1249.6366666666665,0.0,0.0,,,-3748.91,-3.0,2025-12-31,0,20.0,5.0,10.0,3.0,0.0,33.666666666666664,0.0,0.7000000000000001,0.0,0.0,0.0,0.0,3748.91,18422.03,20.350145993682563,1249.6366666666665,4_C,1263.49,2.9671069814561255,,0,0,0,1
1086,Trivedi Traders,Modern Trade,7,20,13,Bengaluru,B,12933.699999999999,3.0,4311.233333333333,5182.01,3.0,1.4958848014573491,0.0,-7751.689999999999,0.0,2025-12-22,9,20.0,5.0,13.0,3.0,1.0,21.333333333333332,0.3333333333333333,0.7000000000000001,195.0,0.0,204.43589743589743,0.0,12933.699999999999,36592.54,35.34518237870341,4311.233333333333,7_B,6107.09,2.1178171600549525,1.715812824230265,0,0,0,1
1087,Pathak Supermarket,Pharmacy,12,19,36,Bhubaneswar,B,2470.94,1.0,2470.94,477.43,1.0,4.175502167857068,0.0,-1993.51,0.0,2025-12-16,15,4.0,2.0,4.0,1.0,1.0,24.0,1.0,0.23333333333333334,0.0,0.0,0.0,0.0,2470.94,35502.01,6.96000029294116,2470.94,12_B,6060.66,0.40770147145690405,4.276622546154841,0,0,0,1
1088,Badami Retail,General Trade,5,33,82,Chandigarh,A,11487.560000000001,2.0,5743.780000000001,46698.39,7.0,-0.7540052237346941,-0.7142857142857143,35210.83,5.0,2025-12-19,12,42.0,5.0,13.0,4.0,1.0,28.75,0.25,0.9333333333333333,0.0,0.0,0.0,0.0,11487.560000000001,74362.91,15.447969962444988,2871.8900000000003,5_A,23936.755,0.47991300408096255,-0.7547641957209806,0,1,0,1
1089,Patil Traders,Convenience,7,28,57,Chennai,C,0.0,0.0,0.0,3159.45,1.0,-1.0,-1.0,3159.45,1.0,2025-11-11,50,6.0,3.0,6.0,3.0,2.0,25.0,0.6666666666666666,0.7000000000000001,0.0,0.0,0.0,0.0,0.0,21440.54,0.0,0.0,7_C,1610.4699999999998,0.0,-0.5522856147365374,1,1,0,1
1090,More Retail,Convenience,9,11,85,Delhi,C,0.0,0.0,0.0,0.0,0.0,,,0.0,0.0,2025-09-16,106,0.0,0.0,0.0,2.0,1.0,28.5,0.5,0.4666666666666667,0.0,0.0,0.0,0.0,0.0,19885.51,0.0,0.0,9_C,1106.01,0.0,,1,0,0,1
1091,Gole Traders,General Trade,6,31,74,Nashik,A,9416.23,2.0,4708.115,43111.33,4.0,-0.7815834027853004,-0.5,33695.100000000006,2.0,2025-12-22,9,40.0,5.0,14.0,3.0,3.0,26.333333333333332,1.0,0.7000000000000001,0.0,0.0,0.0,0.0,9416.23,55345.78,17.013456129807906,3138.7433333333333,6_A,21985.86,0.42828572546172855,-0.8569829085556288,0,1,0,1
1092,Kala General Store,Pharmacy,4,2,60,Bhubaneswar,C,0.0,0.0,0.0,1753.76,2.0,-1.0,-1.0,1753.76,2.0,2025-11-27,34,12.0,5.0,8.0,3.0,3.0,29.666666666666668,1.0,0.7000000000000001,0.0,0.0,0.0,0.0,0.0,19626.23,0.0,0.0,4_C,1263.49,0.0,-0.3515857436221601,1,1,0,1
1093,Om General Store,Modern Trade,4,2,22,Kolkata,A,46590.479999999996,6.0,7765.079999999999,27405.58,3.0,0.7000362699858931,1.0,-19184.899999999994,-3.0,2025-12-30,1,49.0,5.0,15.0,3.0,3.0,32.666666666666664,1.0,0.7000000000000001,0.0,0.0,0.0,0.0,46590.479999999996,64753.29,71.95075339029104,15530.159999999998,4_A,22237.399999999998,2.0951406189572523,0.6311360270399079,0,0,0,1
1094,Sunder Retail,Pharmacy,1,34,99,Chandigarh,B,9442.4,3.0,3147.4666666666667,4705.459999999999,2.0,1.0066901004365145,0.5,-4736.9400000000005,-1.0,2025-12-19,12,32.0,5.0,13.0,2.0,2.0,27.5,1.0,0.4666666666666667,0.0,0.0,0.0,0.0,11833.619999999999,37227.44,31.787359001854544,4721.2,1_B,5467.655000000001,1.726956071661434,1.0087373386780136,0,0,0,1
1095,Handa Traders,General Trade,12,8,18,Guwahati,C,0.0,0.0,0.0,6830.58,2.0,-1.0,-1.0,6830.58,2.0,2025-11-08,53,12.0,5.0,11.0,0.0,0.0,0.0,0.0,0.0,195.0,0.0,290.04102564102567,0.0,0.0,18170.08,0.0,0.0,12_C,1525.54,0.0,-0.41156482455115484,1,1,0,1
1096,Kara Retail,Pharmacy,6,31,74,Nashik,A,49970.3,6.0,8328.383333333333,22094.12,5.0,1.2617013033331947,0.2,-27876.180000000004,-1.0,2025-12-31,0,49.0,5.0,14.0,0.0,0.0,0.0,0.0,0.0,0.0,0.0,0.0,0.0,49970.3,67660.38,73.8545955550353,0.0,6_A,21985.86,2.2728380877527647,1.1863017975628665,0,0,0,1
1097,Devan Traders,Modern Trade,7,20,84,Coimbatore,C,2830.0,3.0,943.3333333333334,3453.03,4.0,-0.18042994124001244,-0.25,623.0300000000002,1.0,2025-12-21,10,16.0,5.0,8.0,1.0,1.0,36.0,1.0,0.23333333333333334,0.0,0.0,0.0,0.0,2830.0,18946.9,14.936480374098135,2830.0,7_C,1610.4699999999998,1.757250988841767,0.2672844440234502,0,1,0,1
1098,Dubey Supermarket,Modern Trade,12,8,15,Kolkata,B,4693.3,2.0,2346.65,5295.34,1.0,-0.11369241635098029,1.0,602.04,-1.0,2025-12-25,6,17.0,5.0,11.0,1.0,1.0,28.0,1.0,0.23333333333333334,0.0,0.0,0.0,0.0,4693.3,41960.64,11.185005757776812,4693.3,12_B,6060.66,0.7743876079502893,-0.012572038053206863,0,0,0,1
1099,Brahmbhatt Supermarket,General Trade,5,22,17,Chandigarh,C,0.0,0.0,0.0,960.87,2.0,-1.0,-1.0,960.87,2.0,2025-11-17,44,5.0,3.0,4.0,10.0,4.0,24.2,0.4,2.3333333333333335,0.0,0.0,0.0,0.0,0.0,19227.76,0.0,0.0,5_C,1965.2,0.0,-0.5530930221458649,1,1,0,1
1100,Merchant Retail,Modern Trade,12,8,50,Ranchi,B,5635.030000000001,3.0,1878.3433333333335,10416.67,3.0,-0.4590372931080661,0.0,4781.639999999999,0.0,2025-12-23,8,34.0,5.0,13.0,0.0,0.0,0.0,0.0,0.0,195.0,0.0,228.45641025641027,0.0,10440.37,36004.65,28.99728229548128,0.0,12_B,6060.66,0.9297716750320923,-0.3579169148102927,0,1,0,1
1101,Chaudhuri Traders,Supermarket,6,31,14,Surat,A,41986.81,5.0,8397.362,16229.96,3.0,1.5869940529736364,0.6666666666666666,-25756.85,-2.0,2025-12-12,19,45.0,5.0,15.0,2.0,1.0,32.0,0.5,0.4666666666666667,0.0,0.0,0.0,0.0,41986.81,59722.76,70.30286276119857,20993.405,6_A,21985.86,1.9097187919872134,1.511594547203308,0,0,0,1
1102,Tripathi Retail,Modern Trade,12,10,64,Ranchi,A,34718.68,4.0,8679.67,23945.12,3.0,0.44992716678805544,0.3333333333333333,-10773.560000000001,-1.0,2025-12-31,0,37.0,5.0,14.0,2.0,1.0,35.5,0.5,0.4666666666666667,0.0,0.0,0.0,0.0,34718.68,68503.68,50.681481637190885,17359.34,12_A,24540.835,1.4147309983543754,0.3202056451881179,0,0,0,1
1103,Zacharia General Store,Supermarket,1,17,77,Chandigarh,B,5412.67,1.0,5412.67,6233.56,2.0,-0.13168879420427496,-0.5,820.8900000000003,1.0,2025-12-24,7,14.0,4.0,9.0,2.0,1.0,28.5,0.5,0.4666666666666667,195.0,0.0,200.56410256410257,0.0,5412.67,34472.21,15.701546260016402,2706.335,1_B,5467.655000000001,0.9899435864186749,-0.12964155596277593,0,0,0,1
1104,Vyas Traders,General Trade,4,7,81,Bhubaneswar,B,6400.03,1.0,6400.03,1482.08,1.0,3.318275666630681,0.0,-4917.95,0.0,2025-12-24,7,16.0,5.0,10.0,2.0,0.0,22.5,0.0,0.4666666666666667,0.0,0.0,0.0,0.0,6400.03,35608.33,17.973406784311422,3200.015,4_B,5210.49,1.2282971467174872,3.509527595241634,0,0,0,1
1105,Barad General Store,Modern Trade,10,15,94,Pune,C,0.0,0.0,0.0,0.0,0.0,,,0.0,0.0,2025-10-24,68,4.0,2.0,3.0,5.0,3.0,24.4,0.6,1.1666666666666667,195.0,0.0,290.22564102564104,0.0,0.0,19636.41,0.0,0.0,10_C,1784.86,0.0,,1,0,0,1
1106,Nayar Supermarket,Pharmacy,9,11,85,Jaipur,C,811.7,1.0,811.7,676.63,2.0,0.1996216543753603,-0.5,-135.07000000000005,1.0,2025-12-16,15,16.0,5.0,9.0,2.0,1.0,25.0,0.5,0.4666666666666667,0.0,0.0,0.0,0.0,1094.58,17216.37,6.357786223228241,405.85,9_C,1106.01,0.7338993318324428,0.6945180562582354,0,0,0,1
1107,Deep Supermarket,Supermarket,8,14,97,Ranchi,B,4153.5,2.0,2076.75,4018.95,2.0,0.03347889374090252,0.0,-134.55000000000018,0.0,2025-12-18,13,24.0,5.0,12.0,4.0,3.0,24.5,0.75,0.9333333333333333,0.0,0.0,0.0,0.0,5969.79,34385.6,17.36130822204644,1038.375,8_B,5652.47,0.7348115071818161,0.21408721073080417,0,0,0,1
1108,Puri Supermarket,General Trade,5,33,51,Delhi,A,30425.559999999998,4.0,7606.389999999999,33639.69,6.0,-0.09554576751450458,-0.3333333333333333,3214.1300000000047,2.0,2025-12-31,0,42.0,5.0,14.0,0.0,0.0,0.0,0.0,0.0,0.0,0.0,0.0,0.0,30425.559999999998,69785.1,43.5989344430258,0.0,5_A,23936.755,1.2710812305176702,-0.09630473950079108,0,0,0,1
1109,Dube Traders,Pharmacy,7,20,84,Chennai,C,861.19,1.0,861.19,2847.2,2.0,-0.6975309075583028,-0.5,1986.0099999999998,1.0,2025-12-20,11,8.0,4.0,7.0,2.0,2.0,20.5,1.0,0.4666666666666667,0.0,0.0,0.0,0.0,861.19,18068.59,4.766226916433435,430.595,7_C,1610.4699999999998,0.5347445155761984,-0.2498165222948402,0,1,0,1
1110,Gaba General Store,Supermarket,4,13,96,Bhubaneswar,C,0.0,0.0,0.0,824.91,1.0,-1.0,-1.0,824.91,1.0,2025-11-18,43,8.0,3.0,6.0,3.0,1.0,25.0,0.3333333333333333,0.7000000000000001,0.0,0.0,0.0,0.0,0.0,19692.27,0.0,0.0,4_C,1263.49,0.0,-0.3515857436221601,1,1,0,1
1111,Golla Traders,Modern Trade,12,8,19,Ranchi,C,0.0,0.0,0.0,0.0,0.0,,,0.0,0.0,2025-10-15,77,1.0,1.0,1.0,3.0,1.0,24.0,0.3333333333333333,0.7000000000000001,0.0,0.0,0.0,0.0,0.0,17025.57,0.0,0.0,12_C,1525.54,0.0,,1,0,0,1
1112,Gandhi Supermarket,Supermarket,1,17,23,Delhi,A,7068.48,2.0,3534.24,15045.72,4.0,-0.5301999505507214,-0.5,7977.24,2.0,2025-12-09,22,19.0,5.0,11.0,3.0,3.0,23.666666666666668,1.0,0.7000000000000001,0.0,0.0,0.0,0.0,7068.48,58479.7,12.087066110120263,2356.16,1_A,22934.37,0.30820467272482305,-0.6185324247531829,0,1,0,1
1113,Sarma General Store,Modern Trade,9,3,93,Lucknow,B,424.88,1.0,424.88,6412.02,2.0,-0.9337369502902362,-0.5,5987.14,1.0,2025-12-07,24,15.0,5.0,11.0,0.0,0.0,0.0,0.0,0.0,195.0,0.0,213.94358974358974,0.0,424.88,32693.44,1.2995879295662984,0.0,9_B,5894.43,0.07208160924805282,-0.7585906748858683,0,1,0,1
1114,Bassi General Store,Pharmacy,1,17,23,Lucknow,C,0.0,0.0,0.0,4161.78,1.0,-1.0,-1.0,4161.78,1.0,2025-11-06,55,11.0,4.0,8.0,0.0,0.0,0.0,0.0,0.0,0.0,0.0,0.0,0.0,0.0,16372.15,0.0,0.0,1_C,1475.75,0.0,-0.3734276773884362,1,1,0,1
1115,Roy General Store,General Trade,4,7,81,Ranchi,B,20137.129999999997,4.0,5034.282499999999,4024.26,2.0,4.003933642458488,1.0,-16112.869999999997,-2.0,2025-12-26,5,31.0,5.0,13.0,0.0,0.0,0.0,0.0,0.0,0.0,0.0,0.0,0.0,20137.129999999997,32503.17,61.95435706732605,0.0,4_B,5210.49,3.8647286531592995,4.195185571069441,0,0,0,1
1116,Patla Supermarket,Convenience,12,35,66,Bhubaneswar,A,18787.0,3.0,6262.333333333333,22068.55,3.0,-0.14869803408017288,0.0,3281.5499999999993,0.0,2025-12-28,3,34.0,5.0,13.0,2.0,1.0,30.5,0.5,0.4666666666666667,0.0,0.0,0.0,0.0,18787.0,57429.99,32.712873535238295,9393.5,12_A,24540.835,0.7655403738299859,-0.27841955568011045,0,0,0,1
1117,Khanna Traders,Supermarket,8,36,76,Bhubaneswar,B,0.0,0.0,0.0,2871.08,1.0,-1.0,-1.0,2871.08,1.0,2025-11-16,45,14.0,4.0,8.0,1.0,0.0,28.0,0.0,0.23333333333333334,0.0,0.0,0.0,0.0,0.0,37803.15,0.0,0.0,8_B,5652.47,0.0,-0.8193916830100983,1,1,0,1
1118,Sawhney General Store,Pharmacy,12,8,92,Guwahati,A,31600.670000000002,6.0,5266.778333333334,6408.3,1.0,3.931209525147075,5.0,-25192.370000000003,-5.0,2025-12-31,0,33.0,5.0,13.0,1.0,1.0,16.0,1.0,0.23333333333333334,0.0,0.0,0.0,0.0,31600.670000000002,59579.29,53.03968879118902,31600.670000000002,12_A,24540.835,1.2876770492935552,3.8014880035471377,0,0,0,1
1119,Mane Supermarket,Convenience,10,32,63,Mumbai,B,640.26,1.0,640.26,8694.69,2.0,-0.9263619519499833,-0.5,8054.43,1.0,2025-12-18,13,7.0,4.0,5.0,5.0,4.0,21.2,0.8,1.1666666666666667,0.0,0.0,0.0,0.0,640.26,36814.51,1.7391512205377717,128.052,10_B,6269.79,0.10211825276444665,-0.7514513719473338,0,1,0,1
1120,Sen General Store,Modern Trade,8,14,97,Bhubaneswar,C,914.1,1.0,914.1,0.0,0.0,,,-914.1,-1.0,2025-12-27,4,12.0,5.0,7.0,2.0,1.0,26.0,0.5,0.4666666666666667,0.0,0.0,0.0,0.0,914.1,19997.84,4.5709936673160705,457.05,8_C,1474.47,0.6199515758204643,,0,0,0,1
1121,Kaur General Store,General Trade,6,21,72,Surat,C,0.0,0.0,0.0,3143.98,3.0,-1.0,-1.0,3143.98,3.0,2025-11-24,37,14.0,4.0,9.0,1.0,1.0,28.0,1.0,0.23333333333333334,0.0,0.0,0.0,0.0,0.0,17967.76,0.0,0.0,6_C,1535.8200000000002,0.0,-0.49011665985164743,1,1,0,1
1122,Walla General Store,General Trade,4,13,12,Guwahati,B,16233.93,4.0,4058.4825,0.0,0.0,,,-16233.93,-4.0,2025-12-27,4,22.0,5.0,12.0,1.0,0.0,32.0,0.0,0.23333333333333334,0.0,0.0,0.0,0.0,16233.93,34990.18,46.3956744435153,16233.93,4_B,5210.49,3.115624442230961,,0,0,0,1
1123,Khare General Store,Modern Trade,8,36,70,Bhubaneswar,B,3305.84,2.0,1652.92,919.87,2.0,2.593812169110853,0.0,-2385.9700000000003,0.0,2025-12-22,9,17.0,5.0,12.0,0.0,0.0,0.0,0.0,0.0,0.0,0.0,0.0,0.0,3305.84,33925.54,9.74439905746526,0.0,8_B,5652.47,0.5848487475386867,2.774420486100755,0,0,0,1
1124,More Supermarket,Pharmacy,2,26,38,Nashik,B,22879.95,7.0,3268.5642857142857,9509.16,2.0,1.4060958065696656,2.5,-13370.79,-5.0,2025-12-31,0,28.0,5.0,13.0,1.0,1.0,27.0,1.0,0.23333333333333334,0.0,0.0,0.0,0.0,22879.95,42341.21,54.03707168500853,22879.95,2_B,7635.110000000001,2.996675882862198,1.2303281608890617,0,0,0,1
1125,Singh General Store,General Trade,12,35,78,Guwahati,B,2213.77,1.0,2213.77,7466.32,3.0,-0.7034991803190862,-0.6666666666666666,5252.549999999999,2.0,2025-12-27,4,23.0,5.0,12.0,4.0,1.0,25.0,0.25,0.9333333333333333,0.0,0.0,0.0,0.0,2213.77,41255.69,5.365974972179595,553.4425,12_B,6060.66,0.36526879910768795,-0.6023788020213128,0,1,0,1
1126,Hari Mart,Convenience,7,12,28,Chennai,C,1598.69,2.0,799.345,1527.88,1.0,0.04634526271696726,1.0,-70.80999999999995,-1.0,2025-12-31,0,5.0,4.0,5.0,0.0,0.0,0.0,0.0,0.0,0.0,0.0,0.0,0.0,1598.69,20240.82,7.89834601562585,0.0,7_C,1610.4699999999998,0.9926853651418531,0.4940596479804299,0,0,0,1
1127,Pillai Retail,Pharmacy,8,36,55,Kolkata,B,1301.74,1.0,1301.74,2181.01,1.0,-0.4031480827689924,0.0,879.2700000000002,0.0,2025-12-10,21,4.0,3.0,3.0,3.0,2.0,32.666666666666664,0.6666666666666666,0.7000000000000001,0.0,0.0,0.0,0.0,1301.74,41019.29,3.173482524929125,433.91333333333336,8_B,5652.47,0.230295782197871,-0.22253976577909074,0,1,0,1
1128,Sastry Mart,Convenience,3,18,11,Hyderabad,C,0.0,0.0,0.0,1128.81,1.0,-1.0,-1.0,1128.81,1.0,2025-11-29,32,17.0,5.0,11.0,1.0,1.0,38.0,1.0,0.23333333333333334,195.0,0.0,286.3128205128205,0.0,0.0,18713.85,0.0,0.0,3_C,1975.87,0.0,-0.6428182099114529,1,1,0,1
1129,Shenoy Supermarket,Convenience,5,33,82,Jaipur,C,0.0,0.0,0.0,0.0,0.0,,,0.0,0.0,2025-09-12,110,0.0,0.0,0.0,0.0,0.0,0.0,0.0,0.0,0.0,0.0,0.0,0.0,0.0,16281.06,0.0,0.0,5_C,1965.2,0.0,,1,0,0,1
1130,Manda Supermarket,Modern Trade,4,2,41,Ranchi,B,2294.32,1.0,2294.32,12671.45,4.0,-0.8189378484703803,-0.75,10377.130000000001,3.0,2025-12-02,29,17.0,5.0,10.0,0.0,0.0,0.0,0.0,0.0,0.0,0.0,0.0,0.0,2294.32,36341.98,6.3131397904021735,0.0,4_B,5210.49,0.4403271093505602,-0.6276859198594272,0,1,0,1
1131,Raja Retail,General Trade,3,23,88,Coimbatore,B,12626.11,2.0,6313.055,2584.49,1.0,3.8853390804375336,1.0,-10041.62,-1.0,2025-12-14,17,16.0,5.0,13.0,5.0,2.0,23.4,0.4,1.1666666666666667,0.0,0.0,0.0,0.0,12626.11,38530.43,32.76919048139354,2525.222,3_B,5507.8,2.292405316097171,4.124690009734309,0,0,0,1
1132,Thakkar General Store,Pharmacy,12,8,19,Bhubaneswar,B,0.0,0.0,0.0,11383.96,4.0,-1.0,-1.0,11383.96,4.0,2025-11-20,41,13.0,5.0,10.0,1.0,0.0,36.0,0.0,0.23333333333333334,0.0,0.0,0.0,0.0,0.0,38724.15,0.0,0.0,12_B,6060.66,0.0,-0.8988796217022266,1,1,0,1
1133,Wable Retail,Convenience,12,10,16,Bhubaneswar,B,20933.77,4.0,5233.4425,1664.6599999999999,2.0,11.575402784953084,1.0,-19269.11,-2.0,2025-12-25,6,23.0,5.0,12.0,3.0,2.0,17.666666666666668,0.6666666666666666,0.7000000000000001,0.0,0.0,0.0,0.0,20933.77,40907.66,51.173227703564564,6977.923333333333,12_B,6060.66,3.4540413090323496,11.676523163250858,0,0,0,1
1134,Sahota Supermarket,Supermarket,6,21,45,Nashik,C,0.0,0.0,0.0,0.0,0.0,,,0.0,0.0,2025-10-09,83,4.0,3.0,4.0,2.0,1.0,27.0,0.5,0.4666666666666667,0.0,0.0,0.0,0.0,0.0,18507.04,0.0,0.0,6_C,1535.8200000000002,0.0,,1,0,0,1
1135,Edwin Supermarket,Convenience,4,2,41,Ranchi,A,10514.04,3.0,3504.6800000000003,1301.72,1.0,7.0770365362750836,2.0,-9212.320000000002,-2.0,2025-12-28,3,12.0,5.0,8.0,0.0,0.0,0.0,0.0,0.0,0.0,0.0,0.0,0.0,10514.04,55837.5,18.82971121558093,0.0,4_A,22237.399999999998,0.47280887154073775,7.008136293329098,0,0,0,1
1136,Iyengar Supermarket,Modern Trade,8,36,76,Bhubaneswar,B,9975.98,3.0,3325.3266666666664,12655.67,3.0,-0.21173829595746416,0.0,2679.6900000000005,0.0,2025-12-26,5,35.0,5.0,13.0,1.0,1.0,31.0,1.0,0.23333333333333334,0.0,0.0,0.0,0.0,9975.98,35495.95,28.104558407367602,9975.98,8_B,5652.47,1.7648886239113164,-0.031129978967562505,0,1,0,1
1137,Devi Retail,Modern Trade,9,3,95,Chandigarh,A,7962.7,4.0,1990.675,6688.38,2.0,0.19052745208854754,1.0,-1274.3199999999997,-2.0,2025-12-25,6,20.0,5.0,12.0,3.0,2.0,20.666666666666668,0.6666666666666666,0.7000000000000001,0.0,0.0,0.0,0.0,7962.7,64337.63,12.376427294570846,2654.233333333333,9_A,20504.7,0.3883353572595551,0.08048060364522823,0,0,0,1
1138,Krishna Traders,Convenience,7,28,24,Kochi,C,5351.62,2.0,2675.81,3118.84,1.0,0.7159007836246809,1.0,-2232.7799999999997,-1.0,2025-12-25,6,22.0,5.0,14.0,1.0,0.0,36.0,0.0,0.23333333333333334,0.0,0.0,0.0,0.0,5351.62,17959.82,29.797737393804614,5351.62,7_C,1610.4699999999998,3.3230175042068466,1.1636151688881435,0,0,0,1
1139,Ben General Store,Supermarket,12,8,92,Bhubaneswar,B,8178.53,3.0,2726.1766666666667,6100.629999999999,2.0,0.34060416711061003,0.5,-2077.9000000000005,-1.0,2025-12-29,2,29.0,5.0,10.0,0.0,0.0,0.0,0.0,0.0,0.0,0.0,0.0,0.0,8178.53,42197.6,19.381505109295315,0.0,12_B,6060.66,1.3494454399355846,0.44172454540838346,0,0,0,1
1140,Srivastava Mart,General Trade,5,33,82,Delhi,A,22821.32,6.0,3803.5533333333333,13592.57,4.0,0.6789554881821466,0.5,-9228.75,-2.0,2025-12-28,3,34.0,5.0,13.0,4.0,3.0,27.25,0.75,0.9333333333333333,0.0,0.0,0.0,0.0,22821.32,57974.17,39.36463428454431,5705.33,5_A,23936.755,0.9534007429160719,0.6781965161958601,0,0,0,1
1141,Prabhu General Store,Pharmacy,5,22,71,Lucknow,C,5769.19,1.0,5769.19,4685.84,3.0,0.23119654106841023,-0.6666666666666666,-1083.3499999999995,2.0,2025-12-06,25,16.0,5.0,9.0,1.0,1.0,23.0,1.0,0.23333333333333334,0.0,0.0,0.0,0.0,5769.19,18191.19,31.714197916683844,5769.19,5_C,1965.2,2.93567575819255,0.6781035189225454,0,0,0,1
1142,Chauhan Supermarket,General Trade,4,13,62,Ranchi,B,0.0,0.0,0.0,14952.51,3.0,-1.0,-1.0,14952.51,3.0,2025-11-18,43,29.0,5.0,13.0,0.0,0.0,0.0,0.0,0.0,0.0,0.0,0.0,0.0,0.0,43348.81,0.0,0.0,4_B,5210.49,0.0,-0.8087480713890469,1,1,0,1
1143,Varty Retail,Modern Trade,12,8,92,Ranchi,C,2952.55,2.0,1476.275,2035.46,2.0,0.45055663093354825,0.0,-917.0900000000001,0.0,2025-12-30,1,13.0,5.0,9.0,2.0,1.0,22.0,0.5,0.4666666666666667,0.0,0.0,0.0,0.0,2952.55,19760.11,14.94197147687943,1476.275,12_C,1525.54,1.9354130340731808,1.0389918063823935,0,0,0,1
1144,Dash Traders,Modern Trade,3,23,88,Coimbatore,A,7193.92,3.0,2397.9733333333334,15829.849999999999,3.0,-0.545547178273957,0.0,8635.929999999998,0.0,2025-12-23,8,23.0,5.0,13.0,3.0,1.0,31.666666666666668,0.3333333333333333,0.7000000000000001,0.0,0.0,0.0,0.0,7193.92,67793.48,10.611521933967692,2397.9733333333334,3_A,19782.739999999998,0.36364628964440726,-0.5961550242464202,0,1,0,1
1145,Mane Mart,Convenience,6,21,29,Pune,A,17458.3,2.0,8729.15,3746.24,1.0,3.6602193132314,1.0,-13712.06,-1.0,2025-12-31,0,22.0,5.0,10.0,0.0,0.0,0.0,0.0,0.0,0.0,0.0,0.0,0.0,17458.3,60409.42,28.899962952797758,0.0,6_A,21985.86,0.7940694610081206,3.5848198074610718,0,0,0,1
1146,Chacko General Store,Supermarket,1,17,49,Jaipur,B,4282.07,1.0,4282.07,5646.41,1.0,-0.2416296372385286,0.0,1364.3400000000001,0.0,2025-12-25,6,17.0,5.0,9.0,3.0,3.0,12.0,1.0,0.7000000000000001,0.0,0.0,0.0,0.0,4282.07,39042.45,10.967728715795245,1427.3566666666666,1_B,5467.655000000001,0.783163897502677,-0.23958239899702957,0,1,0,1
1147,Dyal Traders,Supermarket,1,34,99,Delhi,B,7186.91,3.0,2395.6366666666668,3702.54,2.0,0.9410755859491052,0.5,-3484.37,-1.0,2025-12-28,3,27.0,5.0,13.0,0.0,0.0,0.0,0.0,0.0,0.0,0.0,0.0,0.0,7186.91,35523.75,20.23128188887716,0.0,1_B,5467.655000000001,1.3144410172185332,0.9431228241906042,0,0,0,1
1148,Mahajan Retail,Convenience,9,11,73,Lucknow,B,7244.55,2.0,3622.275,0.0,0.0,,,-7244.55,-2.0,2025-12-29,2,17.0,5.0,10.0,1.0,0.0,25.0,0.0,0.23333333333333334,0.0,0.0,0.0,0.0,7244.55,43653.96,16.595401654282913,7244.55,9_B,5894.43,1.2290501371633897,,0,0,0,1
1149,Sengupta General Store,Convenience,6,21,80,Surat,A,28131.239999999998,3.0,9377.08,36538.26,4.0,-0.23008813227559285,-0.25,8407.020000000004,1.0,2025-12-17,14,48.0,5.0,13.0,3.0,2.0,23.333333333333332,0.6666666666666666,0.7000000000000001,0.0,0.0,0.0,0.0,28131.239999999998,68631.39,40.98888278381072,9377.08,6_A,21985.86,1.279515106527559,-0.3054876380459212,0,1,0,1
1150,Varghese Mart,Pharmacy,4,7,1,Patna,C,1451.91,1.0,1451.91,0.0,0.0,,,-1451.91,-1.0,2025-12-18,13,11.0,5.0,8.0,2.0,1.0,21.0,0.5,0.4666666666666667,0.0,0.0,0.0,0.0,1451.91,16610.27,8.741037924127664,725.955,4_C,1263.49,1.1491266254580568,,0,0,0,1
1151,Din Mart,Pharmacy,4,7,26,Kolkata,B,14941.460000000001,4.0,3735.3650000000002,5414.33,1.0,1.759613839570178,3.0,-9527.130000000001,-3.0,2025-12-27,4,26.0,5.0,12.0,3.0,3.0,16.0,1.0,0.7000000000000001,0.0,0.0,0.0,0.0,14941.460000000001,36294.59,41.16718221641298,4980.486666666667,4_B,5210.49,2.8675729154071883,1.950865768181131,0,0,0,1
1152,Sarkar Traders,Supermarket,1,34,99,Chandigarh,B,4653.81,1.0,4653.81,3057.71,1.0,0.5219919482226897,0.0,-1596.1000000000004,0.0,2025-12-19,12,16.0,4.0,10.0,4.0,1.0,25.25,0.25,0.9333333333333333,0.0,0.0,0.0,0.0,4653.81,42872.99,10.854876228599872,1163.4525,1_B,5467.655000000001,0.85115282511424,0.5240391864641887,0,0,0,1
1153,Chand Traders,Pharmacy,8,14,69,Patna,A,11734.24,2.0,5867.12,19136.91,4.0,-0.3868268179136548,-0.5,7402.67,2.0,2025-12-13,18,41.0,5.0,15.0,3.0,2.0,29.0,0.6666666666666666,0.7000000000000001,0.0,0.0,0.0,0.0,11734.24,72530.12,16.17843731680025,3911.4133333333334,8_A,21023.8,0.5581407737897051,-0.3681712360194151,0,1,0,1
1154,Kapadia Mart,General Trade,4,7,1,Patna,C,0.0,0.0,0.0,5559.52,2.0,-1.0,-1.0,5559.52,2.0,2025-11-29,32,10.0,5.0,9.0,1.0,0.0,8.0,0.0,0.23333333333333334,0.0,0.0,0.0,0.0,0.0,18181.53,0.0,0.0,4_C,1263.49,0.0,-0.3515857436221601,1,1,0,1
1155,Seshadri Mart,Modern Trade,4,13,54,Patna,C,541.0,1.0,541.0,0.0,0.0,,,-541.0,-1.0,2025-12-27,4,11.0,5.0,7.0,1.0,0.0,26.0,0.0,0.23333333333333334,0.0,0.0,0.0,0.0,541.0,21559.47,2.5093381238036,541.0,4_C,1263.49,0.42817909124725956,,0,0,0,1
1156,Palla Traders,Modern Trade,12,10,16,Ranchi,B,4708.7,1.0,4708.7,15106.77,3.0,-0.6883053094738318,-0.6666666666666666,10398.07,2.0,2025-12-07,24,29.0,5.0,12.0,3.0,3.0,31.333333333333332,1.0,0.7000000000000001,0.0,0.0,0.0,0.0,4708.7,42530.6,11.071322765256074,1569.5666666666666,12_B,6060.66,0.7769285853355905,-0.5871849311760584,0,1,0,1
1157,Bala General Store,General Trade,6,25,65,Surat,A,25303.39,5.0,5060.678,23800.71,4.0,0.0631359316591816,0.25,-1502.6800000000003,-1.0,2025-12-30,1,37.0,5.0,14.0,4.0,3.0,27.25,0.75,0.9333333333333333,0.0,0.0,0.0,0.0,25303.39,56702.56,44.62477531878631,6325.8475,6_A,21985.86,1.1508938017434842,-0.012263574111146758,0,0,0,1
1158,Sachdeva Retail,Pharmacy,1,34,99,Jaipur,A,7198.3,2.0,3599.15,15451.16,2.0,-0.5341255931593486,0.0,8252.86,0.0,2025-12-12,19,30.0,5.0,14.0,1.0,1.0,40.0,1.0,0.23333333333333334,0.0,0.0,0.0,0.0,7198.3,66628.44,10.803644809934015,7198.3,1_A,22934.37,0.31386517266443337,-0.6224580673618101,0,1,0,1
1159,Bera General Store,Pharmacy,4,13,62,Patna,B,0.0,0.0,0.0,8136.8099999999995,3.0,-1.0,-1.0,8136.8099999999995,3.0,2025-11-23,38,15.0,5.0,10.0,3.0,2.0,29.333333333333332,0.6666666666666666,0.7000000000000001,0.0,0.0,0.0,0.0,0.0,36144.57,0.0,0.0,4_B,5210.49,0.0,-0.8087480713890469,1,1,0,1
1160,Randhawa General Store,Supermarket,7,28,24,Chennai,B,0.0,0.0,0.0,1867.93,1.0,-1.0,-1.0,1867.93,1.0,2025-11-14,47,16.0,5.0,11.0,0.0,0.0,0.0,0.0,0.0,0.0,0.0,0.0,0.0,0.0,38095.35,0.0,0.0,7_B,6107.09,0.0,-0.780071977227084,1,1,0,1
1161,Thakkar General Store,Convenience,4,7,26,Ranchi,C,1216.83,1.0,1216.83,3193.63,1.0,-0.6189821613649672,0.0,1976.8000000000002,0.0,2025-12-05,26,20.0,5.0,11.0,0.0,0.0,0.0,0.0,0.0,0.0,0.0,0.0,0.0,1216.83,19397.23,6.273215299297889,0.0,4_C,1263.49,0.9630705427031475,0.029432095012872694,0,1,0,1
1162,Prakash Mart,Pharmacy,4,7,81,Bhubaneswar,B,23676.95,7.0,3382.421428571429,10781.89,3.0,1.195992539341433,1.3333333333333333,-12895.060000000001,-4.0,2025-12-27,4,53.0,5.0,15.0,3.0,1.0,25.0,0.3333333333333333,0.7000000000000001,0.0,0.0,0.0,0.0,23676.95,35559.62,66.58381051316071,7892.316666666667,4_B,5210.49,4.544092782060805,1.387244467952386,0,0,0,1
1163,Keer General Store,General Trade,8,36,55,Kolkata,C,0.0,0.0,0.0,3410.5299999999997,2.0,-1.0,-1.0,3410.5299999999997,2.0,2025-11-28,33,9.0,3.0,6.0,0.0,0.0,0.0,0.0,0.0,0.0,0.0,0.0,0.0,0.0,18387.04,0.0,0.0,8_C,1474.47,0.0,-0.4422553310707772,1,1,0,1
1164,Raju Traders,General Trade,12,10,30,Bhubaneswar,B,0.0,0.0,0.0,14954.54,4.0,-1.0,-1.0,14954.54,4.0,2025-11-16,45,14.0,5.0,8.0,2.0,0.0,19.5,0.0,0.4666666666666667,0.0,0.0,0.0,0.0,0.0,39108.56,0.0,0.0,12_B,6060.66,0.0,-0.8988796217022266,1,1,0,1
1165,Bumb Retail,Pharmacy,12,8,15,Patna,B,13401.22,3.0,4467.073333333333,11630.38,3.0,0.1522598573735338,0.0,-1770.8400000000001,0.0,2025-12-31,0,32.0,5.0,13.0,0.0,0.0,0.0,0.0,0.0,0.0,0.0,0.0,0.0,13401.22,38303.59,34.98685110194632,0.0,12_B,6060.66,2.2111816204835777,0.25338023567130724,0,0,0,1
1166,Prasad Retail,Modern Trade,10,4,6,Mumbai,A,42401.49,7.0,6057.355714285714,27944.66,5.0,0.5173378384278069,0.4,-14456.829999999998,-2.0,2025-12-29,2,50.0,5.0,15.0,3.0,2.0,22.333333333333332,0.6666666666666666,0.7000000000000001,0.0,0.0,0.0,0.0,48069.979999999996,58005.93,82.87080303686191,14133.83,10_A,24727.44,1.7147545398957595,0.35913753776621343,0,0,0,0
1167,Kapur Traders,Supermarket,7,20,13,Kochi,A,30795.61,4.0,7698.9025,44769.52,10.0,-0.3121299937993527,-0.6,13973.909999999996,6.0,2025-12-26,5,56.0,5.0,15.0,2.0,1.0,25.0,0.5,0.4666666666666667,195.0,0.0,57.353846153846156,0.0,30795.61,62301.32,49.430108382936346,15397.805,7_A,22880.32,1.3459431511447393,-0.3081436780177102,0,1,0,1
1168,Bala Mart,Supermarket,3,18,2,Coimbatore,C,2467.37,2.0,1233.685,0.0,0.0,,,-2467.37,-2.0,2025-12-21,10,6.0,3.0,4.0,1.0,0.0,30.0,0.0,0.23333333333333334,0.0,0.0,0.0,0.0,2467.37,19998.54,12.337750655797871,2467.37,3_C,1975.87,1.2487511830231746,,0,0,0,1
1169,Nagar Retail,Modern Trade,7,20,68,Coimbatore,B,3590.86,1.0,3590.86,9912.75,3.0,-0.637753398401049,-0.6666666666666666,6321.889999999999,2.0,2025-12-11,20,18.0,5.0,11.0,0.0,0.0,0.0,0.0,0.0,0.0,0.0,0.0,0.0,3590.86,41579.81,8.636066398571808,0.0,7_B,6107.09,0.5879821649918373,-0.41782537562813304,0,1,0,1
1170,Chaudhary Supermarket,Modern Trade,5,22,17,Ludhiana,A,3215.95,2.0,1607.975,12841.7,3.0,-0.7495697610129499,-0.3333333333333333,9625.75,1.0,2025-12-06,25,20.0,5.0,10.0,3.0,1.0,33.666666666666664,0.3333333333333333,0.7000000000000001,0.0,0.0,0.0,0.0,3215.95,62709.48,5.128331473965339,1071.9833333333333,5_A,23936.755,0.13435196207673095,-0.7503287329992364,0,1,0,1
1171,Nayak Retail,Pharmacy,6,21,10,Nashik,C,2432.94,4.0,608.235,916.61,1.0,1.6542804464275973,3.0,-1516.33,-3.0,2025-12-30,1,20.0,5.0,11.0,4.0,1.0,32.5,0.25,0.9333333333333333,0.0,0.0,0.0,0.0,2432.94,17163.35,14.175204724019498,608.235,6_C,1535.8200000000002,1.5841309528460366,2.16416378657595,0,0,0,1
1172,Dhingra Supermarket,Supermarket,10,4,6,Pune,A,29854.01,5.0,5970.802,12022.02,3.0,1.4832773527244172,0.6666666666666666,-17831.989999999998,-2.0,2025-12-23,8,30.0,5.0,12.0,1.0,1.0,21.0,1.0,0.23333333333333334,0.0,0.0,0.0,0.0,29854.01,61193.95,48.785884879142465,29854.01,10_A,24727.44,1.207323119578897,1.3250770520628237,0,0,0,1
1173,Devan General Store,Pharmacy,6,21,45,Ahmedabad,B,2907.96,2.0,1453.98,15652.41,5.0,-0.8142164689015942,-0.6,12744.45,3.0,2025-12-17,14,26.0,5.0,12.0,1.0,1.0,23.0,1.0,0.23333333333333334,0.0,0.0,0.0,0.0,2907.96,41268.03,7.046520030154093,2907.96,6_B,5118.745000000001,0.5681001886204528,-0.5449274081799834,0,1,0,1
1174,Barad Mart,Supermarket,1,17,3,Jaipur,C,9667.89,3.0,3222.6299999999997,3195.14,3.0,2.0258110755710237,0.0,-6472.75,0.0,2025-12-27,4,20.0,5.0,11.0,4.0,4.0,24.75,1.0,0.9333333333333333,0.0,0.0,0.0,0.0,9667.89,18929.4,51.07340961678658,2416.9725,1_C,1475.75,6.551170591224801,2.6523833981825877,0,0,0,1
1175,Mangat Supermarket,Convenience,9,3,95,Lucknow,B,871.23,1.0,871.23,5312.13,1.0,-0.8359923420548818,0.0,4440.9,0.0,2025-12-17,14,10.0,4.0,7.0,2.0,2.0,22.5,1.0,0.4666666666666667,0.0,0.0,0.0,0.0,871.23,34866.04,2.4987925213187387,435.615,9_B,5894.43,0.1478056402400232,-0.6608460666505139,0,1,0,1
1176,Sodhi Traders,Convenience,12,8,50,Guwahati,C,0.0,0.0,0.0,1428.72,2.0,-1.0,-1.0,1428.72,2.0,2025-11-24,37,7.0,4.0,7.0,3.0,1.0,21.333333333333332,0.3333333333333333,0.7000000000000001,0.0,0.0,0.0,0.0,0.0,16984.66,0.0,0.0,12_C,1525.54,0.0,-0.41156482455115484,1,1,0,1
1177,Dewan General Store,Convenience,6,31,74,Pune,C,0.0,0.0,0.0,0.0,0.0,,,0.0,0.0,2025-10-21,71,4.0,3.0,4.0,2.0,0.0,32.0,0.0,0.4666666666666667,0.0,0.0,0.0,0.0,0.0,18211.31,0.0,0.0,6_C,1535.8200000000002,0.0,,1,0,0,1
1178,Singh Retail,Supermarket,8,14,34,Patna,C,2876.29,2.0,1438.145,3694.68,2.0,-0.22150497472040878,0.0,818.3899999999999,0.0,2025-12-30,1,19.0,5.0,9.0,0.0,0.0,0.0,0.0,0.0,0.0,0.0,0.0,0.0,2876.29,19226.78,14.959811263248449,0.0,8_C,1474.47,1.950728058217529,0.33623969420881406,0,1,0,1
1179,Sen Mart,Supermarket,8,14,69,Bhubaneswar,B,9659.95,2.0,4829.975,16516.15,5.0,-0.4151209573659721,-0.6,6856.200000000001,3.0,2025-12-13,18,28.0,5.0,11.0,1.0,1.0,19.0,1.0,0.23333333333333334,0.0,0.0,0.0,0.0,9659.95,33092.26,29.19096489632319,9659.95,8_B,5652.47,1.7089785527388912,-0.23451264037607045,0,1,0,1
1180,Ahluwalia Mart,Convenience,3,18,83,Chennai,C,3856.95,1.0,3856.95,0.0,0.0,,,-3856.95,-1.0,2025-12-21,10,6.0,4.0,5.0,5.0,3.0,23.0,0.6,1.1666666666666667,0.0,0.0,0.0,0.0,3856.95,21754.25,17.729639036050425,771.39,3_C,1975.87,1.9520261960554086,,0,0,0,1
1181,Buch Supermarket,Supermarket,12,35,78,Patna,B,8164.59,2.0,4082.295,17036.58,5.0,-0.5207612091159142,-0.6,8871.990000000002,3.0,2025-12-18,13,31.0,5.0,13.0,2.0,0.0,28.0,0.0,0.4666666666666667,0.0,0.0,0.0,0.0,12701.77,41522.22,30.59029599091763,4082.295,12_B,6060.66,1.3471453604062924,-0.41964083081814074,0,1,0,1
1182,Bahl General Store,Supermarket,2,26,38,Ahmedabad,C,4346.24,2.0,2173.12,1894.06,1.0,1.2946685955038382,1.0,-2452.18,-1.0,2025-12-27,4,24.0,5.0,11.0,0.0,0.0,0.0,0.0,0.0,0.0,0.0,0.0,0.0,4346.24,19038.15,22.82910892077224,0.0,2_C,1065.73,4.078181152824824,1.7284926609114548,0,0,0,1
1183,Kunda Supermarket,General Trade,10,32,33,Mumbai,B,0.0,0.0,0.0,1313.05,1.0,-1.0,-1.0,1313.05,1.0,2025-11-03,58,6.0,4.0,6.0,1.0,1.0,9.0,1.0,0.23333333333333334,0.0,0.0,0.0,0.0,0.0,36135.55,0.0,0.0,10_B,6269.79,0.0,-0.8250894199973505,1,1,0,1
1184,Kale Traders,Modern Trade,10,32,33,Nashik,C,0.0,0.0,0.0,2299.74,1.0,-1.0,-1.0,2299.74,1.0,2025-11-04,57,12.0,5.0,8.0,1.0,0.0,30.0,0.0,0.23333333333333334,0.0,0.0,0.0,0.0,0.0,16752.74,0.0,0.0,10_C,1784.86,0.0,-0.822765303242021,1,1,0,1
1185,Doctor Mart,Pharmacy,8,14,97,Ranchi,A,50500.42,6.0,8416.736666666666,32191.57,4.0,0.568746724685997,0.5,-18308.85,-2.0,2025-12-20,11,42.0,5.0,13.0,5.0,4.0,21.6,0.8,1.1666666666666667,0.0,0.0,0.0,0.0,50500.42,57847.99,87.29848694829327,10100.083999999999,8_A,21023.8,2.402059570581912,0.5874023065802367,0,0,0,0
1186,Wable Mart,Modern Trade,12,10,64,Bhubaneswar,B,4327.83,2.0,2163.915,6407.06,1.0,-0.32452169950023885,1.0,2079.2300000000005,-1.0,2025-12-18,13,16.0,5.0,8.0,0.0,0.0,0.0,0.0,0.0,0.0,0.0,0.0,0.0,4327.83,38238.33,11.318041347517006,0.0,12_B,6060.66,0.7140855946382078,-0.22340132120246542,0,1,0,1
1187,Sampath Mart,Modern Trade,3,18,83,Hyderabad,A,7382.78,3.0,2460.9266666666667,42426.79,5.0,-0.8259877780053594,-0.4,35044.01,2.0,2025-12-30,1,42.0,5.0,15.0,2.0,1.0,18.5,0.5,0.4666666666666667,0.0,0.0,0.0,0.0,22964.12,61008.2,37.64103841778646,3691.39,3_A,19782.739999999998,0.3731929955102276,-0.8765956239778225,0,1,0,1
1188,Choudhry Mart,Pharmacy,2,29,9,Pune,A,24280.870000000003,4.0,6070.217500000001,30865.36,5.0,-0.21332944115992808,-0.2,6584.489999999998,1.0,2025-12-26,5,38.0,5.0,15.0,3.0,3.0,21.666666666666668,1.0,0.7000000000000001,0.0,0.0,0.0,0.0,24280.870000000003,74314.73,32.67302458072579,8093.623333333334,2_A,21794.730000000003,1.1140706950716985,-0.34810310354059304,0,1,0,1
1189,Mani General Store,Convenience,9,3,93,Ludhiana,A,11514.31,3.0,3838.103333333333,22831.05,6.0,-0.49567321695673217,-0.5,11316.74,3.0,2025-12-09,22,34.0,5.0,13.0,2.0,2.0,25.5,1.0,0.4666666666666667,0.0,0.0,0.0,0.0,11514.31,60964.99,18.88675779328431,5757.155,9_A,20504.7,0.5615449140928664,-0.6057200654000515,0,1,0,1
1190,Khanna General Store,Supermarket,3,18,2,Bengaluru,A,23581.559999999998,4.0,5895.389999999999,47518.479999999996,7.0,-0.5037391768423569,-0.42857142857142855,23936.92,3.0,2025-12-28,3,45.0,5.0,14.0,2.0,1.0,29.0,0.5,0.4666666666666667,0.0,0.0,0.0,0.0,23581.559999999998,63017.86,37.42043922151593,11790.779999999999,3_A,19782.739999999998,1.1920269891835005,-0.5543470228148201,0,1,0,1
1191,Mitra Retail,General Trade,3,18,2,Bengaluru,B,4337.4,2.0,2168.7,328.65,1.0,12.197626654495664,1.0,-4008.7499999999995,-1.0,2025-12-26,5,8.0,5.0,7.0,4.0,3.0,26.0,0.75,0.9333333333333333,0.0,0.0,0.0,0.0,4337.4,41950.95,10.339217586252516,1084.35,3_B,5507.8,0.787501361705218,12.436977583792439,0,0,0,1
1192,Dara Traders,Modern Trade,7,28,57,Chennai,B,10123.41,4.0,2530.8525,2440.96,2.0,3.1473067973256423,1.0,-7682.45,-2.0,2025-12-27,4,22.0,5.0,10.0,0.0,0.0,0.0,0.0,0.0,195.0,0.0,207.2051282051282,0.0,10123.41,32687.57,30.970212836255495,0.0,7_B,6107.09,1.657648732866226,3.3672348200985582,0,0,0,1
1193,Batta General Store,General Trade,4,7,81,Guwahati,A,23462.86,4.0,5865.715,8382.86,1.0,1.7989087256616476,3.0,-15080.0,-3.0,2025-12-29,2,32.0,5.0,14.0,3.0,1.0,23.333333333333332,0.3333333333333333,0.7000000000000001,0.0,0.0,0.0,0.0,23462.86,63096.24,37.18582913973955,7820.953333333334,4_A,22237.399999999998,1.0551080611942045,1.7300084827156623,0,0,0,1
1194,Khare General Store,Modern Trade,12,8,19,Kolkata,C,2084.77,2.0,1042.385,408.62,1.0,4.101977387303608,1.0,-1676.15,-1.0,2025-12-26,5,8.0,4.0,5.0,2.0,2.0,25.5,1.0,0.4666666666666667,0.0,0.0,0.0,0.0,2084.77,17816.63,11.701258880046337,1042.385,12_C,1525.54,1.3665783919136831,4.690412562752453,0,0,0,1
1195,Saini Traders,General Trade,2,29,37,Pune,C,0.0,0.0,0.0,0.0,0.0,,,0.0,0.0,2025-09-22,100,0.0,0.0,0.0,1.0,0.0,25.0,0.0,0.23333333333333334,0.0,0.0,0.0,0.0,0.0,19868.21,0.0,0.0,2_C,1065.73,0.0,,1,0,0,1
1196,Shankar Supermarket,Supermarket,6,31,14,Ahmedabad,B,9883.77,3.0,3294.59,15894.95,4.0,-0.37818174954938516,-0.25,6011.18,1.0,2025-12-21,10,29.0,5.0,13.0,1.0,1.0,21.0,1.0,0.23333333333333334,0.0,0.0,0.0,0.0,9883.77,43611.39,22.66327672656157,9883.77,6_B,5118.745000000001,1.9308971241974349,-0.10889268882777442,0,1,0,1
1197,Bhatnagar Traders,Convenience,10,4,6,Nashik,A,34293.72,6.0,5715.62,3531.1099999999997,2.0,8.711880966608234,2.0,-30762.61,-4.0,2025-12-25,6,29.0,5.0,12.0,7.0,4.0,28.0,0.5714285714285714,1.6333333333333333,0.0,0.0,0.0,0.0,34293.72,71750.62,47.79571242729331,4899.102857142857,10_A,24727.44,1.386869000592055,8.55368066594664,0,0,0,1
1198,Choudhry Retail,Supermarket,3,23,20,Hyderabad,C,7170.610000000001,2.0,3585.3050000000003,1935.9499999999998,2.0,2.703923138510809,0.0,-5234.660000000001,0.0,2025-12-19,12,17.0,5.0,12.0,2.0,2.0,27.0,1.0,0.4666666666666667,195.0,0.0,283.4717948717949,0.0,8076.27,20161.87,40.05714747689575,3585.3050000000003,3_C,1975.87,3.629089970494011,3.0611049285993563,0,0,0,1
1199,Tata General Store,General Trade,9,11,85,Chandigarh,C,1127.13,1.0,1127.13,2199.51,2.0,-0.4875540461284559,-0.5,1072.38,1.0,2025-12-31,0,10.0,5.0,6.0,2.0,0.0,24.5,0.0,0.4666666666666667,0.0,0.0,0.0,0.0,1127.13,17516.79,6.43456934746606,563.565,9_C,1106.01,1.019095668212765,0.007342355754419216,0,1,0,1
1200,Wason Traders,Pharmacy,12,8,19,Patna,A,39053.94,8.0,4881.7425,17618.190000000002,5.0,1.2166828715095022,0.6,-21435.75,-3.0,2025-12-30,1,44.0,5.0,14.0,2.0,1.0,29.5,0.5,0.4666666666666667,0.0,0.0,0.0,0.0,39053.94,66308.34,58.897478054796736,19526.97,12_A,24540.835,1.5913859491741011,1.0869613499095645,0,0,0,1
1201,Babu Retail,Modern Trade,10,15,94,Ahmedabad,A,13502.41,4.0,3375.6025,49081.36,10.0,-0.7248973948562142,-0.6,35578.95,6.0,2025-12-28,3,42.0,5.0,14.0,4.0,3.0,25.5,0.75,0.9333333333333333,0.0,0.0,0.0,0.0,13502.41,60746.73,22.22738573747097,3375.6025,10_A,24727.44,0.5460496517229443,-0.8830976955178076,0,1,0,1
1202,Varma Traders,Convenience,12,10,64,Ranchi,B,7137.68,2.0,3568.84,0.0,0.0,,,-7137.68,-2.0,2025-12-23,8,19.0,5.0,9.0,1.0,0.0,15.0,0.0,0.23333333333333334,0.0,0.0,0.0,0.0,7137.68,38754.91,18.417485681169172,7137.68,12_B,6060.66,1.1777067184102061,,0,0,0,1
1203,Khurana Traders,Convenience,4,1,32,Ranchi,B,1824.52,1.0,1824.52,11481.6,3.0,-0.8410918338907469,-0.6666666666666666,9657.08,2.0,2025-12-08,23,16.0,5.0,10.0,3.0,3.0,31.666666666666668,1.0,0.7000000000000001,0.0,0.0,0.0,0.0,1824.52,32539.02,5.607175630980897,608.1733333333333,4_B,5210.49,0.35016284456932073,-0.6498399052797939,0,1,0,1
1204,Dhawan Traders,Convenience,12,8,50,Kolkata,C,0.0,0.0,0.0,5123.89,2.0,-1.0,-1.0,5123.89,2.0,2025-12-01,30,13.0,4.0,7.0,0.0,0.0,0.0,0.0,0.0,0.0,0.0,0.0,0.0,4123.51,17106.18,24.10538179768949,0.0,12_C,1525.54,0.0,-0.41156482455115484,0,1,0,1
1205,Manne General Store,Modern Trade,5,33,90,Delhi,B,12332.1,4.0,3083.025,6621.67,2.0,0.8623851686961145,1.0,-5710.43,-2.0,2025-12-27,4,29.0,5.0,13.0,5.0,4.0,37.0,0.8,1.1666666666666667,0.0,0.0,0.0,0.0,12332.1,39736.49,31.034698837265196,2466.42,5_B,6391.82,1.9293565838837765,1.2151017762656853,0,0,0,1
1206,Sanghvi General Store,Supermarket,12,35,61,Bhubaneswar,C,2918.1800000000003,3.0,972.7266666666668,9272.61,4.0,-0.6852903335738265,-0.25,6354.43,1.0,2025-12-27,4,27.0,5.0,13.0,5.0,1.0,26.4,0.2,1.1666666666666667,0.0,0.0,0.0,0.0,2918.1800000000003,17815.34,16.38015328363085,583.6360000000001,12_C,1525.54,1.912883306894608,-0.09685515812498136,0,1,0,1
1207,Agarwal Supermarket,Pharmacy,2,26,38,Surat,A,8943.03,2.0,4471.515,29944.64,8.0,-0.7013478873013668,-0.75,21001.61,6.0,2025-12-08,23,26.0,5.0,12.0,2.0,1.0,29.5,0.5,0.4666666666666667,0.0,0.0,0.0,0.0,8943.03,62998.35,14.195657505315618,4471.515,2_A,21794.730000000003,0.41032992838176935,-0.8361215496820318,0,1,0,1
1208,Pandit Mart,Pharmacy,4,13,96,Bhubaneswar,A,0.0,0.0,0.0,0.0,0.0,,,0.0,0.0,2025-09-15,107,0.0,0.0,0.0,2.0,2.0,18.0,1.0,0.4666666666666667,0.0,0.0,0.0,0.0,0.0,67237.39,0.0,0.0,4_A,22237.399999999998,0.0,,1,0,0,1
1209,Khosla Supermarket,General Trade,4,13,48,Kolkata,C,0.0,0.0,0.0,1318.48,1.0,-1.0,-1.0,1318.48,1.0,2025-11-20,41,9.0,4.0,7.0,0.0,0.0,0.0,0.0,0.0,0.0,0.0,0.0,0.0,0.0,16800.45,0.0,0.0,4_C,1263.49,0.0,-0.3515857436221601,1,1,0,1
1210,Saha General Store,Modern Trade,4,7,4,Bhubaneswar,B,7800.42,2.0,3900.21,3339.2,1.0,1.3360146142788694,1.0,-4461.22,-1.0,2025-12-29,2,10.0,5.0,8.0,2.0,1.0,19.0,0.5,0.4666666666666667,0.0,0.0,0.0,0.0,7800.42,40611.39,19.207468643648987,3900.21,4_B,5210.49,1.4970607370899858,1.5272665428898224,0,0,0,1
1211,Grover Mart,Convenience,3,23,20,Chennai,B,10253.93,3.0,3417.976666666667,584.62,1.0,16.53947863569498,2.0,-9669.31,-2.0,2025-12-29,2,17.0,5.0,10.0,0.0,0.0,0.0,0.0,0.0,0.0,0.0,0.0,0.0,10253.93,41054.79,24.97620862267229,0.0,3_B,5507.8,1.8617106648752677,16.778829564991756,0,0,0,1
1212,Chada General Store,Supermarket,9,3,93,Chandigarh,B,5885.55,2.0,2942.775,5646.3,2.0,0.0423728813559322,0.0,-239.25,0.0,2025-12-31,0,25.0,5.0,10.0,2.0,2.0,19.0,1.0,0.4666666666666667,0.0,0.0,0.0,0.0,5885.55,34136.1,17.241424767328432,2942.775,9_B,5894.43,0.9984934930095022,0.2175191567603001,0,0,0,1
1213,Viswanathan Supermarket,Modern Trade,6,25,5,Nashik,C,2119.21,1.0,2119.21,327.75,1.0,5.4659344012204425,0.0,-1791.46,0.0,2025-12-11,20,8.0,4.0,6.0,4.0,2.0,34.25,0.5,0.9333333333333333,0.0,0.0,0.0,0.0,2119.21,17070.82,12.4142249757188,529.8025,6_C,1535.8200000000002,1.3798557122579467,5.975817741368795,0,0,0,1
1214,Patel Retail,Convenience,12,19,59,Guwahati,C,2381.5600000000004,2.0,1190.7800000000002,559.18,1.0,3.259022139561502,1.0,-1822.3800000000006,-1.0,2025-12-25,6,9.0,5.0,8.0,1.0,1.0,18.0,1.0,0.23333333333333334,195.0,0.0,278.5076923076923,0.0,2381.5600000000004,19407.26,12.271490153684757,2381.5600000000004,12_C,1525.54,1.5611258964038965,3.8474573150103475,0,0,0,1
1215,Bir Supermarket,Pharmacy,10,4,21,Ahmedabad,C,4053.91,2.0,2026.955,319.88,1.0,11.673221207952981,1.0,-3734.0299999999997,-1.0,2025-12-21,10,15.0,5.0,9.0,2.0,2.0,40.0,1.0,0.4666666666666667,0.0,0.0,0.0,0.0,4053.91,17643.19,22.97719403350528,2026.955,10_C,1784.86,2.271276178523806,11.85045590471096,0,0,0,1
1216,Vora Traders,Modern Trade,1,5,52,Ludhiana,A,51001.6,7.0,7285.942857142857,26772.22,5.0,0.9050194567353771,0.4,-24229.379999999997,-2.0,2025-12-27,4,51.0,5.0,14.0,2.0,2.0,32.0,1.0,0.4666666666666667,195.0,0.0,62.343589743589746,0.0,51001.6,58391.23,87.34462349911108,25500.8,1_A,22934.37,2.223806452935049,0.8166869825329156,0,0,0,0
1217,Tripathi Traders,Pharmacy,6,21,10,Surat,B,9315.44,2.0,4657.72,6322.610000000001,3.0,0.47335356759313,-0.3333333333333333,-2992.83,1.0,2025-12-14,17,19.0,5.0,12.0,2.0,1.0,21.0,0.5,0.4666666666666667,0.0,0.0,0.0,0.0,9315.44,35337.73,26.36117260503151,4657.72,6_B,5118.745000000001,1.819867955914975,0.7426426283147407,0,0,0,1
1218,Tripathi General Store,General Trade,8,36,55,Bhubaneswar,B,606.08,1.0,606.08,2986.47,2.0,-0.7970580652074188,-0.5,2380.39,1.0,2025-12-26,5,8.0,3.0,5.0,4.0,2.0,17.0,0.5,0.9333333333333333,0.0,0.0,0.0,0.0,606.08,33351.62,1.817243060457033,151.52,8_B,5652.47,0.10722392157764658,-0.6164497482175172,0,1,0,1
1219,Bahri Supermarket,General Trade,4,7,4,Bhubaneswar,B,11639.95,4.0,2909.9875,7903.92,3.0,0.4726806445409367,0.3333333333333333,-3736.0300000000007,-1.0,2025-12-28,3,19.0,5.0,13.0,2.0,2.0,34.0,1.0,0.4666666666666667,0.0,0.0,0.0,0.0,11639.95,32897.7,35.38226076595021,5819.975,4_B,5210.49,2.2339453679020593,0.6639325731518898,0,0,0,1
1220,Ramakrishnan General Store,Modern Trade,4,1,25,Guwahati,B,456.42,1.0,456.42,2304.73,1.0,-0.8019637875152403,0.0,1848.31,0.0,2025-12-24,7,12.0,5.0,10.0,1.0,1.0,28.0,1.0,0.23333333333333334,0.0,0.0,0.0,0.0,2761.15,34888.23,7.9142736676523855,456.42,4_B,5210.49,0.08759636809589885,-0.6107118589042873,0,1,0,1
1221,Singhal Traders,General Trade,10,4,6,Nashik,C,0.0,0.0,0.0,3330.39,1.0,-1.0,-1.0,3330.39,1.0,2025-11-27,34,5.0,4.0,5.0,1.0,1.0,29.0,1.0,0.23333333333333334,195.0,0.0,271.2717948717949,0.0,0.0,18829.72,0.0,0.0,10_C,1784.86,0.0,-0.822765303242021,1,1,0,1
1222,Bassi Traders,Convenience,3,18,2,Hyderabad,C,3812.53,1.0,3812.53,0.0,0.0,,,-3812.53,-1.0,2025-12-02,29,12.0,5.0,7.0,4.0,2.0,23.25,0.5,0.9333333333333333,0.0,0.0,0.0,0.0,3812.53,19053.52,20.00958353102209,953.1325,3_C,1975.87,1.9295449599416967,,0,0,0,1
1223,Ram Supermarket,General Trade,5,22,17,Delhi,B,4225.63,1.0,4225.63,8126.639999999999,3.0,-0.4800274160046464,-0.6666666666666666,3901.0099999999993,2.0,2025-12-06,25,36.0,5.0,13.0,1.0,0.0,10.0,0.0,0.23333333333333334,0.0,0.0,0.0,0.0,4225.63,38602.25,10.94658990084775,4225.63,5_B,6391.82,0.6610996554971824,-0.12731080843507547,0,1,0,1
1224,Prakash General Store,Supermarket,8,36,76,Ranchi,B,8062.459999999999,2.0,4031.2299999999996,5640.47,1.0,0.4293950681414844,1.0,-2421.989999999999,-1.0,2025-12-08,23,21.0,5.0,11.0,2.0,1.0,29.5,0.5,0.4666666666666667,0.0,0.0,0.0,0.0,8062.459999999999,34396.74,23.439605032337365,4031.2299999999996,8_B,5652.47,1.4263605114224398,0.6100033851313861,0,0,0,1
1225,Kulkarni Mart,Modern Trade,4,7,81,Kolkata,C,1612.05,1.0,1612.05,1705.16,2.0,-0.05460484646602086,-0.5,93.11000000000013,1.0,2025-12-18,13,7.0,5.0,7.0,0.0,0.0,0.0,0.0,0.0,0.0,0.0,0.0,0.0,1612.05,20913.25,7.708271072167166,0.0,4_C,1263.49,1.2758708023015615,0.5938094099118191,0,0,0,1
1226,Babu Supermarket,Convenience,6,25,65,Nashik,C,0.0,0.0,0.0,0.0,0.0,,,0.0,0.0,2025-09-30,92,0.0,0.0,0.0,2.0,2.0,24.0,1.0,0.4666666666666667,0.0,0.0,0.0,0.0,0.0,18050.25,0.0,0.0,6_C,1535.8200000000002,0.0,,1,0,0,1
1227,Parikh Traders,General Trade,7,20,44,Hyderabad,B,3466.86,2.0,1733.43,5334.68,2.0,-0.3501278427197133,0.0,1867.8200000000002,0.0,2025-12-23,8,14.0,5.0,10.0,3.0,2.0,14.333333333333334,0.6666666666666666,0.7000000000000001,0.0,0.0,0.0,0.0,3466.86,40848.85,8.487044310916954,1155.6200000000001,7_B,6107.09,0.5676778956917288,-0.1301998199467973,0,1,0,1
1228,Bir Supermarket,General Trade,5,16,31,Jaipur,C,5802.84,2.0,2901.42,0.0,0.0,,,-5802.84,-2.0,2025-12-14,17,10.0,4.0,7.0,1.0,1.0,20.0,1.0,0.23333333333333334,0.0,0.0,0.0,0.0,5802.84,16295.32,35.610469754506205,5802.84,5_C,1965.2,2.9527986973336047,,0,0,0,1
1229,Pai Retail,Convenience,7,20,13,Bengaluru,A,12621.130000000001,4.0,3155.2825000000003,33184.95,7.0,-0.6196730746919913,-0.42857142857142855,20563.819999999996,3.0,2025-12-22,9,36.0,5.0,15.0,2.0,2.0,32.0,1.0,0.4666666666666667,0.0,0.0,0.0,0.0,12621.130000000001,63806.32,19.78037598783318,6310.5650000000005,7_A,22880.32,0.5516150997888142,-0.6156867589103489,0,1,0,1
1230,Khosla Mart,Supermarket,12,10,64,Kolkata,B,8764.55,2.0,4382.275,4798.66,2.0,0.8264578028032825,0.0,-3965.8899999999994,0.0,2025-12-27,4,19.0,5.0,9.0,1.0,0.0,35.0,0.0,0.23333333333333334,0.0,0.0,0.0,0.0,8764.55,39270.69,22.318298965462535,8764.55,12_B,6060.66,1.4461378793728734,0.9275781811010559,0,0,0,1
1231,Chawla Traders,Supermarket,12,10,46,Kolkata,A,10041.550000000001,2.0,5020.775000000001,10126.289999999999,2.0,-0.008368316530535663,0.0,84.73999999999796,0.0,2025-12-24,7,19.0,5.0,12.0,4.0,2.0,20.5,0.5,0.9333333333333333,0.0,0.0,0.0,0.0,10041.550000000001,56593.45,17.743307750278525,2510.3875000000003,12_A,24540.835,0.4091771938485386,-0.1380898381304732,0,0,0,1
1232,Natarajan Supermarket,Pharmacy,7,20,84,Chennai,C,1610.4699999999998,2.0,805.2349999999999,0.0,0.0,,,-1610.4699999999998,-2.0,2025-12-20,11,12.0,4.0,7.0,3.0,3.0,21.666666666666668,1.0,0.7000000000000001,0.0,0.0,0.0,0.0,1610.4699999999998,16450.49,9.789799574359181,536.8233333333333,7_C,1610.4699999999998,1.0,,0,0,0,1
1233,Deol Mart,Pharmacy,12,19,53,Guwahati,C,4612.91,2.0,2306.455,0.0,0.0,,,-4612.91,-2.0,2025-12-30,1,6.0,3.0,6.0,0.0,0.0,0.0,0.0,0.0,0.0,0.0,0.0,0.0,4612.91,21630.61,21.32584333035453,0.0,12_C,1525.54,3.023788297914181,,0,0,0,1
1234,Basu Supermarket,Pharmacy,4,13,48,Kolkata,C,3343.16,2.0,1671.58,4438.93,1.0,-0.24685453476400854,1.0,1095.7700000000004,-1.0,2025-12-26,5,21.0,5.0,12.0,0.0,0.0,0.0,0.0,0.0,0.0,0.0,0.0,0.0,3343.16,21683.31,15.418125738182962,0.0,4_C,1263.49,2.6459726630206806,0.40155972161383136,0,1,0,1
1235,Pandey General Store,Modern Trade,10,4,6,Nashik,C,10974.93,4.0,2743.7325,1394.48,1.0,6.870267052951639,3.0,-9580.45,-3.0,2025-12-20,11,21.0,5.0,13.0,0.0,0.0,0.0,0.0,0.0,195.0,0.0,297.8051282051282,0.0,10974.93,17623.34,62.27497171364792,0.0,10_C,1784.86,6.148902434924868,7.0475017497096175,0,0,0,1
1236,Nigam Supermarket,Pharmacy,6,31,14,Ahmedabad,B,4796.77,1.0,4796.77,3447.75,1.0,0.39127546950910025,0.0,-1349.0200000000004,0.0,2025-12-25,6,10.0,4.0,7.0,5.0,2.0,21.8,0.4,1.1666666666666667,0.0,0.0,0.0,0.0,4796.77,34581.01,13.871110184462513,959.354,6_B,5118.745000000001,0.9370988396569861,0.660564530230711,0,0,0,1
1237,Gill Traders,Convenience,6,25,86,Mumbai,B,0.0,0.0,0.0,3704.25,3.0,-1.0,-1.0,3704.25,3.0,2025-11-09,52,14.0,5.0,10.0,1.0,1.0,40.0,1.0,0.23333333333333334,0.0,0.0,0.0,0.0,0.0,36564.19,0.0,0.0,6_B,5118.745000000001,0.0,-0.7307109392783893,1,1,0,1
1238,Shetty Traders,Pharmacy,7,28,24,Bengaluru,C,304.58,1.0,304.58,734.41,1.0,-0.5852725316921066,0.0,429.83,0.0,2025-12-15,16,5.0,3.0,5.0,1.0,0.0,34.0,0.0,0.23333333333333334,0.0,0.0,0.0,0.0,304.58,21645.8,1.407109000360347,304.58,7_C,1610.4699999999998,0.1891249138450266,-0.13755814642864395,0,1,0,1
1239,Srinivas Traders,General Trade,7,20,44,Coimbatore,B,7707.700000000001,4.0,1926.9250000000002,9770.44,3.0,-0.21112048177973558,0.3333333333333333,2062.74,-1.0,2025-12-22,9,22.0,5.0,12.0,1.0,0.0,22.0,0.0,0.23333333333333334,0.0,0.0,0.0,0.0,7707.700000000001,36649.37,21.03092085893973,7707.700000000001,7_B,6107.09,1.262090455519732,0.00880754099318043,0,1,0,1
1240,Gopal Retail,Convenience,12,35,61,Bhubaneswar,C,0.0,0.0,0.0,2349.93,1.0,-1.0,-1.0,2349.93,1.0,2025-12-01,30,7.0,4.0,6.0,0.0,0.0,0.0,0.0,0.0,0.0,0.0,0.0,0.0,2349.93,21737.24,10.810618091349223,0.0,12_C,1525.54,0.0,-0.41156482455115484,0,1,0,1
1241,Deshmukh Traders,Modern Trade,4,2,8,Patna,C,3650.32,1.0,3650.32,0.0,0.0,,,-3650.32,-1.0,2025-12-11,20,9.0,3.0,7.0,3.0,0.0,22.0,0.0,0.7000000000000001,195.0,0.0,290.36410256410255,0.0,3650.32,18390.17,19.849299924905537,1216.7733333333333,4_C,1263.49,2.8890770801510106,,0,0,0,1
1242,Bhatnagar Mart,General Trade,8,36,55,Patna,B,15624.41,3.0,5208.136666666666,2280.19,2.0,5.852240383476815,0.5,-13344.22,-1.0,2025-12-31,0,28.0,5.0,13.0,0.0,0.0,0.0,0.0,0.0,0.0,0.0,0.0,0.0,15624.41,34549.24,45.223599708705606,0.0,8_B,5652.47,2.764173892121497,6.032848700466716,0,0,0,1
1243,Shankar Supermarket,Modern Trade,4,1,39,Ranchi,C,3800.9399999999996,2.0,1900.4699999999998,4828.77,2.0,-0.21285544766058453,0.0,1027.8300000000008,0.0,2025-12-12,19,21.0,5.0,12.0,2.0,2.0,22.0,1.0,0.4666666666666667,0.0,0.0,0.0,0.0,3800.9399999999996,16408.92,23.163864532217843,1900.4699999999998,4_C,1263.49,3.0082865713222895,0.4355588087172554,0,1,0,1
1244,Bansal Retail,Modern Trade,4,13,12,Ranchi,B,18247.800000000003,4.0,4561.950000000001,7257.91,2.0,1.5141948577483053,1.0,-10989.890000000003,-2.0,2025-12-21,10,30.0,5.0,14.0,1.0,0.0,28.0,0.0,0.23333333333333334,0.0,0.0,0.0,0.0,18247.800000000003,35655.61,51.17792123034776,18247.800000000003,4_B,5210.49,3.5021274390700308,1.7054467863592584,0,0,0,1
1245,Memon Mart,Pharmacy,12,35,61,Guwahati,C,4105.85,2.0,2052.925,1051.84,1.0,2.9034929266808644,1.0,-3054.01,-1.0,2025-12-28,3,13.0,4.0,7.0,0.0,0.0,0.0,0.0,0.0,0.0,0.0,0.0,0.0,4105.85,17329.74,23.692507792961695,0.0,12_C,1525.54,2.6914076327071075,3.4919281021297097,0,0,0,1
1246,Jaggi Supermarket,Modern Trade,3,18,2,Coimbatore,C,6136.33,3.0,2045.4433333333334,1008.24,1.0,5.086179877806871,2.0,-5128.09,-2.0,2025-12-31,0,20.0,5.0,10.0,3.0,2.0,22.666666666666668,0.6666666666666666,0.7000000000000001,0.0,0.0,0.0,0.0,6136.33,18871.72,32.51600807981466,2045.4433333333334,3_C,1975.87,3.105634480001215,5.443361667895418,0,0,0,1
1247,Bassi Retail,General Trade,12,8,19,Patna,C,2057.52,1.0,2057.52,4612.31,3.0,-0.5539068275983184,-0.6666666666666666,2554.7900000000004,2.0,2025-12-16,15,14.0,5.0,9.0,0.0,0.0,0.0,0.0,0.0,0.0,0.0,0.0,0.0,2057.52,17426.77,11.806662967377202,0.0,12_C,1525.54,1.3487158645463246,0.03452834785052672,0,1,0,1
1248,Iyengar Traders,Supermarket,12,10,64,Patna,A,10399.0,4.0,2599.75,2886.71,2.0,2.602370865102487,1.0,-7512.29,-2.0,2025-12-21,10,27.0,5.0,11.0,1.0,0.0,35.0,0.0,0.23333333333333334,0.0,0.0,0.0,0.0,10399.0,57926.17,17.9521622092398,10399.0,12_A,24540.835,0.4237427129109503,2.4726493435025496,0,0,0,1
1249,Barman Supermarket,General Trade,5,22,17,Lucknow,C,1632.6100000000001,2.0,816.3050000000001,0.0,0.0,,,-1632.6100000000001,-2.0,2025-12-23,8,8.0,4.0,5.0,0.0,0.0,0.0,0.0,0.0,0.0,0.0,0.0,0.0,1632.6100000000001,21066.5,7.749792324306363,0.0,5_C,1965.2,0.8307602279666192,,0,0,0,1
1250,Mutti Supermarket,Pharmacy,4,13,54,Guwahati,C,0.0,0.0,0.0,2308.17,1.0,-1.0,-1.0,2308.17,1.0,2025-12-01,30,8.0,4.0,6.0,2.0,0.0,29.5,0.0,0.4666666666666667,0.0,0.0,0.0,0.0,2308.17,20740.99,11.128543044473767,0.0,4_C,1263.49,0.0,-0.3515857436221601,0,1,0,1
1251,Mukherjee Retail,Supermarket,12,8,87,Guwahati,C,0.0,0.0,0.0,165.07,1.0,-1.0,-1.0,165.07,1.0,2025-11-23,38,3.0,2.0,3.0,1.0,0.0,24.0,0.0,0.23333333333333334,0.0,0.0,0.0,0.0,0.0,17023.09,0.0,0.0,12_C,1525.54,0.0,-0.41156482455115484,1,1,0,1
1252,Varma Traders,Pharmacy,12,10,16,Ranchi,C,0.0,0.0,0.0,2105.67,1.0,-1.0,-1.0,2105.67,1.0,2025-11-20,41,12.0,5.0,9.0,0.0,0.0,0.0,0.0,0.0,0.0,0.0,0.0,0.0,0.0,20348.39,0.0,0.0,12_C,1525.54,0.0,-0.41156482455115484,1,1,0,1
1253,Rao Retail,General Trade,8,36,55,Guwahati,C,1266.97,1.0,1266.97,155.78,1.0,7.133072281422519,0.0,-1111.19,0.0,2025-12-27,4,4.0,3.0,4.0,1.0,0.0,17.0,0.0,0.23333333333333334,0.0,0.0,0.0,0.0,1266.97,17377.36,7.290923362351934,1266.97,8_C,1474.47,0.8592714670356127,7.690816950351742,0,0,0,1
1254,Solanki Supermarket,Pharmacy,1,17,23,Ludhiana,C,7642.26,2.0,3821.13,3621.61,2.0,1.1101830401396064,0.0,-4020.65,0.0,2025-12-06,25,20.0,5.0,10.0,1.0,0.0,19.0,0.0,0.23333333333333334,0.0,0.0,0.0,0.0,7642.26,20355.79,37.54342130666508,7642.26,1_C,1475.75,5.178560054209724,1.7367553627511703,0,0,0,1
1255,Kulkarni Supermarket,General Trade,3,23,88,Kochi,C,2387.84,1.0,2387.84,5345.8099999999995,2.0,-0.553324940467394,-0.5,2957.9699999999993,1.0,2025-12-09,22,12.0,5.0,9.0,2.0,1.0,33.5,0.5,0.4666666666666667,0.0,0.0,0.0,0.0,2387.84,19721.21,12.107979175719949,1193.92,3_C,1975.87,1.208500559247319,-0.1961431503788469,0,1,0,1
1256,Bansal Traders,General Trade,4,13,12,Kolkata,C,4195.09,2.0,2097.545,8292.47,4.0,-0.49410851049204874,-0.5,4097.379999999999,2.0,2025-12-21,10,25.0,5.0,13.0,3.0,1.0,26.333333333333332,0.3333333333333333,0.7000000000000001,0.0,0.0,0.0,0.0,4195.09,20111.14,20.859533571940727,1398.3633333333335,4_C,1263.49,3.3202399702411576,0.15430574588579116,0,1,0,1
1257,Halder General Store,Supermarket,7,20,13,Kochi,B,2118.28,1.0,2118.28,6340.07,1.0,-0.6658901242415304,0.0,4221.789999999999,0.0,2025-12-11,20,12.0,5.0,9.0,2.0,1.0,28.5,0.5,0.4666666666666667,0.0,0.0,0.0,0.0,2118.28,41044.79,5.1608986183142855,1059.14,7_B,6107.09,0.3468558675244675,-0.44596210146861437,0,1,0,1
1258,Mangal Traders,General Trade,5,22,71,Lucknow,A,27016.7,6.0,4502.783333333334,4154.52,1.0,5.50296544486487,5.0,-22862.18,-5.0,2025-12-31,0,29.0,5.0,13.0,3.0,2.0,22.666666666666668,0.6666666666666666,0.7000000000000001,0.0,0.0,0.0,0.0,27016.7,67570.1,39.98321742901076,9005.566666666668,5_A,23936.755,1.1286701142239204,5.5022064728785836,0,0,0,1
1259,Parikh Retail,Modern Trade,12,19,53,Ranchi,A,17773.08,3.0,5924.360000000001,25602.2,6.0,-0.30579872042246364,-0.5,7829.119999999999,3.0,2025-12-30,1,45.0,5.0,14.0,11.0,7.0,27.454545454545453,0.6363636363636364,2.566666666666667,0.0,0.0,0.0,0.0,17773.08,62119.23,28.611236810243785,1615.7345454545457,12_A,24540.835,0.7242247462239978,-0.4355202420224012,0,1,0,1
1260,Batta Traders,Modern Trade,8,14,34,Patna,C,896.07,1.0,896.07,2797.06,2.0,-0.6796386205515791,-0.5,1900.9899999999998,1.0,2025-12-28,3,24.0,5.0,12.0,2.0,0.0,29.5,0.0,0.4666666666666667,195.0,0.0,309.425641025641,0.0,896.07,16688.65,5.369337843384576,448.035,8_C,1474.47,0.6077234531730046,-0.12189395162235628,0,1,0,1
1261,Narula Retail,Convenience,3,18,2,Bengaluru,A,17895.59,3.0,5965.196666666667,23894.519999999997,4.0,-0.25105882018136366,-0.25,5998.929999999997,1.0,2025-12-24,7,27.0,5.0,11.0,2.0,1.0,25.0,0.5,0.4666666666666667,0.0,0.0,0.0,0.0,17895.59,74638.12,23.97647475579503,8947.795,3_A,19782.739999999998,0.9046062375585991,-0.30166666615382687,0,1,0,1
1262,Mahajan Mart,Convenience,4,2,22,Guwahati,C,5919.46,2.0,2959.73,0.0,0.0,,,-5919.46,-2.0,2025-12-21,10,17.0,4.0,9.0,2.0,1.0,17.5,0.5,0.4666666666666667,0.0,0.0,0.0,0.0,5919.46,17711.15,33.42222272410317,2959.73,4_C,1263.49,4.685007400137714,,0,0,0,1
1263,Dash Supermarket,Pharmacy,5,33,51,Delhi,C,2921.21,1.0,2921.21,0.0,0.0,,,-2921.21,-1.0,2025-12-10,21,20.0,5.0,13.0,1.0,1.0,11.0,1.0,0.23333333333333334,0.0,0.0,0.0,0.0,2921.21,16256.04,17.96999761319485,2921.21,5_C,1965.2,1.4864695705271729,,0,0,0,1
1264,Pillai Traders,Modern Trade,1,5,52,Chandigarh,B,5780.389999999999,2.0,2890.1949999999997,13940.18,3.0,-0.5853432308621553,-0.3333333333333333,8159.790000000001,1.0,2025-12-21,10,21.0,5.0,12.0,1.0,0.0,24.0,0.0,0.23333333333333334,0.0,0.0,0.0,0.0,5780.389999999999,37882.64,15.25867785349701,5780.389999999999,1_B,5467.655000000001,1.0571972811013128,-0.5832959926206563,0,1,0,1
1265,Sarkar Retail,Convenience,12,10,16,Guwahati,C,0.0,0.0,0.0,4661.26,2.0,-1.0,-1.0,4661.26,2.0,2025-11-28,33,14.0,5.0,8.0,1.0,0.0,29.0,0.0,0.23333333333333334,0.0,0.0,0.0,0.0,0.0,20243.12,0.0,0.0,12_C,1525.54,0.0,-0.41156482455115484,1,1,0,1
1266,Ratta Supermarket,Modern Trade,4,13,12,Kolkata,B,3017.3,3.0,1005.7666666666668,12368.86,4.0,-0.7560567424968834,-0.25,9351.560000000001,1.0,2025-12-17,14,20.0,4.0,8.0,3.0,2.0,18.0,0.6666666666666666,0.7000000000000001,195.0,0.0,213.31794871794872,0.0,3017.3,35841.52,8.418448771145867,1005.7666666666668,4_B,5210.49,0.5790818138025408,-0.5648048138859303,0,1,0,1
1267,Sarraf Mart,Pharmacy,6,31,74,Surat,A,17483.12,3.0,5827.706666666666,6624.83,1.0,1.6390292279198106,2.0,-10858.289999999999,-2.0,2025-12-19,12,20.0,5.0,11.0,1.0,1.0,42.0,1.0,0.23333333333333334,0.0,0.0,0.0,0.0,17483.12,61837.65,28.27261385256393,17483.12,6_A,21985.86,0.7951983684058753,1.5636297221494824,0,0,0,1
1268,Raju Supermarket,Modern Trade,5,16,31,Jaipur,B,2961.35,1.0,2961.35,9980.369999999999,2.0,-0.7032825436331518,-0.5,7019.019999999999,1.0,2025-12-03,28,29.0,5.0,14.0,2.0,2.0,22.5,1.0,0.4666666666666667,0.0,0.0,0.0,0.0,2961.35,41241.35,7.180536039678624,1480.675,5_B,6391.82,0.46330309677055986,-0.3505659360635809,0,1,0,1
1269,Nori Retail,General Trade,1,34,99,Chandigarh,C,0.0,0.0,0.0,0.0,0.0,,,0.0,0.0,2025-10-28,64,7.0,3.0,5.0,3.0,1.0,21.666666666666668,0.3333333333333333,0.7000000000000001,0.0,0.0,0.0,0.0,0.0,18533.51,0.0,0.0,1_C,1475.75,0.0,,1,0,0,1
1270,Grover Supermarket,General Trade,2,26,75,Mumbai,A,26550.81,5.0,5310.162,16217.890000000001,4.0,0.6371309707982974,0.25,-10332.92,-1.0,2025-12-21,10,24.0,5.0,13.0,1.0,1.0,17.0,1.0,0.23333333333333334,0.0,0.0,0.0,0.0,27605.33,58850.46,46.907585769083205,26550.81,2_A,21794.730000000003,1.2182215609002727,0.5023573084176325,0,0,0,1
1271,Taneja Retail,Modern Trade,4,13,12,Kolkata,B,21399.82,4.0,5349.955,5379.75,2.0,2.9778465542079093,1.0,-16020.07,-2.0,2025-12-30,1,29.0,5.0,14.0,2.0,0.0,23.5,0.0,0.4666666666666667,0.0,0.0,0.0,0.0,21399.82,38082.17,56.1938040820678,10699.91,4_B,5210.49,4.10706478661316,3.169098482818862,0,0,0,1
1272,Tank General Store,Modern Trade,12,19,53,Kolkata,B,16754.510000000002,4.0,4188.6275000000005,3102.8,1.0,4.399803403377595,3.0,-13651.710000000003,-3.0,2025-12-27,4,33.0,5.0,11.0,1.0,1.0,11.0,1.0,0.23333333333333334,0.0,0.0,0.0,0.0,16754.510000000002,40194.04,41.68406559778515,16754.510000000002,12_B,6060.66,2.764469546221039,4.500923781675368,0,0,0,1
1273,Pillai Mart,Supermarket,5,33,82,Lucknow,C,0.0,0.0,0.0,0.0,0.0,,,0.0,0.0,2025-10-17,75,8.0,4.0,6.0,1.0,0.0,8.0,0.0,0.23333333333333334,0.0,0.0,0.0,0.0,0.0,21526.5,0.0,0.0,5_C,1965.2,0.0,,1,0,0,1
1274,Venkataraman General Store,Supermarket,4,7,81,Guwahati,C,5106.8099999999995,2.0,2553.4049999999997,1707.33,1.0,1.9911089244610003,1.0,-3399.4799999999996,-1.0,2025-12-11,20,20.0,5.0,12.0,2.0,1.0,39.0,0.5,0.4666666666666667,0.0,0.0,0.0,0.0,5106.8099999999995,19943.26,25.606696197111205,2553.4049999999997,4_C,1263.49,4.041828585900957,2.6395231808388404,0,0,0,1
1275,Loke Supermarket,Supermarket,1,17,77,Ludhiana,A,36166.41,7.0,5166.63,8045.71,2.0,3.4951172736775256,2.5,-28120.700000000004,-5.0,2025-12-24,7,44.0,5.0,14.0,3.0,3.0,27.666666666666668,1.0,0.7000000000000001,0.0,0.0,0.0,0.0,36166.41,63103.93,57.31245264756094,12055.470000000001,1_A,22934.37,1.5769524081106219,3.406784799475064,0,0,0,1
1276,Butala Mart,Modern Trade,8,14,69,Kolkata,B,22823.940000000002,4.0,5705.985000000001,0.0,0.0,,,-22823.940000000002,-4.0,2025-12-19,12,29.0,5.0,14.0,1.0,1.0,16.0,1.0,0.23333333333333334,0.0,0.0,0.0,0.0,22823.940000000002,41331.29,55.221939600723815,22823.940000000002,8_B,5652.47,4.037870170031862,,0,0,0,1
1277,Samra General Store,Modern Trade,4,7,4,Patna,A,45187.68,6.0,7531.28,11412.1,4.0,2.9596288150296615,0.5,-33775.58,-2.0,2025-12-27,4,43.0,5.0,15.0,3.0,2.0,29.666666666666668,0.6666666666666666,0.7000000000000001,0.0,0.0,0.0,0.0,48503.81,67492.44,71.86554523736287,15062.56,4_A,22237.399999999998,2.032057704587767,2.890728572083676,0,0,0,1
1278,Brar Traders,Pharmacy,6,21,45,Nashik,C,3256.99,1.0,3256.99,1036.23,1.0,2.143114945523677,0.0,-2220.7599999999998,0.0,2025-12-10,21,13.0,5.0,12.0,2.0,1.0,24.5,0.5,0.4666666666666667,0.0,0.0,0.0,0.0,3256.99,19972.34,16.307503277032133,1628.495,6_C,1535.8200000000002,2.1206847156567825,2.6529982856720293,0,0,0,1
1279,Sani Retail,Pharmacy,10,32,33,Pune,A,24727.44,5.0,4945.487999999999,22693.01,3.0,0.08965007286384664,0.6666666666666666,-2034.4300000000003,-2.0,2025-12-21,10,47.0,5.0,15.0,0.0,0.0,0.0,0.0,0.0,0.0,0.0,0.0,0.0,24727.44,72256.0,34.221988485385296,0.0,10_A,24727.44,1.0,-0.06855022779774682,0,0,0,1
1280,Gole Traders,Pharmacy,2,29,40,Pune,C,1941.74,1.0,1941.74,3429.5699999999997,2.0,-0.43382406540761664,-0.5,1487.8299999999997,1.0,2025-12-19,12,11.0,5.0,9.0,1.0,0.0,8.0,0.0,0.23333333333333334,0.0,0.0,0.0,0.0,1941.74,19428.57,9.994250734871377,1941.74,2_C,1065.73,1.8219811772212473,0.0,0,1,0,1
1281,Memon Traders,Pharmacy,4,2,41,Guwahati,A,9644.27,3.0,3214.7566666666667,11652.81,3.0,-0.17236529214841734,0.0,2008.539999999999,0.0,2025-12-23,8,38.0,5.0,15.0,0.0,0.0,0.0,0.0,0.0,195.0,0.0,57.256410256410255,0.0,9644.27,62621.23,15.400959067715533,0.0,4_A,22237.399999999998,0.4336959356759334,-0.24126553509440254,0,1,0,1
1282,Nagi General Store,Convenience,2,29,9,Surat,A,38743.979999999996,6.0,6457.329999999999,23728.49,6.0,0.6328042787383433,0.0,-15015.489999999994,0.0,2025-12-23,8,50.0,5.0,14.0,3.0,2.0,26.0,0.6666666666666666,0.7000000000000001,0.0,0.0,0.0,0.0,38743.979999999996,71418.24,54.24941863591148,12914.659999999998,2_A,21794.730000000003,1.7776765300602482,0.49803061635767837,0,0,0,1
1283,Chauhan General Store,General Trade,3,18,83,Coimbatore,B,2045.62,1.0,2045.62,4977.570000000001,2.0,-0.5890323993434549,-0.5,2931.9500000000007,1.0,2025-12-30,1,14.0,5.0,8.0,2.0,2.0,16.5,1.0,0.4666666666666667,0.0,0.0,0.0,0.0,2045.62,42444.03,4.819570620414697,1022.81,3_B,5507.8,0.37140419042085765,-0.3496814700466798,0,1,0,1
1284,Buch Retail,Supermarket,12,10,46,Bhubaneswar,A,22747.43,3.0,7582.4766666666665,14569.08,4.0,0.5613497901034246,-0.25,-8178.35,1.0,2025-12-31,0,38.0,5.0,14.0,2.0,2.0,27.0,1.0,0.4666666666666667,0.0,0.0,0.0,0.0,22747.43,58029.98,39.1994448386851,11373.715,12_A,24540.835,0.9269215982259773,0.431628268503487,0,0,0,1
1285,Narang Mart,Pharmacy,4,2,41,Kolkata,C,2565.8900000000003,2.0,1282.9450000000002,4197.25,1.0,-0.38867353624396916,1.0,1631.3599999999997,-1.0,2025-12-11,20,19.0,5.0,11.0,2.0,0.0,26.0,0.0,0.4666666666666667,0.0,0.0,0.0,0.0,2565.8900000000003,19740.71,12.9979620793781,1282.9450000000002,4_C,1263.49,2.030795653309484,0.25974072013387073,0,1,0,1
1286,Merchant Supermarket,Modern Trade,6,21,72,Mumbai,B,8835.210000000001,3.0,2945.07,3465.98,1.0,1.5491231917091275,2.0,-5369.230000000001,-2.0,2025-12-26,5,19.0,5.0,12.0,0.0,0.0,0.0,0.0,0.0,0.0,0.0,0.0,0.0,8835.210000000001,32706.48,27.013637664462824,0.0,6_B,5118.745000000001,1.7260500376557144,1.8184122524307382,0,0,0,1
1287,Mohan General Store,Convenience,12,8,92,Guwahati,C,2859.3100000000004,2.0,1429.6550000000002,0.0,0.0,,,-2859.3100000000004,-2.0,2025-12-29,2,6.0,2.0,4.0,4.0,4.0,21.5,1.0,0.9333333333333333,0.0,0.0,0.0,0.0,2859.3100000000004,21204.67,13.484340949422938,714.8275000000001,12_C,1525.54,1.8742936927251992,,0,0,0,1
1288,Sehgal General Store,Pharmacy,4,2,41,Patna,A,12914.93,3.0,4304.9766666666665,13215.36,3.0,-0.022733395079664896,0.0,300.4300000000003,0.0,2025-12-31,0,22.0,5.0,12.0,0.0,0.0,0.0,0.0,0.0,0.0,0.0,0.0,0.0,12914.93,62175.49,20.77173818815099,0.0,4_A,22237.399999999998,0.5807751805516833,-0.09163363802565011,0,0,0,1
1289,Sandhu Supermarket,Supermarket,12,10,16,Kolkata,B,15655.55,4.0,3913.8875,4989.9,2.0,2.1374476442413677,1.0,-10665.65,-2.0,2025-12-21,10,26.0,5.0,15.0,1.0,0.0,23.0,0.0,0.23333333333333334,0.0,0.0,0.0,0.0,15655.55,43286.94,36.16691316133688,15655.55,12_B,6060.66,2.583142760029436,2.238568022539141,0,0,0,1
1290,Ganesan Supermarket,General Trade,2,29,37,Mumbai,C,0.0,0.0,0.0,0.0,0.0,,,0.0,0.0,2025-10-24,68,2.0,2.0,2.0,2.0,0.0,18.0,0.0,0.4666666666666667,0.0,0.0,0.0,0.0,0.0,18362.64,0.0,0.0,2_C,1065.73,0.0,,1,0,0,1
1291,Sawhney General Store,Supermarket,6,25,5,Nashik,C,0.0,0.0,0.0,691.87,1.0,-1.0,-1.0,691.87,1.0,2025-11-12,49,7.0,4.0,6.0,1.0,1.0,11.0,1.0,0.23333333333333334,0.0,0.0,0.0,0.0,0.0,20533.06,0.0,0.0,6_C,1535.8200000000002,0.0,-0.49011665985164743,1,1,0,1
1292,Panchal Retail,Pharmacy,4,13,54,Patna,B,0.0,0.0,0.0,7240.379999999999,3.0,-1.0,-1.0,7240.379999999999,3.0,2025-11-27,34,15.0,5.0,11.0,3.0,1.0,25.666666666666668,0.3333333333333333,0.7000000000000001,0.0,0.0,0.0,0.0,0.0,34544.48,0.0,0.0,4_B,5210.49,0.0,-0.8087480713890469,1,1,0,1
1293,Sekhon Traders,Pharmacy,7,28,79,Bengaluru,B,5070.34,2.0,2535.17,3733.38,2.0,0.3581098093416689,0.0,-1336.96,0.0,2025-12-29,2,25.0,5.0,13.0,3.0,2.0,28.666666666666668,0.6666666666666666,0.7000000000000001,0.0,0.0,0.0,0.0,5070.34,39358.54,12.882439236821286,1690.1133333333335,7_B,6107.09,0.830238296799294,0.5780378321145849,0,0,0,1
1294,Basak Mart,General Trade,4,13,48,Guwahati,A,12241.34,3.0,4080.4466666666667,11378.439999999999,2.0,0.07583640639665908,0.5,-862.9000000000015,-1.0,2025-12-28,3,17.0,5.0,13.0,1.0,1.0,41.0,1.0,0.23333333333333334,0.0,0.0,0.0,0.0,12241.34,65461.45,18.700074624072645,12241.34,4_A,22237.399999999998,0.5504843192099796,0.006936163450673868,0,0,0,1
1295,Pandit General Store,Modern Trade,3,18,89,Kochi,B,4435.280000000001,2.0,2217.6400000000003,2702.34,2.0,0.6412738589518715,0.0,-1732.9400000000005,0.0,2025-12-15,16,15.0,5.0,12.0,2.0,1.0,20.5,0.5,0.4666666666666667,0.0,0.0,0.0,0.0,4435.280000000001,32559.83,13.621938443781803,2217.6400000000003,3_B,5507.8,0.8052725226043067,0.8806247882486465,0,0,0,1
1296,Saran General Store,General Trade,4,7,1,Kolkata,B,2497.31,1.0,2497.31,0.0,0.0,,,-2497.31,-1.0,2025-12-30,1,19.0,5.0,10.0,0.0,0.0,0.0,0.0,0.0,0.0,0.0,0.0,0.0,2497.31,37097.12,6.731816378198631,0.0,4_B,5210.49,0.47928505764333107,,0,0,0,1
1297,Maharaj Traders,Supermarket,10,32,43,Nashik,C,0.0,0.0,0.0,3354.77,2.0,-1.0,-1.0,3354.77,2.0,2025-11-07,54,9.0,5.0,7.0,0.0,0.0,0.0,0.0,0.0,0.0,0.0,0.0,0.0,0.0,20030.39,0.0,0.0,10_C,1784.86,0.0,-0.822765303242021,1,1,0,1
1298,Bhandari Mart,Convenience,12,19,59,Kolkata,A,40112.28,6.0,6685.38,50877.56,6.0,-0.2115919081025112,0.0,10765.279999999999,0.0,2025-12-25,6,56.0,5.0,15.0,2.0,1.0,34.0,0.5,0.4666666666666667,0.0,0.0,0.0,0.0,40112.28,57549.94,69.69995103383252,20056.14,12_A,24540.835,1.6345116211408455,-0.3413134297024487,0,1,0,1
1299,Borde Supermarket,Convenience,5,33,82,Lucknow,C,0.0,0.0,0.0,296.88,1.0,-1.0,-1.0,296.88,1.0,2025-11-27,34,1.0,1.0,1.0,0.0,0.0,0.0,0.0,0.0,195.0,0.0,293.7897435897436,0.0,0.0,20464.75,0.0,0.0,5_C,1965.2,0.0,-0.5530930221458649,1,1,0,1
1300,Ravi Traders,Modern Trade,12,19,36,Patna,C,3277.4,1.0,3277.4,0.0,0.0,,,-3277.4,-1.0,2025-12-22,9,14.0,4.0,6.0,2.0,2.0,13.5,1.0,0.4666666666666667,0.0,0.0,0.0,0.0,3277.4,17325.56,18.916560272799263,1638.7,12_C,1525.54,2.1483540254598372,,0,0,0,1
1301,Patla Mart,Modern Trade,12,10,46,Guwahati,C,397.22,1.0,397.22,0.0,0.0,,,-397.22,-1.0,2025-12-16,15,7.0,5.0,6.0,6.0,5.0,28.833333333333332,0.8333333333333334,1.4000000000000001,0.0,0.0,0.0,0.0,397.22,21592.24,1.8396423900438306,66.20333333333333,12_C,1525.54,0.2603799310408118,,0,0,0,1
1302,Varghese Mart,Pharmacy,4,2,8,Bhubaneswar,A,27954.8,4.0,6988.7,11052.18,2.0,1.5293471514217103,1.0,-16902.62,-2.0,2025-12-29,2,27.0,5.0,14.0,3.0,2.0,13.333333333333334,0.6666666666666666,0.7000000000000001,0.0,0.0,0.0,0.0,27954.8,72785.79,38.406947290123526,9318.266666666666,4_A,22237.399999999998,1.257107395648772,1.460446908475725,0,0,0,1
1303,Dutta Supermarket,Convenience,7,20,44,Chennai,C,4177.38,2.0,2088.69,3633.46,2.0,0.14969753348048417,0.0,-543.9200000000001,0.0,2025-12-24,7,19.0,5.0,11.0,2.0,1.0,24.5,0.5,0.4666666666666667,0.0,0.0,0.0,0.0,4177.38,20886.43,20.00045005297698,2088.69,7_C,1610.4699999999998,2.593888740554,0.5974119187439468,0,0,0,1
1304,Balasubramanian Supermarket,General Trade,3,18,91,Kochi,C,4838.69,2.0,2419.345,0.0,0.0,,,-4838.69,-2.0,2025-12-16,15,8.0,3.0,6.0,4.0,4.0,22.25,1.0,0.9333333333333333,0.0,0.0,0.0,0.0,4838.69,16328.2,29.633946179003196,1209.6725,3_C,1975.87,2.4488908683263575,,0,0,0,1
1305,Dhar Supermarket,Modern Trade,12,8,50,Ranchi,C,9311.73,2.0,4655.865,0.0,0.0,,,-9311.73,-2.0,2025-12-24,7,10.0,5.0,9.0,2.0,1.0,25.0,0.5,0.4666666666666667,0.0,0.0,0.0,0.0,9311.73,18724.9,49.72913072967011,4655.865,12_C,1525.54,6.103891081190922,,0,0,0,1
1306,Sarma Supermarket,General Trade,8,36,55,Bhubaneswar,C,0.0,0.0,0.0,0.0,0.0,,,0.0,0.0,2025-10-14,78,6.0,4.0,6.0,2.0,1.0,24.0,0.5,0.4666666666666667,0.0,0.0,0.0,0.0,0.0,20551.0,0.0,0.0,8_C,1474.47,0.0,,1,0,0,1
1307,Banerjee Mart,Supermarket,5,16,31,Delhi,C,4734.2699999999995,2.0,2367.1349999999998,938.13,1.0,4.04649675418119,1.0,-3796.1399999999994,-1.0,2025-12-29,2,12.0,5.0,7.0,2.0,2.0,12.5,1.0,0.4666666666666667,0.0,0.0,0.0,0.0,4734.2699999999995,20242.31,23.38799277355203,2367.1349999999998,5_C,1965.2,2.4090525137390593,4.493403732035325,0,0,0,1
1308,Date Supermarket,General Trade,12,10,46,Patna,A,42836.18,6.0,7139.363333333334,0.0,0.0,,,-42836.18,-6.0,2025-12-27,4,41.0,5.0,15.0,0.0,0.0,0.0,0.0,0.0,195.0,1.0,70.0974358974359,0.005128205128205128,42836.18,61924.67,69.17466011526585,0.0,12_A,24540.835,1.7455062144380988,,0,0,0,1
1309,Bhavsar General Store,Pharmacy,6,25,65,Surat,B,1079.21,1.0,1079.21,7308.48,3.0,-0.8523345483602609,-0.6666666666666666,6229.2699999999995,2.0,2025-12-28,3,8.0,4.0,5.0,1.0,0.0,35.0,0.0,0.23333333333333334,0.0,0.0,0.0,0.0,1079.21,35927.23,3.003877560279487,1079.21,6_B,5118.745000000001,0.21083488237839546,-0.5830454876386502,0,1,0,1
1310,Keer Mart,Pharmacy,1,17,49,Lucknow,A,30286.32,6.0,5047.72,31091.04,5.0,-0.025882698037762684,0.2,804.7200000000012,-1.0,2025-12-17,14,54.0,5.0,15.0,6.0,5.0,28.333333333333332,0.8333333333333334,1.4000000000000001,0.0,0.0,0.0,0.0,30286.32,69863.67,43.35059981818877,5047.72,1_A,22934.37,1.3205647244724839,-0.11421517224022415,0,0,0,1
1311,Peri General Store,Modern Trade,12,10,64,Guwahati,B,0.0,0.0,0.0,5683.389999999999,2.0,-1.0,-1.0,5683.389999999999,2.0,2025-11-19,42,11.0,4.0,8.0,0.0,0.0,0.0,0.0,0.0,0.0,0.0,0.0,0.0,0.0,32859.73,0.0,0.0,12_B,6060.66,0.0,-0.8988796217022266,1,1,0,1
1312,Pathak General Store,Convenience,6,25,5,Nashik,B,1527.3,2.0,763.65,23603.68,5.0,-0.9352939880560998,-0.6,22076.38,3.0,2025-12-19,12,25.0,5.0,13.0,0.0,0.0,0.0,0.0,0.0,0.0,0.0,0.0,0.0,1527.3,32783.43,4.65875596299716,0.0,6_B,5118.745000000001,0.2983739178255607,-0.666004927334489,0,1,0,1
1313,Rajagopal General Store,Modern Trade,5,33,90,Lucknow,B,14730.39,3.0,4910.13,1909.87,3.0,6.71277102630022,0.0,-12820.52,0.0,2025-12-18,13,26.0,5.0,12.0,5.0,4.0,28.0,0.8,1.1666666666666667,0.0,0.0,0.0,0.0,14730.39,39113.08,37.66103308662984,2946.078,5_B,6391.82,2.3045689647080176,7.0654876338697905,0,0,0,1
1314,Bali Mart,Supermarket,12,10,64,Bhubaneswar,A,27591.77,3.0,9197.256666666666,22822.58,6.0,0.20896804831005075,-0.5,-4769.189999999999,3.0,2025-12-23,8,35.0,5.0,14.0,3.0,1.0,17.0,0.3333333333333333,0.7000000000000001,0.0,0.0,0.0,0.0,27591.77,57977.56,47.59042981456964,9197.256666666666,12_A,24540.835,1.1243207494773508,0.0792465267101132,0,0,0,1
1315,Dube Supermarket,Convenience,10,15,94,Mumbai,A,4673.36,1.0,4673.36,9777.1,3.0,-0.5220095938468462,-0.6666666666666666,5103.740000000001,2.0,2025-12-31,0,27.0,5.0,11.0,1.0,1.0,11.0,1.0,0.23333333333333334,0.0,0.0,0.0,0.0,4673.36,61588.22,7.58807447268325,4673.36,10_A,24727.44,0.18899489797569016,-0.6802098945084396,0,1,0,1
1316,Sengupta General Store,Modern Trade,5,16,31,Jaipur,B,8829.0,3.0,2943.0,19601.27,4.0,-0.5495700023518885,-0.25,10772.27,1.0,2025-12-20,11,35.0,5.0,14.0,2.0,1.0,14.5,0.5,0.4666666666666667,0.0,0.0,0.0,0.0,8829.0,41680.23,21.182704605996655,4414.5,5_B,6391.82,1.381296719870084,-0.19685339478231756,0,1,0,1
1317,Prabhakar General Store,Modern Trade,3,18,2,Kochi,B,20237.04,6.0,3372.84,9346.92,2.0,1.1651025150530872,2.0,-10890.12,-4.0,2025-12-31,0,27.0,5.0,12.0,1.0,1.0,23.0,1.0,0.23333333333333334,0.0,0.0,0.0,0.0,20237.04,42853.63,47.22363076360159,20237.04,3_B,5507.8,3.67425106213007,1.4044534443498622,0,0,0,1
1318,Prabhu Traders,Convenience,12,8,87,Kolkata,C,0.0,0.0,0.0,0.0,0.0,,,0.0,0.0,2025-10-30,62,8.0,5.0,7.0,0.0,0.0,0.0,0.0,0.0,0.0,0.0,0.0,0.0,0.0,16283.9,0.0,0.0,12_C,1525.54,0.0,,1,0,0,1
1319,Sawhney Supermarket,Supermarket,12,8,15,Kolkata,C,6820.8,3.0,2273.6,0.0,0.0,,,-6820.8,-3.0,2025-12-23,8,11.0,5.0,9.0,0.0,0.0,0.0,0.0,0.0,0.0,0.0,0.0,0.0,6820.8,20082.89,33.96323935449529,0.0,12_C,1525.54,4.471072538248752,,0,0,0,1
1320,Bose General Store,Supermarket,8,14,97,Bhubaneswar,C,3721.1499999999996,2.0,1860.5749999999998,3219.34,3.0,0.1558735641466883,-0.3333333333333333,-501.8099999999995,1.0,2025-12-26,5,20.0,4.0,9.0,3.0,2.0,26.666666666666668,0.6666666666666666,0.7000000000000001,0.0,0.0,0.0,0.0,3721.1499999999996,19995.24,18.61017922265499,1240.3833333333332,8_C,1474.47,2.52372038766472,0.7136182330759111,0,0,0,1
1321,Devan Retail,Pharmacy,9,3,95,Chandigarh,C,1588.97,1.0,1588.97,3914.3399999999997,2.0,-0.5940643888880374,-0.5,2325.37,1.0,2025-12-13,18,14.0,5.0,10.0,2.0,2.0,21.5,1.0,0.4666666666666667,195.0,0.0,294.9384615384615,0.0,1588.97,19850.38,8.004733410645034,794.485,9_C,1106.01,1.4366687462138679,-0.09916798700516227,0,1,0,1
1322,Wagle Supermarket,Pharmacy,4,1,39,Patna,C,0.0,0.0,0.0,2220.23,2.0,-1.0,-1.0,2220.23,2.0,2025-11-25,36,11.0,4.0,7.0,0.0,0.0,0.0,0.0,0.0,0.0,0.0,0.0,0.0,0.0,17119.44,0.0,0.0,4_C,1263.49,0.0,-0.3515857436221601,1,1,0,1
1323,Peri Mart,Modern Trade,1,17,3,Jaipur,C,0.0,0.0,0.0,291.38,1.0,-1.0,-1.0,291.38,1.0,2025-11-06,55,4.0,3.0,3.0,0.0,0.0,0.0,0.0,0.0,0.0,0.0,0.0,0.0,0.0,21525.72,0.0,0.0,1_C,1475.75,0.0,-0.3734276773884362,1,1,0,1
1324,Rao General Store,Modern Trade,9,3,95,Lucknow,B,1323.95,1.0,1323.95,0.0,0.0,,,-1323.95,-1.0,2025-12-10,21,27.0,5.0,14.0,0.0,0.0,0.0,0.0,0.0,0.0,0.0,0.0,0.0,1323.95,33839.04,3.9124927893935526,0.0,9_B,5894.43,0.22461035248531241,,0,0,0,1
1325,Murthy Traders,Convenience,12,19,36,Guwahati,C,989.58,1.0,989.58,0.0,0.0,,,-989.58,-1.0,2025-12-03,28,9.0,4.0,8.0,0.0,0.0,0.0,0.0,0.0,0.0,0.0,0.0,0.0,989.58,21065.32,4.697673712053745,0.0,12_C,1525.54,0.648675223199654,,0,0,0,1
1326,Mallick Retail,Supermarket,10,32,43,Surat,C,6657.27,2.0,3328.635,309.0,1.0,20.54456310679612,1.0,-6348.27,-1.0,2025-12-27,4,8.0,5.0,7.0,3.0,1.0,23.333333333333332,0.3333333333333333,0.7000000000000001,0.0,0.0,0.0,0.0,6657.27,18629.02,35.736018319804266,2219.09,10_C,1784.86,3.7298555629012924,20.721797803554097,0,0,0,1
1327,Krish Traders,Convenience,7,28,79,Bengaluru,B,6182.6,1.0,6182.6,413.88,1.0,13.938146322605586,0.0,-5768.72,0.0,2025-12-18,13,11.0,4.0,7.0,1.0,1.0,33.0,1.0,0.23333333333333334,0.0,0.0,0.0,0.0,6182.6,36602.43,16.89122825998165,6182.6,7_B,6107.09,1.0123643175391226,14.158074345378502,0,0,0,1
1328,Comar Mart,Pharmacy,12,8,15,Kolkata,B,14752.119999999999,4.0,3688.0299999999997,12129.5,4.0,0.21621831073003825,0.0,-2622.619999999999,0.0,2025-12-24,7,33.0,5.0,14.0,0.0,0.0,0.0,0.0,0.0,195.0,0.0,203.85128205128206,0.0,17338.59,43669.85,39.703800219144334,0.0,12_B,6060.66,2.434078136704583,0.3173386890278117,0,0,0,1
1329,Bal Retail,Pharmacy,6,21,80,Nashik,C,8865.25,4.0,2216.3125,2106.26,1.0,3.2090007881268217,3.0,-6758.99,-3.0,2025-12-28,3,21.0,5.0,8.0,2.0,1.0,22.5,0.5,0.4666666666666667,0.0,0.0,0.0,0.0,8865.25,20870.01,42.47841759539167,4432.625,6_C,1535.8200000000002,5.772323579586149,3.718884128275174,0,0,0,1
1330,Grewal Supermarket,General Trade,12,19,59,Kolkata,B,7073.099999999999,3.0,2357.7,18294.31,5.0,-0.6133715893083698,-0.4,11221.210000000003,2.0,2025-12-31,0,31.0,5.0,14.0,2.0,1.0,26.5,0.5,0.4666666666666667,0.0,0.0,0.0,0.0,7073.099999999999,33255.32,21.269078150503436,3536.5499999999997,12_B,6060.66,1.167051113245092,-0.5122512110105963,0,1,0,1
1331,Tata Mart,Supermarket,12,10,46,Kolkata,A,37034.2,5.0,7406.839999999999,33052.07,6.0,0.1204805024314664,-0.16666666666666666,-3982.1299999999974,1.0,2025-12-20,11,30.0,5.0,13.0,1.0,0.0,35.0,0.0,0.23333333333333334,0.0,0.0,0.0,0.0,37034.2,72779.06,50.885790500729186,37034.2,12_A,24540.835,1.5090847560810379,-0.009241019168471157,0,0,0,1
1332,Vasa General Store,Supermarket,6,25,86,Nashik,A,33354.229999999996,6.0,5559.038333333333,11872.25,3.0,1.809427867506159,1.0,-21481.979999999996,-3.0,2025-12-31,0,39.0,5.0,14.0,1.0,1.0,25.0,1.0,0.23333333333333334,0.0,0.0,0.0,0.0,33354.229999999996,58670.97,56.84963108671971,33354.229999999996,6_A,21985.86,1.5170764300327573,1.7340283617358307,0,0,0,1
1333,Ram General Store,Pharmacy,2,26,75,Mumbai,B,1773.8899999999999,2.0,886.9449999999999,9990.66,3.0,-0.8224451637829734,-0.3333333333333333,8216.77,1.0,2025-12-29,2,18.0,5.0,11.0,1.0,0.0,24.0,0.0,0.23333333333333334,0.0,0.0,0.0,0.0,1773.8899999999999,35577.15,4.98603738635613,1773.8899999999999,2_B,7635.110000000001,0.2323332604245387,-0.9982128094635774,0,1,0,1
1334,Dalal General Store,Supermarket,5,33,82,Lucknow,B,0.0,0.0,0.0,0.0,0.0,,,0.0,0.0,2025-10-31,61,3.0,3.0,3.0,1.0,1.0,19.0,1.0,0.23333333333333334,0.0,0.0,0.0,0.0,0.0,42511.14,0.0,0.0,5_B,6391.82,0.0,,1,0,0,1
1335,Lala Retail,Convenience,9,11,73,Lucknow,C,781.58,1.0,781.58,1051.48,2.0,-0.2566858142808232,-0.5,269.9,1.0,2025-12-22,9,5.0,3.0,5.0,2.0,2.0,36.0,1.0,0.4666666666666667,0.0,0.0,0.0,0.0,1165.17,16277.36,7.158224675254464,390.79,9_C,1106.01,0.7066663050062839,0.23821058760205188,0,1,0,1
1336,Lad Retail,Supermarket,12,8,18,Ranchi,C,1827.36,2.0,913.68,5594.85,2.0,-0.6733853454516208,0.0,3767.4900000000007,0.0,2025-12-23,8,20.0,5.0,12.0,0.0,0.0,0.0,0.0,0.0,0.0,0.0,0.0,0.0,1827.36,21058.62,8.677491687489495,0.0,12_C,1525.54,1.1978446976152706,-0.0849501700027756,0,1,0,1
1337,Sehgal Traders,General Trade,4,2,60,Guwahati,A,22539.67,3.0,7513.223333333332,21776.989999999998,4.0,0.035022287285800306,-0.25,-762.6800000000003,1.0,2025-12-27,4,35.0,5.0,13.0,4.0,3.0,14.5,0.75,0.9333333333333333,0.0,0.0,0.0,0.0,22539.67,57348.49,39.30298775085447,5634.9175,4_A,22237.399999999998,1.0135928660724725,-0.0338779556601849,0,0,0,1
1338,Kala Traders,Pharmacy,6,25,65,Ahmedabad,B,7487.82,2.0,3743.91,30148.469999999998,5.0,-0.7516351576050128,-0.6,22660.649999999998,3.0,2025-12-21,10,42.0,5.0,15.0,1.0,0.0,10.0,0.0,0.23333333333333334,0.0,0.0,0.0,0.0,21434.28,37817.36,56.67841435785046,7487.82,6_B,5118.745000000001,1.4628234069093105,-0.482346096883402,0,1,0,1
1339,Mangal Traders,General Trade,6,21,72,Mumbai,C,3398.07,3.0,1132.69,0.0,0.0,,,-3398.07,-3.0,2025-12-30,1,15.0,5.0,9.0,3.0,2.0,27.666666666666668,0.6666666666666666,0.7000000000000001,0.0,0.0,0.0,0.0,3398.07,18112.28,18.76113885165203,1132.69,6_C,1535.8200000000002,2.2125444388014217,,0,0,0,1
1340,Swaminathan Mart,Convenience,4,1,32,Guwahati,B,6416.58,1.0,6416.58,4198.1,2.0,0.528448583883185,-0.5,-2218.4799999999996,1.0,2025-12-19,12,22.0,5.0,12.0,2.0,2.0,11.5,1.0,0.4666666666666667,0.0,0.0,0.0,0.0,6416.58,38225.91,16.785944402631618,3208.29,4_B,5210.49,1.2314734314814921,0.7197005124941381,0,0,0,1
1341,Iyengar General Store,Pharmacy,8,14,7,Ranchi,A,33904.79,5.0,6780.9580000000005,33616.79,6.0,0.008567147547401165,-0.16666666666666666,-288.0,1.0,2025-12-18,13,48.0,5.0,14.0,4.0,3.0,26.75,0.75,0.9333333333333333,0.0,0.0,0.0,0.0,33904.79,55621.15,60.95665048277499,8476.1975,8_A,21023.8,1.6126860986120493,0.027222729441640885,0,0,0,1
1342,Das General Store,Supermarket,8,14,7,Kolkata,A,31050.449999999997,5.0,6210.089999999999,13600.880000000001,3.0,1.2829736017081244,0.6666666666666666,-17449.569999999996,-2.0,2025-12-21,10,38.0,5.0,15.0,8.0,4.0,24.375,0.5,1.8666666666666667,0.0,0.0,0.0,0.0,31050.449999999997,69941.43,44.3949315877585,3881.3062499999996,8_A,21023.8,1.476919015591853,1.3016291836023641,0,0,0,1
1343,Deshmukh General Store,Convenience,4,13,62,Patna,C,0.0,0.0,0.0,1764.01,1.0,-1.0,-1.0,1764.01,1.0,2025-11-20,41,9.0,4.0,8.0,0.0,0.0,0.0,0.0,0.0,0.0,0.0,0.0,0.0,0.0,16908.2,0.0,0.0,4_C,1263.49,0.0,-0.3515857436221601,1,1,0,1
1344,Borah Supermarket,Pharmacy,5,33,90,Jaipur,B,10217.35,2.0,5108.675,5271.24,2.0,0.9383200157837626,0.0,-4946.110000000001,0.0,2025-12-25,6,17.0,5.0,11.0,0.0,0.0,0.0,0.0,0.0,0.0,0.0,0.0,0.0,10217.35,37280.21,27.406900336666563,0.0,5_B,6391.82,1.598504025457538,1.2910366233533335,0,0,0,1
1345,Seth General Store,Pharmacy,3,23,20,Hyderabad,C,0.0,0.0,0.0,13251.68,7.0,-1.0,-1.0,13251.68,7.0,2025-11-25,36,24.0,5.0,11.0,0.0,0.0,0.0,0.0,0.0,0.0,0.0,0.0,0.0,0.0,16526.84,0.0,0.0,3_C,1975.87,0.0,-0.6428182099114529,1,1,0,1
1346,Gera General Store,Convenience,4,7,1,Bhubaneswar,C,3686.77,1.0,3686.77,0.0,0.0,,,-3686.77,-1.0,2025-12-06,25,11.0,5.0,8.0,1.0,1.0,19.0,1.0,0.23333333333333334,0.0,0.0,0.0,0.0,3686.77,18457.68,19.974178770029603,3686.77,4_C,1263.49,2.9179257453561167,,0,0,0,1
1347,Saxena General Store,General Trade,4,7,4,Guwahati,B,9165.18,1.0,9165.18,13420.38,3.0,-0.3170700084498352,-0.6666666666666666,4255.199999999999,2.0,2025-12-07,24,30.0,5.0,12.0,0.0,0.0,0.0,0.0,0.0,195.0,0.0,191.25641025641025,0.0,9165.18,36034.07,25.434762157036385,0.0,4_B,5210.49,1.7589861989947204,-0.12581807983888213,0,1,0,1
1348,Chahal Supermarket,Pharmacy,5,16,31,Ludhiana,B,12408.710000000001,3.0,4136.236666666667,3133.87,1.0,2.959548417770999,2.0,-9274.84,-2.0,2025-12-22,9,30.0,5.0,15.0,2.0,2.0,24.0,1.0,0.4666666666666667,0.0,0.0,0.0,0.0,12408.710000000001,38072.62,32.592214562591174,6204.3550000000005,5_B,6391.82,1.9413422155192108,3.3122650253405697,0,0,0,1
1349,Nagarajan Mart,Modern Trade,12,8,19,Kolkata,A,39281.590000000004,6.0,6546.931666666667,20649.97,4.0,0.9022589379064474,0.5,-18631.620000000003,-2.0,2025-12-29,2,46.0,5.0,14.0,0.0,0.0,0.0,0.0,0.0,0.0,0.0,0.0,0.0,39281.590000000004,72297.86,54.3329913222881,0.0,12_A,24540.835,1.6006623246519527,0.7725374163065098,0,0,0,1
1350,Palan General Store,Convenience,12,35,61,Ranchi,B,1632.31,2.0,816.155,0.0,0.0,,,-1632.31,-2.0,2025-12-05,26,13.0,5.0,8.0,2.0,1.0,26.0,0.5,0.4666666666666667,0.0,0.0,0.0,0.0,1632.31,42833.14,3.810857667684414,816.155,12_B,6060.66,0.26932875297409853,,0,0,0,1
1351,Bhattacharyya Traders,Modern Trade,12,8,50,Kolkata,B,4829.77,1.0,4829.77,17932.53,3.0,-0.7306699054734608,-0.6666666666666666,13102.759999999998,2.0,2025-12-23,8,26.0,5.0,11.0,2.0,2.0,28.0,1.0,0.4666666666666667,0.0,0.0,0.0,0.0,4829.77,40378.41,11.961268410519384,2414.885,12_B,6060.66,0.796904957545878,-0.6295495271756874,0,1,0,1
1352,Mannan General Store,Convenience,12,8,50,Kolkata,C,3377.44,1.0,3377.44,1697.43,1.0,0.9897374265801829,0.0,-1680.01,0.0,2025-12-05,26,10.0,4.0,7.0,0.0,0.0,0.0,0.0,0.0,0.0,0.0,0.0,0.0,3377.44,18039.14,18.72284377193148,0.0,12_C,1525.54,2.2139308048297655,1.578172602029028,0,0,0,1
1353,Mital Traders,Supermarket,12,8,18,Ranchi,C,4350.66,2.0,2175.33,2484.43,1.0,0.7511702885571339,1.0,-1866.23,-1.0,2025-12-31,0,12.0,5.0,10.0,0.0,0.0,0.0,0.0,0.0,0.0,0.0,0.0,0.0,4350.66,20703.05,21.01458480755251,0.0,12_C,1525.54,2.8518819565530893,1.3396054640059791,0,0,0,1
1354,Dugar Supermarket,Pharmacy,6,25,65,Pune,B,3735.72,1.0,3735.72,0.0,0.0,,,-3735.72,-1.0,2025-12-12,19,5.0,3.0,5.0,2.0,2.0,30.5,1.0,0.4666666666666667,0.0,0.0,0.0,0.0,3735.72,41085.56,9.092537621490372,1867.86,6_B,5118.745000000001,0.7298117018917721,,0,0,0,1
1355,Ghosh Mart,Supermarket,12,10,46,Guwahati,B,7053.51,2.0,3526.755,11829.48,5.0,-0.4037345682143255,-0.6,4775.969999999999,3.0,2025-12-23,8,24.0,5.0,13.0,1.0,0.0,11.0,0.0,0.23333333333333334,0.0,0.0,0.0,0.0,7053.51,41386.28,17.04311187185705,7053.51,12_B,6060.66,1.1638187920127512,-0.3026141899165521,0,1,0,1
1356,Pathak Traders,Convenience,2,29,9,Surat,B,15804.17,4.0,3951.0425,3718.16,2.0,3.2505352109645633,1.0,-12086.01,-2.0,2025-12-22,9,25.0,5.0,11.0,3.0,3.0,30.0,1.0,0.7000000000000001,0.0,0.0,0.0,0.0,15804.17,39041.03,40.480924811666085,5268.056666666666,2_B,7635.110000000001,2.0699335045598555,3.0747675652839592,0,0,0,1
1357,Trivedi Retail,Convenience,10,15,100,Nashik,B,10640.82,3.0,3546.94,7349.4,3.0,0.44784880398399873,0.0,-3291.42,0.0,2025-12-15,16,19.0,5.0,11.0,0.0,0.0,0.0,0.0,0.0,0.0,0.0,0.0,0.0,10640.82,32433.82,32.80779137332574,0.0,10_B,6269.79,1.6971573210586,0.6227593839866482,0,0,0,1
1358,Kapur Mart,Modern Trade,1,5,52,Delhi,A,17867.79,6.0,2977.965,13009.6,6.0,0.37343115852908626,0.0,-4858.1900000000005,0.0,2025-12-18,13,34.0,5.0,13.0,4.0,4.0,24.75,1.0,0.9333333333333333,0.0,0.0,0.0,0.0,17867.79,63563.19,28.110278920865994,4466.9475,1_A,22934.37,0.7790835327065885,0.2850986843266248,0,0,0,1
1359,Dara Mart,General Trade,12,35,61,Patna,C,2758.1,2.0,1379.05,1235.47,1.0,1.232429763571758,1.0,-1522.6299999999999,-1.0,2025-12-18,13,17.0,5.0,12.0,2.0,2.0,25.0,1.0,0.4666666666666667,0.0,0.0,0.0,0.0,2758.1,21637.41,12.746904550960581,1379.05,12_C,1525.54,1.8079499718132594,1.8208649390206033,0,0,0,1
1360,Iyer General Store,Convenience,8,14,97,Ranchi,C,5273.33,3.0,1757.7766666666666,4612.4400000000005,3.0,0.1432842486839936,0.0,-660.8899999999994,0.0,2025-12-19,12,19.0,5.0,9.0,3.0,2.0,23.666666666666668,0.6666666666666666,0.7000000000000001,0.0,0.0,0.0,0.0,5273.33,16323.4,32.305340799098225,1757.7766666666666,8_C,1474.47,3.57642407102213,0.7010289176132164,0,0,0,1
1361,Dewan General Store,Modern Trade,7,28,57,Hyderabad,C,4876.71,1.0,4876.71,7898.65,3.0,-0.3825894298392763,-0.6666666666666666,3021.9399999999996,2.0,2025-12-02,29,18.0,5.0,10.0,0.0,0.0,0.0,0.0,0.0,195.0,0.0,295.55384615384617,0.0,4876.71,20445.64,23.852077998047506,0.0,7_C,1610.4699999999998,3.028128434556372,0.06512495542418634,0,1,0,1
1362,Khalsa Mart,Supermarket,12,8,18,Guwahati,C,6880.74,2.0,3440.37,3211.08,1.0,1.142811764266228,1.0,-3669.66,-1.0,2025-12-14,17,14.0,5.0,11.0,1.0,0.0,42.0,0.0,0.23333333333333334,0.0,0.0,0.0,0.0,10091.82,16419.44,61.46263209951132,6880.74,12_C,1525.54,4.510363543401025,1.7312469397150734,0,0,0,1
1363,Tak Supermarket,Modern Trade,4,7,26,Bhubaneswar,B,20646.54,7.0,2949.5057142857145,5755.65,1.0,2.58717781658023,6.0,-14890.890000000001,-6.0,2025-12-23,8,32.0,5.0,14.0,1.0,0.0,12.0,0.0,0.23333333333333334,0.0,0.0,0.0,0.0,20646.54,39623.66,52.106594898098756,20646.54,4_B,5210.49,3.962494890115901,2.778429745191183,0,0,0,1
1364,Bal Mart,General Trade,7,20,13,Chennai,A,21470.12,2.0,10735.06,10503.98,1.0,1.0439985605456217,1.0,-10966.14,-1.0,2025-12-23,8,27.0,5.0,11.0,1.0,1.0,21.0,1.0,0.23333333333333334,0.0,0.0,0.0,0.0,21470.12,67434.65,31.83840948236552,21470.12,7_A,22880.32,0.9383662466259213,1.0479848763272641,0,0,0,1
1365,Patel Supermarket,Pharmacy,6,21,10,Ahmedabad,A,0.0,0.0,0.0,32126.05,6.0,-1.0,-1.0,32126.05,6.0,2025-11-27,34,33.0,5.0,14.0,2.0,2.0,22.0,1.0,0.4666666666666667,0.0,0.0,0.0,0.0,0.0,60423.98,0.0,0.0,6_A,21985.86,0.0,-1.0753995057703283,1,1,0,1
1366,Pillay Supermarket,Modern Trade,6,25,65,Ahmedabad,B,825.79,1.0,825.79,21544.69,6.0,-0.9616708339734755,-0.8333333333333334,20718.899999999998,5.0,2025-12-03,28,34.0,5.0,12.0,5.0,3.0,22.8,0.6,1.1666666666666667,0.0,0.0,0.0,0.0,825.79,42311.03,1.951713300290728,165.158,6_B,5118.745000000001,0.16132665331052823,-0.6923817732518648,0,1,0,1
1367,Sibal Mart,Convenience,1,17,49,Delhi,C,2836.31,1.0,2836.31,7522.4400000000005,2.0,-0.6229534565912125,-0.5,4686.130000000001,1.0,2025-12-18,13,12.0,5.0,7.0,5.0,3.0,23.6,0.6,1.1666666666666667,0.0,0.0,0.0,0.0,2836.31,19933.65,14.228753891033502,567.262,1_C,1475.75,1.9219447738438082,0.00361886602035133,0,1,0,1
1368,Dayal General Store,Modern Trade,8,14,7,Guwahati,B,3513.99,1.0,3513.99,13801.73,2.0,-0.7453949613562938,-0.5,10287.74,1.0,2025-12-10,21,18.0,4.0,12.0,1.0,1.0,39.0,1.0,0.23333333333333334,0.0,0.0,0.0,0.0,3513.99,35431.96,9.917571593555648,3513.99,8_B,5652.47,0.6216733569572239,-0.5647866443663921,0,1,0,1
1369,Chadha Mart,Supermarket,12,8,50,Patna,A,32158.350000000002,4.0,8039.587500000001,37916.14,6.0,-0.15185591149310024,-0.3333333333333333,5757.789999999997,2.0,2025-12-31,0,46.0,5.0,14.0,1.0,1.0,15.0,1.0,0.23333333333333334,0.0,0.0,0.0,0.0,32158.350000000002,61037.48,52.686234752810904,32158.350000000002,12_A,24540.835,1.3104016224386825,-0.2815774330930378,0,1,0,1
1370,Bhatti Supermarket,General Trade,7,28,79,Coimbatore,B,7352.1,2.0,3676.05,6345.37,2.0,0.15865583882421364,0.0,-1006.7300000000005,0.0,2025-12-27,4,22.0,5.0,13.0,2.0,2.0,21.0,1.0,0.4666666666666667,0.0,0.0,0.0,0.0,7352.1,35512.61,20.70278698186363,3676.05,7_B,6107.09,1.203863050978453,0.37858386159712965,0,0,0,1
1371,More General Store,Supermarket,12,35,61,Patna,C,3049.1299999999997,3.0,1016.3766666666666,2081.38,1.0,0.46495594269186763,2.0,-967.7499999999995,-2.0,2025-12-29,2,15.0,5.0,11.0,1.0,1.0,31.0,1.0,0.23333333333333334,0.0,0.0,0.0,0.0,3049.1299999999997,19604.37,15.553317959210114,3049.1299999999997,12_C,1525.54,1.9987217640966475,1.0533911181407127,0,0,0,1
1372,Rao Retail,General Trade,12,8,18,Bhubaneswar,B,8329.189999999999,4.0,2082.2974999999997,4371.64,1.0,0.9052781107318988,3.0,-3957.5499999999984,-3.0,2025-12-27,4,16.0,5.0,10.0,5.0,3.0,27.0,0.6,1.1666666666666667,0.0,0.0,0.0,0.0,8329.189999999999,36694.93,22.698476329018746,1665.8379999999997,12_B,6060.66,1.3743041186933433,1.0063984890296722,0,0,0,1
1373,Srinivas General Store,Pharmacy,7,28,79,Bengaluru,B,2436.15,1.0,2436.15,6387.05,1.0,-0.6185797825287105,0.0,3950.9,0.0,2025-12-17,14,18.0,5.0,10.0,1.0,1.0,40.0,1.0,0.23333333333333334,0.0,0.0,0.0,0.0,2436.15,39180.67,6.217734408319204,2436.15,7_B,6107.09,0.3989052068988667,-0.3986517597557945,0,1,0,1
1374,Vora Retail,General Trade,5,22,71,Lucknow,C,1590.12,1.0,1590.12,0.0,0.0,,,-1590.12,-1.0,2025-12-23,8,13.0,4.0,8.0,3.0,1.0,25.666666666666668,0.3333333333333333,0.7000000000000001,0.0,0.0,0.0,0.0,1590.12,17824.85,8.920804382645576,530.04,5_C,1965.2,0.809139018929371,,0,0,0,1
1375,Roy Retail,Modern Trade,7,20,84,Hyderabad,B,2324.32,1.0,2324.32,8089.14,3.0,-0.7126616673713151,-0.6666666666666666,5764.82,2.0,2025-12-05,26,17.0,5.0,11.0,4.0,2.0,27.0,0.5,0.9333333333333333,0.0,0.0,0.0,0.0,2324.32,36393.7,6.38659987855041,581.08,7_B,6107.09,0.3805937033840995,-0.4927336445983991,0,1,0,1
1376,Rout General Store,Convenience,8,14,69,Guwahati,C,1116.17,1.0,1116.17,7344.45,4.0,-0.8480253797084873,-0.75,6228.28,3.0,2025-12-17,14,24.0,5.0,13.0,1.0,0.0,38.0,0.0,0.23333333333333334,0.0,0.0,0.0,0.0,1116.17,17347.35,6.434239235387539,1116.17,8_C,1474.47,0.7569974295848678,-0.29028071077926454,0,1,0,1
1377,Borah Traders,Convenience,5,33,90,Jaipur,B,1799.9,1.0,1799.9,6999.13,3.0,-0.7428394671909222,-0.6666666666666666,5199.23,2.0,2025-12-06,25,18.0,5.0,10.0,2.0,1.0,35.5,0.5,0.4666666666666667,0.0,0.0,0.0,0.0,1799.9,39842.03,4.517591096638399,899.95,5_B,6391.82,0.2815942876989653,-0.3901228596213513,0,1,0,1
1378,Dass Traders,General Trade,4,13,48,Patna,A,4275.31,1.0,4275.31,14741.18,6.0,-0.7099750494872187,-0.8333333333333334,10465.869999999999,5.0,2025-12-10,21,21.0,5.0,12.0,3.0,3.0,22.333333333333332,1.0,0.7000000000000001,0.0,0.0,0.0,0.0,4275.31,68328.16,6.257024922081906,1425.1033333333335,4_A,22237.399999999998,0.19225763803322335,-0.7788752924332039,0,1,0,1
1379,Nadig Supermarket,Convenience,12,10,30,Ranchi,C,9206.78,3.0,3068.9266666666667,4495.65,2.0,1.0479307775293898,0.5,-4711.130000000001,-1.0,2025-12-25,6,25.0,5.0,11.0,0.0,0.0,0.0,0.0,0.0,0.0,0.0,0.0,0.0,9206.78,21345.39,43.132404701905195,0.0,12_C,1525.54,6.035095769366913,1.636365952978235,0,0,0,1
1380,Borah Traders,Modern Trade,4,2,8,Kolkata,A,34201.619999999995,7.0,4885.945714285714,22037.9,6.0,0.5519455120496959,0.16666666666666666,-12163.719999999994,-1.0,2025-12-21,10,35.0,5.0,14.0,2.0,2.0,29.0,1.0,0.4666666666666667,0.0,0.0,0.0,0.0,34201.619999999995,69407.51,49.27654082389643,17100.809999999998,4_A,22237.399999999998,1.5380224306798456,0.4830452691037107,0,0,0,1
1381,Sengupta Mart,Convenience,7,20,84,Chennai,C,9018.86,3.0,3006.286666666667,4544.9,1.0,0.9843912957380804,2.0,-4473.960000000001,-2.0,2025-12-20,11,29.0,5.0,14.0,3.0,2.0,22.666666666666668,0.6666666666666666,0.7000000000000001,0.0,0.0,0.0,0.0,9018.86,18677.98,48.28605662925006,3006.286666666667,7_C,1610.4699999999998,5.6001415735779005,1.4321056810015431,0,0,0,1
1382,Shukla Supermarket,Modern Trade,6,21,10,Mumbai,B,16421.87,5.0,3284.374,2020.28,1.0,7.128511889441067,4.0,-14401.589999999998,-4.0,2025-12-28,3,22.0,5.0,11.0,2.0,1.0,12.5,0.5,0.4666666666666667,195.0,0.0,200.65128205128204,0.0,16421.87,39134.56,41.962577322959554,8210.935,6_B,5118.745000000001,3.2081828651358872,7.397800950162678,0,0,0,1
1383,Varughese Retail,Convenience,6,21,29,Surat,C,0.0,0.0,0.0,248.4,1.0,-1.0,-1.0,248.4,1.0,2025-11-03,58,13.0,5.0,10.0,0.0,0.0,0.0,0.0,0.0,0.0,0.0,0.0,0.0,0.0,18597.73,0.0,0.0,6_C,1535.8200000000002,0.0,-0.49011665985164743,1,1,0,1
1384,Padmanabhan Supermarket,General Trade,9,3,35,Chandigarh,C,0.0,0.0,0.0,0.0,0.0,,,0.0,0.0,2025-10-26,66,2.0,2.0,2.0,2.0,1.0,25.5,0.5,0.4666666666666667,0.0,0.0,0.0,0.0,0.0,16271.23,0.0,0.0,9_C,1106.01,0.0,,1,0,0,1
1385,Dave Mart,Convenience,10,32,63,Ahmedabad,A,31861.489999999998,5.0,6372.298,21241.9,5.0,0.4999359755954032,0.0,-10619.589999999997,0.0,2025-12-30,1,35.0,5.0,12.0,2.0,2.0,36.0,1.0,0.4666666666666667,0.0,0.0,0.0,0.0,31861.489999999998,57464.17,55.44583694500417,15930.744999999999,10_A,24727.44,1.2885074233321363,0.34173567493380974,0,0,0,1
1386,Gopal Mart,General Trade,12,10,16,Patna,C,0.0,0.0,0.0,6932.16,3.0,-1.0,-1.0,6932.16,3.0,2025-11-30,31,13.0,5.0,9.0,2.0,2.0,13.0,1.0,0.4666666666666667,0.0,0.0,0.0,0.0,0.0,18197.76,0.0,0.0,12_C,1525.54,0.0,-0.41156482455115484,1,1,0,1
1387,Dayal General Store,Pharmacy,6,31,98,Surat,C,0.0,0.0,0.0,1164.87,2.0,-1.0,-1.0,1164.87,2.0,2025-12-01,30,4.0,3.0,4.0,1.0,1.0,32.0,1.0,0.23333333333333334,0.0,0.0,0.0,0.0,294.11,18917.1,1.5547309048427085,0.0,6_C,1535.8200000000002,0.0,-0.49011665985164743,0,1,0,1
1388,Sant General Store,General Trade,12,8,50,Patna,C,4311.26,1.0,4311.26,0.0,0.0,,,-4311.26,-1.0,2025-12-11,20,14.0,5.0,10.0,1.0,0.0,10.0,0.0,0.23333333333333334,0.0,0.0,0.0,0.0,4311.26,18001.69,23.94919588105339,4311.26,12_C,1525.54,2.8260550362494596,,0,0,0,1
1389,Thakkar General Store,Modern Trade,1,17,3,Lucknow,B,7533.070000000001,2.0,3766.5350000000003,9159.39,4.0,-0.17755767578408593,-0.5,1626.3199999999988,2.0,2025-12-24,7,26.0,5.0,13.0,1.0,1.0,21.0,1.0,0.23333333333333334,0.0,0.0,0.0,0.0,7533.070000000001,40555.67,18.574640734575464,7533.070000000001,1_B,5467.655000000001,1.3777515223619632,-0.1755104375425869,0,1,0,1
1390,Bhakta General Store,Convenience,8,14,69,Kolkata,C,898.8900000000001,2.0,449.44500000000005,0.0,0.0,,,-898.8900000000001,-2.0,2025-12-24,7,20.0,5.0,10.0,2.0,1.0,25.0,0.5,0.4666666666666667,0.0,0.0,0.0,0.0,898.8900000000001,18094.48,4.967758122919256,449.44500000000005,8_C,1474.47,0.6096360048017254,,0,0,0,1
1391,Dash Retail,Convenience,8,14,97,Patna,C,0.0,0.0,0.0,0.0,0.0,,,0.0,0.0,2025-10-26,66,7.0,4.0,7.0,2.0,0.0,14.0,0.0,0.4666666666666667,0.0,0.0,0.0,0.0,0.0,20449.46,0.0,0.0,8_C,1474.47,0.0,,1,0,0,1
1392,Vasa General Store,General Trade,11,9,56,Kochi,C,2842.3,1.0,2842.3,0.0,0.0,,,-2842.3,-1.0,2025-12-10,21,9.0,5.0,6.0,1.0,0.0,23.0,0.0,0.23333333333333334,0.0,0.0,0.0,0.0,2842.3,16298.14,17.439413331828053,2842.3,11_C,2316.54,1.22695917186839,,0,0,0,1
1393,Dua Supermarket,Convenience,2,29,37,Nashik,B,1296.87,2.0,648.435,0.0,0.0,,,-1296.87,-2.0,2025-12-14,17,24.0,5.0,12.0,0.0,0.0,0.0,0.0,0.0,0.0,0.0,0.0,0.0,1296.87,41244.35,3.1443579544834623,0.0,2_B,7635.110000000001,0.16985609899529933,,0,0,0,1
1394,Modi General Store,Supermarket,4,2,60,Bhubaneswar,A,52698.99,7.0,7528.427142857143,12545.14,4.0,3.2007494535732564,0.75,-40153.85,-3.0,2025-12-29,2,45.0,5.0,14.0,4.0,1.0,31.5,0.25,0.9333333333333333,0.0,0.0,0.0,0.0,52698.99,60625.63,86.92526576631039,13174.7475,4_A,22237.399999999998,2.3698359520447534,3.131849210627271,0,0,0,0
1395,Gala Supermarket,Pharmacy,4,1,32,Guwahati,B,23888.1,6.0,3981.35,4831.61,1.0,3.9441283547306174,5.0,-19056.489999999998,-5.0,2025-12-25,6,36.0,5.0,14.0,3.0,1.0,34.666666666666664,0.3333333333333333,0.7000000000000001,0.0,0.0,0.0,0.0,23888.1,36633.87,65.20768895014368,7962.7,4_B,5210.49,4.58461680187468,4.13538028334157,0,0,0,1
1396,Edwin Supermarket,General Trade,9,11,85,Chandigarh,C,2441.64,1.0,2441.64,1229.64,1.0,0.9856543378549817,0.0,-1211.9999999999998,0.0,2025-12-02,29,15.0,4.0,10.0,0.0,0.0,0.0,0.0,0.0,0.0,0.0,0.0,0.0,2441.64,16441.93,14.85008146853806,0.0,9_C,1106.01,2.2076111427563947,1.4805507397378568,0,0,0,1
1397,Naidu General Store,Pharmacy,8,14,34,Bhubaneswar,B,11408.59,4.0,2852.1475,7101.87,2.0,0.6064205624715744,1.0,-4306.72,-2.0,2025-12-20,11,27.0,5.0,11.0,0.0,0.0,0.0,0.0,0.0,0.0,0.0,0.0,0.0,11408.59,37280.56,30.60198130071008,0.0,8_B,5652.47,2.01833711634029,0.787028879461476,0,0,0,1
1398,Kar General Store,Convenience,4,13,62,Guwahati,B,11735.119999999999,3.0,3911.7066666666665,6104.799999999999,2.0,0.9222775520901586,0.5,-5630.32,-1.0,2025-12-30,1,30.0,5.0,15.0,2.0,2.0,22.5,1.0,0.4666666666666667,0.0,0.0,0.0,0.0,11735.119999999999,37052.56,31.671549820039424,5867.5599999999995,4_B,5210.49,2.2522104446990587,1.1135294807011116,0,0,0,1
1399,Pal Traders,Modern Trade,5,22,71,Chandigarh,C,0.0,0.0,0.0,2320.78,1.0,-1.0,-1.0,2320.78,1.0,2025-11-22,39,4.0,4.0,4.0,0.0,0.0,0.0,0.0,0.0,0.0,0.0,0.0,0.0,0.0,17067.3,0.0,0.0,5_C,1965.2,0.0,-0.5530930221458649,1,1,0,1
1400,Venkataraman Mart,Modern Trade,12,10,64,Bhubaneswar,B,12278.16,3.0,4092.72,0.0,0.0,,,-12278.16,-3.0,2025-12-07,24,18.0,5.0,11.0,4.0,3.0,37.5,0.75,0.9333333333333333,0.0,0.0,0.0,0.0,12278.16,36693.12,33.46174977761498,3069.54,12_B,6060.66,2.02587836968251,,0,0,0,1
1401,Mander Supermarket,Pharmacy,12,8,15,Kolkata,A,8766.84,1.0,8766.84,7737.71,2.0,0.13300188298605145,-0.5,-1029.13,1.0,2025-12-26,5,19.0,5.0,10.0,2.0,1.0,32.0,0.5,0.4666666666666667,0.0,0.0,0.0,0.0,8766.84,64827.95,13.523241132875558,4383.42,12_A,24540.835,0.3572347884658367,0.0032803613861139003,0,0,0,1
1402,Brar General Store,Supermarket,4,2,8,Patna,C,448.47,1.0,448.47,2600.32,3.0,-0.8275327651981296,-0.6666666666666666,2151.8500000000004,2.0,2025-12-29,2,10.0,3.0,5.0,1.0,0.0,41.0,0.0,0.23333333333333334,0.0,0.0,0.0,0.0,448.47,16235.33,2.7623091122878316,448.47,4_C,1263.49,0.3549454289309769,-0.17911850882028968,0,1,0,1
1403,Krishna Traders,General Trade,6,21,45,Mumbai,A,14533.2,2.0,7266.6,55435.13,9.0,-0.7378341134944573,-0.7777777777777778,40901.92999999999,7.0,2025-12-27,4,37.0,5.0,14.0,6.0,4.0,26.0,0.6666666666666666,1.4000000000000001,0.0,0.0,0.0,0.0,16580.07,66103.64,25.081931948074264,2422.2000000000003,6_A,21985.86,0.6610248587046402,-0.8132336192647857,0,1,0,1
1404,Hegde Traders,General Trade,6,31,74,Ahmedabad,C,1619.43,1.0,1619.43,0.0,0.0,,,-1619.43,-1.0,2025-12-08,23,13.0,4.0,8.0,0.0,0.0,0.0,0.0,0.0,0.0,0.0,0.0,0.0,1619.43,16579.8,9.767488148228567,0.0,6_C,1535.8200000000002,1.0544399734343868,,0,0,0,1
1405,Maharaj Retail,Supermarket,4,7,4,Patna,C,1302.95,1.0,1302.95,0.0,0.0,,,-1302.95,-1.0,2025-12-07,24,3.0,2.0,3.0,2.0,1.0,24.5,0.5,0.4666666666666667,0.0,0.0,0.0,0.0,1302.95,19148.61,6.804410346234009,651.475,4_C,1263.49,1.0312309555279424,,0,0,0,1
1406,Dass Mart,Supermarket,12,35,61,Patna,C,0.0,0.0,0.0,1185.64,1.0,-1.0,-1.0,1185.64,1.0,2025-11-14,47,8.0,5.0,6.0,7.0,4.0,23.857142857142858,0.5714285714285714,1.6333333333333333,195.0,0.0,292.2102564102564,0.0,0.0,17640.1,0.0,0.0,12_C,1525.54,0.0,-0.41156482455115484,1,1,0,1
1407,Mitter Retail,Convenience,4,7,4,Kolkata,C,0.0,0.0,0.0,1209.78,1.0,-1.0,-1.0,1209.78,1.0,2025-11-27,34,8.0,4.0,5.0,2.0,1.0,20.5,0.5,0.4666666666666667,0.0,0.0,0.0,0.0,0.0,20126.59,0.0,0.0,4_C,1263.49,0.0,-0.3515857436221601,1,1,0,1
1408,Walla Traders,Convenience,12,8,92,Patna,C,10015.619999999999,3.0,3338.5399999999995,2334.86,2.0,3.289601946155229,0.5,-7680.759999999998,-1.0,2025-12-30,1,17.0,5.0,12.0,2.0,0.0,25.5,0.0,0.4666666666666667,0.0,0.0,0.0,0.0,10015.619999999999,17346.06,57.74002857132974,5007.8099999999995,12_C,1525.54,6.565294911965599,3.8780371216040743,0,0,0,1
1409,Chander Mart,Convenience,6,31,98,Mumbai,C,1796.15,1.0,1796.15,3498.16,2.0,-0.48654435474649527,-0.5,1702.0099999999998,1.0,2025-12-18,13,18.0,5.0,13.0,0.0,0.0,0.0,0.0,0.0,195.0,0.0,296.4974358974359,0.0,1796.15,16903.08,10.626169905129714,0.0,6_C,1535.8200000000002,1.1695055410139208,0.023338985401857304,0,1,0,1
1410,Thakkar General Store,Convenience,10,15,94,Surat,B,10381.66,1.0,10381.66,10173.79,3.0,0.02043191377058097,-0.6666666666666666,-207.86999999999898,2.0,2025-12-20,11,35.0,5.0,13.0,0.0,0.0,0.0,0.0,0.0,0.0,0.0,0.0,0.0,10381.66,35489.13,29.2530698836517,0.0,10_B,6269.79,1.6558226033088828,0.19534249377323043,0,0,0,1
1411,Ganguly Retail,Modern Trade,7,20,68,Coimbatore,B,11275.33,5.0,2255.066,8816.220000000001,2.0,0.2789301991102761,1.5,-2459.1099999999988,-3.0,2025-12-30,1,26.0,5.0,13.0,3.0,0.0,24.333333333333332,0.0,0.7000000000000001,0.0,0.0,0.0,0.0,11275.33,36444.14,30.938663938839,3758.443333333333,7_B,6107.09,1.846268844899944,0.4988582218831921,0,0,0,1
1412,Dube Retail,Modern Trade,10,32,43,Pune,C,5238.4,3.0,1746.1333333333332,1053.38,1.0,3.9729442366477428,2.0,-4185.0199999999995,-2.0,2025-12-26,5,17.0,5.0,10.0,0.0,0.0,0.0,0.0,0.0,0.0,0.0,0.0,0.0,5238.4,19713.0,26.57332724597981,0.0,10_C,1784.86,2.9349080600159114,4.150178933405722,0,0,0,1
1413,Garg Traders,Supermarket,3,18,89,Chennai,B,477.89,1.0,477.89,4947.530000000001,2.0,-0.903408367407575,-0.5,4469.64,1.0,2025-12-28,3,14.0,4.0,10.0,0.0,0.0,0.0,0.0,0.0,0.0,0.0,0.0,0.0,477.89,43692.58,1.0937555072280007,0.0,3_B,5507.8,0.08676604088746867,-0.6640574381108,0,1,0,1
1414,Nazareth Traders,Pharmacy,5,16,47,Lucknow,C,0.0,0.0,0.0,2531.68,1.0,-1.0,-1.0,2531.68,1.0,2025-11-02,59,8.0,4.0,5.0,0.0,0.0,0.0,0.0,0.0,0.0,0.0,0.0,0.0,0.0,16846.18,0.0,0.0,5_C,1965.2,0.0,-0.5530930221458649,1,1,0,1
1415,Barman Traders,Convenience,8,14,69,Bhubaneswar,C,0.0,0.0,0.0,0.0,0.0,,,0.0,0.0,2025-06-05,209,0.0,0.0,0.0,1.0,0.0,30.0,0.0,0.23333333333333334,0.0,0.0,0.0,0.0,0.0,20847.16,0.0,0.0,8_C,1474.47,0.0,,1,0,0,1
1416,Balakrishnan Traders,Pharmacy,7,20,44,Hyderabad,A,28514.08,5.0,5702.816000000001,23003.71,6.0,0.23954266507445984,-0.16666666666666666,-5510.370000000003,1.0,2025-12-29,2,37.0,5.0,14.0,1.0,1.0,11.0,1.0,0.23333333333333334,0.0,0.0,0.0,0.0,28514.08,64048.22,44.51970718311922,28514.08,7_A,22880.32,1.2462273254919511,0.2435289808561023,0,0,0,1
1417,Bumb Traders,General Trade,4,7,81,Bhubaneswar,C,0.0,0.0,0.0,3663.49,1.0,-1.0,-1.0,3663.49,1.0,2025-11-04,57,13.0,4.0,7.0,5.0,3.0,22.2,0.6,1.1666666666666667,0.0,0.0,0.0,0.0,0.0,21199.38,0.0,0.0,4_C,1263.49,0.0,-0.3515857436221601,1,1,0,1
1418,Bath Mart,General Trade,12,8,92,Ranchi,C,0.0,0.0,0.0,3413.23,2.0,-1.0,-1.0,3413.23,2.0,2025-11-27,34,6.0,4.0,5.0,3.0,1.0,27.666666666666668,0.3333333333333333,0.7000000000000001,0.0,0.0,0.0,0.0,0.0,17849.01,0.0,0.0,12_C,1525.54,0.0,-0.41156482455115484,1,1,0,1
1419,Lanka Supermarket,Pharmacy,6,21,10,Pune,B,2921.79,2.0,1460.895,14224.849999999999,3.0,-0.7945995915598406,-0.3333333333333333,11303.059999999998,1.0,2025-12-19,12,25.0,5.0,14.0,1.0,1.0,34.0,1.0,0.23333333333333334,0.0,0.0,0.0,0.0,2921.79,33824.37,8.638120976089132,2921.79,6_B,5118.745000000001,0.5708020227614385,-0.5253105308382299,0,1,0,1
1420,Kade Retail,General Trade,5,33,90,Ludhiana,B,4862.49,3.0,1620.83,5790.0,5.0,-0.16019170984455963,-0.4,927.5100000000002,2.0,2025-12-29,2,22.0,5.0,11.0,0.0,0.0,0.0,0.0,0.0,0.0,0.0,0.0,0.0,4862.49,37707.77,12.895193749192806,0.0,5_B,6391.82,0.7607363786840055,0.19252489772501127,0,1,0,1
1421,Saha General Store,General Trade,8,36,76,Guwahati,C,3246.95,2.0,1623.475,2979.67,2.0,0.0897012085230914,0.0,-267.27999999999975,0.0,2025-12-11,20,14.0,5.0,10.0,1.0,1.0,39.0,1.0,0.23333333333333334,195.0,0.0,292.64102564102564,0.0,3246.95,19334.2,16.79381613927651,3246.95,8_C,1474.47,2.2021133017287564,0.6474458774523142,0,0,0,1
1422,Balasubramanian Traders,Supermarket,12,19,53,Ranchi,C,2250.01,1.0,2250.01,0.0,0.0,,,-2250.01,-1.0,2025-12-26,5,17.0,5.0,9.0,2.0,2.0,21.5,1.0,0.4666666666666667,0.0,0.0,0.0,0.0,2250.01,16292.96,13.809706769058542,1125.005,12_C,1525.54,1.474894135846979,,0,0,0,1
1423,Tank Supermarket,General Trade,9,3,93,Ludhiana,C,0.0,0.0,0.0,199.26,1.0,-1.0,-1.0,199.26,1.0,2025-11-25,36,3.0,3.0,3.0,3.0,2.0,30.666666666666668,0.6666666666666666,0.7000000000000001,0.0,0.0,0.0,0.0,0.0,19845.09,0.0,0.0,9_C,1106.01,0.0,-0.5051035981171249,1,1,0,1
1424,Mann Traders,Modern Trade,4,13,48,Ranchi,B,1612.49,3.0,537.4966666666667,6619.73,2.0,-0.7564115152732815,0.5,5007.24,-1.0,2025-12-23,8,19.0,5.0,12.0,0.0,0.0,0.0,0.0,0.0,0.0,0.0,0.0,0.0,1612.49,39098.98,4.124122931084136,0.0,4_B,5210.49,0.30946993468944384,-0.5651595866623285,0,1,0,1
1425,Mittal General Store,Convenience,12,10,30,Patna,B,0.0,0.0,0.0,13818.77,3.0,-1.0,-1.0,13818.77,3.0,2025-12-01,30,22.0,5.0,15.0,1.0,1.0,25.0,1.0,0.23333333333333334,0.0,0.0,0.0,0.0,4577.02,33535.93,13.64810816339371,0.0,12_B,6060.66,0.0,-0.8988796217022266,0,1,0,1
1426,Subramanian Retail,Modern Trade,8,36,55,Patna,B,18913.69,5.0,3782.738,28801.41,8.0,-0.34330680338219555,-0.375,9887.720000000001,3.0,2025-12-30,1,50.0,5.0,15.0,1.0,1.0,36.0,1.0,0.23333333333333334,0.0,0.0,0.0,0.0,18913.69,40650.84,46.52718123413932,18913.69,8_B,5652.47,3.3460929469771616,-0.1626984863922939,0,1,0,1
1427,Konda Supermarket,Supermarket,11,9,56,Coimbatore,B,11912.41,2.0,5956.205,2286.04,1.0,4.210936816503648,1.0,-9626.369999999999,-1.0,2025-12-13,18,21.0,5.0,14.0,1.0,1.0,27.0,1.0,0.23333333333333334,0.0,0.0,0.0,0.0,11912.41,39994.46,29.7851502433087,11912.41,11_B,5734.650000000001,2.077268883018144,4.603641842692525,0,0,0,1
1428,Ravi Mart,Modern Trade,2,29,37,Ahmedabad,B,2284.24,1.0,2284.24,0.0,0.0,,,-2284.24,-1.0,2025-12-03,28,12.0,5.0,8.0,0.0,0.0,0.0,0.0,0.0,0.0,0.0,0.0,0.0,2284.24,33350.73,6.8491454309995605,0.0,2_B,7635.110000000001,0.29917578135743944,,0,0,0,1
1429,Mishra Retail,Modern Trade,8,14,97,Kolkata,C,1475.78,1.0,1475.78,1598.61,1.0,-0.07683550084135589,0.0,122.82999999999993,0.0,2025-12-30,1,8.0,5.0,7.0,0.0,0.0,0.0,0.0,0.0,0.0,0.0,0.0,0.0,1475.78,17108.01,8.626251679768718,0.0,8_C,1474.47,1.0008884548346184,0.48090916808786693,0,0,0,1
1430,Setty General Store,Convenience,8,14,97,Bhubaneswar,A,14942.89,4.0,3735.7225,26451.75,4.0,-0.4350887937471056,0.0,11508.86,0.0,2025-12-28,3,39.0,5.0,15.0,2.0,1.0,19.0,0.5,0.4666666666666667,0.0,0.0,0.0,0.0,14942.89,66830.69,22.359323239068758,7471.445,8_A,21023.8,0.7107606617262341,-0.41643321185286586,0,1,0,1
1431,Bora Supermarket,Pharmacy,4,7,4,Patna,B,0.0,0.0,0.0,5465.74,1.0,-1.0,-1.0,5465.74,1.0,2025-11-21,40,14.0,4.0,9.0,0.0,0.0,0.0,0.0,0.0,0.0,0.0,0.0,0.0,0.0,43098.02,0.0,0.0,4_B,5210.49,0.0,-0.8087480713890469,1,1,0,1
1432,Bhasin General Store,Pharmacy,2,26,38,Mumbai,C,5427.58,2.0,2713.79,5005.5599999999995,2.0,0.08431024700533017,0.0,-422.02000000000044,0.0,2025-12-16,15,20.0,5.0,13.0,1.0,1.0,17.0,1.0,0.23333333333333334,0.0,0.0,0.0,0.0,5427.58,20805.49,26.087249086659337,5427.58,2_C,1065.73,5.092828389929907,0.5181343124129468,0,0,0,1
1433,Dugar General Store,Supermarket,12,8,18,Patna,C,649.0,1.0,649.0,7627.95,3.0,-0.9149181628091427,-0.6666666666666666,6978.95,2.0,2025-12-18,13,11.0,5.0,7.0,0.0,0.0,0.0,0.0,0.0,0.0,0.0,0.0,0.0,649.0,16603.25,3.90887326276482,0.0,12_C,1525.54,0.4254231288592892,-0.32648298736029757,0,1,0,1
1434,Sarraf Supermarket,Supermarket,10,15,94,Mumbai,B,8311.46,2.0,4155.73,834.9,1.0,8.955036531321117,1.0,-7476.5599999999995,-1.0,2025-12-07,24,10.0,5.0,8.0,1.0,1.0,8.0,1.0,0.23333333333333334,0.0,0.0,0.0,0.0,8311.46,41177.46,20.18448928127184,8311.46,10_B,6269.79,1.3256361058344857,9.129947111323766,0,0,0,1
1435,Sagar Retail,General Trade,12,8,87,Kolkata,C,3919.7799999999997,2.0,1959.8899999999999,3644.76,3.0,0.07545627146917754,-0.3333333333333333,-275.0199999999995,1.0,2025-12-29,2,25.0,5.0,13.0,1.0,0.0,13.0,0.0,0.23333333333333334,0.0,0.0,0.0,0.0,3919.7799999999997,17970.22,21.812643362184765,3919.7799999999997,12_C,1525.54,2.5694377073036434,0.6638914469180227,0,0,0,1
1436,Sule General Store,General Trade,4,2,41,Bhubaneswar,C,2782.39,1.0,2782.39,2858.72,1.0,-0.02670076117982871,0.0,76.32999999999993,0.0,2025-12-10,21,19.0,5.0,11.0,2.0,1.0,38.0,0.5,0.4666666666666667,0.0,0.0,0.0,0.0,2782.39,21225.24,13.108874151717481,1391.195,4_C,1263.49,2.202146435666289,0.6217134951980112,0,0,0,1
1437,Shetty Mart,Pharmacy,12,8,87,Bhubaneswar,B,16270.640000000001,5.0,3254.128,6006.51,2.0,1.7088342481740646,1.5,-10264.130000000001,-3.0,2025-12-29,2,22.0,5.0,12.0,2.0,1.0,29.5,0.5,0.4666666666666667,0.0,0.0,0.0,0.0,16270.640000000001,43356.52,37.527550642902156,8135.320000000001,12_B,6060.66,2.68463170677781,1.809954626471838,0,0,0,1
1438,Jani General Store,Convenience,5,22,17,Jaipur,C,0.0,0.0,0.0,1065.2,1.0,-1.0,-1.0,1065.2,1.0,2025-11-04,57,3.0,1.0,2.0,2.0,1.0,29.5,0.5,0.4666666666666667,0.0,0.0,0.0,0.0,0.0,19234.78,0.0,0.0,5_C,1965.2,0.0,-0.5530930221458649,1,1,0,1
1439,Oak Supermarket,Modern Trade,11,9,56,Bengaluru,B,4158.01,2.0,2079.005,7973.49,1.0,-0.47852069796287444,1.0,3815.4799999999996,-1.0,2025-12-17,14,18.0,5.0,10.0,1.0,1.0,16.0,1.0,0.23333333333333334,0.0,0.0,0.0,0.0,4158.01,35108.17,11.843425618595331,4158.01,11_B,5734.650000000001,0.7250677896645829,-0.08581567177399685,0,1,0,1
1440,Dhawan Supermarket,Modern Trade,8,14,34,Guwahati,B,7148.969999999999,2.0,3574.4849999999997,1703.68,1.0,3.196192947032306,1.0,-5445.289999999999,-1.0,2025-12-31,0,15.0,5.0,9.0,0.0,0.0,0.0,0.0,0.0,0.0,0.0,0.0,0.0,7148.969999999999,39653.06,18.028797777523348,0.0,8_B,5652.47,1.2647515157090616,3.3768012640222076,0,0,0,1
1441,Munshi Retail,Pharmacy,7,28,24,Hyderabad,C,0.0,0.0,0.0,0.0,0.0,,,0.0,0.0,2025-10-28,64,8.0,4.0,5.0,1.0,1.0,14.0,1.0,0.23333333333333334,0.0,0.0,0.0,0.0,0.0,20192.91,0.0,0.0,7_C,1610.4699999999998,0.0,,1,0,0,1
1442,Nagar General Store,Modern Trade,12,10,46,Guwahati,B,16871.45,4.0,4217.8625,6232.8,2.0,1.7068813374406369,1.0,-10638.650000000001,-2.0,2025-12-29,2,26.0,5.0,13.0,0.0,0.0,0.0,0.0,0.0,0.0,0.0,0.0,0.0,16871.45,38081.04,44.30406837628384,0.0,12_B,6060.66,2.783764474496177,1.8080017157384103,0,0,0,1
1443,Pai Traders,General Trade,4,13,54,Ranchi,B,0.0,0.0,0.0,8380.630000000001,5.0,-1.0,-1.0,8380.630000000001,5.0,2025-11-22,39,9.0,5.0,7.0,2.0,0.0,38.0,0.0,0.4666666666666667,0.0,0.0,0.0,0.0,0.0,42878.14,0.0,0.0,4_B,5210.49,0.0,-0.8087480713890469,1,1,0,1
1444,Rastogi Mart,Pharmacy,12,8,15,Patna,C,2632.91,2.0,1316.455,740.85,1.0,2.5539042991158802,1.0,-1892.06,-1.0,2025-12-21,10,13.0,5.0,9.0,4.0,2.0,24.5,0.5,0.9333333333333333,0.0,0.0,0.0,0.0,2632.91,19279.49,13.65653344564612,658.2275,12_C,1525.54,1.7258872268180447,3.1423394745647255,0,0,0,1
1445,De Retail,Convenience,12,19,53,Bhubaneswar,A,28647.670000000002,5.0,5729.534000000001,6089.07,2.0,3.7047693654367584,1.5,-22558.600000000002,-3.0,2025-12-24,7,33.0,5.0,14.0,1.0,1.0,11.0,1.0,0.23333333333333334,0.0,0.0,0.0,0.0,28647.670000000002,60412.93,47.419765934213096,28647.670000000002,12_A,24540.835,1.1673469953243238,3.575047843836821,0,0,0,1
1446,Prabhakar Retail,Supermarket,4,2,8,Guwahati,C,0.0,0.0,0.0,587.94,1.0,-1.0,-1.0,587.94,1.0,2025-11-03,58,7.0,4.0,5.0,2.0,1.0,24.0,0.5,0.4666666666666667,0.0,0.0,0.0,0.0,0.0,18426.0,0.0,0.0,4_C,1263.49,0.0,-0.3515857436221601,1,1,0,1
1447,Varma Retail,Pharmacy,1,5,52,Chandigarh,C,0.0,0.0,0.0,3368.65,2.0,-1.0,-1.0,3368.65,2.0,2025-11-28,33,11.0,5.0,9.0,3.0,2.0,22.333333333333332,0.6666666666666666,0.7000000000000001,0.0,0.0,0.0,0.0,0.0,19533.87,0.0,0.0,1_C,1475.75,0.0,-0.3734276773884362,1,1,0,1
1448,Cherian Supermarket,Modern Trade,2,29,40,Surat,B,9398.81,3.0,3132.9366666666665,6245.790000000001,3.0,0.504823248940486,0.0,-3153.0199999999986,0.0,2025-12-28,3,20.0,5.0,11.0,0.0,0.0,0.0,0.0,0.0,0.0,0.0,0.0,0.0,9398.81,41155.02,22.83757850196647,0.0,2_B,7635.110000000001,1.230998636561883,0.32905560325988203,0,0,0,1
1449,Nagar Supermarket,Convenience,7,28,79,Coimbatore,B,9047.49,2.0,4523.745,11602.33,3.0,-0.22020059763857777,-0.3333333333333333,2554.84,1.0,2025-12-19,12,26.0,5.0,12.0,2.0,0.0,34.5,0.0,0.4666666666666667,0.0,0.0,0.0,0.0,9047.49,36110.77,25.054824364033223,4523.745,7_B,6107.09,1.4814731729841872,-0.00027257486566176214,0,1,0,1
1450,Khurana Supermarket,General Trade,4,13,12,Patna,C,0.0,0.0,0.0,0.0,0.0,,,0.0,0.0,2025-10-10,82,4.0,3.0,3.0,0.0,0.0,0.0,0.0,0.0,0.0,0.0,0.0,0.0,0.0,20944.38,0.0,0.0,4_C,1263.49,0.0,,1,0,0,1
1451,Shukla Supermarket,Pharmacy,8,14,69,Bhubaneswar,C,0.0,0.0,0.0,2794.7200000000003,2.0,-1.0,-1.0,2794.7200000000003,2.0,2025-11-14,47,17.0,4.0,7.0,3.0,1.0,31.0,0.3333333333333333,0.7000000000000001,0.0,0.0,0.0,0.0,0.0,21608.96,0.0,0.0,8_C,1474.47,0.0,-0.4422553310707772,1,1,0,1
1452,Das Supermarket,Modern Trade,4,13,48,Patna,B,0.0,0.0,0.0,15086.46,3.0,-1.0,-1.0,15086.46,3.0,2025-11-24,37,23.0,5.0,12.0,3.0,2.0,23.666666666666668,0.6666666666666666,0.7000000000000001,0.0,0.0,0.0,0.0,0.0,33733.55,0.0,0.0,4_B,5210.49,0.0,-0.8087480713890469,1,1,0,1
1453,Loke Traders,Pharmacy,8,14,97,Guwahati,A,13007.07,2.0,6503.535,11461.73,3.0,0.13482606901401448,-0.3333333333333333,-1545.3400000000001,1.0,2025-12-31,0,17.0,5.0,11.0,3.0,2.0,18.666666666666668,0.6666666666666666,0.7000000000000001,0.0,0.0,0.0,0.0,13007.07,62414.19,20.839924382580303,4335.69,8_A,21023.8,0.6186831115212283,0.1534816509082542,0,0,0,1
1454,Sengupta General Store,Pharmacy,12,10,30,Bhubaneswar,A,38204.4,8.0,4775.55,5470.6900000000005,2.0,5.983470092438065,3.0,-32733.71,-6.0,2025-12-30,1,41.0,5.0,12.0,0.0,0.0,0.0,0.0,0.0,0.0,0.0,0.0,0.0,38204.4,57632.19,66.29003687002003,0.0,12_A,24540.835,1.5567685451615645,5.853748570838127,0,0,0,1
1455,Kota Traders,General Trade,3,18,11,Bengaluru,A,0.0,0.0,0.0,18127.62,4.0,-1.0,-1.0,18127.62,4.0,2025-11-25,36,20.0,5.0,10.0,2.0,0.0,23.5,0.0,0.4666666666666667,0.0,0.0,0.0,0.0,0.0,59747.32,0.0,0.0,3_A,19782.739999999998,0.0,-1.0506078459724633,1,1,0,1
1456,Dhaliwal Traders,Modern Trade,3,23,20,Bengaluru,C,102.12,1.0,102.12,2634.5,1.0,-0.9612374264566331,0.0,2532.38,0.0,2025-12-03,28,18.0,5.0,9.0,1.0,0.0,15.0,0.0,0.23333333333333334,0.0,0.0,0.0,0.0,102.12,17092.66,0.5974494315103676,102.12,3_C,1975.87,0.051683562177673635,-0.604055636368086,0,1,0,1
1457,Chatterjee Retail,Supermarket,8,36,55,Guwahati,C,5172.25,3.0,1724.0833333333333,0.0,0.0,,,-5172.25,-3.0,2025-12-29,2,13.0,5.0,7.0,1.0,0.0,11.0,0.0,0.23333333333333334,0.0,0.0,0.0,0.0,5172.25,21844.11,23.67800748119287,5172.25,8_C,1474.47,3.5078706246990445,,0,0,0,1
1458,Bedi Traders,General Trade,6,31,74,Surat,B,6430.08,3.0,2143.36,11814.42,2.0,-0.45574306652379043,0.5,5384.34,-1.0,2025-12-29,2,16.0,4.0,9.0,5.0,3.0,23.2,0.6,1.1666666666666667,0.0,0.0,0.0,0.0,6430.08,42886.95,14.993092304302358,1286.016,6_B,5118.745000000001,1.2561829120223802,-0.1864540058021797,0,1,0,1
1459,Mannan Supermarket,Convenience,4,13,62,Patna,C,8903.92,4.0,2225.98,4591.54,2.0,0.9392012266037103,1.0,-4312.38,-2.0,2025-12-30,1,26.0,5.0,13.0,1.0,1.0,8.0,1.0,0.23333333333333334,0.0,0.0,0.0,0.0,8903.92,18772.8,47.429898576664115,8903.92,4_C,1263.49,7.0470838708656185,1.5876154829815503,0,0,0,1
1460,Rajagopalan Supermarket,General Trade,10,15,94,Surat,C,0.0,0.0,0.0,0.0,0.0,,,0.0,0.0,2025-10-26,66,15.0,5.0,10.0,3.0,3.0,21.666666666666668,1.0,0.7000000000000001,0.0,0.0,0.0,0.0,0.0,21247.62,0.0,0.0,10_C,1784.86,0.0,,1,0,0,1
1461,Sahota Traders,Convenience,5,33,51,Jaipur,B,9569.95,3.0,3189.9833333333336,5216.93,4.0,0.8344026084306287,-0.25,-4353.02,1.0,2025-12-21,10,36.0,5.0,13.0,6.0,4.0,22.166666666666668,0.6666666666666666,1.4000000000000001,0.0,0.0,0.0,0.0,9569.95,35989.67,26.590824533817624,1594.9916666666668,5_B,6391.82,1.4972183196648219,1.1871192160001995,0,0,0,1
1462,Kothari Mart,Modern Trade,4,7,81,Kolkata,A,17514.18,4.0,4378.545,18407.56,3.0,-0.04853332000547606,0.3333333333333333,893.380000000001,-1.0,2025-12-29,2,45.0,5.0,13.0,3.0,1.0,24.666666666666668,0.3333333333333333,0.7000000000000001,0.0,0.0,0.0,0.0,17514.18,61166.57,28.633582036723652,5838.06,4_A,22237.399999999998,0.7876001690845154,-0.11743356295146126,0,0,0,1
1463,Dutta Traders,Convenience,3,18,11,Chennai,B,4275.44,2.0,2137.72,16753.58,10.0,-0.7448043940459294,-0.8,12478.140000000003,8.0,2025-12-17,14,47.0,5.0,14.0,0.0,0.0,0.0,0.0,0.0,0.0,0.0,0.0,0.0,4275.44,43603.14,9.80534888083748,0.0,3_B,5507.8,0.7762518609971313,-0.5054534647491543,0,1,0,1
1464,Narang Retail,Supermarket,4,2,8,Ranchi,B,16499.66,5.0,3299.932,14144.32,4.0,0.16652196782878217,0.25,-2355.34,-1.0,2025-12-25,6,31.0,5.0,12.0,5.0,4.0,27.2,0.8,1.1666666666666667,0.0,0.0,0.0,0.0,16499.66,33260.86,49.60683518105064,3299.932,4_B,5210.49,3.1666234845475185,0.35777389643973523,0,0,0,1
1465,Munshi Retail,Modern Trade,1,17,77,Lucknow,C,0.0,0.0,0.0,4038.58,3.0,-1.0,-1.0,4038.58,3.0,2025-11-23,38,19.0,5.0,10.0,1.0,1.0,10.0,1.0,0.23333333333333334,0.0,0.0,0.0,0.0,0.0,19350.77,0.0,0.0,1_C,1475.75,0.0,-0.3734276773884362,1,1,0,1
1466,Gupta Mart,Supermarket,12,10,64,Patna,C,1537.73,1.0,1537.73,632.86,1.0,1.4298107006288912,0.0,-904.87,0.0,2025-12-26,5,15.0,5.0,11.0,1.0,0.0,20.0,0.0,0.23333333333333334,195.0,0.0,294.2102564102564,0.0,1537.73,20686.61,7.433455747461763,1537.73,12_C,1525.54,1.0079906131599303,2.0182458760777364,0,0,0,1
1467,Dutta Traders,General Trade,9,3,95,Delhi,C,968.03,1.0,968.03,3078.19,1.0,-0.685519737248188,0.0,2110.16,0.0,2025-12-18,13,7.0,4.0,6.0,2.0,2.0,21.0,1.0,0.4666666666666667,0.0,0.0,0.0,0.0,968.03,16955.65,5.709188382633517,484.015,9_C,1106.01,0.8752452509470982,-0.19062333536531295,0,1,0,1
1468,Tara Traders,General Trade,3,18,67,Bengaluru,A,19198.04,5.0,3839.608,7087.47,1.0,1.7087296313070812,4.0,-12110.57,-4.0,2025-12-27,4,28.0,5.0,14.0,5.0,4.0,31.0,0.8,1.1666666666666667,0.0,0.0,0.0,0.0,19198.04,68363.94,28.08211463528872,3839.608,3_A,19782.739999999998,0.9704439324380749,1.658121785334618,0,0,0,1
1469,Varma Supermarket,Pharmacy,4,7,81,Guwahati,B,2143.82,2.0,1071.91,4043.0,2.0,-0.4697452386841454,0.0,1899.1799999999998,0.0,2025-12-08,23,25.0,5.0,14.0,2.0,0.0,34.5,0.0,0.4666666666666667,0.0,0.0,0.0,0.0,2143.82,32320.12,6.633081807864576,1071.91,4_B,5210.49,0.41144306965371785,-0.27849331007319233,0,1,0,1
1470,Sibal Supermarket,Supermarket,2,26,38,Ahmedabad,B,22771.46,5.0,4554.2919999999995,1319.5,2.0,16.257643046608564,1.5,-21451.96,-3.0,2025-12-25,6,29.0,5.0,14.0,2.0,0.0,23.0,0.0,0.4666666666666667,0.0,0.0,0.0,0.0,22771.46,35279.92,64.54510100929934,11385.73,2_B,7635.110000000001,2.98246652634998,16.08187540092796,0,0,0,1
1471,Tara Retail,Convenience,3,18,67,Chennai,C,4164.26,2.0,2082.13,1802.53,1.0,1.3102306202948082,1.0,-2361.7300000000005,-1.0,2025-12-18,13,18.0,5.0,10.0,1.0,1.0,37.0,1.0,0.23333333333333334,0.0,0.0,0.0,0.0,4164.26,16565.95,25.13746570525687,4164.26,3_C,1975.87,2.1075576834508345,1.6674124103833554,0,0,0,1
1472,Morar Traders,General Trade,10,32,43,Pune,A,26801.75,5.0,5360.35,14920.55,2.0,0.7962977236093844,1.5,-11881.2,-3.0,2025-12-31,0,37.0,5.0,15.0,3.0,3.0,29.333333333333332,1.0,0.7000000000000001,0.0,0.0,0.0,0.0,26801.75,70114.82,38.225513521962974,8933.916666666666,10_A,24727.44,1.0838869692940314,0.6380974229477909,0,0,0,1
1473,Tank Mart,Modern Trade,2,29,9,Mumbai,B,5899.04,1.0,5899.04,9593.88,2.0,-0.3851246836524951,-0.5,3694.8399999999992,1.0,2025-12-22,9,18.0,5.0,11.0,4.0,1.0,23.75,0.25,0.9333333333333333,0.0,0.0,0.0,0.0,5899.04,36661.02,16.090768887499586,1474.76,2_B,7635.110000000001,0.772620171811539,-0.5608923293330991,0,1,0,1
1474,Bajaj Supermarket,Modern Trade,7,20,13,Bengaluru,C,0.0,0.0,0.0,4645.2,1.0,-1.0,-1.0,4645.2,1.0,2025-11-16,45,13.0,5.0,9.0,0.0,0.0,0.0,0.0,0.0,0.0,0.0,0.0,0.0,0.0,16381.83,0.0,0.0,7_C,1610.4699999999998,0.0,-0.5522856147365374,1,1,0,1
1475,Chana Retail,Supermarket,6,21,45,Mumbai,C,5140.0,3.0,1713.3333333333333,0.0,0.0,,,-5140.0,-3.0,2025-12-15,16,10.0,3.0,6.0,1.0,1.0,11.0,1.0,0.23333333333333334,0.0,0.0,0.0,0.0,5140.0,20360.36,25.24513319017935,5140.0,6_C,1535.8200000000002,3.34674636350614,,0,0,0,1
1476,Ramaswamy Traders,Supermarket,10,15,94,Ahmedabad,B,12838.89,3.0,4279.63,10822.6,4.0,0.18630366085783442,-0.25,-2016.289999999999,1.0,2025-12-20,11,35.0,5.0,14.0,2.0,1.0,27.0,0.5,0.4666666666666667,195.0,0.0,208.1179487179487,0.0,12838.89,43202.21,29.71813247516736,6419.445,10_B,6269.79,2.047738441000416,0.3612142408604839,0,0,0,1
1477,Tiwari Mart,Supermarket,6,21,10,Nashik,A,20380.489999999998,2.0,10190.244999999999,33890.21,6.0,-0.3986319352993092,-0.6666666666666666,13509.720000000001,4.0,2025-12-22,9,51.0,5.0,15.0,4.0,4.0,16.5,1.0,0.9333333333333333,0.0,0.0,0.0,0.0,20380.489999999998,56602.44,36.006380643661295,5095.1224999999995,6_A,21985.86,0.9269817055143623,-0.47403144106963757,0,1,0,1
1478,Shankar Traders,Supermarket,3,18,67,Coimbatore,C,253.71,1.0,253.71,0.0,0.0,,,-253.71,-1.0,2025-12-25,6,11.0,5.0,8.0,1.0,1.0,20.0,1.0,0.23333333333333334,0.0,0.0,0.0,0.0,253.71,18306.42,1.3859072390997258,253.71,3_C,1975.87,0.12840419663236954,,0,0,0,1
1479,Khosla Traders,Modern Trade,12,19,36,Guwahati,C,4896.2699999999995,2.0,2448.1349999999998,971.21,1.0,4.04141225893473,1.0,-3925.0599999999995,-1.0,2025-12-28,3,24.0,4.0,11.0,2.0,1.0,32.5,0.5,0.4666666666666667,195.0,0.0,287.33846153846156,0.0,4896.2699999999995,20721.45,23.62899314478475,2448.1349999999998,12_C,1525.54,3.2095323623110503,4.629847434383575,0,0,0,1
1480,Kale Mart,Pharmacy,4,13,12,Guwahati,A,23401.07,4.0,5850.2675,37679.92,6.0,-0.37895117611714674,-0.3333333333333333,14278.849999999999,2.0,2025-12-28,3,48.0,5.0,15.0,0.0,0.0,0.0,0.0,0.0,0.0,0.0,0.0,0.0,32925.07,65899.16,49.96280680967708,0.0,4_A,22237.399999999998,1.0523294090136437,-0.447851419063132,0,1,0,1
1481,Pandit Traders,Pharmacy,12,8,18,Guwahati,C,2040.72,1.0,2040.72,3693.55,2.0,-0.447490896292185,-0.5,1652.8300000000002,1.0,2025-12-22,9,10.0,4.0,7.0,0.0,0.0,0.0,0.0,0.0,0.0,0.0,0.0,0.0,2040.72,17973.29,11.354181677366803,0.0,12_C,1525.54,1.3377033706097514,0.14094427915666013,0,1,0,1
1482,Bava Traders,Pharmacy,5,16,31,Ludhiana,B,17668.89,4.0,4417.2225,7921.65,2.0,1.230455776258734,1.0,-9747.24,-2.0,2025-12-30,1,27.0,5.0,13.0,0.0,0.0,0.0,0.0,0.0,0.0,0.0,0.0,0.0,17668.89,36797.59,48.01643259789568,0.0,5_B,6391.82,2.764297179832974,1.583172383828305,0,0,0,1
1483,Bedi Mart,Modern Trade,7,20,68,Bengaluru,C,0.0,0.0,0.0,0.0,0.0,,,0.0,0.0,2025-10-27,65,4.0,3.0,4.0,0.0,0.0,0.0,0.0,0.0,0.0,0.0,0.0,0.0,0.0,17123.09,0.0,0.0,7_C,1610.4699999999998,0.0,,1,0,0,1
1484,Manda Retail,General Trade,11,9,56,Coimbatore,B,5734.650000000001,4.0,1433.6625000000001,9442.94,4.0,-0.3927050261888776,0.0,3708.29,0.0,2025-12-29,2,30.0,5.0,14.0,1.0,0.0,23.0,0.0,0.23333333333333334,195.0,0.0,213.05641025641026,0.0,5734.650000000001,39102.08,14.665843863037468,5734.650000000001,11_B,5734.650000000001,1.0,0.0,0,1,0,1
1485,Talwar Traders,Supermarket,1,17,23,Delhi,C,272.03,1.0,272.03,0.0,0.0,,,-272.03,-1.0,2025-12-13,18,6.0,5.0,6.0,5.0,2.0,23.0,0.4,1.1666666666666667,0.0,0.0,0.0,0.0,272.03,16194.77,1.679739817237293,54.40599999999999,1_C,1475.75,0.18433338980179567,,0,0,0,1
1486,Singhal General Store,Modern Trade,4,1,25,Ranchi,B,10495.470000000001,2.0,5247.735000000001,2451.53,1.0,3.281191745562975,1.0,-8043.9400000000005,-1.0,2025-12-18,13,23.0,5.0,13.0,1.0,1.0,39.0,1.0,0.23333333333333334,0.0,0.0,0.0,0.0,10495.470000000001,43678.05,24.02916338984914,10495.470000000001,4_B,5210.49,2.0142961602459657,3.472443674173928,0,0,0,1
1487,Mangal Retail,Supermarket,8,36,76,Patna,B,1170.81,1.0,1170.81,18922.399999999998,4.0,-0.9381257134401555,-0.75,17751.589999999997,3.0,2025-12-21,10,19.0,5.0,10.0,1.0,1.0,28.0,1.0,0.23333333333333334,0.0,0.0,0.0,0.0,1170.81,33762.82,3.467749435621787,1170.81,8_B,5652.47,0.20713245713820683,-0.7575173964502538,0,1,0,1
1488,Yadav Traders,General Trade,6,25,5,Ahmedabad,C,4081.97,2.0,2040.985,0.0,0.0,,,-4081.97,-2.0,2025-12-05,26,7.0,4.0,5.0,1.0,0.0,24.0,0.0,0.23333333333333334,0.0,0.0,0.0,0.0,4081.97,17717.93,23.03863938959009,4081.97,6_C,1535.8200000000002,2.657844018179213,,0,0,0,1
1489,Anand General Store,Pharmacy,4,7,81,Kolkata,C,738.66,1.0,738.66,0.0,0.0,,,-738.66,-1.0,2025-12-14,17,7.0,5.0,6.0,0.0,0.0,0.0,0.0,0.0,0.0,0.0,0.0,0.0,738.66,18483.09,3.996409691236692,0.0,4_C,1263.49,0.5846187939754173,,0,0,0,1
1490,Chokshi Supermarket,General Trade,1,17,23,Lucknow,C,0.0,0.0,0.0,0.0,0.0,,,0.0,0.0,2025-10-20,72,10.0,4.0,7.0,2.0,1.0,16.0,0.5,0.4666666666666667,0.0,0.0,0.0,0.0,0.0,17279.09,0.0,0.0,1_C,1475.75,0.0,,1,0,0,1
1491,Sankar Mart,General Trade,3,18,91,Chennai,C,9404.05,5.0,1880.81,7249.52,4.0,0.2971962281640714,0.25,-2154.529999999999,-1.0,2025-12-30,1,33.0,5.0,14.0,0.0,0.0,0.0,0.0,0.0,0.0,0.0,0.0,0.0,9404.05,18970.81,49.57115695112649,0.0,3_C,1975.87,4.759447736946257,0.6543780182526184,0,0,0,1
1492,Desai Supermarket,Supermarket,7,28,57,Bengaluru,B,7503.07,3.0,2501.023333333333,2236.66,2.0,2.354586749885991,0.5,-5266.41,-1.0,2025-12-24,7,10.0,4.0,7.0,1.0,0.0,23.0,0.0,0.23333333333333334,0.0,0.0,0.0,0.0,7503.07,37948.53,19.77170130173685,7503.07,7_B,6107.09,1.228583498851335,2.574514772658907,0,0,0,1
1493,Lalla Retail,Modern Trade,9,3,95,Delhi,B,5618.139999999999,2.0,2809.0699999999997,5180.76,3.0,0.0844239069171317,-0.3333333333333333,-437.3799999999992,1.0,2025-12-30,1,28.0,5.0,11.0,1.0,0.0,28.0,0.0,0.23333333333333334,0.0,0.0,0.0,0.0,5618.139999999999,42648.01,13.173275845695965,5618.139999999999,9_B,5894.43,0.9531269350895675,0.2595701823214996,0,0,0,1
1494,Pau Traders,Pharmacy,3,18,67,Bengaluru,C,0.0,0.0,0.0,10514.98,4.0,-1.0,-1.0,10514.98,4.0,2025-11-29,32,29.0,5.0,12.0,1.0,1.0,42.0,1.0,0.23333333333333334,0.0,0.0,0.0,0.0,0.0,21703.14,0.0,0.0,3_C,1975.87,0.0,-0.6428182099114529,1,1,0,1
1495,Rau Retail,General Trade,4,1,25,Guwahati,A,1775.29,2.0,887.645,20343.64,5.0,-0.9127348891348843,-0.6,18568.35,3.0,2025-12-15,16,39.0,5.0,13.0,3.0,2.0,12.666666666666666,0.6666666666666666,0.7000000000000001,0.0,0.0,0.0,0.0,1775.29,71925.29,2.46824169912975,591.7633333333333,4_A,22237.399999999998,0.07983352370331065,-0.9816351320808695,0,1,0,1
1496,Pau General Store,Supermarket,4,7,26,Guwahati,B,5518.82,1.0,5518.82,6190.8,3.0,-0.10854493764941534,-0.6666666666666666,671.9800000000005,2.0,2025-12-31,0,15.0,5.0,11.0,1.0,1.0,36.0,1.0,0.23333333333333334,0.0,0.0,0.0,0.0,5518.82,36191.13,15.249095565681426,5518.82,4_B,5210.49,1.059174856875265,0.08270699096153772,0,0,0,1
1497,Bath General Store,Convenience,4,2,60,Guwahati,C,3012.42,3.0,1004.14,6585.65,3.0,-0.5425781813488417,0.0,3573.2299999999996,0.0,2025-12-31,0,20.0,5.0,13.0,0.0,0.0,0.0,0.0,0.0,0.0,0.0,0.0,0.0,3012.42,21444.68,14.047400101097335,0.0,4_C,1263.49,2.3842056525971715,0.10583607502899817,0,1,0,1
1498,Rattan Supermarket,General Trade,7,28,24,Bengaluru,A,4647.22,2.0,2323.61,24029.51,4.0,-0.8066036302862605,-0.5,19382.289999999997,2.0,2025-12-31,0,19.0,5.0,9.0,2.0,2.0,34.0,1.0,0.4666666666666667,0.0,0.0,0.0,0.0,4647.22,57839.3,8.034709963640639,2323.61,7_A,22880.32,0.2031099215395589,-0.802617314504618,0,1,0,1
1499,Behl Mart,Supermarket,5,33,82,Chandigarh,B,28147.04,5.0,5629.408,1450.6200000000001,3.0,18.403455074381988,0.6666666666666666,-26696.420000000002,-2.0,2025-12-25,6,29.0,5.0,14.0,3.0,1.0,22.0,0.3333333333333333,0.7000000000000001,195.0,0.0,193.3025641025641,0.0,28147.04,36710.7,76.67257774981137,9382.346666666666,5_B,6391.82,4.403603355538799,18.75617168195156,0,0,0,1
1500,Hayer Traders,Supermarket,4,13,96,Bhubaneswar,B,0.0,0.0,0.0,0.0,0.0,,,0.0,0.0,2025-10-14,78,18.0,5.0,10.0,4.0,2.0,21.0,0.5,0.9333333333333333,0.0,0.0,0.0,0.0,0.0,38951.88,0.0,0.0,4_B,5210.49,0.0,,1,0,0,1
1501,Patil Retail,Modern Trade,12,19,53,Bhubaneswar,C,0.0,0.0,0.0,3228.57,1.0,-1.0,-1.0,3228.57,1.0,2025-11-29,32,12.0,5.0,9.0,0.0,0.0,0.0,0.0,0.0,0.0,0.0,0.0,0.0,0.0,19918.46,0.0,0.0,12_C,1525.54,0.0,-0.41156482455115484,1,1,0,1
1502,Mani Supermarket,Supermarket,8,14,34,Kolkata,B,3292.58,2.0,1646.29,0.0,0.0,,,-3292.58,-2.0,2025-12-25,6,15.0,5.0,10.0,0.0,0.0,0.0,0.0,0.0,0.0,0.0,0.0,0.0,3292.58,35939.2,9.161528359006322,0.0,8_B,5652.47,0.5825028704265568,,0,0,0,1
1503,Borah Supermarket,Pharmacy,4,7,81,Bhubaneswar,A,50269.25,7.0,7181.321428571428,11964.7,2.0,3.2014634717126214,2.5,-38304.55,-5.0,2025-12-30,1,44.0,5.0,15.0,5.0,2.0,21.4,0.4,1.1666666666666667,0.0,0.0,0.0,0.0,50269.25,57075.2,88.07546885512447,10053.85,4_A,22237.399999999998,2.2605722791333522,3.132563228766636,0,0,0,0
1504,Raju Supermarket,Convenience,6,21,45,Ahmedabad,B,0.0,0.0,0.0,3612.44,1.0,-1.0,-1.0,3612.44,1.0,2025-11-03,58,8.0,3.0,5.0,1.0,0.0,16.0,0.0,0.23333333333333334,195.0,0.0,206.34358974358975,0.0,0.0,43011.39,0.0,0.0,6_B,5118.745000000001,0.0,-0.7307109392783893,1,1,0,1
1505,Thaman Traders,Supermarket,12,35,66,Bhubaneswar,B,654.52,1.0,654.52,2484.65,1.0,-0.736574567846578,0.0,1830.13,0.0,2025-12-13,18,12.0,5.0,9.0,0.0,0.0,0.0,0.0,0.0,0.0,0.0,0.0,0.0,654.52,33219.46,1.970290907799224,0.0,12_B,6060.66,0.10799483884593428,-0.6354541895488046,0,1,0,1
1506,Seshadri Traders,Convenience,4,7,81,Bhubaneswar,B,5967.42,2.0,2983.71,8153.049999999999,3.0,-0.26807513752522055,-0.3333333333333333,2185.629999999999,1.0,2025-12-15,16,24.0,5.0,12.0,0.0,0.0,0.0,0.0,0.0,0.0,0.0,0.0,0.0,5967.42,40706.58,14.659595573983369,0.0,4_B,5210.49,1.1452704064301056,-0.0768232089142675,0,1,0,1
1507,Mammen General Store,Supermarket,8,36,76,Kolkata,B,16141.25,4.0,4035.3125,12489.060000000001,3.0,0.29243113572999074,0.3333333333333333,-3652.1899999999987,-1.0,2025-12-17,14,40.0,5.0,15.0,2.0,1.0,21.5,0.5,0.4666666666666667,0.0,0.0,0.0,0.0,16141.25,33161.67,48.674418387252516,8070.625,8_B,5652.47,2.8556100253517487,0.4730394527198924,0,0,0,1
1508,Dani General Store,Modern Trade,12,35,61,Patna,B,8739.51,3.0,2913.17,7581.349999999999,3.0,0.15276434935730454,0.0,-1158.1600000000008,0.0,2025-12-20,11,29.0,5.0,14.0,2.0,1.0,21.0,0.5,0.4666666666666667,0.0,0.0,0.0,0.0,8739.51,38294.74,22.821698228007296,4369.755,12_B,6060.66,1.4420063161437864,0.25388472765507797,0,0,0,1
1509,Dave Traders,Convenience,8,36,70,Bhubaneswar,C,9078.18,4.0,2269.545,0.0,0.0,,,-9078.18,-4.0,2025-12-18,13,12.0,5.0,8.0,1.0,1.0,29.0,1.0,0.23333333333333334,195.0,0.0,286.02564102564105,0.0,9078.18,16724.31,54.28134254866119,9078.18,8_C,1474.47,6.156910618730798,,0,0,0,1
1510,Chatterjee Mart,Supermarket,10,15,94,Surat,B,10246.91,3.0,3415.6366666666668,3174.54,2.0,2.227840884033592,0.5,-7072.37,-1.0,2025-12-24,7,18.0,5.0,12.0,7.0,2.0,21.571428571428573,0.2857142857142857,1.6333333333333333,0.0,0.0,0.0,0.0,10246.91,39960.37,25.642680485691194,1463.8442857142857,10_B,6269.79,1.6343306554127013,2.4027514640362417,0,0,0,1
1511,Ramesh Mart,Convenience,12,8,87,Ranchi,B,1369.66,1.0,1369.66,5635.73,2.0,-0.7569684850054917,-0.5,4266.07,1.0,2025-12-04,27,16.0,5.0,9.0,2.0,1.0,13.0,0.5,0.4666666666666667,0.0,0.0,0.0,0.0,1369.66,34841.59,3.931106473613863,684.83,12_B,6060.66,0.22599188867219083,-0.6558481067077183,0,1,0,1
1512,Prakash Mart,Convenience,6,31,74,Surat,C,0.0,0.0,0.0,1943.3,1.0,-1.0,-1.0,1943.3,1.0,2025-11-18,43,12.0,4.0,9.0,2.0,2.0,27.0,1.0,0.4666666666666667,0.0,0.0,0.0,0.0,0.0,16845.62,0.0,0.0,6_C,1535.8200000000002,0.0,-0.49011665985164743,1,1,0,1
1513,Nori Supermarket,Modern Trade,5,33,90,Ludhiana,A,13180.68,2.0,6590.34,44023.36,6.0,-0.7005980461282374,-0.6666666666666666,30842.68,4.0,2025-12-31,0,37.0,5.0,15.0,3.0,3.0,31.0,1.0,0.7000000000000001,0.0,0.0,0.0,0.0,13180.68,60697.46,21.7153732627362,4393.56,5_A,23936.755,0.5506460671047516,-0.7013570181145239,0,1,0,1
1514,Pau Mart,Supermarket,4,13,12,Patna,C,1533.16,1.0,1533.16,0.0,0.0,,,-1533.16,-1.0,2025-12-15,16,3.0,3.0,3.0,2.0,2.0,24.0,1.0,0.4666666666666667,0.0,0.0,0.0,0.0,1533.16,21282.77,7.20376154043858,766.58,4_C,1263.49,1.213432635003047,,0,0,0,1
1515,Dhawan Mart,Supermarket,9,11,85,Jaipur,B,3371.0,1.0,3371.0,14721.67,2.0,-0.7710178261026093,-0.5,11350.67,1.0,2025-12-11,20,28.0,5.0,14.0,1.0,1.0,19.0,1.0,0.23333333333333334,0.0,0.0,0.0,0.0,11325.630000000001,37856.59,29.91719539451388,3371.0,9_B,5894.43,0.5718958406495623,-0.5958715506982414,0,1,0,1
1516,Issac Mart,Convenience,11,9,56,Bengaluru,C,4873.5599999999995,2.0,2436.7799999999997,2858.36,1.0,0.7050196616241479,1.0,-2015.1999999999994,-1.0,2025-12-22,9,26.0,5.0,13.0,1.0,0.0,29.0,0.0,0.23333333333333334,0.0,0.0,0.0,0.0,4873.5599999999995,16286.22,29.924439188467307,4873.5599999999995,11_C,2316.54,2.103809992488798,0.6429105955902435,0,0,0,1
1517,Upadhyay Supermarket,Pharmacy,10,4,21,Ahmedabad,A,16868.99,3.0,5622.996666666667,24545.12,5.0,-0.3127354846910505,-0.4,7676.129999999997,2.0,2025-12-27,4,28.0,5.0,13.0,3.0,3.0,24.0,1.0,0.7000000000000001,0.0,0.0,0.0,0.0,21782.32,65224.99,33.395666292934656,5622.996666666667,10_A,24727.44,0.6821971866072671,-0.47093578535264397,0,1,0,1
1518,Ratti General Store,Pharmacy,1,17,49,Lucknow,C,0.0,0.0,0.0,892.6,1.0,-1.0,-1.0,892.6,1.0,2025-11-09,52,6.0,3.0,5.0,0.0,0.0,0.0,0.0,0.0,0.0,0.0,0.0,0.0,0.0,19633.54,0.0,0.0,1_C,1475.75,0.0,-0.3734276773884362,1,1,0,1
1519,Tella Traders,Convenience,1,5,52,Chandigarh,C,1259.78,1.0,1259.78,0.0,0.0,,,-1259.78,-1.0,2025-12-23,8,12.0,5.0,10.0,3.0,1.0,28.333333333333332,0.3333333333333333,0.7000000000000001,0.0,0.0,0.0,0.0,1259.78,18042.17,6.982419520490052,419.9266666666667,1_C,1475.75,0.8536540741995595,,0,0,0,1
1520,Baria Supermarket,Modern Trade,6,25,86,Nashik,A,13648.380000000001,3.0,4549.46,23737.28,4.0,-0.42502342307121954,-0.25,10088.899999999998,1.0,2025-12-28,3,28.0,5.0,11.0,5.0,3.0,28.0,0.6,1.1666666666666667,0.0,0.0,0.0,0.0,13648.380000000001,67307.82,20.277554673439134,2729.6760000000004,6_A,21985.86,0.6207799012638123,-0.5004229288415479,0,1,0,1
1521,Bath Traders,General Trade,6,25,65,Mumbai,C,1835.91,1.0,1835.91,2689.82,1.0,-0.31745990438021876,0.0,853.9100000000001,0.0,2025-12-18,13,9.0,4.0,6.0,1.0,1.0,16.0,1.0,0.23333333333333334,0.0,0.0,0.0,0.0,1835.91,19228.4,9.547908302302844,1835.91,6_C,1535.8200000000002,1.1953939914833769,0.1924234357681338,0,1,0,1
1522,Barad General Store,Supermarket,10,4,6,Pune,B,9779.97,2.0,4889.985,5686.57,1.0,0.7198363864332981,1.0,-4093.3999999999996,-1.0,2025-12-11,20,18.0,5.0,14.0,4.0,2.0,24.5,0.5,0.9333333333333333,0.0,0.0,0.0,0.0,9779.97,35090.44,27.870753401781222,2444.9925,10_B,6269.79,1.5598560717344598,0.8947469664359475,0,0,0,1
1523,Devan Traders,General Trade,2,29,37,Ahmedabad,B,0.0,0.0,0.0,9057.49,2.0,-1.0,-1.0,9057.49,2.0,2025-11-02,59,17.0,5.0,11.0,3.0,2.0,19.0,0.6666666666666666,0.7000000000000001,0.0,0.0,0.0,0.0,0.0,40930.71,0.0,0.0,2_B,7635.110000000001,0.0,-1.175767645680604,1,1,0,1
1524,Nath General Store,Pharmacy,10,4,21,Surat,C,1356.75,1.0,1356.75,3145.59,2.0,-0.5686818689021773,-0.5,1788.8400000000001,1.0,2025-12-30,1,10.0,4.0,8.0,3.0,2.0,22.0,0.6666666666666666,0.7000000000000001,0.0,0.0,0.0,0.0,1356.75,17545.47,7.732765209481421,452.25,10_C,1784.86,0.760143652723463,-0.39144717214419833,0,1,0,1
1525,Som General Store,Modern Trade,7,20,84,Kochi,C,0.0,0.0,0.0,3280.6800000000003,2.0,-1.0,-1.0,3280.6800000000003,2.0,2025-11-19,42,6.0,4.0,6.0,5.0,4.0,27.6,0.8,1.1666666666666667,0.0,0.0,0.0,0.0,0.0,16989.16,0.0,0.0,7_C,1610.4699999999998,0.0,-0.5522856147365374,1,1,0,1
1526,Venkataraman Traders,Pharmacy,3,23,88,Kochi,A,26564.739999999998,4.0,6641.1849999999995,39825.28,5.0,-0.3329679038038151,-0.2,13260.54,1.0,2025-12-23,8,36.0,5.0,14.0,2.0,1.0,27.0,0.5,0.4666666666666667,0.0,0.0,0.0,0.0,26564.739999999998,66385.33,40.01597943401049,13282.369999999999,3_A,19782.739999999998,1.3428240981785131,-0.3835757497762783,0,1,0,1
1527,Shan Traders,Convenience,9,3,95,Delhi,C,5044.27,2.0,2522.135,2227.08,2.0,1.2649702749788965,0.0,-2817.1900000000005,0.0,2025-12-30,1,10.0,5.0,8.0,3.0,3.0,25.666666666666668,1.0,0.7000000000000001,195.0,0.0,283.81538461538463,0.0,6987.869999999999,18537.1,37.696673158153104,1681.4233333333334,9_C,1106.01,4.560781548087269,1.7598666768617717,0,0,0,1
1528,Dixit Mart,Pharmacy,8,14,69,Patna,A,13815.76,3.0,4605.253333333333,27277.66,3.0,-0.49351373981492547,0.0,13461.9,0.0,2025-12-26,5,26.0,5.0,13.0,2.0,1.0,35.0,0.5,0.4666666666666667,0.0,0.0,0.0,0.0,22803.33,67667.85,33.69891314708536,6907.88,8_A,21023.8,0.6571485649597124,-0.47485815792068575,0,1,0,1
1529,Varma Supermarket,Supermarket,3,18,11,Chennai,A,19057.66,4.0,4764.415,21718.09,3.0,-0.12249834124455697,0.3333333333333333,2660.4300000000003,-1.0,2025-12-12,19,35.0,5.0,13.0,2.0,2.0,33.5,1.0,0.4666666666666667,0.0,0.0,0.0,0.0,19057.66,58749.12,32.439056108414896,9528.83,3_A,19782.739999999998,0.963347847669231,-0.17310618721702015,0,0,0,1
1530,Dey General Store,General Trade,11,9,56,Bengaluru,B,0.0,0.0,0.0,2881.84,1.0,-1.0,-1.0,2881.84,1.0,2025-11-04,57,28.0,5.0,11.0,0.0,0.0,0.0,0.0,0.0,0.0,0.0,0.0,0.0,0.0,42742.86,0.0,0.0,11_B,5734.650000000001,0.0,-0.6072949738111224,1,1,0,1
1531,Narang Retail,Supermarket,1,17,77,Chandigarh,B,5522.64,2.0,2761.32,7839.360000000001,2.0,-0.2955241244183199,0.0,2316.7200000000003,0.0,2025-12-23,8,24.0,5.0,13.0,1.0,0.0,9.0,0.0,0.23333333333333334,0.0,0.0,0.0,0.0,5522.64,36271.41,15.225876247987049,5522.64,1_B,5467.655000000001,1.010056413581325,-0.29347688617682083,0,1,0,1
1532,Nagar General Store,Pharmacy,1,17,23,Chandigarh,B,3742.2,2.0,1871.1,3614.42,2.0,0.035352836693023984,0.0,-127.77999999999975,0.0,2025-12-08,23,18.0,5.0,10.0,2.0,2.0,26.0,1.0,0.4666666666666667,0.0,0.0,0.0,0.0,3742.2,41761.31,8.960925794712859,1871.1,1_B,5467.655000000001,0.684425041448299,0.03740007493452302,0,0,0,1
1533,Gaba Supermarket,Pharmacy,12,8,15,Patna,C,0.0,0.0,0.0,0.0,0.0,,,0.0,0.0,2025-10-31,61,9.0,4.0,6.0,2.0,0.0,29.5,0.0,0.4666666666666667,0.0,0.0,0.0,0.0,0.0,17503.61,0.0,0.0,12_C,1525.54,0.0,,1,0,0,1
1534,Ramaswamy Traders,Supermarket,5,22,17,Jaipur,C,0.0,0.0,0.0,0.0,0.0,,,0.0,0.0,2025-10-30,62,6.0,4.0,4.0,0.0,0.0,0.0,0.0,0.0,0.0,0.0,0.0,0.0,0.0,16427.83,0.0,0.0,5_C,1965.2,0.0,,1,0,0,1
1535,Mistry General Store,General Trade,4,1,32,Guwahati,C,3116.09,2.0,1558.045,0.0,0.0,,,-3116.09,-2.0,2025-12-27,4,14.0,5.0,11.0,1.0,0.0,16.0,0.0,0.23333333333333334,0.0,0.0,0.0,0.0,3116.09,19738.45,15.786903226950443,3116.09,4_C,1263.49,2.4662561634836844,,0,0,0,1
1536,Nayar General Store,Supermarket,9,3,93,Delhi,B,6015.950000000001,2.0,3007.9750000000004,2894.67,2.0,1.0782852622233279,0.0,-3121.2800000000007,0.0,2025-12-29,2,22.0,5.0,10.0,0.0,0.0,0.0,0.0,0.0,0.0,0.0,0.0,0.0,6015.950000000001,33298.86,18.066534409886707,0.0,9_B,5894.43,1.0206160731402358,1.2534315376276957,0,0,0,1
1537,Tripathi Retail,General Trade,1,5,52,Delhi,A,41312.56,6.0,6885.426666666666,36625.35,5.0,0.1279772070437552,0.2,-4687.209999999999,-1.0,2025-12-31,0,45.0,5.0,14.0,1.0,1.0,23.0,1.0,0.23333333333333334,0.0,0.0,0.0,0.0,41312.56,63270.85,65.29477634645338,41312.56,1_A,22934.37,1.801338340665124,0.03964473284129373,0,0,0,1
1538,Upadhyay Retail,Convenience,4,1,25,Guwahati,B,8082.37,2.0,4041.185,10379.63,2.0,-0.221323881487105,0.0,2297.2599999999993,0.0,2025-12-23,8,20.0,5.0,13.0,3.0,3.0,24.333333333333332,1.0,0.7000000000000001,195.0,0.0,206.43589743589743,0.0,8082.37,34639.08,23.333096606491857,2694.1233333333334,4_B,5210.49,1.5511727303957978,-0.03007195287615194,0,1,0,1
1539,Walia Traders,Modern Trade,3,18,89,Bengaluru,B,0.0,0.0,0.0,1549.95,1.0,-1.0,-1.0,1549.95,1.0,2025-11-04,57,6.0,4.0,5.0,0.0,0.0,0.0,0.0,0.0,0.0,0.0,0.0,0.0,0.0,40147.84,0.0,0.0,3_B,5507.8,0.0,-0.760649070703225,1,1,0,1
1540,Suri Supermarket,Pharmacy,12,19,36,Guwahati,C,5497.53,1.0,5497.53,4442.93,3.0,0.237365882424436,-0.6666666666666666,-1054.5999999999995,2.0,2025-12-17,14,21.0,5.0,11.0,2.0,2.0,21.5,1.0,0.4666666666666667,0.0,0.0,0.0,0.0,9381.61,20010.94,46.88240532428762,2748.765,12_C,1525.54,3.6036616542339104,0.8258010578732812,0,0,0,1
1541,Mistry Traders,Modern Trade,4,7,1,Ranchi,B,0.0,0.0,0.0,5451.29,2.0,-1.0,-1.0,5451.29,2.0,2025-11-25,36,11.0,5.0,9.0,0.0,0.0,0.0,0.0,0.0,0.0,0.0,0.0,0.0,0.0,36705.78,0.0,0.0,4_B,5210.49,0.0,-0.8087480713890469,1,1,0,1
1542,Soman General Store,Supermarket,4,2,41,Kolkata,B,0.0,0.0,0.0,7599.209999999999,2.0,-1.0,-1.0,7599.209999999999,2.0,2025-11-15,46,11.0,4.0,7.0,2.0,2.0,35.5,1.0,0.4666666666666667,0.0,0.0,0.0,0.0,0.0,35390.57,0.0,0.0,4_B,5210.49,0.0,-0.8087480713890469,1,1,0,1
1543,Badal Supermarket,Supermarket,12,19,59,Guwahati,B,5420.52,3.0,1806.8400000000001,10815.68,3.0,-0.4988276280363324,0.0,5395.16,0.0,2025-12-28,3,27.0,5.0,13.0,0.0,0.0,0.0,0.0,0.0,0.0,0.0,0.0,0.0,5420.52,41445.73,13.078596999015337,0.0,12_B,6060.66,0.8943778400372238,-0.397707249738559,0,1,0,1
1544,Pillay Retail,Pharmacy,3,18,2,Hyderabad,B,5473.31,2.0,2736.655,538.15,1.0,9.170602991730933,1.0,-4935.160000000001,-1.0,2025-12-22,9,23.0,5.0,12.0,2.0,2.0,26.5,1.0,0.4666666666666667,195.0,0.0,208.15897435897435,0.0,5473.31,36328.65,15.066097969508915,2736.655,3_B,5507.8,0.9937379716039072,9.409953921027707,0,0,0,1
1545,Narula Traders,Supermarket,1,34,27,Ludhiana,C,401.04,1.0,401.04,0.0,0.0,,,-401.04,-1.0,2025-12-26,5,1.0,1.0,1.0,2.0,1.0,42.0,0.5,0.4666666666666667,0.0,0.0,0.0,0.0,401.04,17870.36,2.2441629603432727,200.52,1_C,1475.75,0.2717533457563951,,0,0,0,1
1546,Choudhary Retail,General Trade,3,18,11,Kochi,C,2196.13,1.0,2196.13,1020.49,1.0,1.152034806808494,0.0,-1175.64,0.0,2025-12-17,14,10.0,3.0,5.0,0.0,0.0,0.0,0.0,0.0,195.0,0.0,298.3897435897436,0.0,2196.13,19318.81,11.367832697769686,0.0,3_C,1975.87,1.1114749452140071,1.509216596897041,0,0,0,1
1547,Saha Traders,Pharmacy,4,1,39,Patna,C,0.0,0.0,0.0,8434.07,2.0,-1.0,-1.0,8434.07,2.0,2025-11-20,41,20.0,5.0,11.0,3.0,0.0,28.333333333333332,0.0,0.7000000000000001,0.0,0.0,0.0,0.0,0.0,17153.7,0.0,0.0,4_C,1263.49,0.0,-0.3515857436221601,1,1,0,1
1548,Morar Traders,General Trade,6,21,80,Ahmedabad,C,0.0,0.0,0.0,5338.63,2.0,-1.0,-1.0,5338.63,2.0,2025-11-23,38,9.0,4.0,7.0,1.0,1.0,39.0,1.0,0.23333333333333334,0.0,0.0,0.0,0.0,0.0,17206.51,0.0,0.0,6_C,1535.8200000000002,0.0,-0.49011665985164743,1,1,0,1
1549,Bala Mart,Pharmacy,5,16,31,Lucknow,C,3305.99,1.0,3305.99,2146.01,2.0,0.5405287021029722,-0.5,-1159.9799999999996,1.0,2025-12-31,0,8.0,5.0,7.0,1.0,1.0,35.0,1.0,0.23333333333333334,0.0,0.0,0.0,0.0,4049.9399999999996,16990.61,23.836342544499576,3305.99,5_C,1965.2,1.682266435986159,0.9874356799571073,0,0,0,1
1550,Som General Store,Convenience,5,33,51,Jaipur,B,2262.98,1.0,2262.98,10912.57,4.0,-0.7926263015953162,-0.75,8649.59,3.0,2025-12-21,10,20.0,5.0,11.0,1.0,0.0,42.0,0.0,0.23333333333333334,0.0,0.0,0.0,0.0,2262.98,42946.4,5.269312445280629,2262.98,5_B,6391.82,0.35404313638369045,-0.4399096940257453,0,1,0,1
1551,Lanka Mart,Pharmacy,5,22,71,Lucknow,B,11112.04,3.0,3704.013333333334,0.0,0.0,,,-11112.04,-3.0,2025-12-23,8,13.0,4.0,9.0,3.0,1.0,22.666666666666668,0.3333333333333333,0.7000000000000001,0.0,0.0,0.0,0.0,11112.04,39226.6,28.32781836814815,3704.013333333334,5_B,6391.82,1.7384782425037002,,0,0,0,1
1552,Kari Retail,Convenience,4,7,81,Kolkata,C,4496.52,1.0,4496.52,4767.280000000001,3.0,-0.05679548925173268,-0.6666666666666666,270.7600000000002,2.0,2025-12-21,10,20.0,5.0,10.0,2.0,0.0,23.5,0.0,0.4666666666666667,0.0,0.0,0.0,0.0,4496.52,18968.0,23.70582032897512,2248.26,4_C,1263.49,3.5588093297137298,0.5916187671261072,0,0,0,1
1553,Behl Traders,Modern Trade,12,10,64,Ranchi,B,4519.53,1.0,4519.53,10533.699999999999,5.0,-0.5709456316394049,-0.8,6014.169999999999,4.0,2025-12-22,9,37.0,5.0,13.0,1.0,0.0,31.0,0.0,0.23333333333333334,0.0,0.0,0.0,0.0,4519.53,43181.76,10.466294101954157,4519.53,12_B,6060.66,0.7457158131292632,-0.4698252533416315,0,1,0,1
1554,Srinivasan Traders,Modern Trade,4,7,1,Guwahati,C,0.0,0.0,0.0,2868.34,1.0,-1.0,-1.0,2868.34,1.0,2025-11-18,43,5.0,4.0,5.0,1.0,0.0,11.0,0.0,0.23333333333333334,0.0,0.0,0.0,0.0,0.0,17855.61,0.0,0.0,4_C,1263.49,0.0,-0.3515857436221601,1,1,0,1
1555,Garde Traders,Modern Trade,7,20,84,Kochi,C,1948.62,1.0,1948.62,3835.53,1.0,-0.4919554794252685,0.0,1886.9100000000003,0.0,2025-12-25,6,17.0,5.0,8.0,0.0,0.0,0.0,0.0,0.0,0.0,0.0,0.0,0.0,1948.62,19714.69,9.884101652118293,0.0,7_C,1610.4699999999998,1.2099697603805102,-0.04424109416180588,0,1,0,1
1556,Viswanathan General Store,Convenience,7,28,79,Coimbatore,B,9837.52,2.0,4918.76,0.0,0.0,,,-9837.52,-2.0,2025-12-16,15,16.0,5.0,8.0,1.0,1.0,39.0,1.0,0.23333333333333334,0.0,0.0,0.0,0.0,9837.52,33801.94,29.103418324510365,9837.52,7_B,6107.09,1.6108359300419677,,0,0,0,1
1557,Rai Supermarket,Pharmacy,5,16,42,Ludhiana,B,0.0,0.0,0.0,0.0,0.0,,,0.0,0.0,2025-10-24,68,12.0,4.0,9.0,3.0,2.0,20.0,0.6666666666666666,0.7000000000000001,0.0,0.0,0.0,0.0,0.0,37447.58,0.0,0.0,5_B,6391.82,0.0,,1,0,0,1
1558,Divan Traders,Convenience,4,13,96,Guwahati,C,3404.51,1.0,3404.51,2807.9,1.0,0.21247551550981164,0.0,-596.6100000000001,0.0,2025-12-10,21,11.0,4.0,9.0,2.0,0.0,17.0,0.0,0.4666666666666667,0.0,0.0,0.0,0.0,3404.51,19923.17,17.088194298397298,1702.255,4_C,1263.49,2.6945286468432674,0.8608897718876516,0,0,0,1
1559,Kibe Mart,Modern Trade,12,19,59,Patna,C,0.0,0.0,0.0,0.0,0.0,,,0.0,0.0,2025-09-30,92,0.0,0.0,0.0,4.0,2.0,27.5,0.5,0.9333333333333333,0.0,0.0,0.0,0.0,0.0,18864.61,0.0,0.0,12_C,1525.54,0.0,,1,0,0,1
1560,Balay General Store,Modern Trade,5,16,42,Jaipur,B,6679.759999999999,2.0,3339.8799999999997,0.0,0.0,,,-6679.759999999999,-2.0,2025-12-22,9,18.0,5.0,11.0,1.0,1.0,29.0,1.0,0.23333333333333334,0.0,0.0,0.0,0.0,6679.759999999999,38433.32,17.380127451908916,6679.759999999999,5_B,6391.82,1.0450482022334795,,0,0,0,1
1561,Choudhary Mart,Pharmacy,12,35,78,Ranchi,C,9118.26,4.0,2279.565,2899.51,1.0,2.1447589420281354,3.0,-6218.75,-3.0,2025-12-30,1,23.0,5.0,14.0,1.0,1.0,32.0,1.0,0.23333333333333334,0.0,0.0,0.0,0.0,9118.26,17502.74,52.09618608286474,9118.26,12_C,1525.54,5.977070414410635,2.7331941174769807,0,0,0,1
1562,Halder General Store,General Trade,10,32,43,Pune,B,9512.72,2.0,4756.36,3109.7200000000003,2.0,2.0590278224406053,0.0,-6402.999999999999,0.0,2025-12-15,16,32.0,5.0,14.0,2.0,2.0,18.0,1.0,0.4666666666666667,0.0,0.0,0.0,0.0,9512.72,37159.98,25.599367922157114,4756.36,10_B,6269.79,1.5172310396360962,2.233938402443255,0,0,0,1
1563,Bahl General Store,Pharmacy,3,18,67,Kochi,C,0.0,0.0,0.0,5818.610000000001,3.0,-1.0,-1.0,5818.610000000001,3.0,2025-11-27,34,10.0,4.0,8.0,2.0,1.0,40.0,0.5,0.4666666666666667,0.0,0.0,0.0,0.0,0.0,20745.03,0.0,0.0,3_C,1975.87,0.0,-0.6428182099114529,1,1,0,1
1564,Sastry Supermarket,General Trade,12,10,16,Guwahati,C,0.0,0.0,0.0,7086.93,2.0,-1.0,-1.0,7086.93,2.0,2025-11-13,48,11.0,5.0,9.0,1.0,1.0,13.0,1.0,0.23333333333333334,0.0,0.0,0.0,0.0,0.0,17299.61,0.0,0.0,12_C,1525.54,0.0,-0.41156482455115484,1,1,0,1
1565,Murthy General Store,Supermarket,2,26,38,Surat,C,6526.15,3.0,2175.383333333333,4879.35,3.0,0.3375039708157847,0.0,-1646.7999999999993,0.0,2025-12-13,18,18.0,5.0,11.0,0.0,0.0,0.0,0.0,0.0,0.0,0.0,0.0,0.0,6526.15,20442.73,31.924062979846624,0.0,2_C,1065.73,6.123642948964559,0.7713280362234014,0,0,0,1
1566,Sahota General Store,General Trade,7,20,84,Kochi,B,0.0,0.0,0.0,6382.4400000000005,2.0,-1.0,-1.0,6382.4400000000005,2.0,2025-11-24,37,18.0,5.0,10.0,1.0,0.0,35.0,0.0,0.23333333333333334,0.0,0.0,0.0,0.0,0.0,43484.81,0.0,0.0,7_B,6107.09,0.0,-0.780071977227084,1,1,0,1
1567,Doshi Retail,Pharmacy,8,14,97,Kolkata,C,1720.55,1.0,1720.55,1409.13,1.0,0.22100161092305168,0.0,-311.41999999999985,0.0,2025-12-05,26,6.0,3.0,4.0,1.0,0.0,34.0,0.0,0.23333333333333334,0.0,0.0,0.0,0.0,1720.55,20969.82,8.204886832600375,1720.55,8_C,1474.47,1.1668938669488018,0.7787462798522745,0,0,0,1
1568,Sachar Retail,General Trade,4,13,62,Bhubaneswar,B,12054.55,2.0,6027.275,3979.15,1.0,2.029428395511604,1.0,-8075.4,-1.0,2025-12-05,26,24.0,5.0,12.0,2.0,2.0,23.0,1.0,0.4666666666666667,0.0,0.0,0.0,0.0,12054.55,37116.75,32.47738554695656,6027.275,4_B,5210.49,2.3135156194522972,2.220680324122557,0,0,0,1
1569,Jani Traders,Supermarket,8,14,97,Patna,B,0.0,0.0,0.0,2290.5,1.0,-1.0,-1.0,2290.5,1.0,2025-11-19,42,15.0,5.0,10.0,1.0,0.0,19.0,0.0,0.23333333333333334,0.0,0.0,0.0,0.0,0.0,43317.68,0.0,0.0,8_B,5652.47,0.0,-0.8193916830100983,1,1,0,1
1570,Roy Mart,Modern Trade,12,19,36,Guwahati,A,0.0,0.0,0.0,8931.48,2.0,-1.0,-1.0,8931.48,2.0,2025-11-21,40,15.0,4.0,11.0,0.0,0.0,0.0,0.0,0.0,195.0,0.0,75.8051282051282,0.0,0.0,63865.8,0.0,0.0,12_A,24540.835,0.0,-1.1297215215999374,1,1,0,1
1571,Thaker Retail,Modern Trade,9,11,73,Chandigarh,C,0.0,0.0,0.0,815.1,1.0,-1.0,-1.0,815.1,1.0,2025-11-17,44,1.0,1.0,1.0,0.0,0.0,0.0,0.0,0.0,0.0,0.0,0.0,0.0,0.0,21772.28,0.0,0.0,9_C,1106.01,0.0,-0.5051035981171249,1,1,0,1
1572,Sinha Mart,Modern Trade,12,8,87,Patna,A,5408.87,3.0,1802.9566666666667,23018.02,3.0,-0.7650158441082249,0.0,17609.15,0.0,2025-12-27,4,23.0,5.0,12.0,2.0,0.0,15.0,0.0,0.4666666666666667,0.0,0.0,0.0,0.0,5408.87,70041.74,7.722352414431737,2704.435,12_A,24540.835,0.22040285100323603,-0.8947373657081624,0,1,0,1
1573,Bhatia Mart,Convenience,5,33,82,Jaipur,A,29214.579999999998,5.0,5842.915999999999,19555.559999999998,5.0,0.4939270468347622,0.0,-9659.02,0.0,2025-12-29,2,34.0,5.0,13.0,3.0,3.0,21.666666666666668,1.0,0.7000000000000001,0.0,0.0,0.0,0.0,29214.579999999998,73869.0,39.54917489068486,9738.193333333333,5_A,23936.755,1.2204904131742167,0.4931680748484757,0,0,0,1
1574,Devi Supermarket,Pharmacy,5,16,47,Ludhiana,C,0.0,0.0,0.0,0.0,0.0,,,0.0,0.0,2025-10-30,62,8.0,5.0,7.0,0.0,0.0,0.0,0.0,0.0,0.0,0.0,0.0,0.0,0.0,17587.29,0.0,0.0,5_C,1965.2,0.0,,1,0,0,1
1575,Venkataraman Supermarket,Supermarket,3,18,83,Chennai,C,1901.61,1.0,1901.61,7509.49,3.0,-0.7467724173013082,-0.6666666666666666,5607.88,2.0,2025-12-08,23,17.0,5.0,10.0,2.0,2.0,28.5,1.0,0.4666666666666667,0.0,0.0,0.0,0.0,1901.61,20902.38,9.09757644823221,950.805,3_C,1975.87,0.9624165557450642,-0.38959062721276105,0,1,0,1
1576,Johal Traders,Modern Trade,3,18,83,Chennai,C,0.0,0.0,0.0,0.0,0.0,,,0.0,0.0,2025-09-24,98,0.0,0.0,0.0,0.0,0.0,0.0,0.0,0.0,0.0,0.0,0.0,0.0,0.0,18558.88,0.0,0.0,3_C,1975.87,0.0,,1,0,0,1
1577,Nair Mart,Modern Trade,2,29,9,Ahmedabad,B,11542.64,3.0,3847.5466666666666,1672.12,1.0,5.9029973925316375,2.0,-9870.52,-2.0,2025-12-28,3,34.0,5.0,13.0,4.0,2.0,19.0,0.5,0.9333333333333333,0.0,0.0,0.0,0.0,11542.64,38585.93,29.914116363140657,2885.66,2_B,7635.110000000001,1.5117843750777655,5.727229746851034,0,0,0,1
1578,Sridhar Traders,Convenience,7,20,84,Chennai,B,6107.09,2.0,3053.545,9833.56,3.0,-0.3789543156293346,-0.3333333333333333,3726.4699999999993,1.0,2025-12-21,10,27.0,5.0,12.0,1.0,1.0,30.0,1.0,0.23333333333333334,0.0,0.0,0.0,0.0,6107.09,43273.09,14.112904809894559,6107.09,7_B,6107.09,1.0,-0.15902629285641862,0,1,0,1
1579,Vora General Store,Pharmacy,12,10,30,Bhubaneswar,B,4932.89,1.0,4932.89,7406.639999999999,2.0,-0.33399085145221036,-0.5,2473.749999999999,1.0,2025-12-18,13,26.0,5.0,13.0,4.0,1.0,22.5,0.25,0.9333333333333333,0.0,0.0,0.0,0.0,4932.89,34025.85,14.497477653019692,1233.2225,12_B,6060.66,0.8139196061155056,-0.23287047315443693,0,1,0,1
1580,Puri Supermarket,Convenience,2,29,9,Ahmedabad,C,0.0,0.0,0.0,2756.7,2.0,-1.0,-1.0,2756.7,2.0,2025-11-24,37,7.0,5.0,5.0,1.0,1.0,39.0,1.0,0.23333333333333334,195.0,0.0,287.5846153846154,0.0,0.0,20971.84,0.0,0.0,2_C,1065.73,0.0,-0.5661759345923834,1,1,0,1
1581,Murthy Mart,Supermarket,4,1,58,Guwahati,B,7550.96,3.0,2516.9866666666667,1670.23,4.0,3.520910293791873,-0.25,-5880.73,1.0,2025-12-29,2,15.0,5.0,11.0,2.0,1.0,21.5,0.5,0.4666666666666667,195.0,0.0,190.0,0.0,7550.96,43619.46,17.31098917776607,3775.48,4_B,5210.49,1.44918424178916,3.7121622224028257,0,0,0,1
1582,Ghose Traders,Modern Trade,4,1,32,Bhubaneswar,C,0.0,0.0,0.0,0.0,0.0,,,0.0,0.0,2025-10-30,62,2.0,2.0,2.0,2.0,0.0,21.0,0.0,0.4666666666666667,0.0,0.0,0.0,0.0,0.0,19460.41,0.0,0.0,4_C,1263.49,0.0,,1,0,0,1
1583,Sharaf General Store,Modern Trade,12,19,36,Kolkata,C,4507.62,3.0,1502.54,0.0,0.0,,,-4507.62,-3.0,2025-12-19,12,14.0,5.0,10.0,0.0,0.0,0.0,0.0,0.0,195.0,0.0,306.3948717948718,0.0,4507.62,19241.41,23.426661559625828,0.0,12_C,1525.54,2.954770114189074,,0,0,0,1
1584,Walia Traders,Pharmacy,4,1,32,Guwahati,C,0.0,0.0,0.0,760.17,1.0,-1.0,-1.0,760.17,1.0,2025-11-04,57,3.0,2.0,3.0,0.0,0.0,0.0,0.0,0.0,0.0,0.0,0.0,0.0,0.0,18980.67,0.0,0.0,4_C,1263.49,0.0,-0.3515857436221601,1,1,0,1
1585,Oommen General Store,Pharmacy,4,2,41,Kolkata,A,0.0,0.0,0.0,0.0,0.0,,,0.0,0.0,2025-10-28,64,8.0,4.0,7.0,4.0,1.0,24.5,0.25,0.9333333333333333,0.0,0.0,0.0,0.0,0.0,56686.46,0.0,0.0,4_A,22237.399999999998,0.0,,1,0,0,1
1586,Pandya Retail,Convenience,8,36,76,Bhubaneswar,C,0.0,0.0,0.0,0.0,0.0,,,0.0,0.0,2025-10-11,81,3.0,2.0,3.0,2.0,0.0,22.5,0.0,0.4666666666666667,0.0,0.0,0.0,0.0,0.0,21428.23,0.0,0.0,8_C,1474.47,0.0,,1,0,0,1
1587,Lalla Mart,Convenience,9,3,93,Lucknow,C,1259.04,1.0,1259.04,0.0,0.0,,,-1259.04,-1.0,2025-12-05,26,3.0,3.0,3.0,3.0,2.0,31.0,0.6666666666666666,0.7000000000000001,0.0,0.0,0.0,0.0,1259.04,21212.55,5.935354306766513,419.68,9_C,1106.01,1.1383622209564108,,0,0,0,1
1588,Sule Supermarket,Supermarket,4,7,1,Patna,C,2972.47,2.0,1486.235,0.0,0.0,,,-2972.47,-2.0,2025-12-24,7,11.0,5.0,8.0,0.0,0.0,0.0,0.0,0.0,0.0,0.0,0.0,0.0,2972.47,17490.68,16.994593692183493,0.0,4_C,1263.49,2.3525868823655114,,0,0,0,1
1589,Handa Retail,Supermarket,4,13,62,Guwahati,B,5723.82,3.0,1907.9399999999998,9122.9,2.0,-0.3725876640103476,0.5,3399.08,-1.0,2025-12-31,0,19.0,5.0,10.0,3.0,0.0,30.333333333333332,0.0,0.7000000000000001,0.0,0.0,0.0,0.0,5723.82,42643.01,13.422645352661549,1907.9399999999998,4_B,5210.49,1.0985185654324257,-0.18133573539939454,0,1,0,1
1590,Koshy Traders,General Trade,12,8,87,Guwahati,B,542.84,1.0,542.84,6680.59,2.0,-0.9187437037746666,-0.5,6137.75,1.0,2025-12-18,13,21.0,5.0,12.0,0.0,0.0,0.0,0.0,0.0,0.0,0.0,0.0,0.0,2458.38,36327.01,6.767361255440512,0.0,12_B,6060.66,0.08956780284655468,-0.8176233254768932,0,1,0,1
1591,Mallick Supermarket,Pharmacy,4,7,1,Patna,C,150.94,1.0,150.94,3781.01,1.0,-0.9600794496708551,0.0,3630.07,0.0,2025-12-03,28,6.0,4.0,6.0,1.0,1.0,34.0,1.0,0.23333333333333334,0.0,0.0,0.0,0.0,150.94,21720.66,0.694914427093836,150.94,4_C,1263.49,0.11946275791656444,-0.31166519329301523,0,1,0,1
1592,Misra Traders,Supermarket,12,8,87,Patna,A,6988.11,1.0,6988.11,26783.48,7.0,-0.7390887965268143,-0.8571428571428571,19795.37,6.0,2025-12-08,23,33.0,5.0,13.0,2.0,1.0,14.5,0.5,0.4666666666666667,0.0,0.0,0.0,0.0,6988.11,68061.73,10.267311747732537,3494.055,12_A,24540.835,0.28475436960478323,-0.8688103181267518,0,1,0,1
1593,Kar Mart,Supermarket,4,1,25,Kolkata,C,1621.42,1.0,1621.42,0.0,0.0,,,-1621.42,-1.0,2025-12-26,5,9.0,5.0,9.0,4.0,1.0,29.25,0.25,0.9333333333333333,0.0,0.0,0.0,0.0,1621.42,18443.12,8.791462615869767,405.355,4_C,1263.49,1.2832867691869347,,0,0,0,1
1594,Mishra Supermarket,Modern Trade,12,35,61,Kolkata,C,3396.16,1.0,3396.16,3722.2700000000004,2.0,-0.08761051723813709,-0.5,326.1100000000006,1.0,2025-12-03,28,17.0,5.0,12.0,2.0,1.0,36.0,0.5,0.4666666666666667,195.0,0.0,285.6461538461538,0.0,3396.16,19665.62,17.269529259692803,1698.08,12_C,1525.54,2.226201869501947,0.5008246582107081,0,0,0,1
1595,Mani Mart,Convenience,4,1,25,Ranchi,C,2113.77,1.0,2113.77,4817.57,3.0,-0.56123730428411,-0.6666666666666666,2703.7999999999997,2.0,2025-12-15,16,15.0,5.0,11.0,6.0,4.0,31.666666666666668,0.6666666666666666,1.4000000000000001,0.0,0.0,0.0,0.0,2113.77,21822.03,9.686404060483833,352.295,4_C,1263.49,1.6729614005651015,0.08717695209372989,0,1,0,1
1596,Johal Retail,Modern Trade,12,35,61,Guwahati,C,0.0,0.0,0.0,0.0,0.0,,,0.0,0.0,2025-08-31,122,0.0,0.0,0.0,4.0,2.0,26.5,0.5,0.9333333333333333,0.0,0.0,0.0,0.0,0.0,16151.18,0.0,0.0,12_C,1525.54,0.0,,1,0,0,1
1597,Suresh Retail,Supermarket,4,13,48,Bhubaneswar,B,2075.0,1.0,2075.0,4569.78,1.0,-0.5459300010066129,0.0,2494.7799999999997,0.0,2025-12-25,6,9.0,5.0,7.0,0.0,0.0,0.0,0.0,0.0,0.0,0.0,0.0,0.0,2075.0,34296.43,6.050192396118197,0.0,4_B,5210.49,0.3982350988102846,-0.35467807239565985,0,1,0,1
1598,Nadig Traders,General Trade,6,31,98,Surat,A,22042.36,3.0,7347.453333333334,8498.95,3.0,1.5935392019014112,0.0,-13543.41,0.0,2025-12-29,2,37.0,5.0,14.0,5.0,2.0,27.2,0.4,1.1666666666666667,0.0,0.0,0.0,0.0,22042.36,69629.76,31.656521579278746,4408.472,6_A,21985.86,1.0025698335202717,1.518139696131083,0,0,0,1
1599,Srinivasan Mart,Modern Trade,12,19,59,Patna,A,25644.78,4.0,6411.195,8518.77,3.0,2.0103853021034723,0.3333333333333333,-17126.01,-1.0,2025-12-31,0,31.0,5.0,13.0,0.0,0.0,0.0,0.0,0.0,0.0,0.0,0.0,0.0,25644.78,58067.11,44.16403709432069,0.0,12_A,24540.835,1.0449840031930453,1.8806637805035349,0,0,0,1
1600,Palla Traders,Supermarket,4,7,4,Patna,B,13701.16,4.0,3425.29,2341.34,1.0,4.851845524357846,3.0,-11359.82,-3.0,2025-12-25,6,19.0,5.0,9.0,2.0,2.0,19.0,1.0,0.4666666666666667,0.0,0.0,0.0,0.0,13701.16,32890.05,41.65746175515087,6850.58,4_B,5210.49,2.629533882609889,5.043097452968799,0,0,0,1
1601,Mahal Retail,General Trade,6,21,80,Nashik,B,5406.36,2.0,2703.18,5293.41,1.0,0.02133785215957196,1.0,-112.94999999999982,-1.0,2025-12-08,23,10.0,5.0,7.0,1.0,0.0,14.0,0.0,0.23333333333333334,0.0,0.0,0.0,0.0,5406.36,32643.64,16.561755980644318,5406.36,6_B,5118.745000000001,1.0561885774735797,0.2906269128811827,0,0,0,1
1602,Mani General Store,Pharmacy,9,3,93,Ludhiana,B,8994.61,2.0,4497.305,5420.2300000000005,2.0,0.6594517206834396,0.0,-3574.38,0.0,2025-12-26,5,15.0,5.0,9.0,3.0,2.0,23.333333333333332,0.6666666666666666,0.7000000000000001,0.0,0.0,0.0,0.0,8994.61,42801.49,21.01471233828542,2998.2033333333334,9_B,5894.43,1.5259507704731416,0.8345979960878075,0,0,0,1
1603,Dara Supermarket,Pharmacy,4,1,32,Patna,C,2215.37,1.0,2215.37,1886.25,2.0,0.17448376408217356,-0.5,-329.1199999999999,1.0,2025-12-13,18,10.0,4.0,6.0,1.0,0.0,25.0,0.0,0.23333333333333334,0.0,0.0,0.0,0.0,2215.37,16296.74,13.593945783021635,2215.37,4_C,1263.49,1.7533735921930524,0.8228980204600135,0,0,0,1
1604,Raghavan Retail,General Trade,12,19,36,Guwahati,B,18693.96,4.0,4673.49,9962.14,3.0,0.8765004306303666,0.3333333333333333,-8731.82,-1.0,2025-12-19,12,30.0,5.0,12.0,2.0,0.0,33.0,0.0,0.4666666666666667,0.0,0.0,0.0,0.0,18693.96,42341.74,44.150193166364915,9346.98,12_B,6060.66,3.0844759481640613,0.9776208089281401,0,0,0,1
1605,Rana Mart,Convenience,5,16,42,Lucknow,C,0.0,0.0,0.0,1099.64,1.0,-1.0,-1.0,1099.64,1.0,2025-11-02,59,10.0,5.0,7.0,0.0,0.0,0.0,0.0,0.0,0.0,0.0,0.0,0.0,0.0,18969.07,0.0,0.0,5_C,1965.2,0.0,-0.5530930221458649,1,1,0,1
1606,Pai Supermarket,Supermarket,7,28,57,Chennai,B,4018.62,1.0,4018.62,0.0,0.0,,,-4018.62,-1.0,2025-12-05,26,19.0,5.0,11.0,1.0,1.0,36.0,1.0,0.23333333333333334,0.0,0.0,0.0,0.0,4018.62,33932.11,11.84311850928221,4018.62,7_B,6107.09,0.6580253443129215,,0,0,0,1
1607,Dhingra Retail,Supermarket,12,8,18,Kolkata,C,4787.81,3.0,1595.9366666666667,0.0,0.0,,,-4787.81,-3.0,2025-12-24,7,12.0,5.0,9.0,3.0,1.0,22.666666666666668,0.3333333333333333,0.7000000000000001,0.0,0.0,0.0,0.0,4787.81,16688.0,28.690136625119848,1595.9366666666667,12_C,1525.54,3.138436225861007,,0,0,0,1
1608,Mannan Traders,Supermarket,7,28,24,Hyderabad,B,0.0,0.0,0.0,6480.77,3.0,-1.0,-1.0,6480.77,3.0,2025-11-28,33,12.0,5.0,7.0,1.0,1.0,32.0,1.0,0.23333333333333334,0.0,0.0,0.0,0.0,0.0,35000.98,0.0,0.0,7_B,6107.09,0.0,-0.780071977227084,1,1,0,1
1609,Basak General Store,Modern Trade,10,32,33,Nashik,C,3798.22,1.0,3798.22,0.0,0.0,,,-3798.22,-1.0,2025-12-06,25,12.0,5.0,10.0,4.0,2.0,28.25,0.5,0.9333333333333333,0.0,0.0,0.0,0.0,3798.22,20141.54,18.85764445022575,949.555,10_C,1784.86,2.128021245363782,,0,0,0,1
1610,Mani General Store,Convenience,10,32,63,Mumbai,C,1979.03,1.0,1979.03,0.0,0.0,,,-1979.03,-1.0,2025-12-10,21,11.0,4.0,8.0,0.0,0.0,0.0,0.0,0.0,0.0,0.0,0.0,0.0,1979.03,19443.25,10.178493821763336,0.0,10_C,1784.86,1.1087872438174422,,0,0,0,1
1611,Brar Traders,Supermarket,6,25,65,Ahmedabad,C,1777.68,2.0,888.84,1754.15,1.0,0.013413904170110864,1.0,-23.529999999999973,-1.0,2025-12-21,10,13.0,3.0,6.0,1.0,1.0,22.0,1.0,0.23333333333333334,195.0,0.0,301.1179487179487,0.0,1777.68,19564.53,9.08623922987161,1777.68,6_C,1535.8200000000002,1.1574793921162636,0.5232972443184635,0,0,0,1
1612,Pal General Store,Convenience,9,11,73,Delhi,C,0.0,0.0,0.0,0.0,0.0,,,0.0,0.0,2025-09-09,113,0.0,0.0,0.0,0.0,0.0,0.0,0.0,0.0,195.0,0.0,293.4102564102564,0.0,0.0,20412.88,0.0,0.0,9_C,1106.01,0.0,,1,0,0,1
1613,Sathe Mart,General Trade,6,31,74,Surat,C,2671.57,1.0,2671.57,0.0,0.0,,,-2671.57,-1.0,2025-12-09,22,7.0,5.0,6.0,2.0,2.0,27.0,1.0,0.4666666666666667,0.0,0.0,0.0,0.0,2671.57,18578.98,14.3795299849615,1335.785,6_C,1535.8200000000002,1.7395072339206417,,0,0,0,1
1614,Kunda Mart,Supermarket,4,2,60,Ranchi,C,10929.84,4.0,2732.46,459.53,1.0,22.784823624137704,3.0,-10470.31,-3.0,2025-12-28,3,11.0,5.0,7.0,1.0,0.0,16.0,0.0,0.23333333333333334,0.0,0.0,0.0,0.0,10929.84,18391.94,59.42733610483724,10929.84,4_C,1263.49,8.65051563526423,23.433237880515545,0,0,0,1
1615,Srinivas Traders,General Trade,12,19,59,Guwahati,C,2230.63,1.0,2230.63,6854.12,2.0,-0.6745563252467129,-0.5,4623.49,1.0,2025-12-05,26,20.0,5.0,11.0,1.0,1.0,14.0,1.0,0.23333333333333334,0.0,0.0,0.0,0.0,2230.63,20080.34,11.108527046852792,2230.63,12_C,1525.54,1.462190437484432,-0.08612114979786778,0,1,0,1
1616,Kala Retail,Pharmacy,12,8,50,Kolkata,A,22076.19,4.0,5519.0475,21014.28,5.0,0.05053278056635773,-0.2,-1061.9099999999999,1.0,2025-12-30,1,33.0,5.0,13.0,3.0,1.0,19.333333333333332,0.3333333333333333,0.7000000000000001,0.0,0.0,0.0,0.0,22076.19,56317.97,39.1991934368373,7358.73,12_A,24540.835,0.8995696356705059,-0.07918874103357981,0,0,0,1
1617,Jaggi Mart,Convenience,12,8,87,Patna,B,12138.900000000001,3.0,4046.3000000000006,9669.6,3.0,0.25536733680814105,0.0,-2469.300000000001,0.0,2025-12-17,14,37.0,5.0,14.0,0.0,0.0,0.0,0.0,0.0,0.0,0.0,0.0,0.0,12138.900000000001,39761.32,30.529419043432167,0.0,12_B,6060.66,2.002900674184,0.3564877151059145,0,0,0,1
1618,Yohannan Mart,Supermarket,3,23,20,Chennai,C,2581.11,1.0,2581.11,0.0,0.0,,,-2581.11,-1.0,2025-12-17,14,13.0,5.0,10.0,1.0,0.0,10.0,0.0,0.23333333333333334,0.0,0.0,0.0,0.0,2581.11,17376.01,14.85444587106016,2581.11,3_C,1975.87,1.306315698907317,,0,0,0,1
1619,Madan General Store,Supermarket,10,4,6,Pune,B,7989.42,2.0,3994.71,9718.97,3.0,-0.17795610028634715,-0.3333333333333333,1729.5499999999993,1.0,2025-12-18,13,30.0,5.0,12.0,5.0,1.0,25.4,0.2,1.1666666666666667,0.0,0.0,0.0,0.0,7989.42,37470.31,21.32200133919362,1597.884,10_B,6269.79,1.2742723440498007,-0.0030455202836976725,0,1,0,1
1620,Magar Traders,Supermarket,1,34,27,Jaipur,B,2366.89,1.0,2366.89,4324.37,1.0,-0.4526624687526738,0.0,1957.48,0.0,2025-12-18,13,20.0,5.0,13.0,0.0,0.0,0.0,0.0,0.0,0.0,0.0,0.0,0.0,2366.89,40600.36,5.829726632965816,0.0,1_B,5467.655000000001,0.4328894196872333,-0.45061523051117475,0,1,0,1
1621,Devan Traders,General Trade,4,7,4,Bhubaneswar,C,0.0,0.0,0.0,6404.91,4.0,-1.0,-1.0,6404.91,4.0,2025-11-23,38,12.0,4.0,7.0,0.0,0.0,0.0,0.0,0.0,0.0,0.0,0.0,0.0,0.0,16373.84,0.0,0.0,4_C,1263.49,0.0,-0.3515857436221601,1,1,0,1
1622,Chopra Traders,Pharmacy,4,13,96,Bhubaneswar,B,5985.78,2.0,2992.89,12705.11,3.0,-0.5288683057446965,-0.3333333333333333,6719.330000000001,1.0,2025-12-17,14,22.0,5.0,13.0,1.0,1.0,22.0,1.0,0.23333333333333334,0.0,0.0,0.0,0.0,5985.78,32328.44,18.51552379267295,5985.78,4_B,5210.49,1.1487940673525907,-0.3376163771337434,0,1,0,1
1623,Khatri Mart,Convenience,8,36,76,Kolkata,A,28581.21,6.0,4763.535,19909.32,4.0,0.43556937153051933,0.5,-8671.89,-2.0,2025-12-31,0,32.0,5.0,15.0,5.0,4.0,22.4,0.8,1.1666666666666667,195.0,0.0,49.758974358974356,0.0,30848.26,55574.2,55.50823943484566,5716.242,8_A,21023.8,1.359469268162749,0.45422495342475905,0,0,0,1
1624,Kibe Traders,Convenience,10,4,21,Pune,A,30316.67,4.0,7579.1675,25503.48,5.0,0.18872679336310177,-0.2,-4813.189999999999,1.0,2025-12-31,0,34.0,5.0,14.0,4.0,3.0,30.0,0.75,0.9333333333333333,0.0,0.0,0.0,0.0,30316.67,64149.67,47.259276626052795,7579.1675,10_A,24727.44,1.2260335077145066,0.030526492701508312,0,0,0,1
1625,Bedi Supermarket,Supermarket,4,1,25,Bhubaneswar,C,0.0,0.0,0.0,0.0,0.0,,,0.0,0.0,2025-10-04,88,4.0,3.0,4.0,3.0,2.0,32.0,0.6666666666666666,0.7000000000000001,0.0,0.0,0.0,0.0,0.0,18297.65,0.0,0.0,4_C,1263.49,0.0,,1,0,0,1
1626,Wali Traders,Pharmacy,1,17,3,Delhi,B,6105.92,1.0,6105.92,3730.23,2.0,0.6368749380065036,-0.5,-2375.69,1.0,2025-12-10,21,11.0,5.0,9.0,4.0,1.0,14.0,0.25,0.9333333333333333,195.0,0.0,223.71794871794873,0.0,6105.92,41720.19,14.63540794037611,1526.48,1_B,5467.655000000001,1.1167346879055096,0.6389221762480026,0,0,0,1
1627,Kara Retail,Modern Trade,2,29,40,Mumbai,B,5922.16,3.0,1974.0533333333333,5492.73,2.0,0.0781815235775289,0.5,-429.4300000000003,-1.0,2025-12-30,1,19.0,4.0,10.0,1.0,0.0,42.0,0.0,0.23333333333333334,0.0,0.0,0.0,0.0,5922.16,41506.59,14.26799937070234,5922.16,2_B,7635.110000000001,0.7756482879748948,-0.09758612210307509,0,0,0,1
1628,Kaul Retail,Supermarket,12,8,50,Ranchi,A,38464.619999999995,7.0,5494.945714285714,21386.120000000003,5.0,0.7985787043185014,0.4,-17078.499999999993,-2.0,2025-12-31,0,41.0,5.0,15.0,4.0,2.0,22.0,0.5,0.9333333333333333,0.0,0.0,0.0,0.0,38464.619999999995,59995.02,64.1130213807746,9616.154999999999,12_A,24540.835,1.5673720963447249,0.6688571827185639,0,0,0,1
1629,Ben Mart,Modern Trade,9,11,73,Delhi,A,28497.45,4.0,7124.3625,9729.060000000001,3.0,1.9291062034770057,0.3333333333333333,-18768.39,-1.0,2025-12-21,10,31.0,5.0,14.0,2.0,2.0,25.0,1.0,0.4666666666666667,0.0,0.0,0.0,0.0,28497.45,57345.44,49.69436105120128,14248.725,9_A,20504.7,1.3898008749213595,1.8190593550336864,0,0,0,1
1630,Chaudhry Retail,Supermarket,1,17,77,Jaipur,C,3026.3500000000004,2.0,1513.1750000000002,0.0,0.0,,,-3026.3500000000004,-2.0,2025-12-28,3,9.0,4.0,8.0,2.0,1.0,36.0,0.5,0.4666666666666667,0.0,0.0,0.0,0.0,3026.3500000000004,17368.02,17.424841749376156,1513.1750000000002,1_C,1475.75,2.050719972895138,,0,0,0,1
1631,Sachdev Mart,Modern Trade,1,17,23,Jaipur,C,3823.25,2.0,1911.625,327.95,1.0,10.658027138283275,1.0,-3495.3,-1.0,2025-12-27,4,10.0,4.0,7.0,2.0,1.0,33.0,0.5,0.4666666666666667,0.0,0.0,0.0,0.0,3823.25,18651.04,20.498856900205027,1911.625,1_C,1475.75,2.5907165847873963,11.284599460894839,0,0,0,1
1632,Narayanan Traders,Supermarket,4,7,4,Ranchi,B,8332.58,3.0,2777.5266666666666,2197.64,1.0,2.7916037203545625,2.0,-6134.9400000000005,-2.0,2025-12-25,6,20.0,5.0,11.0,6.0,2.0,28.0,0.3333333333333333,1.4000000000000001,0.0,0.0,0.0,0.0,8332.58,36306.99,22.950346475981622,1388.7633333333333,4_B,5210.49,1.599193166093784,2.9828556489655154,0,0,0,1
1633,Sodhi Traders,General Trade,4,7,4,Kolkata,B,16189.34,4.0,4047.335,2309.35,1.0,6.010344902245221,3.0,-13879.99,-3.0,2025-12-13,18,33.0,5.0,13.0,1.0,0.0,34.0,0.0,0.23333333333333334,0.0,0.0,0.0,0.0,16189.34,36536.35,44.310228033177914,16189.34,4_B,5210.49,3.107066705818455,6.2015968308561735,0,0,0,1
1634,Chaudhry Supermarket,Convenience,10,4,6,Nashik,B,3116.94,3.0,1038.98,12582.66,5.0,-0.7522829036149749,-0.4,9465.72,2.0,2025-12-30,1,25.0,5.0,13.0,1.0,0.0,22.0,0.0,0.23333333333333334,0.0,0.0,0.0,0.0,5181.29,38461.38,13.471409502207148,3116.94,10_B,6269.79,0.49713626772188546,-0.5773723236123254,0,1,0,1
1635,Devan General Store,General Trade,6,21,29,Mumbai,B,1831.2,1.0,1831.2,3169.75,3.0,-0.42228882403975077,-0.6666666666666666,1338.55,2.0,2025-12-22,9,15.0,5.0,10.0,2.0,2.0,17.5,1.0,0.4666666666666667,195.0,0.0,198.9128205128205,0.0,1831.2,38214.27,4.791927204156981,915.6,6_B,5118.745000000001,0.35774393918821895,-0.15299976331814003,0,1,0,1
1636,Ahluwalia Supermarket,General Trade,8,14,69,Ranchi,A,31575.829999999998,5.0,6315.165999999999,32335.48,4.0,-0.02349277017072273,0.25,759.6500000000015,-1.0,2025-12-26,5,36.0,5.0,15.0,2.0,1.0,24.0,0.5,0.4666666666666667,0.0,0.0,0.0,0.0,31575.829999999998,66498.18,47.483750683101405,15787.914999999999,8_A,21023.8,1.501908789086654,-0.004837188276483013,0,0,0,1
1637,Dugar Retail,Convenience,5,22,17,Chandigarh,C,5325.68,3.0,1775.2266666666667,5738.13,2.0,-0.0718788176635942,0.5,412.4499999999998,-1.0,2025-12-25,6,26.0,5.0,11.0,0.0,0.0,0.0,0.0,0.0,0.0,0.0,0.0,0.0,5325.68,19226.25,27.700045510695016,0.0,5_C,1965.2,2.7099938937512724,0.3750281601905409,0,0,0,1
1638,Ray Mart,Convenience,4,13,96,Guwahati,A,21272.39,3.0,7090.796666666666,36725.28,7.0,-0.4207698348385635,-0.5714285714285714,15452.89,4.0,2025-12-28,3,33.0,5.0,13.0,4.0,3.0,23.5,0.75,0.9333333333333333,195.0,0.0,65.68205128205128,0.0,24655.989999999998,62627.26,39.369421558599235,5318.0975,4_A,22237.399999999998,0.9566041893386817,-0.48967007778454874,0,1,0,1
1639,Soni Traders,Supermarket,9,11,85,Delhi,C,0.0,0.0,0.0,3147.96,1.0,-1.0,-1.0,3147.96,1.0,2025-11-23,38,5.0,3.0,4.0,1.0,0.0,17.0,0.0,0.23333333333333334,0.0,0.0,0.0,0.0,0.0,19531.92,0.0,0.0,9_C,1106.01,0.0,-0.5051035981171249,1,1,0,1
1640,Sood Retail,Supermarket,10,32,33,Pune,C,3535.03,1.0,3535.03,2128.14,1.0,0.6610890260979073,0.0,-1406.8900000000003,0.0,2025-12-14,17,18.0,5.0,11.0,4.0,2.0,22.5,0.5,0.9333333333333333,0.0,0.0,0.0,0.0,3535.03,19337.73,18.280480697579293,883.7575,10_C,1784.86,1.980564301962059,0.8383237228558863,0,0,0,1
1641,Iyengar Retail,Modern Trade,3,18,67,Coimbatore,C,360.8,1.0,360.8,4271.4,2.0,-0.9155312075666058,-0.5,3910.5999999999995,1.0,2025-12-07,24,13.0,4.0,8.0,0.0,0.0,0.0,0.0,0.0,0.0,0.0,0.0,0.0,360.8,17223.64,2.0947952929810425,0.0,3_C,1975.87,0.1826031064796773,-0.5583494174780587,0,1,0,1
1642,Mani Traders,General Trade,2,26,75,Mumbai,C,1540.13,2.0,770.065,4011.31,1.0,-0.6160531098319502,1.0,2471.18,-1.0,2025-12-30,1,21.0,5.0,13.0,1.0,0.0,18.0,0.0,0.23333333333333334,0.0,0.0,0.0,0.0,1540.13,20390.47,7.553185385133348,1540.13,2_C,1065.73,1.4451408893434547,-0.18222904442433352,0,1,0,1
1643,Nagi Mart,Modern Trade,12,8,19,Kolkata,C,0.0,0.0,0.0,0.0,0.0,,,0.0,0.0,2025-10-01,91,0.0,0.0,0.0,3.0,3.0,21.666666666666668,1.0,0.7000000000000001,0.0,0.0,0.0,0.0,0.0,19221.58,0.0,0.0,12_C,1525.54,0.0,,1,0,0,1
1644,Mangal Supermarket,Pharmacy,4,13,62,Patna,A,28170.53,4.0,7042.6325,26688.15,5.0,0.05554450196060788,-0.2,-1482.3799999999974,1.0,2025-12-31,0,34.0,5.0,15.0,4.0,1.0,30.25,0.25,0.9333333333333333,0.0,0.0,0.0,0.0,28170.53,73868.49,38.13605774261799,7042.6325,4_A,22237.399999999998,1.2668086197127362,-0.013355740985377326,0,0,0,1
1645,Bhargava Retail,Convenience,8,14,34,Guwahati,B,26577.52,6.0,4429.586666666667,11978.65,4.0,1.218740843083319,0.5,-14598.87,-2.0,2025-12-24,7,37.0,5.0,14.0,2.0,0.0,33.5,0.0,0.4666666666666667,0.0,0.0,0.0,0.0,26577.52,42648.22,62.31800530010396,13288.76,8_B,5652.47,4.70193030657394,1.3993491600732209,0,0,0,1
1646,Chakraborty Traders,Convenience,10,32,33,Ahmedabad,C,0.0,0.0,0.0,0.0,0.0,,,0.0,0.0,2025-10-07,85,4.0,3.0,3.0,3.0,1.0,19.666666666666668,0.3333333333333333,0.7000000000000001,0.0,0.0,0.0,0.0,0.0,19279.78,0.0,0.0,10_C,1784.86,0.0,,1,0,0,1
1647,Kata Retail,Pharmacy,6,31,98,Nashik,B,0.0,0.0,0.0,0.0,0.0,,,0.0,0.0,2025-10-30,62,9.0,5.0,7.0,0.0,0.0,0.0,0.0,0.0,195.0,0.0,217.4974358974359,0.0,0.0,33844.19,0.0,0.0,6_B,5118.745000000001,0.0,,1,0,0,1
1648,Warrior General Store,General Trade,7,20,13,Chennai,C,0.0,0.0,0.0,1947.78,1.0,-1.0,-1.0,1947.78,1.0,2025-11-04,57,4.0,4.0,4.0,5.0,2.0,27.0,0.4,1.1666666666666667,195.0,0.0,290.14358974358976,0.0,0.0,16675.31,0.0,0.0,7_C,1610.4699999999998,0.0,-0.5522856147365374,1,1,0,1
1649,Barad General Store,Convenience,2,29,40,Surat,B,1388.47,1.0,1388.47,9833.310000000001,3.0,-0.8587993259645024,-0.6666666666666666,8444.840000000002,2.0,2025-12-20,11,22.0,5.0,12.0,6.0,4.0,26.833333333333332,0.6666666666666666,1.4000000000000001,0.0,0.0,0.0,0.0,1388.47,33633.73,4.128207011235447,231.41166666666666,2_B,7635.110000000001,0.18185330663212448,-1.0345669716451065,0,1,0,1
1650,Gill Mart,General Trade,4,1,25,Bhubaneswar,C,1266.96,1.0,1266.96,5404.93,4.0,-0.765591783797385,-0.75,4137.97,3.0,2025-12-19,12,14.0,5.0,8.0,3.0,2.0,28.0,0.6666666666666666,0.7000000000000001,0.0,0.0,0.0,0.0,1266.96,17463.57,7.254874003425417,422.32,4_C,1263.49,1.002746361269183,-0.11717752741954512,0,1,0,1
1651,Sahni Supermarket,Convenience,1,17,77,Jaipur,C,2902.2700000000004,2.0,1451.1350000000002,0.0,0.0,,,-2902.2700000000004,-2.0,2025-12-30,1,12.0,5.0,7.0,0.0,0.0,0.0,0.0,0.0,0.0,0.0,0.0,0.0,2902.2700000000004,20009.79,14.50425016954201,0.0,1_C,1475.75,1.9666406911739795,,0,0,0,1
1652,Goda Mart,General Trade,12,10,30,Guwahati,A,20657.44,5.0,4131.487999999999,10513.61,2.0,0.9648284461759564,1.5,-10143.829999999998,-3.0,2025-12-28,3,40.0,5.0,13.0,4.0,2.0,25.0,0.5,0.9333333333333333,0.0,0.0,0.0,0.0,20657.44,67741.75,30.49439968704676,5164.36,12_A,24540.835,0.8417578293485124,0.8351069245760189,0,0,0,1
1653,Bansal Supermarket,Pharmacy,6,21,29,Pune,B,11920.57,3.0,3973.523333333333,8337.9,3.0,0.42968493265690405,0.0,-3582.67,0.0,2025-12-26,5,25.0,5.0,14.0,4.0,2.0,28.0,0.5,0.9333333333333333,0.0,0.0,0.0,0.0,11920.57,38466.32,30.989629369276813,2980.1425,6_B,5118.745000000001,2.328807158785991,0.6989739933785148,0,0,0,1
1654,Ranganathan Traders,Pharmacy,2,26,38,Surat,C,3236.92,1.0,3236.92,0.0,0.0,,,-3236.92,-1.0,2025-12-24,7,9.0,4.0,6.0,2.0,1.0,24.5,0.5,0.4666666666666667,0.0,0.0,0.0,0.0,3236.92,17063.23,18.970148090367417,1618.46,2_C,1065.73,3.0372796111585485,,0,0,0,1
1655,Tandon Supermarket,Supermarket,4,7,1,Kolkata,B,0.0,0.0,0.0,8062.98,4.0,-1.0,-1.0,8062.98,4.0,2025-11-26,35,23.0,5.0,13.0,1.0,1.0,24.0,1.0,0.23333333333333334,0.0,0.0,0.0,0.0,0.0,43646.68,0.0,0.0,4_B,5210.49,0.0,-0.8087480713890469,1,1,0,1
1656,Grewal Mart,Modern Trade,2,29,9,Mumbai,C,0.0,0.0,0.0,5467.23,2.0,-1.0,-1.0,5467.23,2.0,2025-12-01,30,14.0,5.0,10.0,2.0,0.0,20.0,0.0,0.4666666666666667,0.0,0.0,0.0,0.0,4214.03,16355.61,25.76504330929876,0.0,2_C,1065.73,0.0,-0.5661759345923834,0,1,0,1
1657,Mann Traders,Convenience,5,33,51,Jaipur,C,3616.65,1.0,3616.65,3110.16,3.0,0.16285014275792895,-0.6666666666666666,-506.49000000000024,2.0,2025-12-07,24,13.0,5.0,11.0,4.0,2.0,32.0,0.5,0.9333333333333333,0.0,0.0,0.0,0.0,4972.23,17890.74,27.79219864577988,904.1625,5_C,1965.2,1.840347038469367,0.6097571206120641,0,0,0,1
1658,Barad Traders,General Trade,6,21,29,Ahmedabad,A,16902.16,3.0,5634.053333333333,9772.01,3.0,0.7296502971241331,0.0,-7130.15,0.0,2025-12-26,5,34.0,5.0,13.0,4.0,2.0,28.5,0.5,0.9333333333333333,0.0,0.0,0.0,0.0,22332.62,65078.66,34.3163488615162,4225.54,6_A,21985.86,0.7687741120884058,0.6542507913538047,0,0,0,1
1659,Andra Retail,Supermarket,3,23,20,Chennai,B,5204.94,1.0,5204.94,0.0,0.0,,,-5204.94,-1.0,2025-12-18,13,9.0,4.0,6.0,4.0,3.0,26.5,0.75,0.9333333333333333,0.0,0.0,0.0,0.0,5204.94,37588.73,13.847075971973513,1301.235,3_B,5507.8,0.945012527688006,,0,0,0,1
1660,Misra Supermarket,Pharmacy,7,20,68,Bengaluru,C,1014.81,1.0,1014.81,0.0,0.0,,,-1014.81,-1.0,2025-12-22,9,3.0,2.0,3.0,1.0,1.0,42.0,1.0,0.23333333333333334,0.0,0.0,0.0,0.0,1014.81,19821.19,5.119823784545731,1014.81,7_C,1610.4699999999998,0.6301328183697927,,0,0,0,1
1661,Chhabra General Store,Supermarket,8,36,70,Guwahati,B,729.52,1.0,729.52,1143.54,1.0,-0.3620511744232821,0.0,414.02,0.0,2025-12-23,8,7.0,4.0,6.0,2.0,2.0,30.0,1.0,0.4666666666666667,0.0,0.0,0.0,0.0,1873.06,35469.99,5.280689394048322,364.76,8_B,5652.47,0.12906216220519523,-0.18144285743338046,0,1,0,1
1662,Nayak Traders,Pharmacy,1,17,49,Chandigarh,A,14744.380000000001,3.0,4914.793333333334,39373.85,7.0,-0.625528618613623,-0.5714285714285714,24629.469999999998,4.0,2025-12-30,1,31.0,5.0,12.0,0.0,0.0,0.0,0.0,0.0,0.0,0.0,0.0,0.0,14744.380000000001,69207.11,21.304718546981665,0.0,1_A,22934.37,0.642894485438231,-0.7138610928160845,0,1,0,1
1663,Mane General Store,General Trade,6,31,98,Ahmedabad,B,0.0,0.0,0.0,0.0,0.0,,,0.0,0.0,2025-11-01,60,4.0,2.0,3.0,1.0,0.0,19.0,0.0,0.23333333333333334,0.0,0.0,0.0,0.0,0.0,43333.68,0.0,0.0,6_B,5118.745000000001,0.0,,1,0,0,1
1664,Sha Traders,Pharmacy,5,16,47,Jaipur,C,3165.6,2.0,1582.8,0.0,0.0,,,-3165.6,-2.0,2025-12-24,7,5.0,3.0,5.0,1.0,1.0,28.0,1.0,0.23333333333333334,0.0,0.0,0.0,0.0,3165.6,19878.55,15.924702757494888,3165.6,5_C,1965.2,1.610828414410747,,0,0,0,1
1665,Viswanathan Supermarket,Supermarket,9,3,93,Chandigarh,C,1084.8899999999999,2.0,542.4449999999999,1762.6,1.0,-0.38449449676614095,1.0,677.71,-1.0,2025-12-27,4,12.0,4.0,9.0,0.0,0.0,0.0,0.0,0.0,0.0,0.0,0.0,0.0,1084.8899999999999,21527.69,5.039509580451966,0.0,9_C,1106.01,0.9809043317872351,0.11040190511673414,0,1,0,1
1666,Tak Traders,Modern Trade,3,18,11,Bengaluru,A,28446.370000000003,4.0,7111.592500000001,5082.78,1.0,4.596616418574088,3.0,-23363.590000000004,-3.0,2025-12-30,1,31.0,5.0,15.0,5.0,5.0,20.4,1.0,1.1666666666666667,0.0,0.0,0.0,0.0,28446.370000000003,73356.69,38.77815370349998,5689.274,3_A,19782.739999999998,1.437938829504912,4.546008572601625,0,0,0,1
1667,Desai Traders,Convenience,6,25,86,Ahmedabad,A,32621.6,3.0,10873.866666666667,11407.81,2.0,1.8595847932249925,0.5,-21213.79,-1.0,2025-12-19,12,28.0,5.0,12.0,4.0,3.0,22.25,0.75,0.9333333333333333,0.0,0.0,0.0,0.0,32621.6,66919.64,48.74742302857577,8155.4,6_A,21985.86,1.4837536489361798,1.7841852874546642,0,0,0,1
1668,Thaman General Store,Convenience,3,18,67,Kochi,A,16790.6,3.0,5596.866666666666,16612.79,4.0,0.010703199161609679,-0.25,-177.80999999999767,1.0,2025-12-25,6,18.0,5.0,10.0,1.0,0.0,30.0,0.0,0.23333333333333334,0.0,0.0,0.0,0.0,22757.809999999998,71127.83,31.995647835734616,16790.6,3_A,19782.739999999998,0.8487499709342589,-0.03990464681085351,0,0,0,1
1669,Sidhu Mart,Supermarket,6,31,74,Mumbai,A,28873.420000000002,4.0,7218.3550000000005,12046.64,2.0,1.3968027599397013,1.0,-16826.780000000002,-2.0,2025-12-28,3,25.0,5.0,10.0,2.0,2.0,27.0,1.0,0.4666666666666667,0.0,0.0,0.0,0.0,28873.420000000002,68564.91,42.111074017307104,14436.710000000001,6_A,21985.86,1.3132722577147313,1.321403254169373,0,0,0,1
1670,Mahajan General Store,Supermarket,4,13,54,Ranchi,C,2951.66,1.0,2951.66,1141.04,1.0,1.5868155367033583,0.0,-1810.62,0.0,2025-12-31,0,11.0,5.0,8.0,3.0,0.0,20.666666666666668,0.0,0.7000000000000001,0.0,0.0,0.0,0.0,2951.66,17135.64,17.22526850470715,983.8866666666667,4_C,1263.49,2.3361166293362037,2.2352297930811984,0,0,0,1
1671,Hans Traders,Pharmacy,6,31,74,Nashik,A,29042.0,6.0,4840.333333333333,18031.18,5.0,0.6106544330432062,0.2,-11010.82,-1.0,2025-12-23,8,30.0,5.0,14.0,3.0,2.0,28.0,0.6666666666666666,0.7000000000000001,195.0,0.0,48.87179487179487,0.0,29042.0,66133.22,43.914389772643766,9680.666666666666,6_A,21985.86,1.3209399131987558,0.5352549272728778,0,0,0,1
1672,Chowdhury Retail,General Trade,7,28,24,Bengaluru,C,0.0,0.0,0.0,0.0,0.0,,,0.0,0.0,2025-10-19,73,2.0,1.0,2.0,2.0,1.0,20.0,0.5,0.4666666666666667,0.0,0.0,0.0,0.0,0.0,17306.0,0.0,0.0,7_C,1610.4699999999998,0.0,,1,0,0,1
1673,Narayanan Retail,Supermarket,10,15,94,Surat,C,3586.2200000000003,2.0,1793.1100000000001,0.0,0.0,,,-3586.2200000000003,-2.0,2025-12-07,24,17.0,5.0,12.0,0.0,0.0,0.0,0.0,0.0,195.0,0.0,280.24615384615385,0.0,3586.2200000000003,20339.73,17.631600812793486,0.0,10_C,1784.86,2.0092444225317396,,0,0,0,1
1674,Gaba Retail,Pharmacy,12,19,36,Ranchi,C,3151.28,2.0,1575.64,4658.96,2.0,-0.32360870237134465,0.0,1507.6799999999998,0.0,2025-12-29,2,17.0,5.0,9.0,2.0,2.0,30.0,1.0,0.4666666666666667,0.0,0.0,0.0,0.0,3151.28,17867.4,17.637037285783048,1575.64,12_C,1525.54,2.0656816602645622,0.2648264730775005,0,1,0,1
1675,Shanker Supermarket,Supermarket,1,34,27,Ludhiana,C,4328.3,3.0,1442.7666666666667,1823.74,1.0,1.3733097919659603,2.0,-2504.5600000000004,-2.0,2025-12-22,9,25.0,5.0,11.0,1.0,0.0,23.0,0.0,0.23333333333333334,0.0,0.0,0.0,0.0,4328.3,20335.64,21.284306763888424,4328.3,1_C,1475.75,2.93294934778926,1.999882114577524,0,0,0,1
1676,Kurian Supermarket,Convenience,12,10,64,Kolkata,B,0.0,0.0,0.0,2754.62,1.0,-1.0,-1.0,2754.62,1.0,2025-11-05,56,15.0,5.0,10.0,1.0,0.0,10.0,0.0,0.23333333333333334,0.0,0.0,0.0,0.0,0.0,37818.37,0.0,0.0,12_B,6060.66,0.0,-0.8988796217022266,1,1,0,1
1677,Grewal General Store,Pharmacy,4,2,41,Patna,A,16272.42,4.0,4068.105,39978.770000000004,4.0,-0.592973470669558,0.0,23706.350000000006,0.0,2025-12-24,7,47.0,5.0,14.0,1.0,1.0,15.0,1.0,0.23333333333333334,0.0,0.0,0.0,0.0,16272.42,64353.45,25.286010307139712,16272.42,4_A,22237.399999999998,0.7317591085288748,-0.6618737136155431,0,1,0,1
1678,Atwal Traders,Supermarket,8,14,97,Ranchi,B,0.0,0.0,0.0,6357.06,3.0,-1.0,-1.0,6357.06,3.0,2025-12-01,30,14.0,5.0,10.0,1.0,0.0,30.0,0.0,0.23333333333333334,0.0,0.0,0.0,0.0,786.94,38697.03,2.0335927589274942,0.0,8_B,5652.47,0.0,-0.8193916830100983,0,1,0,1
1679,Nazareth Retail,General Trade,8,14,97,Bhubaneswar,C,1474.47,1.0,1474.47,1063.33,1.0,0.3866532496967076,0.0,-411.1400000000001,0.0,2025-12-22,9,6.0,3.0,6.0,3.0,1.0,29.0,0.3333333333333333,0.7000000000000001,0.0,0.0,0.0,0.0,1474.47,20440.37,7.213519129056863,491.49,8_C,1474.47,1.0,0.9443979186259304,0,0,0,1
1680,Merchant Supermarket,Convenience,5,33,90,Ludhiana,B,9442.54,3.0,3147.513333333334,1119.13,1.0,7.437393332320641,2.0,-8323.41,-2.0,2025-12-28,3,20.0,5.0,11.0,1.0,1.0,37.0,1.0,0.23333333333333334,0.0,0.0,0.0,0.0,9442.54,43160.41,21.877781049809304,9442.54,5_B,6391.82,1.477285029928878,7.790109939890212,0,0,0,1
1681,Hans Supermarket,Pharmacy,4,7,26,Kolkata,A,11063.3,2.0,5531.65,8354.06,1.0,0.3243021955791555,1.0,-2709.24,-1.0,2025-12-26,5,22.0,5.0,12.0,1.0,1.0,16.0,1.0,0.23333333333333334,0.0,0.0,0.0,0.0,11063.3,60884.03,18.171103325453323,11063.3,4_A,22237.399999999998,0.4975087015568367,0.25540195263317034,0,0,0,1
1682,Gill Traders,General Trade,8,14,69,Patna,B,7564.99,3.0,2521.6633333333334,4204.74,1.0,0.799157617355651,2.0,-3360.25,-2.0,2025-12-18,13,17.0,4.0,10.0,0.0,0.0,0.0,0.0,0.0,0.0,0.0,0.0,0.0,7564.99,41162.96,18.37814870456352,0.0,8_B,5652.47,1.3383511986795151,0.9797659343455527,0,0,0,1
1683,Ravi Retail,Modern Trade,7,28,79,Coimbatore,C,5405.71,2.0,2702.855,0.0,0.0,,,-5405.71,-2.0,2025-12-18,13,13.0,5.0,9.0,1.0,1.0,21.0,1.0,0.23333333333333334,0.0,0.0,0.0,0.0,5405.71,18797.83,28.75709589883513,5405.71,7_C,1610.4699999999998,3.356603972753296,,0,0,0,1
1684,Sane Mart,Modern Trade,3,23,20,Hyderabad,A,20684.92,2.0,10342.46,27715.14,5.0,-0.25365991295732226,-0.6,7030.220000000001,3.0,2025-12-27,4,37.0,5.0,13.0,1.0,0.0,13.0,0.0,0.23333333333333334,0.0,0.0,0.0,0.0,20684.92,60644.5,34.108484693583094,20684.92,3_A,19782.739999999998,1.0456044006037586,-0.30426775892978547,0,1,0,1
1685,Varma Mart,General Trade,7,12,28,Chennai,A,37064.84,5.0,7412.967999999999,28985.87,5.0,0.27872097680697516,0.0,-8078.9699999999975,0.0,2025-12-29,2,45.0,5.0,14.0,3.0,3.0,37.0,1.0,0.7000000000000001,0.0,0.0,0.0,0.0,40293.39,64504.48,62.46603336698474,12354.946666666665,7_A,22880.32,1.6199441266555712,0.28270729258861765,0,0,0,1
1686,Narang Supermarket,Modern Trade,4,13,54,Guwahati,C,3972.23,1.0,3972.23,2680.92,2.0,0.4816667412679229,-0.5,-1291.31,1.0,2025-12-06,25,27.0,5.0,13.0,1.0,1.0,37.0,1.0,0.23333333333333334,0.0,0.0,0.0,0.0,3972.23,21727.41,18.282114619275834,3972.23,4_C,1263.49,3.143855511321815,1.1300809976457629,0,0,0,1
1687,Chadha Traders,Supermarket,1,5,52,Ludhiana,C,140.4,1.0,140.4,5438.5,1.0,-0.9741840581042568,0.0,5298.1,0.0,2025-12-12,19,7.0,4.0,6.0,2.0,2.0,35.0,1.0,0.4666666666666667,0.0,0.0,0.0,0.0,140.4,18057.58,0.7775128228699526,70.2,1_C,1475.75,0.09513806539047942,-0.347611735492693,0,1,0,1
1688,Rattan Mart,Supermarket,11,9,56,Hyderabad,B,15641.349999999999,4.0,3910.3374999999996,7780.37,3.0,1.0103606897872464,0.3333333333333333,-7860.979999999999,-1.0,2025-12-17,14,26.0,5.0,12.0,3.0,2.0,24.666666666666668,0.6666666666666666,0.7000000000000001,0.0,0.0,0.0,0.0,15641.349999999999,38208.8,40.93651200770502,5213.783333333333,11_B,5734.650000000001,2.727516064624693,1.403065715976124,0,0,0,1
1689,Chandran Supermarket,Modern Trade,5,16,42,Jaipur,C,0.0,0.0,0.0,8930.57,5.0,-1.0,-1.0,8930.57,5.0,2025-11-24,37,25.0,5.0,11.0,3.0,1.0,33.666666666666664,0.3333333333333333,0.7000000000000001,0.0,0.0,0.0,0.0,0.0,16576.71,0.0,0.0,5_C,1965.2,0.0,-0.5530930221458649,1,1,0,1
1690,Goyal General Store,Convenience,3,18,91,Kochi,B,8055.03,2.0,4027.515,11495.630000000001,2.0,-0.29929634130534827,0.0,3440.6000000000013,0.0,2025-12-22,9,18.0,5.0,8.0,3.0,1.0,27.333333333333332,0.3333333333333333,0.7000000000000001,0.0,0.0,0.0,0.0,8055.03,42882.31,18.78403938593793,2685.0099999999998,3_B,5507.8,1.4624768510112929,-0.0599454120085732,0,1,0,1
1691,Dey Supermarket,General Trade,5,22,71,Jaipur,B,3493.38,2.0,1746.69,8759.5,3.0,-0.6011895656144757,-0.3333333333333333,5266.12,1.0,2025-12-20,11,16.0,5.0,12.0,6.0,2.0,25.0,0.3333333333333333,1.4000000000000001,0.0,0.0,0.0,0.0,3493.38,35271.02,9.90439176411683,582.23,5_B,6391.82,0.5465391703771383,-0.24847295804490477,0,1,0,1
1692,Sood Mart,General Trade,11,9,56,Bengaluru,C,2316.54,1.0,2316.54,0.0,0.0,,,-2316.54,-1.0,2025-12-10,21,4.0,3.0,4.0,1.0,0.0,40.0,0.0,0.23333333333333334,0.0,0.0,0.0,0.0,2316.54,16967.23,13.653024094091965,2316.54,11_C,2316.54,1.0,,0,0,0,1
1693,Naik Mart,General Trade,6,21,45,Surat,C,5941.36,1.0,5941.36,4484.0,1.0,0.3250133809099018,0.0,-1457.3599999999997,0.0,2025-12-29,2,11.0,5.0,10.0,1.0,1.0,8.0,1.0,0.23333333333333334,0.0,0.0,0.0,0.0,5941.36,17895.73,33.199875053993324,5941.36,6_C,1535.8200000000002,3.8685262595877115,0.8348967210582543,0,0,0,1
1694,Kothari General Store,Convenience,9,11,73,Chandigarh,C,2660.54,3.0,886.8466666666667,1105.69,1.0,1.4062259765395362,2.0,-1554.85,-2.0,2025-12-25,6,19.0,5.0,11.0,4.0,2.0,13.0,0.5,0.9333333333333333,0.0,0.0,0.0,0.0,2660.54,18714.3,14.216615101820535,665.135,9_C,1106.01,2.40552978725328,1.9011223784224112,0,0,0,1
1695,Ahuja Retail,Convenience,5,33,51,Jaipur,C,0.0,0.0,0.0,6064.139999999999,2.0,-1.0,-1.0,6064.139999999999,2.0,2025-11-27,34,11.0,5.0,9.0,2.0,0.0,21.5,0.0,0.4666666666666667,0.0,0.0,0.0,0.0,0.0,21720.27,0.0,0.0,5_C,1965.2,0.0,-0.5530930221458649,1,1,0,1
1696,Lal Mart,Convenience,9,11,73,Ludhiana,C,805.63,1.0,805.63,2419.15,1.0,-0.6669780708099952,0.0,1613.52,0.0,2025-12-27,4,6.0,3.0,5.0,1.0,0.0,40.0,0.0,0.23333333333333334,0.0,0.0,0.0,0.0,805.63,19636.26,4.102767023862997,805.63,9_C,1106.01,0.7284111355231869,-0.17208166892712007,0,1,0,1
1697,Rajagopal Retail,Convenience,7,28,79,Bengaluru,C,2403.55,1.0,2403.55,1712.08,1.0,0.40387715527311824,0.0,-691.4700000000003,0.0,2025-12-19,12,26.0,5.0,11.0,2.0,1.0,30.5,0.5,0.4666666666666667,0.0,0.0,0.0,0.0,2403.55,20168.36,11.917429081987827,1201.775,7_C,1610.4699999999998,1.4924525138624132,0.8515915405365808,0,0,0,1
1698,Keer Mart,Modern Trade,2,29,9,Nashik,B,9208.86,2.0,4604.43,0.0,0.0,,,-9208.86,-2.0,2025-12-27,4,5.0,3.0,3.0,4.0,4.0,26.0,1.0,0.9333333333333333,0.0,0.0,0.0,0.0,9208.86,42797.77,21.51714914118189,2302.215,2_B,7635.110000000001,1.2061201475813708,,0,0,0,1
1699,Sekhon Traders,General Trade,7,28,24,Bengaluru,C,1445.37,1.0,1445.37,0.0,0.0,,,-1445.37,-1.0,2025-12-22,9,2.0,2.0,2.0,2.0,2.0,18.0,1.0,0.4666666666666667,0.0,0.0,0.0,0.0,1445.37,21803.04,6.6292131739427145,722.685,7_C,1610.4699999999998,0.8974833433718108,,0,0,0,1
1700,Loke Traders,Pharmacy,6,31,74,Surat,C,273.5,1.0,273.5,0.0,0.0,,,-273.5,-1.0,2025-12-19,12,7.0,3.0,5.0,2.0,1.0,25.0,0.5,0.4666666666666667,0.0,0.0,0.0,0.0,273.5,20023.37,1.3659039412446556,136.75,6_C,1535.8200000000002,0.17808076467294343,,0,0,0,1
1701,Narayan Traders,Supermarket,2,29,40,Ahmedabad,A,6090.2699999999995,2.0,3045.1349999999998,19415.16,4.0,-0.6863136847700456,-0.5,13324.89,2.0,2025-12-15,16,22.0,5.0,10.0,3.0,3.0,33.333333333333336,1.0,0.7000000000000001,0.0,0.0,0.0,0.0,14193.17,55707.63,25.477964149614696,2030.09,2_A,21794.730000000003,0.27943773563609176,-0.8210873471507105,0,1,0,1
1702,Mittal General Store,Supermarket,4,7,26,Bhubaneswar,B,11181.91,3.0,3727.3033333333333,3798.21,2.0,1.943994671174053,0.5,-7383.7,-1.0,2025-12-27,4,21.0,5.0,14.0,2.0,1.0,31.0,0.5,0.4666666666666667,195.0,0.0,218.1948717948718,0.0,11181.91,33061.97,33.821063899096146,5590.955,4_B,5210.49,2.146038088548294,2.135246599785006,0,0,0,1
1703,Apte Supermarket,General Trade,1,17,3,Ludhiana,A,48412.08,8.0,6051.51,24088.86,3.0,1.009728978457262,1.6666666666666667,-24323.22,-5.0,2025-12-25,6,47.0,5.0,15.0,5.0,3.0,28.4,0.6,1.1666666666666667,195.0,0.0,68.08717948717948,0.0,48412.08,60246.7,80.3564012634717,9682.416000000001,1_A,22934.37,2.11089644058241,0.9213965042548006,0,0,0,0
1704,Lal Traders,Supermarket,7,20,68,Bengaluru,A,2734.97,1.0,2734.97,45336.37,7.0,-0.9396738203786497,-0.8571428571428571,42601.4,6.0,2025-12-13,18,33.0,5.0,13.0,2.0,1.0,15.0,0.5,0.4666666666666667,0.0,0.0,0.0,0.0,2734.97,71885.34,3.8046283150361395,1367.485,7_A,22880.32,0.11953373029747835,-0.9356875045970072,0,1,0,1
1705,Parsa Mart,Convenience,4,13,48,Kolkata,C,2241.2,1.0,2241.2,0.0,0.0,,,-2241.2,-1.0,2025-12-31,0,5.0,4.0,4.0,3.0,2.0,24.0,0.6666666666666666,0.7000000000000001,0.0,0.0,0.0,0.0,2241.2,20495.28,10.935200690110113,747.0666666666666,4_C,1263.49,1.7738169672890167,,0,0,0,1
1706,Keer Supermarket,Modern Trade,7,20,13,Chennai,C,0.0,0.0,0.0,3449.67,2.0,-1.0,-1.0,3449.67,2.0,2025-11-15,46,5.0,3.0,4.0,1.0,0.0,21.0,0.0,0.23333333333333334,0.0,0.0,0.0,0.0,0.0,21568.61,0.0,0.0,7_C,1610.4699999999998,0.0,-0.5522856147365374,1,1,0,1
1707,Bhatia Traders,General Trade,6,25,65,Pune,C,8822.68,4.0,2205.67,7974.9400000000005,4.0,0.10630048627325092,0.0,-847.7399999999998,0.0,2025-12-30,1,34.0,5.0,12.0,0.0,0.0,0.0,0.0,0.0,0.0,0.0,0.0,0.0,8822.68,20606.04,42.815989874813404,0.0,6_C,1535.8200000000002,5.7446054876222465,0.6161838264216035,0,0,0,1
1708,Dani Mart,Convenience,2,29,40,Ahmedabad,A,59779.38,6.0,9963.23,25973.21,7.0,1.3015784340865069,-0.14285714285714285,-33806.17,1.0,2025-12-30,1,57.0,5.0,14.0,0.0,0.0,0.0,0.0,0.0,0.0,0.0,0.0,0.0,59779.38,56038.51,106.67553437805537,0.0,2_A,21794.730000000003,2.7428364563360037,1.1668047717058418,0,0,0,0
1709,Shroff Supermarket,Supermarket,4,1,25,Guwahati,A,18977.89,3.0,6325.963333333333,22160.18,4.0,-0.14360397794602756,-0.25,3182.290000000001,1.0,2025-12-28,3,28.0,5.0,13.0,6.0,5.0,20.833333333333332,0.8333333333333334,1.4000000000000001,0.0,0.0,0.0,0.0,18977.89,61055.73,31.082897542949695,3162.9816666666666,4_A,22237.399999999998,0.8534221626629013,-0.21250422089201276,0,0,0,1
1710,Mohanty Supermarket,General Trade,12,8,50,Ranchi,C,4362.71,2.0,2181.355,1038.22,1.0,3.202105526766966,1.0,-3324.49,-1.0,2025-12-20,11,12.0,5.0,8.0,0.0,0.0,0.0,0.0,0.0,0.0,0.0,0.0,0.0,4362.71,19583.98,22.276932472357508,0.0,12_C,1525.54,2.859780798930215,3.7905407022158113,0,0,0,1
1711,Dutta General Store,Supermarket,10,32,63,Pune,C,4708.12,3.0,1569.3733333333332,0.0,0.0,,,-4708.12,-3.0,2025-12-12,19,16.0,5.0,10.0,2.0,1.0,25.0,0.5,0.4666666666666667,0.0,0.0,0.0,0.0,4708.12,18176.78,25.9018373991433,2354.06,10_C,1784.86,2.637809127886781,,0,0,0,1
1712,Ravi Supermarket,General Trade,9,11,85,Ludhiana,A,37510.270000000004,5.0,7502.054000000001,5198.9,1.0,6.215039719940758,4.0,-32311.370000000003,-4.0,2025-12-27,4,46.0,5.0,13.0,2.0,1.0,24.0,0.5,0.4666666666666667,0.0,0.0,0.0,0.0,37510.270000000004,55985.52,66.99994927259763,18755.135000000002,9_A,20504.7,1.8293498563743924,6.104992871497438,0,0,0,1
1713,Thakkar Supermarket,Pharmacy,9,11,73,Ludhiana,C,1031.21,1.0,1031.21,0.0,0.0,,,-1031.21,-1.0,2025-12-20,11,6.0,4.0,6.0,1.0,1.0,14.0,1.0,0.23333333333333334,195.0,0.0,300.5230769230769,0.0,1031.21,20439.11,5.04527839030173,1031.21,9_C,1106.01,0.9323695084131247,,0,0,0,1
1714,Mukhopadhyay Mart,Supermarket,5,16,42,Jaipur,B,2558.45,2.0,1279.225,5565.2,2.0,-0.5402770789908719,0.0,3006.75,0.0,2025-12-25,6,10.0,4.0,6.0,0.0,0.0,0.0,0.0,0.0,0.0,0.0,0.0,0.0,2558.45,38633.58,6.622347708910227,0.0,5_B,6391.82,0.40026940683561174,-0.18756047142130094,0,1,0,1
1715,Dalal Traders,General Trade,1,17,49,Delhi,B,10282.96,3.0,3427.653333333333,20667.79,4.0,-0.5024644628187146,-0.25,10384.830000000002,1.0,2025-12-19,12,33.0,5.0,12.0,0.0,0.0,0.0,0.0,0.0,0.0,0.0,0.0,0.0,10282.96,41024.95,25.065137190904558,0.0,1_B,5467.655000000001,1.880689253436802,-0.5004172245772156,0,1,0,1
1716,Merchant Retail,General Trade,2,29,40,Surat,C,1721.37,1.0,1721.37,2419.34,1.0,-0.2884960361090216,0.0,697.9700000000003,0.0,2025-12-03,28,9.0,5.0,7.0,0.0,0.0,0.0,0.0,0.0,195.0,0.0,289.81538461538463,0.0,1721.37,19456.7,8.847183746472936,0.0,2_C,1065.73,1.6152027248927963,0.14532802929859506,0,1,0,1
1717,Pillai Supermarket,Convenience,2,29,40,Nashik,C,0.0,0.0,0.0,0.0,0.0,,,0.0,0.0,2025-10-26,66,4.0,3.0,4.0,0.0,0.0,0.0,0.0,0.0,0.0,0.0,0.0,0.0,0.0,19759.77,0.0,0.0,2_C,1065.73,0.0,,1,0,0,1
1718,Kant Retail,Pharmacy,8,14,69,Kolkata,A,8471.69,2.0,4235.845,17305.35,3.0,-0.5104583264712935,-0.3333333333333333,8833.659999999998,1.0,2025-12-31,0,24.0,5.0,11.0,3.0,3.0,24.0,1.0,0.7000000000000001,0.0,0.0,0.0,0.0,8471.69,64211.88,13.193337432263313,2823.896666666667,8_A,21023.8,0.40295712478238954,-0.4918027445770538,0,1,0,1
1719,Kanda Supermarket,Modern Trade,3,23,88,Kochi,C,1110.39,1.0,1110.39,6888.0,2.0,-0.8387935540069686,-0.5,5777.61,1.0,2025-12-27,4,15.0,5.0,10.0,1.0,0.0,17.0,0.0,0.23333333333333334,0.0,0.0,0.0,0.0,1110.39,18234.53,6.089490653172855,1110.39,3_C,1975.87,0.5619752311639936,-0.48161176391842153,0,1,0,1
1720,Deol Mart,Modern Trade,7,12,28,Bengaluru,B,1074.94,1.0,1074.94,2947.31,1.0,-0.6352809850338105,0.0,1872.37,0.0,2025-12-13,18,14.0,5.0,9.0,2.0,1.0,20.5,0.5,0.4666666666666667,0.0,0.0,0.0,0.0,1074.94,40986.28,2.6226825171740398,537.47,7_B,6107.09,0.176015090656925,-0.41535296226089446,0,1,0,1
1721,Sridhar Supermarket,General Trade,12,10,64,Bhubaneswar,C,583.31,1.0,583.31,0.0,0.0,,,-583.31,-1.0,2025-12-31,0,14.0,4.0,9.0,5.0,3.0,29.6,0.6,1.1666666666666667,0.0,0.0,0.0,0.0,583.31,19150.9,3.0458620743672613,116.66199999999999,12_C,1525.54,0.3823629665561047,,0,0,0,1
1722,Dua Retail,Modern Trade,2,26,38,Mumbai,C,0.0,0.0,0.0,5868.76,2.0,-1.0,-1.0,5868.76,2.0,2025-12-01,30,18.0,5.0,11.0,3.0,1.0,24.666666666666668,0.3333333333333333,0.7000000000000001,0.0,0.0,0.0,0.0,3004.45,20151.08,14.909622710048293,0.0,2_C,1065.73,0.0,-0.5661759345923834,0,1,0,1
1723,Sha Supermarket,Modern Trade,1,5,52,Delhi,A,35613.19,6.0,5935.531666666667,12192.05,2.0,1.9210173842791003,2.0,-23421.140000000003,-4.0,2025-12-31,0,42.0,5.0,14.0,3.0,1.0,37.333333333333336,0.3333333333333333,0.7000000000000001,0.0,0.0,0.0,0.0,40239.229999999996,61334.48,65.60621366644014,11871.063333333334,1_A,22934.37,1.5528305333872263,1.832684910076639,0,0,0,1
1724,Prakash Retail,Modern Trade,3,23,88,Coimbatore,C,378.69,1.0,378.69,0.0,0.0,,,-378.69,-1.0,2025-12-19,12,6.0,4.0,6.0,3.0,2.0,30.333333333333332,0.6666666666666666,0.7000000000000001,0.0,0.0,0.0,0.0,378.69,16757.25,2.259857673544287,126.23,3_C,1975.87,0.1916573458780183,,0,0,0,1
1725,Sagar Traders,Pharmacy,12,19,53,Kolkata,B,0.0,0.0,0.0,16007.970000000001,3.0,-1.0,-1.0,16007.970000000001,3.0,2025-11-18,43,19.0,5.0,10.0,3.0,3.0,19.0,1.0,0.7000000000000001,0.0,0.0,0.0,0.0,0.0,39063.92,0.0,0.0,12_B,6060.66,0.0,-0.8988796217022266,1,1,0,1
1726,Sinha Traders,General Trade,10,32,33,Nashik,A,4924.14,1.0,4924.14,6956.71,3.0,-0.29217403054029845,-0.6666666666666666,2032.5699999999997,2.0,2025-12-10,21,11.0,5.0,7.0,2.0,1.0,15.5,0.5,0.4666666666666667,195.0,0.0,65.96410256410256,0.0,4924.14,73239.6,6.723330001802304,2462.07,10_A,24727.44,0.19913666760489565,-0.4503743312018919,0,1,0,1
1727,Yogi General Store,General Trade,3,18,89,Chennai,A,0.0,0.0,0.0,14451.550000000001,3.0,-1.0,-1.0,14451.550000000001,3.0,2025-11-16,45,20.0,5.0,13.0,3.0,1.0,21.333333333333332,0.3333333333333333,0.7000000000000001,0.0,0.0,0.0,0.0,0.0,65135.33,0.0,0.0,3_A,19782.739999999998,0.0,-1.0506078459724633,1,1,0,1
1728,Kamdar Retail,Pharmacy,7,28,24,Coimbatore,B,9223.779999999999,4.0,2305.9449999999997,6556.709999999999,3.0,0.4067695536328433,0.3333333333333333,-2667.0699999999997,-1.0,2025-12-29,2,30.0,5.0,13.0,2.0,0.0,32.0,0.0,0.4666666666666667,0.0,0.0,0.0,0.0,13592.47,36983.57,36.752725602206596,4611.889999999999,7_B,6107.09,1.5103396216528655,0.6266975764057593,0,0,0,1
1729,Kota Traders,Modern Trade,8,14,34,Kolkata,C,0.0,0.0,0.0,1414.5500000000002,2.0,-1.0,-1.0,1414.5500000000002,2.0,2025-11-25,36,6.0,4.0,5.0,0.0,0.0,0.0,0.0,0.0,0.0,0.0,0.0,0.0,0.0,21336.27,0.0,0.0,8_C,1474.47,0.0,-0.4422553310707772,1,1,0,1
1730,Bumb General Store,Pharmacy,4,7,26,Bhubaneswar,B,4930.59,1.0,4930.59,5660.73,2.0,-0.12898336433640176,-0.5,730.1399999999994,1.0,2025-12-11,20,25.0,5.0,15.0,4.0,1.0,17.0,0.25,0.9333333333333333,195.0,0.0,201.51282051282053,0.0,4930.59,39961.35,12.338396976078137,1232.6475,4_B,5210.49,0.9462814437797598,0.0622685642745513,0,0,0,1
1731,Vora General Store,Modern Trade,12,8,50,Bhubaneswar,A,29677.15,4.0,7419.2875,26308.870000000003,5.0,0.12802830376219118,-0.2,-3368.279999999999,1.0,2025-12-29,2,49.0,5.0,15.0,3.0,3.0,23.666666666666668,1.0,0.7000000000000001,0.0,0.0,0.0,0.0,29677.15,66166.38,44.852310191369085,9892.383333333333,12_A,24540.835,1.2092966681859034,-0.0016932178377463691,0,0,0,1
1732,Sekhon Supermarket,Modern Trade,7,28,57,Coimbatore,C,3716.16,2.0,1858.08,2071.54,1.0,0.7939117757803373,1.0,-1644.62,-1.0,2025-12-25,6,26.0,5.0,14.0,0.0,0.0,0.0,0.0,0.0,0.0,0.0,0.0,0.0,3716.16,16360.33,22.714456248743147,0.0,7_C,1610.4699999999998,2.3075002949449543,1.2416261610438,0,0,0,1
1733,Wable Retail,Supermarket,9,11,73,Delhi,C,2308.84,1.0,2308.84,0.0,0.0,,,-2308.84,-1.0,2025-12-09,22,5.0,5.0,5.0,1.0,1.0,34.0,1.0,0.23333333333333334,0.0,0.0,0.0,0.0,2308.84,19041.27,12.1254517161933,2308.84,9_C,1106.01,2.0875398956609796,,0,0,0,1
1734,Pathak Mart,Supermarket,3,18,83,Bengaluru,B,291.92,1.0,291.92,3512.8,2.0,-0.9168982008654065,-0.5,3220.88,1.0,2025-12-24,7,11.0,5.0,8.0,7.0,5.0,25.428571428571427,0.7142857142857143,1.6333333333333333,0.0,0.0,0.0,0.0,291.92,40104.31,0.7279018140444258,41.70285714285715,3_B,5507.8,0.05300119830059189,-0.6775472715686315,0,1,0,1
1735,Brahmbhatt Traders,General Trade,4,1,25,Patna,C,7941.200000000001,3.0,2647.066666666667,4281.73,3.0,0.854670892372943,0.0,-3659.470000000001,0.0,2025-12-24,7,22.0,5.0,11.0,2.0,2.0,16.0,1.0,0.4666666666666667,0.0,0.0,0.0,0.0,7941.200000000001,18051.31,43.99237506862383,3970.6000000000004,4_C,1263.49,6.285130867676041,1.5030851487507828,0,0,0,1
1736,Choudhury Mart,Modern Trade,12,35,78,Guwahati,B,7889.34,1.0,7889.34,19037.75,5.0,-0.58559493637641,-0.8,11148.41,4.0,2025-12-22,9,24.0,5.0,12.0,4.0,1.0,22.25,0.25,0.9333333333333333,0.0,0.0,0.0,0.0,7889.34,42115.1,18.732806048186994,1972.335,12_B,6060.66,1.30172951460732,-0.4844745580786366,0,1,0,1
1737,Bhatia Supermarket,General Trade,3,23,88,Bengaluru,B,0.0,0.0,0.0,7587.48,3.0,-1.0,-1.0,7587.48,3.0,2025-11-26,35,17.0,5.0,12.0,0.0,0.0,0.0,0.0,0.0,0.0,0.0,0.0,0.0,0.0,33797.97,0.0,0.0,3_B,5507.8,0.0,-0.760649070703225,1,1,0,1
1738,Tiwari General Store,Modern Trade,4,13,48,Kolkata,A,13424.75,3.0,4474.916666666667,21314.7,3.0,-0.37016472199937134,0.0,7889.950000000001,0.0,2025-12-09,22,37.0,5.0,14.0,3.0,3.0,25.333333333333332,1.0,0.7000000000000001,195.0,4.0,62.52307692307692,0.020512820512820513,13424.75,59970.74,22.385499995497803,4474.916666666667,4_A,22237.399999999998,0.6037014219288227,-0.4390649649453565,0,1,0,1
1739,Jain Mart,General Trade,12,8,50,Guwahati,A,19433.13,3.0,6477.71,10534.2,2.0,0.8447656205502079,0.5,-8898.93,-1.0,2025-12-30,1,29.0,5.0,13.0,3.0,3.0,29.0,1.0,0.7000000000000001,195.0,0.0,55.0,0.0,19433.13,66124.58,29.388663035742535,6477.71,12_A,24540.835,0.7918691438168262,0.7150440989502703,0,0,0,1
1740,Yadav Retail,Convenience,12,35,61,Guwahati,C,0.0,0.0,0.0,0.0,0.0,,,0.0,0.0,2025-09-01,121,0.0,0.0,0.0,1.0,1.0,34.0,1.0,0.23333333333333334,0.0,0.0,0.0,0.0,0.0,19387.53,0.0,0.0,12_C,1525.54,0.0,,1,0,0,1
1741,Doctor Retail,Pharmacy,3,23,88,Kochi,C,7052.72,4.0,1763.18,4247.13,2.0,0.6605849126351206,1.0,-2805.59,-2.0,2025-12-31,0,29.0,4.0,10.0,1.0,1.0,41.0,1.0,0.23333333333333334,0.0,0.0,0.0,0.0,8747.36,19932.12,43.88574822949089,7052.72,3_C,1975.87,3.569425114000415,1.0177667027236676,0,0,0,1
1742,Gala Retail,Modern Trade,8,14,69,Patna,B,2949.91,1.0,2949.91,951.86,2.0,2.0991007080873234,-0.5,-1998.0499999999997,1.0,2025-12-19,12,5.0,3.0,4.0,0.0,0.0,0.0,0.0,0.0,0.0,0.0,0.0,0.0,2949.91,36387.86,8.106852120459955,0.0,8_B,5652.47,0.5218798153727485,2.279709025077225,0,0,0,1
1743,Narang Traders,Supermarket,10,4,21,Ahmedabad,C,9140.300000000001,5.0,1828.0600000000002,878.12,1.0,9.408941830273767,4.0,-8262.18,-4.0,2025-12-31,0,27.0,5.0,13.0,0.0,0.0,0.0,0.0,0.0,0.0,0.0,0.0,0.0,9140.300000000001,21415.22,42.681326645255105,0.0,10_C,1784.86,5.12101789496095,9.586176527031746,0,0,0,1
1744,Venkatesh Retail,Modern Trade,12,10,30,Ranchi,A,29482.73,6.0,4913.788333333333,49398.08,6.0,-0.4031604062344124,0.0,19915.350000000002,0.0,2025-12-31,0,43.0,5.0,14.0,1.0,1.0,27.0,1.0,0.23333333333333334,0.0,0.0,0.0,0.0,29482.73,69042.04,42.702576575083825,29482.73,12_A,24540.835,1.201374362363791,-0.53288192783435,0,1,0,1
1745,Sathe Traders,Pharmacy,12,19,59,Ranchi,B,12028.73,3.0,4009.5766666666664,2664.26,1.0,3.5148484006816147,2.0,-9364.47,-2.0,2025-12-30,1,13.0,5.0,11.0,2.0,2.0,20.5,1.0,0.4666666666666667,0.0,0.0,0.0,0.0,12028.73,34704.81,34.66012348144249,6014.365,12_B,6060.66,1.984722785967205,3.615968778979388,0,0,0,1
1746,Dada Mart,Modern Trade,12,8,18,Guwahati,B,21672.95,6.0,3612.1583333333333,11352.97,4.0,0.9090114745304534,0.5,-10319.980000000001,-2.0,2025-12-26,5,40.0,5.0,14.0,1.0,0.0,40.0,0.0,0.23333333333333334,0.0,0.0,0.0,0.0,21672.95,37360.31,58.01062678548439,21672.95,12_B,6060.66,3.5760049235561806,1.0101318528282268,0,0,0,1
1747,Jha Supermarket,Pharmacy,6,21,80,Ahmedabad,C,1548.25,1.0,1548.25,8693.140000000001,3.0,-0.8218997968513103,-0.6666666666666666,7144.890000000001,2.0,2025-12-05,26,21.0,5.0,11.0,1.0,0.0,28.0,0.0,0.23333333333333334,0.0,0.0,0.0,0.0,1548.25,16601.45,9.325992609079327,1548.25,6_C,1535.8200000000002,1.0080933963615526,-0.31201645670295775,0,1,0,1
1748,Suresh Traders,Supermarket,12,8,19,Ranchi,A,27147.289999999997,6.0,4524.548333333333,24031.370000000003,4.0,0.12966052289153696,0.5,-3115.9199999999946,-2.0,2025-12-28,3,44.0,5.0,15.0,2.0,1.0,29.0,0.5,0.4666666666666667,0.0,0.0,0.0,0.0,27147.289999999997,72071.89,37.66696003115778,13573.644999999999,12_A,24540.835,1.10620889631506,-6.099870840059474e-05,0,0,0,1
1749,Chand Retail,Convenience,12,19,53,Kolkata,A,21335.98,3.0,7111.993333333333,34547.27,7.0,-0.3824119821913569,-0.5714285714285714,13211.289999999997,4.0,2025-12-27,4,39.0,5.0,14.0,1.0,0.0,21.0,0.0,0.23333333333333334,0.0,0.0,0.0,0.0,21335.98,71463.39,29.855818482722412,21335.98,12_A,24540.835,0.8694072552951031,-0.5121335037912944,0,1,0,1
1750,Uppal General Store,Modern Trade,11,9,56,Chennai,C,367.12,1.0,367.12,2944.75,1.0,-0.8753306732320232,0.0,2577.63,0.0,2025-12-06,25,8.0,3.0,6.0,1.0,0.0,16.0,0.0,0.23333333333333334,0.0,0.0,0.0,0.0,367.12,20075.77,1.8286720758406774,367.12,11_C,2316.54,0.15847772971759608,-0.9374397392659275,0,1,0,1
1751,Sehgal Traders,Convenience,4,13,96,Guwahati,C,2258.19,2.0,1129.095,0.0,0.0,,,-2258.19,-2.0,2025-12-19,12,5.0,2.0,4.0,2.0,1.0,14.5,0.5,0.4666666666666667,0.0,0.0,0.0,0.0,2258.19,20010.08,11.28526222783717,1129.095,4_C,1263.49,1.7872638485464865,,0,0,0,1
1752,Bhakta Mart,Pharmacy,4,2,41,Ranchi,B,1481.71,1.0,1481.71,24238.03,7.0,-0.9388683816300253,-0.8571428571428571,22756.32,6.0,2025-12-31,0,26.0,5.0,13.0,2.0,1.0,19.0,0.5,0.4666666666666667,0.0,0.0,0.0,0.0,1481.71,38448.67,3.853735382784372,740.855,4_B,5210.49,0.2843705678352708,-0.7476164530190722,0,1,0,1
1753,Setty General Store,General Trade,7,20,68,Bengaluru,C,0.0,0.0,0.0,2854.98,1.0,-1.0,-1.0,2854.98,1.0,2025-11-06,55,5.0,3.0,3.0,2.0,1.0,29.5,0.5,0.4666666666666667,0.0,0.0,0.0,0.0,0.0,17078.15,0.0,0.0,7_C,1610.4699999999998,0.0,-0.5522856147365374,1,1,0,1
1754,Deo Retail,Modern Trade,10,32,43,Mumbai,B,5636.389999999999,3.0,1878.7966666666664,2122.44,1.0,1.655618062230263,2.0,-3513.9499999999994,-2.0,2025-12-10,21,23.0,5.0,12.0,3.0,1.0,18.333333333333332,0.3333333333333333,0.7000000000000001,0.0,0.0,0.0,0.0,5636.389999999999,41930.24,13.442303216008304,1878.7966666666664,10_B,6269.79,0.8989758827648134,1.8305286422329123,0,0,0,1
1755,Varghese Retail,Convenience,2,29,9,Ahmedabad,C,0.0,0.0,0.0,3828.0299999999997,2.0,-1.0,-1.0,3828.0299999999997,2.0,2025-11-14,47,7.0,3.0,6.0,0.0,0.0,0.0,0.0,0.0,0.0,0.0,0.0,0.0,0.0,18462.53,0.0,0.0,2_C,1065.73,0.0,-0.5661759345923834,1,1,0,1
1756,Sagar General Store,Convenience,3,18,91,Chennai,B,4793.67,1.0,4793.67,17185.53,4.0,-0.7210635924524876,-0.75,12391.859999999999,3.0,2025-12-21,10,35.0,5.0,14.0,0.0,0.0,0.0,0.0,0.0,0.0,0.0,0.0,0.0,4793.67,42771.98,11.207500798419899,0.0,3_B,5507.8,0.8703420603507752,-0.4817126631557126,0,1,0,1
1757,Shan Supermarket,Pharmacy,4,13,54,Kolkata,B,8659.43,2.0,4329.715,8446.61,2.0,0.02519590699700823,0.0,-212.8199999999997,0.0,2025-12-17,14,31.0,5.0,13.0,5.0,4.0,29.0,0.8,1.1666666666666667,0.0,0.0,0.0,0.0,8659.43,43179.43,20.05452596294115,1731.886,4_B,5210.49,1.661922391176262,0.21644783560796127,0,0,0,1
1758,Bhardwaj Mart,General Trade,5,33,90,Chandigarh,C,0.0,0.0,0.0,2300.05,2.0,-1.0,-1.0,2300.05,2.0,2025-11-08,53,15.0,5.0,10.0,2.0,1.0,34.0,0.5,0.4666666666666667,0.0,0.0,0.0,0.0,0.0,20924.22,0.0,0.0,5_C,1965.2,0.0,-0.5530930221458649,1,1,0,1
1759,Shere Traders,Pharmacy,7,20,13,Bengaluru,A,24950.02,4.0,6237.505,27294.670000000002,5.0,-0.08590138660771503,-0.2,2344.6500000000015,1.0,2025-12-26,5,50.0,5.0,15.0,4.0,3.0,26.25,0.75,0.9333333333333333,0.0,0.0,0.0,0.0,24950.02,60831.25,41.015136134799135,6237.505,7_A,22880.32,1.0904576509419448,-0.08191507082607256,0,0,0,1
1760,Morar Supermarket,Convenience,8,36,76,Patna,C,0.0,0.0,0.0,5424.28,1.0,-1.0,-1.0,5424.28,1.0,2025-11-24,37,11.0,5.0,5.0,3.0,2.0,14.666666666666666,0.6666666666666666,0.7000000000000001,0.0,0.0,0.0,0.0,0.0,18669.89,0.0,0.0,8_C,1474.47,0.0,-0.4422553310707772,1,1,0,1
1761,Bains Retail,General Trade,6,25,86,Nashik,B,7133.57,2.0,3566.785,3720.21,2.0,0.9175180970966692,0.0,-3413.3599999999997,0.0,2025-12-28,3,19.0,4.0,9.0,1.0,0.0,26.0,0.0,0.23333333333333334,195.0,0.0,202.77435897435896,0.0,8343.59,38991.63,21.3984129414441,7133.57,6_B,5118.745000000001,1.3936169901020659,1.18680715781828,0,0,0,1
1762,Randhawa Mart,General Trade,6,21,80,Ahmedabad,C,1523.39,1.0,1523.39,4013.73,2.0,-0.6204552872265947,-0.5,2490.34,1.0,2025-12-17,14,16.0,5.0,11.0,0.0,0.0,0.0,0.0,0.0,0.0,0.0,0.0,0.0,1523.39,19462.76,7.827204363615439,0.0,6_C,1535.8200000000002,0.9919066036384472,-0.11057194707824214,0,1,0,1
1763,Kumar General Store,Supermarket,4,7,26,Patna,B,0.0,0.0,0.0,14394.369999999999,3.0,-1.0,-1.0,14394.369999999999,3.0,2025-11-29,32,22.0,5.0,12.0,3.0,3.0,30.666666666666668,1.0,0.7000000000000001,195.0,0.0,203.03589743589743,0.0,0.0,40486.49,0.0,0.0,4_B,5210.49,0.0,-0.8087480713890469,1,1,0,1
1764,Aggarwal Mart,Supermarket,6,21,80,Nashik,B,716.8,1.0,716.8,10212.23,3.0,-0.929809649802247,-0.6666666666666666,9495.43,2.0,2025-12-04,27,16.0,5.0,12.0,2.0,0.0,36.5,0.0,0.4666666666666667,0.0,0.0,0.0,0.0,7834.77,37833.83,20.708371317416187,358.4,6_B,5118.745000000001,0.14003432481985328,-0.6605205890806363,0,1,0,1
1765,Kamdar Mart,General Trade,3,18,67,Bengaluru,B,0.0,0.0,0.0,11286.35,4.0,-1.0,-1.0,11286.35,4.0,2025-12-01,30,18.0,5.0,10.0,1.0,1.0,36.0,1.0,0.23333333333333334,0.0,0.0,0.0,0.0,5114.05,38572.92,13.25813550024214,0.0,3_B,5507.8,0.0,-0.760649070703225,0,1,0,1
1766,Bora Retail,Pharmacy,4,1,58,Ranchi,B,5214.9800000000005,3.0,1738.3266666666668,404.51,1.0,11.892091666460656,2.0,-4810.47,-2.0,2025-12-25,6,27.0,5.0,12.0,0.0,0.0,0.0,0.0,0.0,195.0,0.0,219.23076923076923,0.0,5214.9800000000005,39937.05,13.058000027543345,0.0,4_B,5210.49,1.0008617231776666,12.083343595071609,0,0,0,1
1767,Bath Supermarket,General Trade,5,22,17,Ludhiana,A,36511.25,5.0,7302.25,36483.56,5.0,0.0007589719862864899,0.0,-27.69000000000233,0.0,2025-12-27,4,45.0,5.0,14.0,5.0,2.0,26.6,0.4,1.1666666666666667,0.0,0.0,0.0,0.0,36511.25,63952.44,57.0912540631757,7302.25,5_A,23936.755,1.5253216235868228,0.0,0,0,0,1
1768,Sampath Retail,Pharmacy,1,17,49,Lucknow,A,45997.46,6.0,7666.243333333333,7726.81,2.0,4.95296894837585,2.0,-38270.65,-4.0,2025-12-28,3,37.0,5.0,14.0,5.0,5.0,18.8,1.0,1.1666666666666667,0.0,0.0,0.0,0.0,45997.46,60245.78,76.34967959581567,9199.492,1_A,22934.37,2.005612536991424,4.8646364741733885,0,0,0,1
1769,Padmanabhan Retail,Supermarket,12,19,53,Patna,A,24269.18,3.0,8089.7266666666665,27853.489999999998,4.0,-0.12868441261759292,-0.25,3584.3099999999977,1.0,2025-12-23,8,42.0,5.0,14.0,3.0,3.0,17.0,1.0,0.7000000000000001,0.0,0.0,0.0,0.0,29526.16,60827.69,48.540656401714415,8089.7266666666665,12_A,24540.835,0.9889304907514354,-0.25840593421753044,0,0,0,1
1770,Bhatt General Store,Supermarket,3,18,11,Kochi,C,4457.33,3.0,1485.7766666666666,2488.24,1.0,0.7913585506221266,2.0,-1969.0900000000001,-2.0,2025-12-23,8,16.0,5.0,11.0,3.0,2.0,22.0,0.6666666666666666,0.7000000000000001,0.0,0.0,0.0,0.0,4457.33,20623.34,21.613036491664296,1485.7766666666666,3_C,1975.87,2.255882218971896,1.1485403407106736,0,0,0,1
1771,Bhasin Mart,Supermarket,5,22,17,Delhi,B,1527.35,1.0,1527.35,8484.84,2.0,-0.8199907128478556,-0.5,6957.49,1.0,2025-12-13,18,10.0,4.0,7.0,1.0,1.0,14.0,1.0,0.23333333333333334,0.0,0.0,0.0,0.0,1527.35,39323.84,3.884030654178229,1527.35,5_B,6391.82,0.23895385039002975,-0.4672741052782847,0,1,0,1
1772,Biswas General Store,General Trade,10,15,100,Mumbai,C,0.0,0.0,0.0,0.0,0.0,,,0.0,0.0,2025-09-22,100,0.0,0.0,0.0,1.0,1.0,22.0,1.0,0.23333333333333334,0.0,0.0,0.0,0.0,0.0,16909.05,0.0,0.0,10_C,1784.86,0.0,,1,0,0,1
1773,Sodhi Traders,Supermarket,6,21,10,Pune,C,141.58,1.0,141.58,609.59,1.0,-0.7677455338834298,0.0,468.01,0.0,2025-12-07,24,5.0,2.0,5.0,4.0,1.0,14.75,0.25,0.9333333333333333,0.0,0.0,0.0,0.0,141.58,20130.4,0.7033143901760521,35.395,6_C,1535.8200000000002,0.09218528212941621,-0.25786219373507724,0,1,0,1
1774,Balay General Store,Modern Trade,4,2,8,Bhubaneswar,A,13808.67,3.0,4602.89,9702.63,4.0,0.423188352024142,-0.25,-4106.040000000001,1.0,2025-12-24,7,22.0,5.0,11.0,3.0,1.0,33.0,0.3333333333333333,0.7000000000000001,0.0,0.0,0.0,0.0,13808.67,58849.89,23.464223977309047,4602.89,4_A,22237.399999999998,0.6209660302013725,0.3542881090781568,0,0,0,1
1775,Mangat General Store,Pharmacy,11,9,56,Chennai,B,8913.25,2.0,4456.625,4408.99,1.0,1.021608123402412,1.0,-4504.26,-1.0,2025-12-25,6,14.0,5.0,10.0,1.0,1.0,33.0,1.0,0.23333333333333334,0.0,0.0,0.0,0.0,8913.25,34526.55,25.815640427439174,8913.25,11_B,5734.650000000001,1.5542796857698375,1.4143131495912895,0,0,0,1
1776,Rege Mart,Pharmacy,4,7,26,Ranchi,C,0.0,0.0,0.0,7056.0599999999995,2.0,-1.0,-1.0,7056.0599999999995,2.0,2025-11-10,51,10.0,4.0,7.0,5.0,3.0,19.4,0.6,1.1666666666666667,0.0,0.0,0.0,0.0,0.0,17017.85,0.0,0.0,4_C,1263.49,0.0,-0.3515857436221601,1,1,0,1
1777,Gole General Store,Modern Trade,7,28,57,Chennai,B,18898.27,5.0,3779.654,5855.19,3.0,2.227610034857964,0.6666666666666666,-13043.080000000002,-2.0,2025-12-27,4,34.0,5.0,13.0,2.0,2.0,23.5,1.0,0.4666666666666667,0.0,0.0,0.0,0.0,18898.27,35877.84,52.67393466273332,9449.135,7_B,6107.09,3.0944803498884084,2.44753805763088,0,0,0,1
1778,Deshmukh General Store,Modern Trade,6,31,74,Pune,C,0.0,0.0,0.0,2354.66,1.0,-1.0,-1.0,2354.66,1.0,2025-11-30,31,7.0,5.0,7.0,1.0,1.0,21.0,1.0,0.23333333333333334,0.0,0.0,0.0,0.0,0.0,16985.79,0.0,0.0,6_C,1535.8200000000002,0.0,-0.49011665985164743,1,1,0,1
1779,Salvi Supermarket,Supermarket,10,4,21,Surat,C,0.0,0.0,0.0,4957.24,2.0,-1.0,-1.0,4957.24,2.0,2025-11-17,44,16.0,4.0,10.0,6.0,3.0,21.833333333333332,0.5,1.4000000000000001,0.0,0.0,0.0,0.0,0.0,18176.38,0.0,0.0,10_C,1784.86,0.0,-0.822765303242021,1,1,0,1
1780,Prasad Retail,Modern Trade,7,12,28,Kochi,B,11813.900000000001,2.0,5906.950000000001,1840.81,1.0,5.417772610970172,1.0,-9973.090000000002,-1.0,2025-12-26,5,29.0,5.0,13.0,0.0,0.0,0.0,0.0,0.0,0.0,0.0,0.0,0.0,11813.900000000001,41218.13,28.66190193490098,0.0,7_B,6107.09,1.9344565087463916,5.637700633743088,0,0,0,1
1781,Raja General Store,General Trade,10,32,33,Ahmedabad,C,5145.84,2.0,2572.92,1158.96,1.0,3.440049699730793,1.0,-3986.88,-1.0,2025-12-24,7,13.0,5.0,9.0,2.0,2.0,12.0,1.0,0.4666666666666667,0.0,0.0,0.0,0.0,5145.84,21432.78,24.00920459221809,2572.92,10_C,1784.86,2.883049650953016,3.617284396488772,0,0,0,1
1782,Sen Traders,General Trade,6,21,80,Surat,A,14935.66,3.0,4978.553333333333,9339.060000000001,3.0,0.5992680205502479,0.0,-5596.5999999999985,0.0,2025-12-24,7,28.0,5.0,15.0,1.0,1.0,31.0,1.0,0.23333333333333334,195.0,0.0,60.56410256410256,0.0,14935.66,57888.28,25.80083567865551,14935.66,6_A,21985.86,0.679330260449216,0.5238685147799195,0,0,0,1
1783,Purohit Supermarket,General Trade,8,36,76,Patna,C,5188.67,2.0,2594.335,1290.12,1.0,3.021850680556848,1.0,-3898.55,-1.0,2025-12-31,0,17.0,5.0,11.0,2.0,1.0,29.0,0.5,0.4666666666666667,0.0,0.0,0.0,0.0,5188.67,20331.82,25.519948533874487,2594.335,8_C,1474.47,3.51900682957266,3.5795953494860706,0,0,0,1
1784,Prashad Traders,Supermarket,4,1,58,Patna,C,0.0,0.0,0.0,0.0,0.0,,,0.0,0.0,2025-11-01,60,5.0,3.0,5.0,1.0,0.0,31.0,0.0,0.23333333333333334,0.0,0.0,0.0,0.0,0.0,17198.28,0.0,0.0,4_C,1263.49,0.0,,1,0,0,1
1785,Buch Mart,General Trade,8,36,70,Bhubaneswar,B,13263.04,2.0,6631.52,15842.150000000001,5.0,-0.1628005037195078,-0.6,2579.1100000000006,3.0,2025-12-20,11,36.0,5.0,15.0,1.0,0.0,16.0,0.0,0.23333333333333334,0.0,0.0,0.0,0.0,13263.04,42497.84,31.208739079444985,13263.04,8_B,5652.47,2.3464149301101997,0.017807813270393852,0,1,0,1
1786,Zacharia Traders,Pharmacy,5,16,42,Lucknow,B,1529.53,1.0,1529.53,5579.94,1.0,-0.7258877335598591,0.0,4050.41,0.0,2025-12-19,12,23.0,5.0,11.0,2.0,1.0,24.0,0.5,0.4666666666666667,0.0,0.0,0.0,0.0,1529.53,41914.41,3.649174591745416,764.765,5_B,6391.82,0.2392949113085162,-0.37317112599028823,0,1,0,1
1787,Deol Retail,Pharmacy,4,13,54,Kolkata,C,0.0,0.0,0.0,460.0,1.0,-1.0,-1.0,460.0,1.0,2025-11-06,55,15.0,5.0,10.0,2.0,2.0,31.5,1.0,0.4666666666666667,0.0,0.0,0.0,0.0,0.0,18540.3,0.0,0.0,4_C,1263.49,0.0,-0.3515857436221601,1,1,0,1
1788,Pall Mart,Modern Trade,5,16,47,Delhi,B,943.58,1.0,943.58,6575.35,2.0,-0.8564973727634271,-0.5,5631.77,1.0,2025-12-04,27,11.0,5.0,10.0,1.0,0.0,29.0,0.0,0.23333333333333334,0.0,0.0,0.0,0.0,943.58,38948.56,2.4226312859833588,943.58,5_B,6391.82,0.1476230557180897,-0.5037807651938562,0,1,0,1
1789,Dani Retail,Supermarket,1,17,3,Lucknow,B,9547.73,2.0,4773.865,1673.04,1.0,4.706815138908812,1.0,-7874.69,-1.0,2025-12-19,12,25.0,5.0,11.0,3.0,2.0,25.666666666666668,0.6666666666666666,0.7000000000000001,195.0,0.0,217.62564102564102,0.0,9547.73,40636.35,23.49554032288825,3182.5766666666664,1_B,5467.655000000001,1.7462202717618427,4.708862377150311,0,0,0,1
1790,Gokhale Mart,Pharmacy,4,1,39,Guwahati,B,0.0,0.0,0.0,8742.17,3.0,-1.0,-1.0,8742.17,3.0,2025-11-10,51,19.0,5.0,12.0,1.0,1.0,37.0,1.0,0.23333333333333334,0.0,0.0,0.0,0.0,0.0,39369.69,0.0,0.0,4_B,5210.49,0.0,-0.8087480713890469,1,1,0,1
1791,Yogi General Store,Supermarket,10,4,21,Surat,C,2187.31,1.0,2187.31,2129.38,2.0,0.027205101954559465,-0.5,-57.929999999999836,1.0,2025-12-08,23,10.0,5.0,7.0,6.0,3.0,27.333333333333332,0.5,1.4000000000000001,0.0,0.0,0.0,0.0,2187.31,20108.55,10.877512301981,364.5516666666667,10_C,1784.86,1.225479869569602,0.20443979871253845,0,0,0,1
1792,Ramaswamy Mart,Modern Trade,3,18,91,Kochi,C,3351.36,2.0,1675.68,2962.59,2.0,0.13122639312223425,0.0,-388.77,0.0,2025-12-25,6,17.0,4.0,10.0,3.0,3.0,16.666666666666668,1.0,0.7000000000000001,0.0,0.0,0.0,0.0,3351.36,17153.28,19.537721065592123,1117.1200000000001,3_C,1975.87,1.6961439770835127,0.4884081832107814,0,0,0,1
1793,Wadhwa Retail,Modern Trade,4,13,54,Ranchi,A,36568.67,7.0,5224.095714285714,26162.780000000002,5.0,0.39773640262999554,0.4,-10405.889999999996,-2.0,2025-12-24,7,49.0,5.0,15.0,1.0,1.0,35.0,1.0,0.23333333333333334,0.0,0.0,0.0,0.0,36568.67,56271.84,64.98573709336677,36568.67,4_A,22237.399999999998,1.6444669790533066,0.32883615968401037,0,0,0,1
1794,Datta Mart,Convenience,8,36,55,Guwahati,A,8063.18,3.0,2687.726666666667,22585.010000000002,2.0,-0.6429853252223489,0.5,14521.830000000002,-1.0,2025-12-24,7,34.0,5.0,13.0,3.0,3.0,31.666666666666668,1.0,0.7000000000000001,195.0,0.0,43.723076923076924,0.0,8063.18,63690.42,12.659957337382924,2687.726666666667,8_A,21023.8,0.3835262892531322,-0.6243297433281091,0,1,0,1
1795,Kapoor Traders,General Trade,5,22,17,Chandigarh,C,7882.4400000000005,2.0,3941.2200000000003,494.76,1.0,14.931845743390737,1.0,-7387.68,-1.0,2025-12-22,9,19.0,5.0,12.0,0.0,0.0,0.0,0.0,0.0,0.0,0.0,0.0,0.0,7882.4400000000005,19784.45,39.84159276603595,0.0,5_C,1965.2,4.011011601872583,15.378752721244872,0,0,0,1
1796,Aggarwal Retail,Pharmacy,1,34,27,Chandigarh,C,516.28,1.0,516.28,1608.17,3.0,-0.6789642886013295,-0.6666666666666666,1091.89,2.0,2025-12-16,15,13.0,5.0,10.0,2.0,2.0,36.0,1.0,0.4666666666666667,0.0,0.0,0.0,0.0,1248.04,19821.25,6.296474743015702,258.14,1_C,1475.75,0.34984245299000505,-0.0523919659897657,0,1,0,1
1797,Bajaj Retail,Convenience,10,32,43,Pune,C,4461.8,3.0,1487.2666666666667,0.0,0.0,,,-4461.8,-3.0,2025-12-30,1,13.0,5.0,9.0,0.0,0.0,0.0,0.0,0.0,0.0,0.0,0.0,0.0,4461.8,20237.37,22.04733124907041,0.0,10_C,1784.86,2.499803906188721,,0,0,0,1
1798,Misra Mart,Pharmacy,7,28,79,Chennai,C,5285.3099999999995,2.0,2642.6549999999997,3506.18,1.0,0.5074268862408661,1.0,-1779.1299999999997,-1.0,2025-12-28,3,12.0,5.0,9.0,1.0,1.0,27.0,1.0,0.23333333333333334,0.0,0.0,0.0,0.0,5285.3099999999995,16769.49,31.517416450947515,5285.3099999999995,7_C,1610.4699999999998,3.2818431886343737,0.9551412715043287,0,0,0,1
1799,Sheth Mart,Convenience,12,35,66,Kolkata,B,14695.94,3.0,4898.6466666666665,4423.59,1.0,2.3221749755289256,2.0,-10272.35,-2.0,2025-12-20,11,23.0,5.0,13.0,2.0,0.0,29.5,0.0,0.4666666666666667,0.0,0.0,0.0,0.0,14695.94,39013.05,37.669292711028746,7347.97,12_B,6060.66,2.4248085192041793,2.423295353826699,0,0,0,1
1800,Samra Traders,Modern Trade,12,35,78,Patna,A,9988.94,2.0,4994.47,18209.08,3.0,-0.4514308246215625,-0.3333333333333333,8220.140000000001,1.0,2025-12-06,25,34.0,5.0,15.0,0.0,0.0,0.0,0.0,0.0,0.0,0.0,0.0,0.0,9988.94,66570.78,15.004991679532672,0.0,12_A,24540.835,0.4070334200119923,-0.5811523462215,0,1,0,1
1801,Wali Mart,General Trade,5,16,47,Delhi,B,6603.91,2.0,3301.955,19956.37,6.0,-0.6690826036999715,-0.6666666666666666,13352.46,4.0,2025-12-21,10,35.0,5.0,14.0,0.0,0.0,0.0,0.0,0.0,0.0,0.0,0.0,0.0,14968.07,35081.59,42.66645268928803,0.0,5_B,6391.82,1.033181472569628,-0.3163659961304006,0,1,0,1
1802,Raghavan Retail,Pharmacy,6,21,72,Pune,C,1592.92,1.0,1592.92,0.0,0.0,,,-1592.92,-1.0,2025-12-21,10,3.0,2.0,3.0,2.0,1.0,22.0,0.5,0.4666666666666667,0.0,0.0,0.0,0.0,1592.92,20527.77,7.759829733088397,796.46,6_C,1535.8200000000002,1.0371788360615175,,0,0,0,1
1803,Karpe Supermarket,Convenience,4,7,26,Bhubaneswar,C,2016.33,1.0,2016.33,0.0,0.0,,,-2016.33,-1.0,2025-12-09,22,3.0,2.0,3.0,1.0,1.0,39.0,1.0,0.23333333333333334,0.0,0.0,0.0,0.0,2016.33,18508.5,10.894075694950969,2016.33,4_C,1263.49,1.5958416766258536,,0,0,0,1
1804,Kota Traders,Pharmacy,7,20,68,Coimbatore,B,8738.46,4.0,2184.615,1226.0,2.0,6.1276182707993465,1.0,-7512.459999999999,-2.0,2025-12-29,2,20.0,5.0,11.0,4.0,2.0,29.0,0.5,0.9333333333333333,0.0,0.0,0.0,0.0,8738.46,33599.92,26.00738335091274,2184.615,7_B,6107.09,1.4308713315179569,6.347546293572263,0,0,0,1
1805,Sharma General Store,General Trade,8,14,34,Bhubaneswar,A,0.0,0.0,0.0,10830.67,1.0,-1.0,-1.0,10830.67,1.0,2025-11-12,49,22.0,5.0,14.0,0.0,0.0,0.0,0.0,0.0,0.0,0.0,0.0,0.0,0.0,57491.43,0.0,0.0,8_A,21023.8,0.0,-0.9813444181057602,1,1,0,1
1806,Pal Mart,Pharmacy,4,13,48,Ranchi,C,1223.44,2.0,611.72,2758.63,1.0,-0.5565044967973233,1.0,1535.19,-1.0,2025-12-15,16,8.0,5.0,7.0,0.0,0.0,0.0,0.0,0.0,0.0,0.0,0.0,0.0,1223.44,18699.89,6.5424983783327075,0.0,4_C,1263.49,0.9683020839104386,0.09190975958051661,0,1,0,1
1807,Dubey Retail,Pharmacy,7,28,57,Hyderabad,A,14875.51,3.0,4958.503333333333,15579.279999999999,5.0,-0.04517346116123458,-0.4,703.7699999999986,2.0,2025-12-31,0,33.0,5.0,13.0,5.0,4.0,26.4,0.8,1.1666666666666667,0.0,0.0,0.0,0.0,14875.51,73986.96,20.10558347038451,2975.102,7_A,22880.32,0.6501443161634103,-0.041187145379592116,0,0,0,1
1808,Majumdar Retail,General Trade,2,29,37,Pune,C,2080.96,2.0,1040.48,3400.31,1.0,-0.38800874037955363,1.0,1319.35,-1.0,2025-12-17,14,9.0,4.0,8.0,1.0,1.0,36.0,1.0,0.23333333333333334,0.0,0.0,0.0,0.0,2080.96,17389.85,11.966520700293563,2080.96,2_C,1065.73,1.9526146397305133,0.045815325028063014,0,1,0,1
1809,Gulati Traders,Convenience,4,13,62,Patna,A,8804.140000000001,2.0,4402.070000000001,23663.14,3.0,-0.627938642124418,-0.3333333333333333,14858.999999999998,1.0,2025-12-27,4,38.0,5.0,13.0,6.0,4.0,28.5,0.6666666666666666,1.4000000000000001,0.0,0.0,0.0,0.0,8804.140000000001,59272.35,14.853704973735649,1467.3566666666668,4_A,22237.399999999998,0.39591588944750744,-0.6968388850704031,0,1,0,1
1810,Chowdhury General Store,Supermarket,5,33,51,Jaipur,B,9985.42,2.0,4992.71,4203.92,2.0,1.3752640392776265,0.0,-5781.5,0.0,2025-12-26,5,16.0,4.0,7.0,0.0,0.0,0.0,0.0,0.0,195.0,0.0,215.64615384615385,0.0,9985.42,43195.78,23.116656302999967,0.0,5_B,6391.82,1.5622185856297581,1.7279806468471974,0,0,0,1
1811,Balay Mart,Pharmacy,12,35,66,Kolkata,C,0.0,0.0,0.0,2616.84,2.0,-1.0,-1.0,2616.84,2.0,2025-11-16,45,11.0,4.0,9.0,3.0,2.0,15.666666666666666,0.6666666666666666,0.7000000000000001,195.0,0.0,295.8615384615385,0.0,0.0,18992.01,0.0,0.0,12_C,1525.54,0.0,-0.41156482455115484,1,1,0,1
1812,Saini Mart,General Trade,6,31,14,Nashik,A,35163.44,6.0,5860.573333333334,39616.08,5.0,-0.11239476495402875,0.2,4452.639999999999,-1.0,2025-12-29,2,54.0,5.0,14.0,2.0,2.0,32.0,1.0,0.4666666666666667,0.0,0.0,0.0,0.0,35163.44,71439.98,49.22095442915858,17581.72,6_A,21985.86,1.5993661380541857,-0.18779427072435712,0,0,0,1
1813,Babu General Store,Pharmacy,3,18,11,Kochi,B,0.0,0.0,0.0,0.0,0.0,,,0.0,0.0,2025-10-26,66,11.0,4.0,7.0,3.0,2.0,18.666666666666668,0.6666666666666666,0.7000000000000001,0.0,0.0,0.0,0.0,0.0,32632.33,0.0,0.0,3_B,5507.8,0.0,,1,0,0,1
1814,Khosla Supermarket,General Trade,3,18,83,Kochi,C,0.0,0.0,0.0,4392.01,1.0,-1.0,-1.0,4392.01,1.0,2025-11-11,50,13.0,4.0,8.0,0.0,0.0,0.0,0.0,0.0,0.0,0.0,0.0,0.0,0.0,16706.78,0.0,0.0,3_C,1975.87,0.0,-0.6428182099114529,1,1,0,1
1815,Jhaveri General Store,Convenience,6,31,98,Ahmedabad,B,0.0,0.0,0.0,207.57,1.0,-1.0,-1.0,207.57,1.0,2025-11-10,51,24.0,5.0,12.0,0.0,0.0,0.0,0.0,0.0,0.0,0.0,0.0,0.0,0.0,40291.63,0.0,0.0,6_B,5118.745000000001,0.0,-0.7307109392783893,1,1,0,1
1816,Bhavsar Mart,Modern Trade,4,13,62,Kolkata,A,23518.1,4.0,5879.525,24688.0,5.0,-0.04738739468567731,-0.2,1169.9000000000015,1.0,2025-12-29,2,45.0,5.0,15.0,1.0,1.0,25.0,1.0,0.23333333333333334,0.0,0.0,0.0,0.0,23518.1,60079.49,39.1449727685771,23518.1,4_A,22237.399999999998,1.0575921645516113,-0.11628763763166253,0,0,0,1
1817,Chaudhuri Traders,General Trade,5,16,42,Lucknow,C,1153.64,1.0,1153.64,2449.49,2.0,-0.5290284916451995,-0.5,1295.8499999999997,1.0,2025-12-09,22,7.0,4.0,6.0,2.0,0.0,26.5,0.0,0.4666666666666667,195.0,0.0,291.2205128205128,0.0,1153.64,19010.1,6.068563553058638,576.82,5_C,1965.2,0.5870343985345003,-0.08212151379106436,0,1,0,1
1818,Bandi General Store,Modern Trade,6,25,86,Surat,C,5022.05,2.0,2511.025,780.25,1.0,5.4364626722204425,1.0,-4241.8,-1.0,2025-12-08,23,14.0,5.0,8.0,0.0,0.0,0.0,0.0,0.0,0.0,0.0,0.0,0.0,5022.05,16168.01,31.061645805513482,0.0,6_C,1535.8200000000002,3.2699469989972783,5.946346012368795,0,0,0,1
1819,Sekhon General Store,Convenience,10,32,63,Mumbai,B,5629.75,3.0,1876.5833333333333,4174.29,3.0,0.34867246885099024,0.0,-1455.46,0.0,2025-12-29,2,16.0,4.0,10.0,2.0,0.0,21.5,0.0,0.4666666666666667,0.0,0.0,0.0,0.0,5629.75,40177.51,14.012192393207046,2814.875,10_B,6269.79,0.8979168361300778,0.5235830488536397,0,0,0,1
1820,Bava General Store,Convenience,5,33,51,Jaipur,A,43104.96,8.0,5388.12,10237.36,3.0,3.2105542835262213,1.6666666666666667,-32867.6,-5.0,2025-12-25,6,43.0,5.0,14.0,2.0,0.0,19.5,0.0,0.4666666666666667,195.0,1.0,71.46153846153847,0.005128205128205128,48877.64,68923.28,70.91600980104255,21552.48,5_A,23936.755,1.8007854448107103,3.209795311539935,0,0,0,1
1821,Konda Supermarket,Supermarket,12,8,50,Bhubaneswar,C,0.0,0.0,0.0,44.0,1.0,-1.0,-1.0,44.0,1.0,2025-11-04,57,4.0,3.0,3.0,1.0,0.0,19.0,0.0,0.23333333333333334,0.0,0.0,0.0,0.0,0.0,20047.75,0.0,0.0,12_C,1525.54,0.0,-0.41156482455115484,1,1,0,1
1822,Basu Traders,General Trade,5,33,51,Delhi,C,8350.69,4.0,2087.6725,3209.11,2.0,1.602182536591142,1.0,-5141.58,-2.0,2025-12-20,11,25.0,5.0,12.0,0.0,0.0,0.0,0.0,0.0,0.0,0.0,0.0,0.0,8350.69,17625.12,47.37947883475404,0.0,5_C,1965.2,4.2492825157744765,2.049089514445277,0,0,0,1
1823,Ratti General Store,General Trade,12,35,66,Ranchi,B,12676.94,5.0,2535.388,9144.48,3.0,0.38629424527146444,0.6666666666666666,-3532.460000000001,-2.0,2025-12-17,14,27.0,5.0,14.0,1.0,0.0,14.0,0.0,0.23333333333333334,0.0,0.0,0.0,0.0,12676.94,37163.17,34.11156798518534,12676.94,12_B,6060.66,2.091676484079292,0.48741462356923787,0,0,0,1
1824,Sarna Retail,Modern Trade,4,7,26,Guwahati,C,839.23,1.0,839.23,0.0,0.0,,,-839.23,-1.0,2025-12-13,18,7.0,4.0,6.0,0.0,0.0,0.0,0.0,0.0,0.0,0.0,0.0,0.0,839.23,16909.96,4.962933087955265,0.0,4_C,1263.49,0.6642157832669827,,0,0,0,1
1825,Kaur Mart,Convenience,4,2,60,Kolkata,C,2072.77,1.0,2072.77,2381.43,1.0,-0.1296111999932813,0.0,308.65999999999985,0.0,2025-12-23,8,11.0,5.0,10.0,1.0,1.0,20.0,1.0,0.23333333333333334,0.0,0.0,0.0,0.0,2072.77,16924.36,12.247257798817799,2072.77,4_C,1263.49,1.6405115988254755,0.5188030563845586,0,0,0,1
1826,Zacharia Mart,Modern Trade,12,35,66,Kolkata,B,8726.98,3.0,2908.9933333333333,4042.14,1.0,1.1589999356776362,2.0,-4684.84,-2.0,2025-12-18,13,13.0,5.0,9.0,0.0,0.0,0.0,0.0,0.0,0.0,0.0,0.0,0.0,8726.98,37667.77,23.168294804815893,0.0,12_B,6060.66,1.4399388845439276,1.2601203139754096,0,0,0,1
1827,Kalla Traders,Convenience,9,3,93,Chandigarh,B,13014.79,3.0,4338.263333333333,2546.49,2.0,4.1108741836802825,0.5,-10468.300000000001,-1.0,2025-12-25,6,28.0,5.0,13.0,1.0,1.0,14.0,1.0,0.23333333333333334,0.0,0.0,0.0,0.0,13014.79,41977.75,31.004019986778715,13014.79,9_B,5894.43,2.207981094015876,4.28602045908465,0,0,0,1
1828,Bhalla Mart,General Trade,6,21,72,Nashik,B,2369.95,1.0,2369.95,17713.65,6.0,-0.8662076985827314,-0.8333333333333334,15343.7,5.0,2025-12-05,26,22.0,5.0,11.0,2.0,1.0,21.5,0.5,0.4666666666666667,0.0,0.0,0.0,0.0,11325.039999999999,32971.46,34.34800885371773,1184.975,6_B,5118.745000000001,0.46299434724722555,-0.5969186378611206,0,1,0,1
1829,Dey Retail,General Trade,6,21,80,Mumbai,C,0.0,0.0,0.0,13332.52,4.0,-1.0,-1.0,13332.52,4.0,2025-11-27,34,18.0,5.0,11.0,2.0,2.0,35.0,1.0,0.4666666666666667,0.0,0.0,0.0,0.0,0.0,17592.5,0.0,0.0,6_C,1535.8200000000002,0.0,-0.49011665985164743,1,1,0,1
1830,Thakur Mart,Modern Trade,10,4,21,Mumbai,A,20320.67,4.0,5080.1675,25174.55,4.0,-0.19280900750956825,0.0,4853.880000000001,0.0,2025-12-22,9,39.0,5.0,15.0,2.0,2.0,33.0,1.0,0.4666666666666667,0.0,0.0,0.0,0.0,20320.67,65745.6,30.908030347277986,10160.335,10_A,24727.44,0.8217862423283607,-0.3510093081711617,0,1,0,1
1831,Mann General Store,Supermarket,6,21,10,Ahmedabad,B,3820.91,2.0,1910.455,2931.57,1.0,0.3033664555170095,1.0,-889.3399999999997,-1.0,2025-12-18,13,9.0,4.0,9.0,2.0,2.0,17.0,1.0,0.4666666666666667,0.0,0.0,0.0,0.0,3820.91,33849.39,11.28797298858266,1910.455,6_B,5118.745000000001,0.7464544531911629,0.5726555162386202,0,0,0,1
1832,Kaur Mart,General Trade,12,8,19,Patna,B,4502.93,2.0,2251.465,8818.96,2.0,-0.48940351243230484,0.0,4316.029999999999,0.0,2025-12-09,22,20.0,5.0,10.0,2.0,2.0,28.0,1.0,0.4666666666666667,0.0,0.0,0.0,0.0,4502.93,39992.88,11.259329160590587,2251.465,12_B,6060.66,0.7429768375061463,-0.3882831341345314,0,1,0,1
1833,Nagar General Store,General Trade,4,7,4,Ranchi,A,31259.010000000002,7.0,4465.572857142857,29238.95,7.0,0.0690879802455287,0.0,-2020.0600000000013,0.0,2025-12-26,5,52.0,5.0,15.0,3.0,1.0,29.666666666666668,0.3333333333333333,0.7000000000000001,0.0,0.0,0.0,0.0,31259.010000000002,64093.09,48.77126379770425,10419.67,4_A,22237.399999999998,1.4056953600690731,0.0001877372995434945,0,0,0,1
1834,Nagi General Store,Convenience,3,18,89,Coimbatore,B,11952.84,5.0,2390.568,10768.220000000001,2.0,0.11001075386646993,1.5,-1184.619999999999,-3.0,2025-12-31,0,41.0,5.0,13.0,1.0,0.0,9.0,0.0,0.23333333333333334,195.0,0.0,217.05128205128204,0.0,11952.84,42644.12,28.0292804728999,11952.84,3_B,5507.8,2.170165946475907,0.349361683163245,0,0,0,1
1835,Khalsa Traders,General Trade,7,12,28,Bengaluru,B,13345.44,4.0,3336.36,17885.63,4.0,-0.2538456850555446,0.0,4540.1900000000005,0.0,2025-12-31,0,27.0,5.0,13.0,1.0,1.0,18.0,1.0,0.23333333333333334,0.0,0.0,0.0,0.0,13345.44,34736.82,38.41871535736432,13345.44,7_B,6107.09,2.1852371587777486,-0.0339176622826286,0,1,0,1
1836,Mittal Supermarket,General Trade,12,19,53,Bhubaneswar,C,0.0,0.0,0.0,3444.8,2.0,-1.0,-1.0,3444.8,2.0,2025-11-24,37,14.0,4.0,8.0,1.0,0.0,10.0,0.0,0.23333333333333334,0.0,0.0,0.0,0.0,0.0,21284.3,0.0,0.0,12_C,1525.54,0.0,-0.41156482455115484,1,1,0,1
1837,Dhar Mart,Supermarket,3,18,91,Hyderabad,C,0.0,0.0,0.0,0.0,0.0,,,0.0,0.0,2025-10-24,68,1.0,1.0,1.0,1.0,1.0,34.0,1.0,0.23333333333333334,0.0,0.0,0.0,0.0,0.0,17268.41,0.0,0.0,3_C,1975.87,0.0,,1,0,0,1
1838,Verma General Store,Convenience,5,16,31,Lucknow,C,0.0,0.0,0.0,0.0,0.0,,,0.0,0.0,2025-10-18,74,10.0,5.0,8.0,1.0,0.0,14.0,0.0,0.23333333333333334,0.0,0.0,0.0,0.0,0.0,16154.97,0.0,0.0,5_C,1965.2,0.0,,1,0,0,1
1839,Kant General Store,Convenience,12,10,30,Kolkata,B,0.0,0.0,0.0,3236.3,1.0,-1.0,-1.0,3236.3,1.0,2025-11-08,53,4.0,2.0,3.0,4.0,4.0,23.0,1.0,0.9333333333333333,0.0,0.0,0.0,0.0,0.0,42520.71,0.0,0.0,12_B,6060.66,0.0,-0.8988796217022266,1,1,0,1
1840,Sachdev Retail,Convenience,10,4,21,Ahmedabad,C,7778.0599999999995,2.0,3889.0299999999997,0.0,0.0,,,-7778.0599999999995,-2.0,2025-12-25,6,15.0,5.0,10.0,2.0,2.0,24.0,1.0,0.4666666666666667,0.0,0.0,0.0,0.0,7778.0599999999995,19593.15,39.697853586585104,3889.0299999999997,10_C,1784.86,4.3577983707405625,,0,0,0,1
1841,Mital Traders,Supermarket,6,21,45,Surat,A,50380.619999999995,8.0,6297.577499999999,18141.2,3.0,1.777138226798668,1.6666666666666667,-32239.419999999995,-5.0,2025-12-26,5,44.0,5.0,15.0,1.0,0.0,23.0,0.0,0.23333333333333334,0.0,0.0,0.0,0.0,50380.619999999995,56921.83,88.50843340771017,50380.619999999995,6_A,21985.86,2.291500992001222,1.7017387210283397,0,0,0,0
1842,Maharaj Traders,Supermarket,12,8,19,Ranchi,C,4739.29,1.0,4739.29,2985.84,2.0,0.5872551777724191,-0.5,-1753.4499999999998,1.0,2025-12-13,18,24.0,5.0,13.0,2.0,1.0,23.0,0.5,0.4666666666666667,0.0,0.0,0.0,0.0,4739.29,19565.82,24.222291731192456,2369.645,12_C,1525.54,3.1066310945632365,1.1756903532212641,0,0,0,1
1843,Bhat Traders,Pharmacy,12,8,18,Patna,C,0.0,0.0,0.0,1994.77,1.0,-1.0,-1.0,1994.77,1.0,2025-11-21,40,10.0,4.0,8.0,4.0,1.0,12.5,0.25,0.9333333333333333,0.0,0.0,0.0,0.0,0.0,20722.7,0.0,0.0,12_C,1525.54,0.0,-0.41156482455115484,1,1,0,1
1844,Gill Mart,Convenience,10,4,6,Ahmedabad,B,1747.76,1.0,1747.76,10167.0,4.0,-0.8280948165633913,-0.75,8419.24,3.0,2025-12-26,5,26.0,5.0,10.0,1.0,0.0,25.0,0.0,0.23333333333333334,0.0,0.0,0.0,0.0,1747.76,32973.3,5.3005310357167765,1747.76,10_B,6269.79,0.27875893769966775,-0.6531842365607419,0,1,0,1
1845,Sane Mart,Pharmacy,6,31,74,Pune,C,1871.81,1.0,1871.81,2227.37,1.0,-0.15963221198094613,0.0,355.55999999999995,0.0,2025-12-30,1,13.0,4.0,9.0,3.0,2.0,24.0,0.6666666666666666,0.7000000000000001,0.0,0.0,0.0,0.0,1871.81,20280.27,9.229709466392706,623.9366666666666,6_C,1535.8200000000002,1.2187691265903555,0.35025112816740644,0,1,0,1
1846,Tandon General Store,Convenience,6,25,65,Nashik,A,0.0,0.0,0.0,12886.74,2.0,-1.0,-1.0,12886.74,2.0,2025-11-15,46,9.0,5.0,7.0,2.0,1.0,23.5,0.5,0.4666666666666667,0.0,0.0,0.0,0.0,0.0,71911.53,0.0,0.0,6_A,21985.86,0.0,-1.0753995057703283,1,1,0,1
1847,Batta Retail,Pharmacy,4,2,22,Bhubaneswar,C,1504.0,2.0,752.0,2292.6,1.0,-0.34397627148216,1.0,788.5999999999999,-1.0,2025-12-18,13,20.0,5.0,11.0,0.0,0.0,0.0,0.0,0.0,0.0,0.0,0.0,0.0,1504.0,21554.83,6.977554450673004,0.0,4_C,1263.49,1.190353702838962,0.3044379848956799,0,1,0,1
1848,Padmanabhan Traders,Modern Trade,5,22,71,Lucknow,B,12883.75,3.0,4294.583333333333,4869.8,2.0,1.6456425315208016,0.5,-8013.95,-1.0,2025-12-26,5,26.0,5.0,13.0,2.0,1.0,22.5,0.5,0.4666666666666667,0.0,0.0,0.0,0.0,12883.75,32729.75,39.364034250185234,6441.875,5_B,6391.82,2.015662205756733,1.9983591390903725,0,0,0,1
1849,Raj Traders,Modern Trade,8,14,97,Kolkata,B,8996.65,3.0,2998.883333333333,509.72,2.0,16.650180491250097,0.5,-8486.93,-1.0,2025-12-29,2,23.0,5.0,13.0,1.0,1.0,19.0,1.0,0.23333333333333334,0.0,0.0,0.0,0.0,8996.65,34233.63,26.280152002577584,8996.65,8_B,5652.47,1.5916316229895955,16.830788808239998,0,0,0,1
1850,Vohra Supermarket,General Trade,12,8,92,Kolkata,C,0.0,0.0,0.0,1228.43,1.0,-1.0,-1.0,1228.43,1.0,2025-11-13,48,2.0,1.0,2.0,0.0,0.0,0.0,0.0,0.0,0.0,0.0,0.0,0.0,0.0,16993.99,0.0,0.0,12_C,1525.54,0.0,-0.41156482455115484,1,1,0,1
1851,Nagar Mart,Convenience,5,16,31,Lucknow,B,0.0,0.0,0.0,12066.5,3.0,-1.0,-1.0,12066.5,3.0,2025-11-28,33,16.0,5.0,8.0,2.0,0.0,27.0,0.0,0.4666666666666667,0.0,0.0,0.0,0.0,0.0,33836.49,0.0,0.0,5_B,6391.82,0.0,-0.6472833924304291,1,1,0,1
1852,Saha General Store,Modern Trade,4,7,4,Kolkata,A,5307.04,2.0,2653.52,35201.55,5.0,-0.8492384568293158,-0.6,29894.510000000002,3.0,2025-12-19,12,36.0,5.0,14.0,3.0,3.0,18.0,1.0,0.7000000000000001,0.0,0.0,0.0,0.0,5307.04,73181.5,7.251887430566469,1769.0133333333333,4_A,22237.399999999998,0.23865379945497228,-0.9181386997753009,0,1,0,1
1853,Rege General Store,Pharmacy,2,29,9,Ahmedabad,B,3438.17,1.0,3438.17,2246.76,1.0,0.5302791575424165,0.0,-1191.4099999999999,0.0,2025-12-08,23,7.0,4.0,6.0,1.0,0.0,20.0,0.0,0.23333333333333334,0.0,0.0,0.0,0.0,3438.17,32964.0,10.430075233588157,3438.17,2_B,7635.110000000001,0.4503104735884617,0.3545115118618125,0,0,0,1
1854,Dixit Traders,Supermarket,5,33,90,Ludhiana,B,0.0,0.0,0.0,14686.93,6.0,-1.0,-1.0,14686.93,6.0,2025-11-22,39,39.0,5.0,15.0,1.0,0.0,17.0,0.0,0.23333333333333334,0.0,0.0,0.0,0.0,0.0,36689.01,0.0,0.0,5_B,6391.82,0.0,-0.6472833924304291,1,1,0,1
1855,Mital Traders,General Trade,4,13,62,Guwahati,C,0.0,0.0,0.0,0.0,0.0,,,0.0,0.0,2025-08-19,134,0.0,0.0,0.0,2.0,1.0,15.0,0.5,0.4666666666666667,0.0,0.0,0.0,0.0,0.0,16686.88,0.0,0.0,4_C,1263.49,0.0,,1,0,0,1
1856,Puri Traders,Convenience,5,33,90,Lucknow,C,3365.38,2.0,1682.69,5978.12,3.0,-0.43705044395227927,-0.3333333333333333,2612.74,1.0,2025-12-29,2,18.0,5.0,12.0,0.0,0.0,0.0,0.0,0.0,0.0,0.0,0.0,0.0,3365.38,21216.58,15.862028658718794,0.0,5_C,1965.2,1.7124872786484837,0.009856533901855868,0,1,0,1
1857,Gour Traders,General Trade,6,21,80,Ahmedabad,C,0.0,0.0,0.0,3832.63,2.0,-1.0,-1.0,3832.63,2.0,2025-11-27,34,12.0,4.0,8.0,4.0,2.0,18.75,0.5,0.9333333333333333,0.0,0.0,0.0,0.0,0.0,16440.31,0.0,0.0,6_C,1535.8200000000002,0.0,-0.49011665985164743,1,1,0,1
1858,Yogi General Store,Modern Trade,12,35,61,Patna,B,0.0,0.0,0.0,24992.29,4.0,-1.0,-1.0,24992.29,4.0,2025-11-22,39,24.0,5.0,13.0,1.0,0.0,10.0,0.0,0.23333333333333334,195.0,0.0,221.06666666666666,0.0,0.0,43180.17,0.0,0.0,12_B,6060.66,0.0,-0.8988796217022266,1,1,0,1
1859,Solanki Mart,Convenience,12,19,59,Ranchi,C,0.0,0.0,0.0,0.0,0.0,,,0.0,0.0,2025-10-26,66,13.0,4.0,9.0,2.0,1.0,32.0,0.5,0.4666666666666667,0.0,0.0,0.0,0.0,0.0,18662.06,0.0,0.0,12_C,1525.54,0.0,,1,0,0,1
1860,Khosla Traders,General Trade,5,22,71,Lucknow,B,22606.64,6.0,3767.773333333333,10108.85,3.0,1.2363216389599212,1.0,-12497.789999999999,-3.0,2025-12-30,1,34.0,5.0,14.0,3.0,1.0,32.666666666666664,0.3333333333333333,0.7000000000000001,0.0,0.0,0.0,0.0,26843.39,41179.41,65.18643661966016,7535.546666666666,5_B,6391.82,3.536807982702892,1.589038246529492,0,0,0,1
1861,Kar Traders,General Trade,10,15,100,Mumbai,C,0.0,0.0,0.0,4539.26,4.0,-1.0,-1.0,4539.26,4.0,2025-11-26,35,19.0,5.0,10.0,3.0,1.0,26.333333333333332,0.3333333333333333,0.7000000000000001,0.0,0.0,0.0,0.0,0.0,17009.55,0.0,0.0,10_C,1784.86,0.0,-0.822765303242021,1,1,0,1
1862,Mital General Store,Supermarket,12,8,50,Guwahati,C,0.0,0.0,0.0,0.0,0.0,,,0.0,0.0,2025-10-23,69,1.0,1.0,1.0,1.0,1.0,25.0,1.0,0.23333333333333334,0.0,0.0,0.0,0.0,0.0,20479.67,0.0,0.0,12_C,1525.54,0.0,,1,0,0,1
1863,Dhawan Mart,General Trade,1,17,23,Lucknow,B,25630.789999999997,5.0,5126.157999999999,10398.93,4.0,1.4647526235872341,0.25,-15231.859999999997,-1.0,2025-12-25,6,36.0,5.0,15.0,1.0,1.0,35.0,1.0,0.23333333333333334,0.0,0.0,0.0,0.0,25630.789999999997,41047.64,62.44156789525535,25630.789999999997,1_B,5467.655000000001,4.68771164237685,1.4667998618287332,0,0,0,1
1864,Sheth General Store,Modern Trade,3,23,88,Chennai,C,1091.65,2.0,545.825,1454.99,1.0,-0.2497199293465934,1.0,363.3399999999999,-1.0,2025-12-16,15,5.0,4.0,4.0,1.0,1.0,14.0,1.0,0.23333333333333334,0.0,0.0,0.0,0.0,1091.65,20424.68,5.344759379339114,1091.65,3_C,1975.87,0.552490801520343,0.10746186074195371,0,1,0,1
1865,Bhardwaj General Store,Supermarket,10,15,100,Pune,C,3744.8700000000003,2.0,1872.4350000000002,3859.69,2.0,-0.02974850311812599,0.0,114.81999999999971,0.0,2025-12-28,3,18.0,5.0,12.0,3.0,2.0,21.666666666666668,0.6666666666666666,0.7000000000000001,0.0,0.0,0.0,0.0,3744.8700000000003,20514.97,18.254328424560214,1248.2900000000002,10_C,1784.86,2.0981309458444923,0.147486193639853,0,0,0,1
1866,Sachar Traders,General Trade,2,26,75,Surat,B,16467.37,4.0,4116.8425,1291.6200000000001,3.0,11.749392236106592,0.3333333333333333,-15175.749999999998,-1.0,2025-12-28,3,27.0,5.0,15.0,1.0,0.0,18.0,0.0,0.23333333333333334,0.0,0.0,0.0,0.0,16467.37,43696.72,37.685597454454246,16467.37,2_B,7635.110000000001,2.1567953834325895,11.573624590425988,0,0,0,1
1867,Saha Retail,Pharmacy,9,11,73,Delhi,B,0.0,0.0,0.0,2938.21,1.0,-1.0,-1.0,2938.21,1.0,2025-11-07,54,9.0,5.0,8.0,6.0,3.0,21.666666666666668,0.5,1.4000000000000001,195.0,0.0,207.93846153846152,0.0,0.0,38245.6,0.0,0.0,9_B,5894.43,0.0,-0.8248537245956321,1,1,0,1
1868,Wagle Traders,General Trade,5,33,82,Ludhiana,A,2531.54,3.0,843.8466666666667,32842.03,6.0,-0.9229176759171098,-0.5,30310.489999999998,3.0,2025-12-22,9,39.0,5.0,15.0,2.0,1.0,36.0,0.5,0.4666666666666667,195.0,0.0,53.12307692307692,0.0,2531.54,65806.3,3.8469569023026664,1265.77,5_A,23936.755,0.10575953173268474,-0.9236766479033963,0,1,0,1
1869,Desai Retail,Pharmacy,2,29,9,Mumbai,A,45877.399999999994,7.0,6553.914285714285,7772.6900000000005,3.0,4.902383859384588,1.3333333333333333,-38104.70999999999,-4.0,2025-12-25,6,40.0,5.0,14.0,4.0,3.0,19.75,0.75,0.9333333333333333,0.0,0.0,0.0,0.0,45877.399999999994,67015.01,68.45839461935468,11469.349999999999,2_A,21794.730000000003,2.1049767535546433,4.767610197003923,0,0,0,1
1870,Rama Supermarket,Modern Trade,12,10,16,Kolkata,A,9074.51,2.0,4537.255,0.0,0.0,,,-9074.51,-2.0,2025-12-25,6,17.0,4.0,8.0,4.0,3.0,20.0,0.75,0.9333333333333333,0.0,0.0,0.0,0.0,9074.51,57279.28,15.84256994850494,2268.6275,12_A,24540.835,0.36977185169127297,,0,0,0,1
1871,Kibe General Store,Modern Trade,4,13,48,Guwahati,B,4504.47,1.0,4504.47,0.0,0.0,,,-4504.47,-1.0,2025-12-22,9,14.0,5.0,9.0,2.0,2.0,18.0,1.0,0.4666666666666667,0.0,0.0,0.0,0.0,4504.47,43140.05,10.441503892554598,2252.235,4_B,5210.49,0.8645002677291388,,0,0,0,1
1872,Kumer Mart,Pharmacy,12,10,30,Bhubaneswar,A,674.71,1.0,674.71,43698.89,9.0,-0.984560019716748,-0.8888888888888888,43024.18,8.0,2025-12-03,28,36.0,5.0,14.0,4.0,4.0,28.0,1.0,0.9333333333333333,0.0,0.0,0.0,0.0,674.71,61236.33,1.1018132536682066,168.6775,12_A,24540.835,0.02749335953727736,-1.1142815413166856,0,1,0,1
1873,Jani Supermarket,Convenience,12,8,15,Guwahati,C,0.0,0.0,0.0,0.0,0.0,,,0.0,0.0,2025-10-22,70,4.0,3.0,3.0,0.0,0.0,0.0,0.0,0.0,0.0,0.0,0.0,0.0,0.0,17200.06,0.0,0.0,12_C,1525.54,0.0,,1,0,0,1
1874,Narayanan Mart,Modern Trade,4,2,41,Bhubaneswar,C,0.0,0.0,0.0,2006.2,2.0,-1.0,-1.0,2006.2,2.0,2025-11-23,38,11.0,4.0,8.0,0.0,0.0,0.0,0.0,0.0,0.0,0.0,0.0,0.0,0.0,20914.16,0.0,0.0,4_C,1263.49,0.0,-0.3515857436221601,1,1,0,1
1875,Brar Supermarket,General Trade,7,20,13,Chennai,B,8383.52,3.0,2794.5066666666667,11107.1,3.0,-0.24521072107030636,0.0,2723.58,0.0,2025-12-06,25,29.0,5.0,13.0,2.0,1.0,15.0,0.5,0.4666666666666667,195.0,0.0,210.13333333333333,0.0,8383.52,37205.09,22.53326090596744,4191.76,7_B,6107.09,1.372751998087469,-0.025282698297390355,0,1,0,1
1876,Sengupta General Store,Convenience,12,8,19,Kolkata,B,6466.46,3.0,2155.4866666666667,0.0,0.0,,,-6466.46,-3.0,2025-12-27,4,10.0,4.0,7.0,2.0,0.0,37.0,0.0,0.4666666666666667,0.0,0.0,0.0,0.0,6466.46,40002.02,16.16533365065064,3233.23,12_B,6060.66,1.0669564040880037,,0,0,0,1
1877,Prabhakar Retail,Pharmacy,4,7,81,Patna,C,4821.8,1.0,4821.8,4975.49,2.0,-0.030889419936528786,-0.5,153.6899999999996,1.0,2025-12-07,24,23.0,5.0,13.0,4.0,3.0,22.0,0.75,0.9333333333333333,0.0,0.0,0.0,0.0,4821.8,21595.03,22.32828572129791,1205.45,4_C,1263.49,3.8162549762958156,0.6175248364413111,0,0,0,1
1878,Chanda Retail,Pharmacy,10,15,100,Surat,A,27409.2,4.0,6852.3,50988.4,8.0,-0.4624424378878333,-0.5,23579.2,4.0,2025-12-22,9,44.0,5.0,15.0,2.0,1.0,23.5,0.5,0.4666666666666667,0.0,0.0,0.0,0.0,30044.32,66780.82,44.98944457405584,13704.6,10_A,24727.44,1.1084527957604993,-0.6206427385494268,0,1,0,1
1879,Wason Supermarket,Pharmacy,4,13,96,Bhubaneswar,B,1142.76,1.0,1142.76,9056.619999999999,3.0,-0.873820476071647,-0.6666666666666666,7913.859999999999,2.0,2025-12-20,11,14.0,5.0,9.0,1.0,0.0,40.0,0.0,0.23333333333333334,0.0,0.0,0.0,0.0,1142.76,37965.87,3.0099665831442817,1142.76,4_B,5210.49,0.21931910434527271,-0.682568547460694,0,1,0,1
1880,Halder Traders,General Trade,5,16,31,Ludhiana,B,10952.08,4.0,2738.02,4849.98,2.0,1.2581701367840694,1.0,-6102.1,-2.0,2025-12-30,1,23.0,5.0,11.0,4.0,3.0,23.25,0.75,0.9333333333333333,0.0,0.0,0.0,0.0,10952.08,36886.31,29.691449212458497,2738.02,5_B,6391.82,1.713452506484851,1.6108867443536403,0,0,0,1
1881,Behl Mart,General Trade,6,21,72,Mumbai,C,3296.95,1.0,3296.95,0.0,0.0,,,-3296.95,-1.0,2025-12-16,15,10.0,4.0,7.0,1.0,1.0,18.0,1.0,0.23333333333333334,0.0,0.0,0.0,0.0,3296.95,18806.26,17.53113059162215,3296.95,6_C,1535.8200000000002,2.146703389720149,,0,0,0,1
1882,Loyal Supermarket,Convenience,7,20,84,Hyderabad,B,10524.67,3.0,3508.2233333333334,2456.77,1.0,3.2839459941305047,2.0,-8067.9,-2.0,2025-12-30,1,17.0,5.0,12.0,4.0,2.0,25.25,0.5,0.9333333333333333,0.0,0.0,0.0,0.0,10524.67,35506.58,29.641463638570652,2631.1675,7_B,6107.09,1.7233526933449481,3.5038740169034206,0,0,0,1
1883,Purohit Supermarket,Convenience,12,35,66,Ranchi,B,10330.45,3.0,3443.4833333333336,7267.95,1.0,0.4213705377719991,2.0,-3062.500000000001,-2.0,2025-12-25,6,19.0,5.0,15.0,2.0,2.0,15.5,1.0,0.4666666666666667,0.0,0.0,0.0,0.0,10330.45,34340.45,30.082453782638265,5165.225,12_B,6060.66,1.7045090798691893,0.5224909160697726,0,0,0,1
1884,Baral General Store,Pharmacy,6,31,74,Pune,B,20523.99,5.0,4104.798000000001,981.02,2.0,19.921071945526087,1.5,-19542.97,-3.0,2025-12-24,7,22.0,5.0,12.0,3.0,2.0,25.666666666666668,0.6666666666666666,0.7000000000000001,0.0,0.0,0.0,0.0,20523.99,39189.23,52.371506151052216,6841.330000000001,6_B,5118.745000000001,4.009574612527094,20.1903610062477,0,0,0,1
1885,Bora Retail,Supermarket,4,7,81,Kolkata,B,11358.42,3.0,3786.14,16093.48,5.0,-0.2942222564665939,-0.4,4735.0599999999995,2.0,2025-12-29,2,36.0,5.0,14.0,4.0,4.0,21.25,1.0,0.9333333333333333,0.0,0.0,0.0,0.0,11358.42,36580.12,31.05080027074815,2839.605,4_B,5210.49,2.179913981218657,-0.10297032785564084,0,1,0,1
1886,Guha Supermarket,Modern Trade,4,2,41,Patna,C,0.0,0.0,0.0,5492.040000000001,4.0,-1.0,-1.0,5492.040000000001,4.0,2025-11-20,41,19.0,5.0,13.0,1.0,1.0,22.0,1.0,0.23333333333333334,0.0,0.0,0.0,0.0,0.0,17484.57,0.0,0.0,4_C,1263.49,0.0,-0.3515857436221601,1,1,0,1
1887,Kalla Supermarket,Pharmacy,3,18,67,Kochi,B,13270.03,3.0,4423.343333333333,16571.03,3.0,-0.19920306703928473,0.0,3300.999999999998,0.0,2025-12-30,1,23.0,5.0,11.0,2.0,0.0,15.0,0.0,0.4666666666666667,0.0,0.0,0.0,0.0,20268.83,41089.85,49.32807007083259,6635.015,3_B,5507.8,2.4093158792984495,0.04014786225749034,0,1,0,1
1888,Srinivas Retail,Convenience,12,8,18,Patna,A,24533.01,4.0,6133.2525,28080.450000000004,4.0,-0.1263313087931285,0.0,3547.440000000006,0.0,2025-12-28,3,32.0,5.0,13.0,0.0,0.0,0.0,0.0,0.0,0.0,0.0,0.0,0.0,24533.01,62135.7,39.48295424369565,0.0,12_A,24540.835,0.9996811436937659,-0.25605283039306603,0,0,0,1
1889,Joshi Retail,Modern Trade,2,26,75,Nashik,A,43357.58,6.0,7226.263333333333,32876.95,6.0,0.3187835246274367,0.0,-10480.630000000005,0.0,2025-12-31,0,47.0,5.0,15.0,3.0,3.0,31.666666666666668,1.0,0.7000000000000001,0.0,0.0,0.0,0.0,43357.58,66869.41,64.83918431462159,14452.526666666667,2_A,21794.730000000003,1.989360730782166,0.18400986224677174,0,0,0,1
1890,Natarajan Traders,Pharmacy,7,28,24,Kochi,B,10063.58,3.0,3354.5266666666666,10023.4,3.0,0.004008619829598768,0.0,-40.18000000000029,0.0,2025-12-28,3,26.0,5.0,13.0,2.0,1.0,11.5,0.5,0.4666666666666667,0.0,0.0,0.0,0.0,14392.619999999999,34032.39,42.29094694789287,5031.79,7_B,6107.09,1.6478519229289235,0.22393664260251478,0,0,0,1
1891,Mitter Supermarket,General Trade,8,14,69,Patna,A,20458.98,3.0,6819.66,9548.06,3.0,1.1427368491609815,0.0,-10910.92,0.0,2025-12-20,11,24.0,5.0,11.0,5.0,3.0,26.8,0.6,1.1666666666666667,0.0,0.0,0.0,0.0,20458.98,65247.61,31.355907135908883,4091.796,8_A,21023.8,0.973134257365462,1.1613924310552213,0,0,0,1
1892,Aurora Retail,Pharmacy,5,33,51,Delhi,A,39886.350000000006,5.0,7977.270000000001,16074.300000000001,3.0,1.4813739945129805,0.6666666666666666,-23812.050000000003,-2.0,2025-12-15,16,40.0,5.0,15.0,3.0,0.0,31.333333333333332,0.0,0.7000000000000001,0.0,0.0,0.0,0.0,39886.350000000006,73150.69,54.52627992982705,13295.450000000003,5_A,23936.755,1.6663223565600267,1.480615022526694,0,0,0,1
1893,Kakar Mart,Supermarket,12,19,36,Guwahati,C,0.0,0.0,0.0,1558.1,1.0,-1.0,-1.0,1558.1,1.0,2025-11-02,59,4.0,3.0,4.0,1.0,0.0,13.0,0.0,0.23333333333333334,0.0,0.0,0.0,0.0,0.0,16210.52,0.0,0.0,12_C,1525.54,0.0,-0.41156482455115484,1,1,0,1
1894,Gupta Traders,Supermarket,1,17,77,Delhi,B,0.0,0.0,0.0,0.0,0.0,,,0.0,0.0,2025-10-17,75,7.0,4.0,7.0,1.0,1.0,36.0,1.0,0.23333333333333334,195.0,0.0,215.6974358974359,0.0,0.0,34679.88,0.0,0.0,1_B,5467.655000000001,0.0,,1,0,0,1
1895,Dalal General Store,Supermarket,6,31,98,Mumbai,A,21929.36,4.0,5482.34,3732.42,2.0,4.875373082343359,1.0,-18196.940000000002,-2.0,2025-12-17,14,15.0,4.0,9.0,4.0,2.0,25.25,0.5,0.9333333333333333,0.0,0.0,0.0,0.0,22531.58,56683.75,39.74962842084372,5482.34,6_A,21985.86,0.9974301664797284,4.799973576573031,0,0,0,1
1896,Srinivas Supermarket,General Trade,7,20,13,Kochi,B,0.0,0.0,0.0,9942.869999999999,2.0,-1.0,-1.0,9942.869999999999,2.0,2025-11-25,36,21.0,5.0,13.0,2.0,1.0,14.0,0.5,0.4666666666666667,0.0,0.0,0.0,0.0,0.0,36183.09,0.0,0.0,7_B,6107.09,0.0,-0.780071977227084,1,1,0,1
1897,Kibe Mart,Modern Trade,9,3,93,Chandigarh,B,0.0,0.0,0.0,3211.13,2.0,-1.0,-1.0,3211.13,2.0,2025-11-20,41,4.0,3.0,4.0,2.0,1.0,27.0,0.5,0.4666666666666667,0.0,0.0,0.0,0.0,0.0,40563.27,0.0,0.0,9_B,5894.43,0.0,-0.8248537245956321,1,1,0,1
1898,Jayaraman Mart,General Trade,5,22,71,Chandigarh,C,0.0,0.0,0.0,0.0,0.0,,,0.0,0.0,2025-10-30,62,1.0,1.0,1.0,1.0,0.0,10.0,0.0,0.23333333333333334,0.0,0.0,0.0,0.0,0.0,19962.42,0.0,0.0,5_C,1965.2,0.0,,1,0,0,1
1899,Ranganathan Supermarket,General Trade,4,2,22,Ranchi,B,9551.49,4.0,2387.8725,6398.18,2.0,0.4928448402514464,1.0,-3153.3099999999995,-2.0,2025-12-19,12,23.0,5.0,12.0,1.0,0.0,20.0,0.0,0.23333333333333334,0.0,0.0,0.0,0.0,9551.49,38425.21,24.85735276397969,9551.49,4_B,5210.49,1.8331270187640702,0.6840967688623995,0,0,0,1
1900,Khatri Mart,Pharmacy,9,3,35,Lucknow,A,0.0,0.0,0.0,23017.92,4.0,-1.0,-1.0,23017.92,4.0,2025-11-11,50,29.0,5.0,14.0,5.0,5.0,22.0,1.0,1.1666666666666667,0.0,0.0,0.0,0.0,0.0,73365.81,0.0,0.0,9_A,20504.7,0.0,-1.1100468484433192,1,1,0,1
1901,Nagy General Store,Modern Trade,1,17,23,Jaipur,B,829.89,1.0,829.89,4625.65,2.0,-0.8205895387675246,-0.5,3795.7599999999998,1.0,2025-12-14,17,15.0,5.0,9.0,1.0,1.0,35.0,1.0,0.23333333333333334,0.0,0.0,0.0,0.0,829.89,32696.69,2.5381468277064134,829.89,1_B,5467.655000000001,0.15178170531973942,-0.8185423005260256,0,1,0,1
1902,Mandal General Store,General Trade,12,8,50,Ranchi,B,1934.57,1.0,1934.57,1764.92,2.0,0.09612333703510632,-0.5,-169.64999999999986,1.0,2025-12-25,6,8.0,3.0,6.0,4.0,2.0,28.5,0.5,0.9333333333333333,0.0,0.0,0.0,0.0,1934.57,39404.93,4.90946183637428,483.6425,12_B,6060.66,0.31920120910923894,0.19724371533287977,0,0,0,1
1903,Rai Traders,General Trade,9,3,95,Lucknow,C,0.0,0.0,0.0,0.0,0.0,,,0.0,0.0,2025-10-10,82,6.0,4.0,6.0,2.0,1.0,26.5,0.5,0.4666666666666667,0.0,0.0,0.0,0.0,0.0,18927.13,0.0,0.0,9_C,1106.01,0.0,,1,0,0,1
1904,Shukla Supermarket,Supermarket,10,32,63,Surat,C,2631.37,1.0,2631.37,3827.49,2.0,-0.3125076747424552,-0.5,1196.12,1.0,2025-12-02,29,15.0,4.0,10.0,4.0,1.0,28.5,0.25,0.9333333333333333,0.0,0.0,0.0,0.0,2631.37,17299.84,15.210371887832489,657.8425,10_C,1784.86,1.4742724919601538,-0.13527297798447624,0,1,0,1
1905,Walla Retail,Modern Trade,12,8,50,Ranchi,C,0.0,0.0,0.0,6045.71,3.0,-1.0,-1.0,6045.71,3.0,2025-11-29,32,16.0,5.0,11.0,2.0,2.0,36.0,1.0,0.4666666666666667,195.0,0.0,280.4871794871795,0.0,0.0,21264.17,0.0,0.0,12_C,1525.54,0.0,-0.41156482455115484,1,1,0,1
1906,Parmer Mart,Modern Trade,1,17,49,Jaipur,C,1178.65,1.0,1178.65,2133.28,1.0,-0.44749399984999627,0.0,954.6300000000001,0.0,2025-12-24,7,17.0,5.0,10.0,3.0,1.0,27.0,0.3333333333333333,0.7000000000000001,0.0,0.0,0.0,0.0,1178.65,21400.68,5.50753527458006,392.8833333333334,1_C,1475.75,0.7986786379806878,0.17907832276156754,0,1,0,1
1907,Morar Traders,Convenience,12,8,92,Patna,C,420.09,1.0,420.09,234.9,1.0,0.7883780332056193,0.0,-185.18999999999997,0.0,2025-12-06,25,5.0,4.0,5.0,0.0,0.0,0.0,0.0,0.0,0.0,0.0,0.0,0.0,420.09,17108.29,2.455476263261845,0.0,12_C,1525.54,0.2753713439175636,1.3768132086544644,0,0,0,1
1908,Lal General Store,Pharmacy,9,11,73,Jaipur,C,1654.26,1.0,1654.26,1619.8,1.0,0.02127423138659096,0.0,-34.460000000000036,0.0,2025-12-26,5,7.0,5.0,5.0,3.0,2.0,12.333333333333334,0.6666666666666666,0.7000000000000001,0.0,0.0,0.0,0.0,1654.26,17903.15,9.240049935346573,551.42,9_C,1106.01,1.4957007621992569,0.5161706332694661,0,0,0,1
1909,Parsa Traders,Pharmacy,6,21,45,Ahmedabad,B,1990.1799999999998,2.0,995.0899999999999,2435.63,3.0,-0.1828890266584006,-0.3333333333333333,445.4500000000003,1.0,2025-12-23,8,14.0,5.0,10.0,3.0,1.0,29.0,0.3333333333333333,0.7000000000000001,0.0,0.0,0.0,0.0,1990.1799999999998,38344.31,5.190287685447984,663.3933333333333,6_B,5118.745000000001,0.3888023333844525,0.08640003406321015,0,1,0,1
1910,Varghese Retail,Supermarket,11,9,56,Hyderabad,B,13361.0,3.0,4453.666666666667,0.0,0.0,,,-13361.0,-3.0,2025-12-31,0,18.0,5.0,9.0,1.0,0.0,25.0,0.0,0.23333333333333334,0.0,0.0,0.0,0.0,13361.0,43615.8,30.633394320406822,13361.0,11_B,5734.650000000001,2.3298719189488457,,0,0,0,1
1911,Tank Supermarket,Convenience,4,2,22,Bhubaneswar,C,3872.38,2.0,1936.19,0.0,0.0,,,-3872.38,-2.0,2025-12-16,15,6.0,4.0,4.0,2.0,1.0,23.0,0.5,0.4666666666666667,0.0,0.0,0.0,0.0,3872.38,20088.18,19.276908112133604,1936.19,4_C,1263.49,3.0648283722071405,,0,0,0,1
1912,Shukla Mart,General Trade,1,17,49,Chandigarh,A,43063.6,7.0,6151.942857142857,42231.96,8.0,0.019692195200033326,-0.125,-831.6399999999994,1.0,2025-12-29,2,45.0,5.0,14.0,2.0,2.0,32.0,1.0,0.4666666666666667,195.0,2.0,80.66666666666667,0.010256410256410256,43063.6,74717.04,57.63558085277468,21531.8,1_A,22934.37,1.8776883777492035,-0.06864027900242814,0,0,0,1
1913,Chaudhari General Store,Convenience,5,33,90,Ludhiana,A,37785.259999999995,7.0,5397.894285714285,28291.410000000003,4.0,0.3355735892979526,0.75,-9493.849999999991,-3.0,2025-12-27,4,38.0,5.0,15.0,3.0,2.0,31.0,0.6666666666666666,0.7000000000000001,0.0,0.0,0.0,0.0,37785.259999999995,63354.74,59.6407782590537,12595.086666666664,5_A,23936.755,1.5785456299318765,0.3348146173116661,0,0,0,1
1914,Singh Mart,Modern Trade,12,8,19,Ranchi,B,3641.19,2.0,1820.595,0.0,0.0,,,-3641.19,-2.0,2025-12-15,16,15.0,4.0,8.0,0.0,0.0,0.0,0.0,0.0,195.0,0.0,237.02564102564102,0.0,3641.19,39628.55,9.188299849477207,0.0,12_B,6060.66,0.6007910029600737,,0,0,0,1
1915,Nagarajan Supermarket,Modern Trade,12,10,30,Kolkata,C,1717.38,1.0,1717.38,0.0,0.0,,,-1717.38,-1.0,2025-12-13,18,15.0,5.0,10.0,1.0,0.0,9.0,0.0,0.23333333333333334,0.0,0.0,0.0,0.0,1717.38,21043.24,8.161195709405966,1717.38,12_C,1525.54,1.1257521926662035,,0,0,0,1
1916,Jani Mart,Convenience,4,2,22,Bhubaneswar,A,44318.96,8.0,5539.87,32134.58,8.0,0.37916723977721184,0.0,-12184.379999999997,0.0,2025-12-31,0,49.0,5.0,14.0,2.0,2.0,32.0,1.0,0.4666666666666667,0.0,0.0,0.0,0.0,44318.96,66607.01,66.53798151275669,22159.48,4_A,22237.399999999998,1.9929919864732388,0.3102669968312266,0,0,0,1
1917,Prabhakar Traders,Convenience,9,3,35,Jaipur,B,5894.43,3.0,1964.8100000000002,2335.13,1.0,1.5242406204365495,2.0,-3559.3,-2.0,2025-12-16,15,17.0,5.0,11.0,2.0,0.0,28.0,0.0,0.4666666666666667,0.0,0.0,0.0,0.0,5894.43,42393.25,13.90417106496907,2947.215,9_B,5894.43,1.0,1.6993868958409175,0,0,0,1
1918,Munshi General Store,Supermarket,8,14,69,Bhubaneswar,B,11404.880000000001,2.0,5702.4400000000005,0.0,0.0,,,-11404.880000000001,-2.0,2025-12-18,13,11.0,4.0,6.0,1.0,1.0,35.0,1.0,0.23333333333333334,0.0,0.0,0.0,0.0,11404.880000000001,35426.18,32.19336660063264,11404.880000000001,8_B,5652.47,2.01768076610756,,0,0,0,1
1919,Sachdev General Store,Pharmacy,1,17,3,Ludhiana,B,12264.57,2.0,6132.285,3090.62,2.0,2.968320272307822,0.0,-9173.95,0.0,2025-12-25,6,18.0,5.0,9.0,3.0,2.0,22.666666666666668,0.6666666666666666,0.7000000000000001,0.0,0.0,0.0,0.0,12264.57,36021.25,34.04815213242183,4088.19,1_B,5467.655000000001,2.2431133639558456,2.970367510549321,0,0,0,1
1920,Bath Retail,Convenience,5,22,17,Jaipur,C,4788.62,2.0,2394.31,0.0,0.0,,,-4788.62,-2.0,2025-12-31,0,11.0,4.0,7.0,1.0,1.0,24.0,1.0,0.23333333333333334,0.0,0.0,0.0,0.0,4788.62,21651.88,22.116416680676227,4788.62,5_C,1965.2,2.436708731935681,,0,0,0,1
1921,Kant Mart,Convenience,1,17,23,Delhi,C,2460.76,1.0,2460.76,0.0,0.0,,,-2460.76,-1.0,2025-12-24,7,21.0,4.0,9.0,2.0,0.0,26.5,0.0,0.4666666666666667,0.0,0.0,0.0,0.0,2460.76,17433.79,14.114888386288927,1230.38,1_C,1475.75,1.6674640013552433,,0,0,0,1
1922,Dhingra Supermarket,Pharmacy,12,8,18,Kolkata,B,18585.89,6.0,3097.648333333333,5607.28,4.0,2.314599948638199,0.5,-12978.61,-2.0,2025-12-29,2,27.0,5.0,14.0,2.0,0.0,24.0,0.0,0.4666666666666667,0.0,0.0,0.0,0.0,18585.89,35786.14,51.936000921026974,9292.945,12_B,6060.66,3.066644556863444,2.4157203269359724,0,0,0,1
1923,Babu Traders,Convenience,9,3,93,Lucknow,C,2830.78,2.0,1415.39,3600.41,2.0,-0.21376176602109195,0.0,769.6299999999997,0.0,2025-12-31,0,13.0,5.0,9.0,0.0,0.0,0.0,0.0,0.0,0.0,0.0,0.0,0.0,2830.78,16283.42,17.384431526055337,0.0,9_C,1106.01,2.5594524461804147,0.2811346358617831,0,1,0,1
1924,Lal Traders,Modern Trade,8,14,97,Patna,B,6952.59,3.0,2317.53,7249.12,1.0,-0.04090565475533579,2.0,296.52999999999975,-2.0,2025-12-31,0,18.0,5.0,11.0,1.0,0.0,29.0,0.0,0.23333333333333334,0.0,0.0,0.0,0.0,6952.59,34494.01,20.155934320190664,6952.59,8_B,5652.47,1.2300091818267058,0.13970266223456587,0,0,0,1
1925,Sahni Retail,Supermarket,1,34,27,Delhi,C,0.0,0.0,0.0,5193.049999999999,2.0,-1.0,-1.0,5193.049999999999,2.0,2025-11-26,35,11.0,4.0,7.0,0.0,0.0,0.0,0.0,0.0,195.0,0.0,290.8871794871795,0.0,0.0,21424.74,0.0,0.0,1_C,1475.75,0.0,-0.3734276773884362,1,1,0,1
1926,Merchant Retail,Pharmacy,1,17,49,Chandigarh,B,3888.11,2.0,1944.055,12615.46,4.0,-0.691798000231462,-0.5,8727.349999999999,2.0,2025-12-17,14,24.0,5.0,12.0,1.0,1.0,14.0,1.0,0.23333333333333334,0.0,0.0,0.0,0.0,3888.11,35408.79,10.980635034408124,3888.11,1_B,5467.655000000001,0.7111110704680526,-0.689750761989963,0,1,0,1
1927,Dua Supermarket,Modern Trade,10,15,100,Pune,B,15418.09,5.0,3083.618,2898.68,1.0,4.3190038224295195,4.0,-12519.41,-4.0,2025-12-31,0,30.0,5.0,11.0,4.0,2.0,21.25,0.5,0.9333333333333333,0.0,0.0,0.0,0.0,15418.09,33166.27,46.48725949586734,3854.5225,10_B,6269.79,2.4591078808062155,4.493914402432169,0,0,0,1
1928,Hayre Traders,Supermarket,12,8,19,Kolkata,C,0.0,0.0,0.0,3865.5,2.0,-1.0,-1.0,3865.5,2.0,2025-11-24,37,10.0,5.0,7.0,1.0,0.0,33.0,0.0,0.23333333333333334,0.0,0.0,0.0,0.0,0.0,20560.06,0.0,0.0,12_C,1525.54,0.0,-0.41156482455115484,1,1,0,1
1929,Narayan Traders,General Trade,4,13,48,Bhubaneswar,B,5532.06,1.0,5532.06,0.0,0.0,,,-5532.06,-1.0,2025-12-31,0,12.0,4.0,9.0,1.0,1.0,32.0,1.0,0.23333333333333334,0.0,0.0,0.0,0.0,5532.06,37871.78,14.607340874920588,5532.06,4_B,5210.49,1.0617158846864692,,0,0,0,1
1930,Karpe Retail,Pharmacy,7,20,13,Hyderabad,B,14657.48,4.0,3664.37,12943.95,3.0,0.13238076475882546,0.3333333333333333,-1713.5299999999988,-1.0,2025-12-24,7,31.0,5.0,14.0,1.0,0.0,36.0,0.0,0.23333333333333334,0.0,0.0,0.0,0.0,22548.62,38677.12,58.2996355468039,14657.48,7_B,6107.09,2.400075977265768,0.35230878753174144,0,0,0,1
1931,Raghavan Supermarket,Convenience,6,21,10,Nashik,B,9095.34,2.0,4547.67,6353.16,1.0,0.43162457737566823,1.0,-2742.1800000000003,-1.0,2025-12-15,16,19.0,5.0,13.0,2.0,0.0,30.5,0.0,0.4666666666666667,0.0,0.0,0.0,0.0,9095.34,40039.37,22.715991785085528,4547.67,6_B,5118.745000000001,1.7768691349149057,0.7009136380972789,0,0,0,1
1932,Korpal Retail,Convenience,2,29,9,Ahmedabad,B,0.0,0.0,0.0,2582.84,2.0,-1.0,-1.0,2582.84,2.0,2025-11-27,34,21.0,5.0,11.0,2.0,1.0,26.5,0.5,0.4666666666666667,195.0,0.0,215.01538461538462,0.0,0.0,39911.18,0.0,0.0,2_B,7635.110000000001,0.0,-1.175767645680604,1,1,0,1
1933,Tata General Store,Convenience,4,13,96,Guwahati,B,5078.51,1.0,5078.51,12669.65,2.0,-0.599159408507733,-0.5,7591.139999999999,1.0,2025-12-27,4,37.0,5.0,14.0,3.0,1.0,25.0,0.3333333333333333,0.7000000000000001,0.0,0.0,0.0,0.0,5078.51,35686.47,14.23091160319303,1692.8366666666668,4_B,5210.49,0.9746703285103705,-0.4079074798967799,0,1,0,1
1934,Nazareth Supermarket,Pharmacy,4,1,58,Ranchi,B,3109.56,1.0,3109.56,16766.75,4.0,-0.8145400867788928,-0.75,13657.19,3.0,2025-12-05,26,23.0,5.0,11.0,3.0,2.0,16.333333333333332,0.6666666666666666,0.7000000000000001,0.0,0.0,0.0,0.0,3109.56,34724.19,8.955025300806152,1036.52,4_B,5210.49,0.5967884018585584,-0.6232881581679397,0,1,0,1
1935,Kurian Traders,Pharmacy,8,14,7,Guwahati,C,4580.77,2.0,2290.385,3874.04,2.0,0.18242713033422486,0.0,-706.7300000000005,0.0,2025-12-19,12,20.0,5.0,12.0,1.0,1.0,27.0,1.0,0.23333333333333334,0.0,0.0,0.0,0.0,4580.77,20900.2,21.917350073205043,4580.77,8_C,1474.47,3.106723093721812,0.7401717992634477,0,0,0,1
1936,Suresh Supermarket,Convenience,10,15,100,Nashik,C,0.0,0.0,0.0,0.0,0.0,,,0.0,0.0,2025-10-14,78,4.0,4.0,4.0,0.0,0.0,0.0,0.0,0.0,0.0,0.0,0.0,0.0,0.0,20730.1,0.0,0.0,10_C,1784.86,0.0,,1,0,0,1
1937,Swaminathan Retail,Modern Trade,10,32,43,Surat,C,571.28,1.0,571.28,1802.58,1.0,-0.6830764792686039,0.0,1231.3,0.0,2025-12-21,10,11.0,5.0,6.0,1.0,0.0,11.0,0.0,0.23333333333333334,0.0,0.0,0.0,0.0,571.28,21498.85,2.6572584114964286,571.28,10_C,1784.86,0.3200699214504219,-0.505841782510625,0,1,0,1
1938,Sharma Mart,General Trade,7,28,79,Kochi,B,9405.91,3.0,3135.3033333333333,4712.2,2.0,0.9960761427783201,0.5,-4693.71,-1.0,2025-12-20,11,17.0,5.0,9.0,1.0,0.0,30.0,0.0,0.23333333333333334,0.0,0.0,0.0,0.0,9405.91,38183.16,24.633660493264568,9405.91,7_B,6107.09,1.5401623359079364,1.2160041655512361,0,0,0,1
1939,Ganguly Traders,Modern Trade,4,1,25,Ranchi,C,0.0,0.0,0.0,5566.0,2.0,-1.0,-1.0,5566.0,2.0,2025-11-20,41,10.0,5.0,8.0,1.0,0.0,14.0,0.0,0.23333333333333334,0.0,0.0,0.0,0.0,0.0,18798.24,0.0,0.0,4_C,1263.49,0.0,-0.3515857436221601,1,1,0,1
1940,Pandey General Store,Supermarket,4,7,1,Kolkata,A,19077.28,4.0,4769.32,42886.6,7.0,-0.5551692136937878,-0.42857142857142855,23809.32,3.0,2025-12-16,15,45.0,5.0,13.0,2.0,0.0,21.0,0.0,0.4666666666666667,0.0,0.0,0.0,0.0,33561.99,70507.32,47.60071720212879,9538.64,4_A,22237.399999999998,0.8578916599962226,-0.624069456639773,0,1,0,1
1941,Gara Traders,General Trade,4,2,60,Bhubaneswar,C,6131.530000000001,2.0,3065.7650000000003,0.0,0.0,,,-6131.530000000001,-2.0,2025-12-17,14,11.0,5.0,7.0,2.0,0.0,33.0,0.0,0.4666666666666667,195.0,0.0,285.7230769230769,0.0,6131.530000000001,20183.49,30.37893842937966,3065.7650000000003,4_C,1263.49,4.852852020989482,,0,0,0,1
1942,Dey Retail,Convenience,7,28,79,Hyderabad,C,0.0,0.0,0.0,0.0,0.0,,,0.0,0.0,2025-09-29,93,0.0,0.0,0.0,3.0,1.0,17.0,0.3333333333333333,0.7000000000000001,0.0,0.0,0.0,0.0,0.0,21258.95,0.0,0.0,7_C,1610.4699999999998,0.0,,1,0,0,1
1943,Suresh Supermarket,Convenience,4,7,81,Patna,B,3903.1,1.0,3903.1,11773.16,3.0,-0.6684747340561072,-0.6666666666666666,7870.0599999999995,2.0,2025-12-11,20,19.0,5.0,12.0,5.0,4.0,19.8,0.8,1.1666666666666667,0.0,0.0,0.0,0.0,3903.1,34756.31,11.229903289503403,780.62,4_B,5210.49,0.7490850188753841,-0.47722280544515416,0,1,0,1
1944,Gour Retail,Supermarket,6,21,29,Mumbai,B,3444.7,2.0,1722.35,11632.830000000002,3.0,-0.7038811707899111,-0.3333333333333333,8188.130000000002,1.0,2025-12-23,8,21.0,5.0,12.0,0.0,0.0,0.0,0.0,0.0,0.0,0.0,0.0,0.0,3444.7,39303.07,8.76445529573135,0.0,6_B,5118.745000000001,0.6729579223032207,-0.43459211006830034,0,1,0,1
1945,Bhargava Retail,General Trade,8,14,7,Guwahati,B,7743.41,5.0,1548.682,4848.92,1.0,0.5969349875848642,4.0,-2894.49,-4.0,2025-12-26,5,26.0,5.0,12.0,2.0,2.0,12.0,1.0,0.4666666666666667,0.0,0.0,0.0,0.0,7743.41,35079.67,22.0737823360368,3871.705,8_B,5652.47,1.3699161605457437,0.7775433045747658,0,0,0,1
1946,Viswanathan General Store,Convenience,4,1,32,Ranchi,C,6361.81,2.0,3180.905,3140.93,2.0,1.0254542444435248,0.0,-3220.8800000000006,0.0,2025-12-25,6,22.0,4.0,10.0,0.0,0.0,0.0,0.0,0.0,195.0,0.0,283.25128205128203,0.0,6361.81,20956.4,30.357360997117826,0.0,4_C,1263.49,5.035109102565118,1.6738685008213647,0,0,0,1
1947,Bandi General Store,Modern Trade,4,13,54,Guwahati,B,5386.360000000001,2.0,2693.1800000000003,5811.34,1.0,-0.07312943314278626,1.0,424.97999999999956,-1.0,2025-12-27,4,25.0,5.0,13.0,0.0,0.0,0.0,0.0,0.0,0.0,0.0,0.0,0.0,5386.360000000001,35283.74,15.26584199974266,0.0,4_B,5210.49,1.0337530635314531,0.11812249546816679,0,0,0,1
1948,Borde General Store,Pharmacy,2,29,9,Ahmedabad,C,0.0,0.0,0.0,0.0,0.0,,,0.0,0.0,2025-10-07,85,4.0,3.0,4.0,2.0,2.0,35.5,1.0,0.4666666666666667,0.0,0.0,0.0,0.0,0.0,17932.92,0.0,0.0,2_C,1065.73,0.0,,1,0,0,1
1949,Bava Retail,General Trade,12,35,61,Kolkata,B,7518.17,3.0,2506.056666666667,3389.1299999999997,2.0,1.2183185655315676,0.5,-4129.040000000001,-1.0,2025-12-29,2,15.0,4.0,7.0,0.0,0.0,0.0,0.0,0.0,0.0,0.0,0.0,0.0,8207.35,41811.77,19.62928142004034,0.0,12_B,6060.66,1.240487009665614,1.319438943829341,0,0,0,1
1950,Ahuja Traders,Modern Trade,5,33,51,Ludhiana,B,13246.05,4.0,3311.5125,20083.28,5.0,-0.3404438916352309,-0.2,6837.23,1.0,2025-12-27,4,38.0,5.0,14.0,5.0,3.0,21.2,0.6,1.1666666666666667,0.0,0.0,0.0,0.0,13246.05,33208.95,39.88698829682962,2649.21,5_B,6391.82,2.0723440272097773,0.012272715934339984,0,1,0,1
1951,Sachar Supermarket,Pharmacy,7,20,44,Chennai,C,0.0,0.0,0.0,708.42,1.0,-1.0,-1.0,708.42,1.0,2025-11-19,42,1.0,1.0,1.0,1.0,0.0,11.0,0.0,0.23333333333333334,195.0,0.0,296.04102564102567,0.0,0.0,17870.96,0.0,0.0,7_C,1610.4699999999998,0.0,-0.5522856147365374,1,1,0,1
1952,Devan Traders,Pharmacy,9,3,95,Delhi,A,0.0,0.0,0.0,12397.81,4.0,-1.0,-1.0,12397.81,4.0,2025-11-14,47,21.0,5.0,10.0,1.0,1.0,31.0,1.0,0.23333333333333334,0.0,0.0,0.0,0.0,0.0,68498.28,0.0,0.0,9_A,20504.7,0.0,-1.1100468484433192,1,1,0,1
1953,Kashyap Mart,General Trade,3,23,20,Bengaluru,A,46841.689999999995,8.0,5855.211249999999,29461.89,6.0,0.5899078436583667,0.3333333333333333,-17379.799999999996,-2.0,2025-12-28,3,62.0,5.0,15.0,2.0,2.0,21.5,1.0,0.4666666666666667,0.0,0.0,0.0,0.0,46841.689999999995,62745.26,74.6537507375059,23420.844999999998,3_A,19782.739999999998,2.3678059763207724,0.5392999976859035,0,0,0,1
1954,Bir General Store,General Trade,12,8,87,Patna,C,1648.2,1.0,1648.2,0.0,0.0,,,-1648.2,-1.0,2025-12-26,5,10.0,5.0,7.0,4.0,4.0,25.0,1.0,0.9333333333333333,0.0,0.0,0.0,0.0,1648.2,16378.25,10.0633462060965,412.05,12_C,1525.54,1.0804043158488144,,0,0,0,1
1955,Dora General Store,Convenience,6,25,5,Nashik,A,29681.5,3.0,9893.833333333334,10775.25,2.0,1.7545996612607595,0.5,-18906.25,-1.0,2025-12-26,5,36.0,5.0,14.0,1.0,0.0,39.0,0.0,0.23333333333333334,0.0,0.0,0.0,0.0,29681.5,68172.14,43.53904688924244,29681.5,6_A,21985.86,1.3500267899459015,1.6792001554904312,0,0,0,1
1956,Andra Supermarket,Supermarket,5,33,51,Lucknow,A,48391.43,8.0,6048.92875,12496.46,2.0,2.872411066814122,3.0,-35894.97,-6.0,2025-12-24,7,38.0,5.0,14.0,2.0,0.0,19.5,0.0,0.4666666666666667,0.0,0.0,0.0,0.0,54460.21,74309.15,73.28869997840106,24195.715,5_A,23936.755,2.0216370180502743,2.8716520948278355,0,0,0,1
1957,Kamdar Supermarket,Supermarket,2,29,37,Pune,A,19308.59,6.0,3218.0983333333334,13455.89,3.0,0.4349545069111,1.0,-5852.700000000001,-3.0,2025-12-25,6,34.0,5.0,15.0,0.0,0.0,0.0,0.0,0.0,0.0,0.0,0.0,0.0,19308.59,64223.01,30.06490975742183,0.0,2_A,21794.730000000003,0.8859293049283014,0.30018084453043503,0,0,0,1
1958,Tiwari Retail,General Trade,7,20,13,Kochi,C,2787.01,2.0,1393.505,7036.35,4.0,-0.6039125398821832,-0.5,4249.34,2.0,2025-12-20,11,22.0,5.0,13.0,0.0,0.0,0.0,0.0,0.0,0.0,0.0,0.0,0.0,2787.01,17234.85,16.1707818750961,0.0,7_C,1610.4699999999998,1.7305569181667466,-0.15619815461872055,0,1,0,1
1959,Shah Retail,Convenience,3,18,89,Kochi,C,962.96,1.0,962.96,380.01,1.0,1.53403857793216,0.0,-582.95,0.0,2025-12-09,22,13.0,5.0,10.0,1.0,1.0,23.0,1.0,0.23333333333333334,0.0,0.0,0.0,0.0,962.96,17065.13,5.642851827088338,962.96,3_C,1975.87,0.4873599983804603,1.891220368020707,0,0,0,1
1960,Prakash Retail,Supermarket,4,13,54,Bhubaneswar,C,0.0,0.0,0.0,498.56,1.0,-1.0,-1.0,498.56,1.0,2025-11-11,50,4.0,3.0,3.0,0.0,0.0,0.0,0.0,0.0,0.0,0.0,0.0,0.0,0.0,20238.52,0.0,0.0,4_C,1263.49,0.0,-0.3515857436221601,1,1,0,1
1961,Bhasin General Store,Modern Trade,6,25,5,Mumbai,A,6271.68,3.0,2090.56,6164.88,4.0,0.01732393817884536,-0.25,-106.80000000000018,1.0,2025-12-28,3,26.0,5.0,11.0,0.0,0.0,0.0,0.0,0.0,0.0,0.0,0.0,0.0,6271.68,69194.69,9.06381689115162,0.0,6_A,21985.86,0.28525970783039645,-0.058075567591483,0,0,0,1
1962,Subramanian Retail,Supermarket,9,3,93,Delhi,B,1005.53,1.0,1005.53,9793.470000000001,2.0,-0.8973264838713959,-0.5,8787.94,1.0,2025-12-25,6,10.0,5.0,9.0,2.0,1.0,8.5,0.5,0.4666666666666667,0.0,0.0,0.0,0.0,1005.53,39822.8,2.525010797834406,502.765,9_B,5894.43,0.17058986195442136,-0.722180208467028,0,1,0,1
1963,Sura Supermarket,Convenience,12,19,53,Kolkata,C,0.0,0.0,0.0,5034.31,1.0,-1.0,-1.0,5034.31,1.0,2025-11-28,33,16.0,5.0,9.0,1.0,1.0,41.0,1.0,0.23333333333333334,0.0,0.0,0.0,0.0,0.0,21049.14,0.0,0.0,12_C,1525.54,0.0,-0.41156482455115484,1,1,0,1
1964,Babu Traders,Modern Trade,7,20,84,Bengaluru,B,6835.36,2.0,3417.68,8552.07,2.0,-0.20073619603207177,0.0,1716.71,0.0,2025-12-26,5,25.0,5.0,13.0,2.0,1.0,12.5,0.5,0.4666666666666667,0.0,0.0,0.0,0.0,6835.36,35466.48,19.272733014384283,3417.68,7_B,6107.09,1.119249920993468,0.019191826740844242,0,1,0,1
1965,Ahuja Traders,Pharmacy,12,8,50,Bhubaneswar,C,5054.88,1.0,5054.88,4702.98,2.0,0.07482489825599951,-0.5,-351.90000000000055,1.0,2025-12-28,3,13.0,5.0,10.0,5.0,3.0,22.0,0.6,1.1666666666666667,195.0,0.0,290.43589743589746,0.0,5054.88,16875.83,29.95337118233592,1010.976,12_C,1525.54,3.3135021041729487,0.6632600737048446,0,0,0,1
1966,Wali Traders,Supermarket,12,8,18,Patna,C,0.0,0.0,0.0,12341.17,5.0,-1.0,-1.0,12341.17,5.0,2025-12-01,30,22.0,5.0,12.0,3.0,2.0,19.0,0.6666666666666666,0.7000000000000001,0.0,0.0,0.0,0.0,2621.15,16523.0,15.86364461659505,0.0,12_C,1525.54,0.0,-0.41156482455115484,0,1,0,1
1967,Sabharwal Traders,General Trade,4,7,1,Bhubaneswar,C,0.0,0.0,0.0,3320.91,2.0,-1.0,-1.0,3320.91,2.0,2025-11-11,50,12.0,5.0,8.0,2.0,1.0,29.5,0.5,0.4666666666666667,0.0,0.0,0.0,0.0,0.0,20735.96,0.0,0.0,4_C,1263.49,0.0,-0.3515857436221601,1,1,0,1
1968,Arora Supermarket,Pharmacy,10,4,6,Pune,B,10936.55,3.0,3645.5166666666664,13844.619999999999,4.0,-0.21005054671056336,-0.25,2908.0699999999997,1.0,2025-12-17,14,27.0,5.0,11.0,4.0,3.0,36.25,0.75,0.9333333333333333,0.0,0.0,0.0,0.0,10936.55,35433.67,30.864852554082034,2734.1375,10_B,6269.79,1.7443247700481195,-0.03513996670791389,0,1,0,1
1969,Badal Retail,Supermarket,4,13,54,Kolkata,C,8974.76,3.0,2991.5866666666666,0.0,0.0,,,-8974.76,-3.0,2025-12-10,21,16.0,5.0,10.0,1.0,1.0,42.0,1.0,0.23333333333333334,195.0,0.0,285.5282051282051,0.0,8974.76,16244.14,55.24921602497885,8974.76,4_C,1263.49,7.10315079660306,,0,0,0,1
1970,Wagle Supermarket,Modern Trade,6,31,14,Surat,C,10360.449999999999,4.0,2590.1124999999997,6184.66,5.0,0.6751850546351779,-0.2,-4175.789999999999,1.0,2025-12-29,2,26.0,5.0,11.0,2.0,1.0,21.0,0.5,0.4666666666666667,0.0,0.0,0.0,0.0,11870.46,19504.77,60.85926673321449,5180.224999999999,6_C,1535.8200000000002,6.745875167662875,1.1850683947835305,0,0,0,1
1971,Maharaj Traders,Convenience,9,3,95,Ludhiana,B,4034.53,2.0,2017.265,4932.45,2.0,-0.18204340642074418,0.0,897.9199999999996,0.0,2025-12-10,21,22.0,5.0,10.0,1.0,1.0,12.0,1.0,0.23333333333333334,0.0,0.0,0.0,0.0,4034.53,33506.62,12.040993690202114,4034.53,9_B,5894.43,0.6844648252672438,-0.00689713101637629,0,1,0,1
1972,Wason General Store,Pharmacy,4,7,26,Ranchi,C,0.0,0.0,0.0,7077.17,2.0,-1.0,-1.0,7077.17,2.0,2025-11-27,34,12.0,5.0,11.0,1.0,1.0,26.0,1.0,0.23333333333333334,0.0,0.0,0.0,0.0,0.0,17139.7,0.0,0.0,4_C,1263.49,0.0,-0.3515857436221601,1,1,0,1
1973,Mangat Retail,General Trade,8,14,69,Ranchi,A,11431.68,2.0,5715.84,10274.88,1.0,0.11258525647014866,1.0,-1156.800000000001,-1.0,2025-12-30,1,19.0,5.0,11.0,0.0,0.0,0.0,0.0,0.0,0.0,0.0,0.0,0.0,11431.68,55580.53,20.56777796109537,0.0,8_A,21023.8,0.5437494648921699,0.13124083836438838,0,0,0,1
1974,Badal Supermarket,Convenience,12,35,61,Ranchi,C,0.0,0.0,0.0,0.0,0.0,,,0.0,0.0,2025-11-01,60,4.0,3.0,4.0,1.0,0.0,42.0,0.0,0.23333333333333334,0.0,0.0,0.0,0.0,0.0,16658.57,0.0,0.0,12_C,1525.54,0.0,,1,0,0,1
1975,Thakkar General Store,Modern Trade,6,21,29,Surat,B,15035.39,3.0,5011.796666666666,8192.220000000001,2.0,0.8353254673336407,0.5,-6843.169999999998,-1.0,2025-12-22,9,32.0,5.0,13.0,0.0,0.0,0.0,0.0,0.0,0.0,0.0,0.0,0.0,15035.39,32961.04,45.615641982170466,0.0,6_B,5118.745000000001,2.9373195968933787,1.1046145280552513,0,0,0,1
1976,Sani General Store,Modern Trade,8,14,34,Kolkata,B,17191.6,5.0,3438.3199999999997,10578.61,2.0,0.6251284431508485,1.5,-6612.989999999998,-3.0,2025-12-16,15,31.0,5.0,12.0,3.0,1.0,19.0,0.3333333333333333,0.7000000000000001,0.0,0.0,0.0,0.0,17191.6,39118.37,43.94763892258291,5730.533333333333,8_B,5652.47,3.041431445014303,0.8057367601407501,0,0,0,1
1977,Gola General Store,Supermarket,4,7,1,Ranchi,A,38417.99,8.0,4802.24875,11284.36,2.0,2.4045342403113685,3.0,-27133.629999999997,-6.0,2025-12-28,3,50.0,5.0,15.0,1.0,0.0,36.0,0.0,0.23333333333333334,0.0,0.0,0.0,0.0,38417.99,68498.48,56.08590146817857,38417.99,4_A,22237.399999999998,1.7276295789975447,2.3356339973653832,0,0,0,1
1978,Chhabra Retail,Convenience,1,17,3,Ludhiana,C,0.0,0.0,0.0,5419.9,2.0,-1.0,-1.0,5419.9,2.0,2025-11-25,36,22.0,5.0,11.0,0.0,0.0,0.0,0.0,0.0,0.0,0.0,0.0,0.0,0.0,17115.31,0.0,0.0,1_C,1475.75,0.0,-0.3734276773884362,1,1,0,1
1979,Char Retail,General Trade,7,12,28,Coimbatore,C,2634.51,1.0,2634.51,3953.66,2.0,-0.33365286848135645,-0.5,1319.1499999999996,1.0,2025-12-14,17,17.0,5.0,9.0,3.0,3.0,26.0,1.0,0.7000000000000001,0.0,0.0,0.0,0.0,2634.51,21490.12,12.259168399245794,878.1700000000001,7_C,1610.4699999999998,1.635864064527747,0.11406151678210619,0,1,0,1
1980,Viswanathan Mart,General Trade,6,21,72,Ahmedabad,A,35454.18,6.0,5909.03,11035.45,3.0,2.212753444580873,1.0,-24418.73,-3.0,2025-12-29,2,42.0,5.0,15.0,2.0,1.0,26.0,0.5,0.4666666666666667,0.0,0.0,0.0,0.0,35454.18,68108.8,52.05521166134185,17727.09,6_A,21985.86,1.6125900919954916,2.137353938810545,0,0,0,1
1981,Dixit Mart,Supermarket,4,1,32,Ranchi,A,72406.09,10.0,7240.6089999999995,4252.44,1.0,16.02695158544271,9.0,-68153.65,-9.0,2025-12-20,11,44.0,5.0,15.0,0.0,0.0,0.0,0.0,0.0,0.0,0.0,0.0,0.0,72406.09,61493.17,117.74655624356332,0.0,4_A,22237.399999999998,3.2560501677354368,15.958051342496725,0,0,0,0
1982,Khosla Mart,Modern Trade,4,13,54,Bhubaneswar,C,0.0,0.0,0.0,0.0,0.0,,,0.0,0.0,2025-10-01,91,0.0,0.0,0.0,1.0,1.0,22.0,1.0,0.23333333333333334,0.0,0.0,0.0,0.0,0.0,17359.27,0.0,0.0,4_C,1263.49,0.0,,1,0,0,1
1983,Handa General Store,General Trade,2,29,40,Nashik,C,0.0,0.0,0.0,5598.93,2.0,-1.0,-1.0,5598.93,2.0,2025-11-27,34,10.0,5.0,8.0,4.0,1.0,33.75,0.25,0.9333333333333333,0.0,0.0,0.0,0.0,0.0,18494.28,0.0,0.0,2_C,1065.73,0.0,-0.5661759345923834,1,1,0,1
1984,Vyas Retail,Modern Trade,5,16,31,Delhi,C,1538.42,1.0,1538.42,3025.0299999999997,2.0,-0.4914364485641464,-0.5,1486.6099999999997,1.0,2025-12-30,1,18.0,5.0,11.0,3.0,3.0,26.666666666666668,1.0,0.7000000000000001,0.0,0.0,0.0,0.0,1538.42,17427.78,8.827400850825521,512.8066666666667,5_C,1965.2,0.7828312639934867,-0.04452947071001129,0,1,0,1
1985,Krishnan General Store,Pharmacy,6,25,65,Nashik,B,16176.14,5.0,3235.228,4808.95,1.0,2.363757161126649,4.0,-11367.189999999999,-4.0,2025-12-27,4,25.0,5.0,8.0,1.0,1.0,30.0,1.0,0.23333333333333334,0.0,0.0,0.0,0.0,16176.14,41999.14,38.515407696443305,16176.14,6_B,5118.745000000001,3.160176957437809,2.63304622184826,0,0,0,1
1986,Pandya Traders,Modern Trade,12,10,46,Kolkata,B,4293.77,1.0,4293.77,3804.13,1.0,0.1287127411523792,0.0,-489.6400000000003,0.0,2025-12-19,12,14.0,5.0,10.0,0.0,0.0,0.0,0.0,0.0,0.0,0.0,0.0,0.0,4293.77,41954.98,10.234232026805877,0.0,12_B,6060.66,0.7084657446548727,0.22983311945015264,0,0,0,1
1987,Loke Mart,Modern Trade,6,21,80,Mumbai,C,0.0,0.0,0.0,1933.05,2.0,-1.0,-1.0,1933.05,2.0,2025-11-25,36,3.0,3.0,3.0,1.0,1.0,26.0,1.0,0.23333333333333334,0.0,0.0,0.0,0.0,0.0,16613.0,0.0,0.0,6_C,1535.8200000000002,0.0,-0.49011665985164743,1,1,0,1
1988,Ranganathan Retail,General Trade,4,1,25,Ranchi,C,5254.030000000001,2.0,2627.0150000000003,4844.049999999999,3.0,0.08463579029943982,-0.3333333333333333,-409.9800000000014,1.0,2025-12-23,8,20.0,4.0,9.0,0.0,0.0,0.0,0.0,0.0,0.0,0.0,0.0,0.0,5254.030000000001,17102.97,30.719986060900535,0.0,4_C,1263.49,4.158347117903585,0.7330500466772797,0,0,0,1
1989,Brar Traders,Modern Trade,6,31,14,Nashik,C,1390.89,1.0,1390.89,962.34,1.0,0.44532078059729413,0.0,-428.55000000000007,0.0,2025-12-11,20,12.0,5.0,9.0,2.0,0.0,31.0,0.0,0.4666666666666667,195.0,0.0,261.85641025641024,0.0,1390.89,17753.08,7.83464052434845,695.445,6_C,1535.8200000000002,0.9056334726725788,0.9552041207456468,0,0,0,1
1990,Prakash General Store,Modern Trade,10,15,100,Nashik,C,2661.2799999999997,2.0,1330.6399999999999,3097.2200000000003,3.0,-0.14075202923912428,-0.3333333333333333,435.9400000000005,1.0,2025-12-21,10,13.0,5.0,10.0,0.0,0.0,0.0,0.0,0.0,195.0,0.0,280.46153846153845,0.0,2661.2799999999997,19979.34,13.32015972499592,0.0,10_C,1784.86,1.4910301088040518,0.036482667518854706,0,0,0,1
1991,Ravi Retail,Modern Trade,6,21,72,Surat,B,18700.43,3.0,6233.4766666666665,1780.26,2.0,9.504325210924248,0.5,-16920.170000000002,-1.0,2025-12-11,20,20.0,5.0,12.0,1.0,1.0,9.0,1.0,0.23333333333333334,0.0,0.0,0.0,0.0,18700.43,41417.86,45.150642742044134,18700.43,6_B,5118.745000000001,3.653323226689354,9.77361427164586,0,0,0,1
1992,Sharaf Retail,Supermarket,4,7,1,Guwahati,B,3056.28,1.0,3056.28,9480.630000000001,2.0,-0.6776290183247315,-0.5,6424.35,1.0,2025-12-24,7,15.0,5.0,10.0,2.0,1.0,34.0,0.5,0.4666666666666667,0.0,0.0,0.0,0.0,3056.28,36978.47,8.26502556758027,1528.14,4_B,5210.49,0.5865628760442877,-0.48637708971377847,0,1,0,1
1993,Kohli General Store,Convenience,4,2,60,Kolkata,A,1670.12,1.0,1670.12,19171.63,5.0,-0.9128858631217065,-0.8,17501.510000000002,4.0,2025-12-25,6,32.0,5.0,13.0,0.0,0.0,0.0,0.0,0.0,0.0,0.0,0.0,0.0,1670.12,61884.5,2.698769481857331,0.0,4_A,22237.399999999998,0.07510410389703832,-0.9817861060676917,0,1,0,1
1994,Kara Supermarket,Supermarket,12,8,18,Ranchi,B,638.03,1.0,638.03,3559.81,2.0,-0.8207685241628064,-0.5,2921.7799999999997,1.0,2025-12-22,9,17.0,5.0,11.0,1.0,1.0,30.0,1.0,0.23333333333333334,0.0,0.0,0.0,0.0,638.03,41419.96,1.5403926029865793,638.03,12_B,6060.66,0.10527401306128376,-0.719648145865033,0,1,0,1
1995,Mital Traders,Supermarket,4,2,41,Bhubaneswar,B,8572.99,2.0,4286.495,7157.13,3.0,0.19782510587344362,-0.3333333333333333,-1415.8599999999997,1.0,2025-12-30,1,27.0,5.0,12.0,0.0,0.0,0.0,0.0,0.0,0.0,0.0,0.0,0.0,9971.630000000001,34760.0,28.687082853855006,0.0,4_B,5210.49,1.6453327806022082,0.3890770344843967,0,0,0,1
1996,Buch Traders,Modern Trade,6,25,86,Pune,C,0.0,0.0,0.0,1582.92,2.0,-1.0,-1.0,1582.92,2.0,2025-11-05,56,16.0,5.0,10.0,1.0,1.0,38.0,1.0,0.23333333333333334,0.0,0.0,0.0,0.0,0.0,19628.71,0.0,0.0,6_C,1535.8200000000002,0.0,-0.49011665985164743,1,1,0,1
1997,Balay Retail,Supermarket,7,20,68,Hyderabad,A,45435.96,9.0,5048.44,9259.14,2.0,3.907146884051867,3.5,-36176.82,-7.0,2025-12-29,2,39.0,5.0,14.0,5.0,3.0,20.0,0.6,1.1666666666666667,195.0,0.0,76.29230769230769,0.0,45435.96,71752.64,63.323049855726566,9087.192,7_A,22880.32,1.9858096390260276,3.9111331998335093,0,0,0,1
1998,Chander Mart,Convenience,5,16,42,Jaipur,C,5079.35,2.0,2539.675,0.0,0.0,,,-5079.35,-2.0,2025-12-24,7,9.0,4.0,6.0,5.0,3.0,23.6,0.6,1.1666666666666667,0.0,0.0,0.0,0.0,5079.35,19971.45,25.433055686993182,1015.8700000000001,5_C,1965.2,2.5846478729900264,,0,0,0,1
1999,Ravi Retail,Supermarket,12,8,15,Kolkata,C,174.91,1.0,174.91,1447.37,1.0,-0.8791532227419387,0.0,1272.4599999999998,0.0,2025-12-16,15,11.0,5.0,7.0,2.0,0.0,21.5,0.0,0.4666666666666667,0.0,0.0,0.0,0.0,174.91,20773.27,0.8419955067257104,87.455,12_C,1525.54,0.11465448300274002,-0.2907180472930936,0,1,0,1
2000,Raghavan Retail,Supermarket,2,26,75,Mumbai,B,2481.3,1.0,2481.3,3070.23,2.0,-0.19181950537907577,-0.5,588.9299999999998,1.0,2025-12-14,17,10.0,5.0,8.0,5.0,4.0,25.8,0.8,1.1666666666666667,0.0,0.0,0.0,0.0,2481.3,37945.74,6.539073951384267,496.26000000000005,2_B,7635.110000000001,0.32498549464251336,-0.36758715105967976,0,1,0,1
2001,Purohit Supermarket,Supermarket,3,18,11,Coimbatore,C,4167.139999999999,2.0,2083.5699999999997,0.0,0.0,,,-4167.139999999999,-2.0,2025-12-10,21,15.0,5.0,10.0,1.0,1.0,24.0,1.0,0.23333333333333334,0.0,0.0,0.0,0.0,4167.139999999999,18438.45,22.60027279950321,4167.139999999999,3_C,1975.87,2.1090152692231774,,0,0,0,1
2002,Soni Traders,General Trade,1,5,52,Delhi,B,10241.84,4.0,2560.46,0.0,0.0,,,-10241.84,-4.0,2025-12-28,3,17.0,5.0,12.0,4.0,2.0,23.25,0.5,0.9333333333333333,0.0,0.0,0.0,0.0,10241.84,42637.49,24.020738556608283,2560.46,1_B,5467.655000000001,1.873168661885214,,0,0,0,1
2003,Bhalla Supermarket,General Trade,12,8,18,Kolkata,A,11830.83,4.0,2957.7075,33123.33,7.0,-0.6428248609061951,-0.42857142857142855,21292.5,3.0,2025-12-24,7,29.0,5.0,12.0,1.0,1.0,19.0,1.0,0.23333333333333334,0.0,0.0,0.0,0.0,11830.83,70638.93,16.7483142793924,11830.83,12_A,24540.835,0.4820875084323741,-0.7725463825061326,0,1,0,1
2004,Andra Retail,Modern Trade,5,16,47,Lucknow,B,0.0,0.0,0.0,5004.82,1.0,-1.0,-1.0,5004.82,1.0,2025-11-06,55,11.0,4.0,9.0,1.0,0.0,11.0,0.0,0.23333333333333334,0.0,0.0,0.0,0.0,0.0,32568.59,0.0,0.0,5_B,6391.82,0.0,-0.6472833924304291,1,1,0,1
2005,Garg Supermarket,General Trade,3,18,11,Hyderabad,A,24970.96,4.0,6242.74,9294.97,2.0,1.6865024846771965,1.0,-15675.99,-2.0,2025-12-28,3,36.0,5.0,13.0,4.0,2.0,31.75,0.5,0.9333333333333333,0.0,0.0,0.0,0.0,24970.96,58470.84,42.70668935147845,6242.74,3_A,19782.739999999998,1.2622599296154122,1.6358946387047333,0,0,0,1
2006,Butala Supermarket,Modern Trade,10,15,94,Pune,A,24083.230000000003,7.0,3440.461428571429,28731.92,6.0,-0.16179531336576167,0.16666666666666666,4648.689999999995,-1.0,2025-12-30,1,41.0,5.0,15.0,4.0,4.0,30.75,1.0,0.9333333333333333,195.0,0.0,56.94358974358974,0.0,24083.230000000003,59954.92,40.168896897869274,6020.807500000001,10_A,24727.44,0.9739475659429364,-0.3199956140273551,0,1,0,1
2007,Tata Mart,Pharmacy,9,3,35,Ludhiana,C,0.0,0.0,0.0,7677.89,2.0,-1.0,-1.0,7677.89,2.0,2025-12-01,30,20.0,5.0,10.0,2.0,1.0,25.0,0.5,0.4666666666666667,0.0,0.0,0.0,0.0,7177.22,16318.65,43.981701917744424,0.0,9_C,1106.01,0.0,-0.5051035981171249,0,1,0,1
2008,Saraf Supermarket,Supermarket,7,28,79,Kochi,A,39050.22,6.0,6508.37,24726.14,2.0,0.5793091845310268,2.0,-14324.080000000002,-4.0,2025-12-25,6,45.0,5.0,15.0,2.0,2.0,33.5,1.0,0.4666666666666667,0.0,0.0,0.0,0.0,39050.22,72943.03,53.53523153617282,19525.11,7_A,22880.32,1.7067165144543435,0.5832955003126692,0,0,0,1
2009,Narula Mart,Convenience,12,19,53,Guwahati,B,3682.82,2.0,1841.41,6757.23,2.0,-0.45498081314384736,0.0,3074.4099999999994,0.0,2025-12-30,1,14.0,5.0,11.0,1.0,1.0,26.0,1.0,0.23333333333333334,0.0,0.0,0.0,0.0,3682.82,40327.18,9.132351927409752,3682.82,12_B,6060.66,0.6076598918269628,-0.35386043484607393,0,1,0,1
2010,Chandran General Store,Pharmacy,10,32,33,Nashik,B,8677.029999999999,2.0,4338.514999999999,7590.4400000000005,2.0,0.14315243912078854,0.0,-1086.5899999999983,0.0,2025-12-19,12,13.0,5.0,9.0,0.0,0.0,0.0,0.0,0.0,0.0,0.0,0.0,0.0,8677.029999999999,42513.8,20.409913957350316,0.0,10_B,6269.79,1.383942683885744,0.31806301912343804,0,0,0,1
2011,Wable Supermarket,General Trade,6,31,74,Pune,C,3109.55,1.0,3109.55,2779.88,1.0,0.1185914499906471,0.0,-329.6700000000001,0.0,2025-12-18,13,8.0,4.0,7.0,4.0,2.0,30.5,0.5,0.9333333333333333,0.0,0.0,0.0,0.0,3109.55,19670.39,15.808278331034616,777.3875,6_C,1535.8200000000002,2.0246838822257818,0.6284747901389997,0,0,0,1
2012,Basak General Store,Pharmacy,12,10,30,Bhubaneswar,C,0.0,0.0,0.0,3958.49,2.0,-1.0,-1.0,3958.49,2.0,2025-11-25,36,8.0,5.0,8.0,5.0,3.0,30.2,0.6,1.1666666666666667,0.0,0.0,0.0,0.0,0.0,17142.32,0.0,0.0,12_C,1525.54,0.0,-0.41156482455115484,1,1,0,1
2013,Karpe General Store,General Trade,6,31,74,Mumbai,C,4183.18,1.0,4183.18,8535.07,4.0,-0.5098833401483526,-0.75,4351.889999999999,3.0,2025-12-22,9,20.0,5.0,12.0,0.0,0.0,0.0,0.0,0.0,195.0,0.0,301.8871794871795,0.0,4183.18,17117.62,24.437859936135986,0.0,6_C,1535.8200000000002,2.723743667877746,0.0,0,1,0,1
2014,Kakar General Store,Supermarket,12,8,19,Bhubaneswar,C,2633.17,1.0,2633.17,756.34,1.0,2.481463363037787,0.0,-1876.83,0.0,2025-12-12,19,5.0,4.0,5.0,1.0,1.0,9.0,1.0,0.23333333333333334,0.0,0.0,0.0,0.0,2633.17,19001.8,13.857476660105887,2633.17,12_C,1525.54,1.7260576582718252,3.0698985384866324,0,0,0,1
2015,Soman Mart,Modern Trade,3,18,67,Hyderabad,B,0.0,0.0,0.0,7184.18,3.0,-1.0,-1.0,7184.18,3.0,2025-11-30,31,21.0,5.0,12.0,1.0,1.0,13.0,1.0,0.23333333333333334,0.0,0.0,0.0,0.0,0.0,39076.2,0.0,0.0,3_B,5507.8,0.0,-0.760649070703225,1,1,0,1
2016,Madan Retail,Pharmacy,9,11,85,Jaipur,B,11072.01,4.0,2768.0025,0.0,0.0,,,-11072.01,-4.0,2025-12-28,3,14.0,5.0,9.0,1.0,0.0,35.0,0.0,0.23333333333333334,0.0,0.0,0.0,0.0,11072.01,41148.67,26.90733382148196,11072.01,9_B,5894.43,1.878385187371807,,0,0,0,1
2017,Batra General Store,Pharmacy,10,4,21,Mumbai,C,0.0,0.0,0.0,0.0,0.0,,,0.0,0.0,2025-10-31,61,5.0,3.0,3.0,2.0,2.0,21.5,1.0,0.4666666666666667,0.0,0.0,0.0,0.0,0.0,17162.71,0.0,0.0,10_C,1784.86,0.0,,1,0,0,1
2018,Borde Mart,Pharmacy,2,29,37,Pune,B,2188.96,1.0,2188.96,4918.87,2.0,-0.5549872226751266,-0.5,2729.91,1.0,2025-12-21,10,16.0,5.0,13.0,1.0,0.0,13.0,0.0,0.23333333333333334,0.0,0.0,0.0,0.0,2188.96,41563.49,5.266545229960237,2188.96,2_B,7635.110000000001,0.2866965898330214,-0.7307548683557306,0,1,0,1
2019,Mand Retail,Modern Trade,2,29,9,Nashik,B,11580.36,3.0,3860.1200000000003,9106.150000000001,3.0,0.2717075822383772,0.0,-2474.209999999999,0.0,2025-12-14,17,24.0,5.0,12.0,3.0,1.0,23.666666666666668,0.3333333333333333,0.7000000000000001,0.0,0.0,0.0,0.0,11580.36,40205.81,28.8027028929401,3860.1200000000003,2_B,7635.110000000001,1.5167247099255936,0.09593993655777322,0,0,0,1
2020,Bali Traders,Modern Trade,4,13,62,Ranchi,B,16456.17,4.0,4114.0425,4560.79,2.0,2.6081841084548945,1.0,-11895.379999999997,-2.0,2025-12-26,5,21.0,5.0,10.0,4.0,2.0,23.75,0.5,0.9333333333333333,0.0,0.0,0.0,0.0,16456.17,35085.55,46.902984277002915,4114.0425,4_B,5210.49,3.158276860717514,2.7994360370658473,0,0,0,1
2021,Gola Supermarket,Convenience,3,18,83,Kochi,B,5845.02,1.0,5845.02,10008.439999999999,2.0,-0.41599090367729624,-0.5,4163.419999999998,1.0,2025-12-18,13,19.0,5.0,12.0,3.0,2.0,18.666666666666668,0.6666666666666666,0.7000000000000001,0.0,0.0,0.0,0.0,5845.02,42415.63,13.780344651252383,1948.3400000000001,3_B,5507.8,1.0612258978176405,-0.17663997438052118,0,1,0,1
2022,Murty General Store,Supermarket,9,3,93,Chandigarh,B,8443.93,4.0,2110.9825,5223.95,2.0,0.6163879822739499,1.0,-3219.9800000000005,-2.0,2025-12-29,2,21.0,5.0,12.0,2.0,1.0,36.0,0.5,0.4666666666666667,0.0,0.0,0.0,0.0,8443.93,42028.94,20.090751753434656,4221.965,9_B,5894.43,1.432526978859703,0.7915342576783178,0,0,0,1
2023,Babu Supermarket,General Trade,4,13,96,Ranchi,A,6429.74,2.0,3214.87,27912.83,4.0,-0.7696492974735991,-0.5,21483.090000000004,2.0,2025-12-21,10,39.0,5.0,14.0,4.0,4.0,30.5,1.0,0.9333333333333333,0.0,0.0,0.0,0.0,6429.74,56684.07,11.343116328802784,1607.435,4_A,22237.399999999998,0.2891408168221105,-0.8385495404195843,0,1,0,1
2024,Johal Supermarket,Convenience,8,14,97,Guwahati,C,0.0,0.0,0.0,3459.16,1.0,-1.0,-1.0,3459.16,1.0,2025-11-09,52,16.0,5.0,8.0,3.0,2.0,16.333333333333332,0.6666666666666666,0.7000000000000001,0.0,0.0,0.0,0.0,0.0,20148.93,0.0,0.0,8_C,1474.47,0.0,-0.4422553310707772,1,1,0,1
2025,Dhawan Retail,Convenience,4,7,1,Bhubaneswar,C,3477.63,3.0,1159.21,8110.91,3.0,-0.5712404650033104,0.0,4633.28,0.0,2025-12-26,5,30.0,5.0,13.0,0.0,0.0,0.0,0.0,0.0,0.0,0.0,0.0,0.0,3477.63,18839.12,18.459620194573844,0.0,4_C,1263.49,2.752400098140864,0.07717379137452951,0,1,0,1
2026,Rao Retail,Pharmacy,4,1,25,Bhubaneswar,A,38645.78,6.0,6440.963333333333,18476.690000000002,4.0,1.0915964926618347,0.5,-20169.089999999997,-2.0,2025-12-29,2,31.0,5.0,15.0,0.0,0.0,0.0,0.0,0.0,0.0,0.0,0.0,0.0,38645.78,66959.4,57.71524237075004,0.0,4_A,22237.399999999998,1.7378731326504,1.0226962497158494,0,0,0,1
2027,Bose Supermarket,Convenience,4,7,26,Ranchi,C,947.35,2.0,473.675,6114.4400000000005,2.0,-0.8450634890521453,0.0,5167.09,0.0,2025-12-20,11,20.0,5.0,9.0,1.0,1.0,39.0,1.0,0.23333333333333334,0.0,0.0,0.0,0.0,947.35,17571.43,5.391422325900623,947.35,4_C,1263.49,0.7497882848301134,-0.19664923267430545,0,1,0,1
2028,Mistry Retail,General Trade,6,21,80,Pune,C,4050.68,3.0,1350.2266666666667,2012.58,1.0,1.0126802412823341,2.0,-2038.1,-2.0,2025-12-18,13,14.0,5.0,10.0,0.0,0.0,0.0,0.0,0.0,0.0,0.0,0.0,0.0,4050.68,17528.84,23.10865978581583,0.0,6_C,1535.8200000000002,2.637470536911877,1.5225635814306866,0,0,0,1
2029,Gaba Traders,Convenience,8,14,69,Patna,B,13874.849999999999,4.0,3468.7124999999996,0.0,0.0,,,-13874.849999999999,-4.0,2025-12-31,0,35.0,5.0,14.0,1.0,0.0,40.0,0.0,0.23333333333333334,0.0,0.0,0.0,0.0,13874.849999999999,39810.49,34.85224622957416,13874.849999999999,8_B,5652.47,2.4546525678154856,,0,0,0,1
2030,Khosla General Store,Modern Trade,12,8,18,Bhubaneswar,B,15002.91,3.0,5000.97,19681.78,6.0,-0.23772595771317429,-0.5,4678.869999999999,3.0,2025-12-28,3,36.0,5.0,14.0,0.0,0.0,0.0,0.0,0.0,0.0,0.0,0.0,0.0,15002.91,36395.45,41.221938456592795,0.0,12_B,6060.66,2.475458118422746,-0.13660557941540086,0,1,0,1
2031,Ramachandran Mart,Modern Trade,6,31,14,Nashik,B,5812.450000000001,2.0,2906.2250000000004,7564.7300000000005,3.0,-0.23163814174464914,-0.3333333333333333,1752.2799999999997,1.0,2025-12-29,2,19.0,5.0,12.0,1.0,1.0,18.0,1.0,0.23333333333333334,0.0,0.0,0.0,0.0,6888.63,35803.67,19.240010870394013,5812.450000000001,6_B,5118.745000000001,1.1355224767008318,0.0376509189769616,0,1,0,1
2032,Zachariah Supermarket,Pharmacy,6,25,5,Ahmedabad,A,20423.5,3.0,6807.833333333333,26067.65,5.0,-0.21651932567761195,-0.4,5644.1500000000015,2.0,2025-12-30,1,33.0,5.0,12.0,0.0,0.0,0.0,0.0,0.0,0.0,0.0,0.0,0.0,20423.5,72679.89,28.10062040545191,0.0,6_A,21985.86,0.9289379628543073,-0.2919188314479403,0,1,0,1
2033,Narula Mart,Convenience,4,1,58,Bhubaneswar,A,18224.86,3.0,6074.953333333334,45214.060000000005,7.0,-0.596920515432589,-0.5714285714285714,26989.200000000004,4.0,2025-12-28,3,46.0,5.0,13.0,0.0,0.0,0.0,0.0,0.0,0.0,0.0,0.0,0.0,28357.63,69392.31,40.86566652702584,0.0,4_A,22237.399999999998,0.819558941243131,-0.6658207583785741,0,1,0,1
2034,Rajagopalan Retail,Convenience,8,14,69,Bhubaneswar,A,31131.72,6.0,5188.62,24692.75,4.0,0.2607635844529265,0.5,-6438.970000000001,-2.0,2025-12-25,6,34.0,5.0,14.0,2.0,1.0,33.5,0.5,0.4666666666666667,0.0,0.0,0.0,0.0,31131.72,62346.96,49.93301999006848,15565.86,8_A,21023.8,1.480784634557026,0.27941916634716624,0,0,0,1
2035,Dey Retail,General Trade,10,32,63,Pune,C,685.92,2.0,342.96,1882.4599999999998,2.0,-0.6356257237869597,0.0,1196.54,0.0,2025-12-11,20,20.0,5.0,13.0,2.0,1.0,39.0,0.5,0.4666666666666667,0.0,0.0,0.0,0.0,685.92,20525.24,3.341836684979079,342.96,10_C,1784.86,0.3842990486648813,-0.4583910270289807,0,1,0,1
2036,Brar Retail,Supermarket,12,19,36,Kolkata,B,0.0,0.0,0.0,7748.6,4.0,-1.0,-1.0,7748.6,4.0,2025-11-16,45,31.0,5.0,14.0,0.0,0.0,0.0,0.0,0.0,0.0,0.0,0.0,0.0,0.0,37003.35,0.0,0.0,12_B,6060.66,0.0,-0.8988796217022266,1,1,0,1
2037,Tella Supermarket,General Trade,4,7,4,Kolkata,C,302.42,1.0,302.42,4430.31,2.0,-0.9317384110818431,-0.5,4127.89,1.0,2025-12-13,18,8.0,3.0,5.0,3.0,0.0,31.333333333333332,0.0,0.7000000000000001,0.0,0.0,0.0,0.0,302.42,20082.16,1.5059137064937238,100.80666666666667,4_C,1263.49,0.23935290346579713,-0.2833241547040032,0,1,0,1
2038,Pal Mart,Modern Trade,12,10,30,Kolkata,C,2116.03,1.0,2116.03,1498.05,2.0,0.4125229464971131,-0.5,-617.9800000000002,1.0,2025-12-04,27,17.0,4.0,9.0,4.0,3.0,20.25,0.75,0.9333333333333333,195.0,0.0,296.0,0.0,2116.03,18172.98,11.643825063363304,529.0075,12_C,1525.54,1.387069496702807,1.0009581219459582,0,0,0,1
2039,Bera Mart,General Trade,9,11,85,Lucknow,B,0.0,0.0,0.0,2866.3,2.0,-1.0,-1.0,2866.3,2.0,2025-11-27,34,6.0,4.0,6.0,0.0,0.0,0.0,0.0,0.0,0.0,0.0,0.0,0.0,0.0,35948.75,0.0,0.0,9_B,5894.43,0.0,-0.8248537245956321,1,1,0,1
2040,Chaudhari Traders,Modern Trade,5,16,47,Chandigarh,C,3660.82,1.0,3660.82,4343.29,2.0,-0.1571320358530054,-0.5,682.4699999999998,1.0,2025-12-29,2,15.0,5.0,11.0,0.0,0.0,0.0,0.0,0.0,0.0,0.0,0.0,0.0,3660.82,20923.34,17.496346185647223,0.0,5_C,1965.2,1.8628231223285163,0.28977494200112974,0,1,0,1
2041,Sarkar Retail,General Trade,12,35,61,Ranchi,A,37085.39,4.0,9271.3475,33870.09,5.0,0.09493036481450162,-0.2,-3215.300000000003,1.0,2025-12-19,12,43.0,5.0,14.0,0.0,0.0,0.0,0.0,0.0,0.0,0.0,0.0,0.0,37085.39,71476.49,51.88473860425994,0.0,12_A,24540.835,1.51117066717575,-0.03479115678543593,0,0,0,1
2042,Kata Mart,General Trade,6,31,14,Mumbai,C,1644.01,1.0,1644.01,2760.62,3.0,-0.40447797958429627,-0.6666666666666666,1116.61,2.0,2025-12-23,8,24.0,5.0,12.0,0.0,0.0,0.0,0.0,0.0,195.0,0.0,284.1794871794872,0.0,1644.01,20447.0,8.040348217342396,0.0,6_C,1535.8200000000002,1.0704444531260173,0.1054053605640563,0,1,0,1
2043,Borra Supermarket,Convenience,5,33,90,Jaipur,B,4995.25,3.0,1665.0833333333333,0.0,0.0,,,-4995.25,-3.0,2025-12-15,16,17.0,5.0,10.0,1.0,0.0,33.0,0.0,0.23333333333333334,0.0,0.0,0.0,0.0,4995.25,41780.84,11.955839087964723,4995.25,5_B,6391.82,0.7815066757199045,,0,0,0,1
2044,Oak Mart,Convenience,2,26,75,Ahmedabad,C,2573.83,2.0,1286.915,1580.02,1.0,0.6289857090416576,1.0,-993.81,-1.0,2025-12-20,11,9.0,5.0,9.0,1.0,1.0,42.0,1.0,0.23333333333333334,0.0,0.0,0.0,0.0,2573.83,19675.41,13.081455481740914,2573.83,2_C,1065.73,2.4150863727210456,1.0628097744492742,0,0,0,1
2045,Ranganathan Traders,Supermarket,8,36,55,Bhubaneswar,C,0.0,0.0,0.0,238.76,1.0,-1.0,-1.0,238.76,1.0,2025-11-08,53,4.0,3.0,3.0,5.0,4.0,29.4,0.8,1.1666666666666667,0.0,0.0,0.0,0.0,0.0,19843.01,0.0,0.0,8_C,1474.47,0.0,-0.4422553310707772,1,1,0,1
2046,Narain Supermarket,Pharmacy,4,7,26,Ranchi,B,0.0,0.0,0.0,2018.93,1.0,-1.0,-1.0,2018.93,1.0,2025-11-18,43,8.0,4.0,7.0,0.0,0.0,0.0,0.0,0.0,0.0,0.0,0.0,0.0,0.0,36294.53,0.0,0.0,4_B,5210.49,0.0,-0.8087480713890469,1,1,0,1
2047,Balan Mart,Convenience,3,18,89,Chennai,C,1707.66,1.0,1707.66,1658.6,1.0,0.029579163149644386,0.0,-49.06000000000017,0.0,2025-12-08,23,13.0,5.0,10.0,1.0,0.0,39.0,0.0,0.23333333333333334,0.0,0.0,0.0,0.0,1707.66,18549.52,9.205952499040407,1707.66,3_C,1975.87,0.8642572638888187,0.3867609532381915,0,0,0,1
2048,Mahajan Mart,General Trade,5,33,51,Ludhiana,C,2401.73,1.0,2401.73,4421.15,2.0,-0.45676351175599106,-0.5,2019.4199999999996,1.0,2025-12-26,5,12.0,5.0,6.0,2.0,0.0,24.5,0.0,0.4666666666666667,0.0,0.0,0.0,0.0,2401.73,19031.64,12.619669140441916,1200.865,5_C,1965.2,1.2221300630979035,-0.009856533901855924,0,1,0,1
2049,Seshadri Supermarket,Convenience,5,22,17,Jaipur,C,0.0,0.0,0.0,3117.71,1.0,-1.0,-1.0,3117.71,1.0,2025-11-04,57,9.0,4.0,7.0,0.0,0.0,0.0,0.0,0.0,0.0,0.0,0.0,0.0,0.0,17744.63,0.0,0.0,5_C,1965.2,0.0,-0.5530930221458649,1,1,0,1
2050,Swaminathan Supermarket,General Trade,5,22,71,Delhi,B,9757.64,3.0,3252.5466666666666,0.0,0.0,,,-9757.64,-3.0,2025-12-28,3,10.0,4.0,6.0,2.0,2.0,29.5,1.0,0.4666666666666667,0.0,0.0,0.0,0.0,9757.64,38698.53,25.21449781167398,4878.82,5_B,6391.82,1.5265824131468033,,0,0,0,1
2051,Kari Mart,Modern Trade,1,17,23,Delhi,B,13637.76,3.0,4545.92,11874.26,3.0,0.14851451795732956,0.0,-1763.5,0.0,2025-12-25,6,19.0,5.0,13.0,4.0,3.0,28.5,0.75,0.9333333333333333,195.0,0.0,235.67179487179487,0.0,13637.76,40738.92,33.47599789096029,3409.44,1_B,5467.655000000001,2.4942612509384734,0.15056175619882858,0,0,0,1
2052,Parekh Traders,General Trade,4,13,12,Guwahati,A,15171.95,3.0,5057.316666666667,24784.53,4.0,-0.38784596681881794,-0.25,9612.579999999998,1.0,2025-12-13,18,31.0,5.0,14.0,4.0,4.0,24.0,1.0,0.9333333333333333,0.0,0.0,0.0,0.0,15171.95,73689.32,20.589075866082084,3792.9875,4_A,22237.399999999998,0.6822717583890204,-0.4567462097648032,0,1,0,1
2053,Prashad Retail,Supermarket,9,3,95,Chandigarh,B,27498.28,6.0,4583.046666666666,10310.73,4.0,1.6669576256967256,0.5,-17187.55,-2.0,2025-12-30,1,48.0,5.0,14.0,0.0,0.0,0.0,0.0,0.0,0.0,0.0,0.0,0.0,31735.43,33408.99,94.99068963174284,0.0,9_B,5894.43,4.665129622372307,1.8421039011010936,0,0,0,0
2054,Sankaran General Store,General Trade,10,15,100,Mumbai,C,0.0,0.0,0.0,3745.39,1.0,-1.0,-1.0,3745.39,1.0,2025-11-08,53,16.0,5.0,10.0,0.0,0.0,0.0,0.0,0.0,0.0,0.0,0.0,0.0,0.0,16822.96,0.0,0.0,10_C,1784.86,0.0,-0.822765303242021,1,1,0,1
2055,Grewal Mart,Pharmacy,2,26,75,Mumbai,A,8279.66,3.0,2759.8866666666668,8708.43,5.0,-0.0492361998661068,-0.4,428.77000000000044,2.0,2025-12-31,0,34.0,5.0,12.0,5.0,5.0,29.8,1.0,1.1666666666666667,0.0,0.0,0.0,0.0,8279.66,62357.7,13.277686636934973,1655.932,2_A,21794.730000000003,0.37989275389050464,-0.18400986224677177,0,0,0,1
2056,Rai Supermarket,General Trade,3,18,83,Hyderabad,A,20287.65,4.0,5071.9125,35146.61,6.0,-0.4227707878512323,-0.3333333333333333,14858.96,2.0,2025-12-21,10,42.0,5.0,13.0,3.0,2.0,25.333333333333332,0.6666666666666666,0.7000000000000001,0.0,0.0,0.0,0.0,20287.65,67518.01,30.047760590100335,6762.55,3_A,19782.739999999998,1.0255227536731517,-0.4733786338236955,0,1,0,1
2057,Chada Supermarket,Supermarket,1,17,49,Delhi,C,2669.36,1.0,2669.36,0.0,0.0,,,-2669.36,-1.0,2025-12-12,19,5.0,4.0,4.0,2.0,2.0,18.0,1.0,0.4666666666666667,0.0,0.0,0.0,0.0,2669.36,20497.43,13.022900919773845,1334.68,1_C,1475.75,1.8088158563442318,,0,0,0,1
2058,Merchant Supermarket,Convenience,8,36,70,Bhubaneswar,C,0.0,0.0,0.0,0.0,0.0,,,0.0,0.0,2025-10-10,82,4.0,4.0,4.0,2.0,1.0,21.5,0.5,0.4666666666666667,0.0,0.0,0.0,0.0,0.0,19961.71,0.0,0.0,8_C,1474.47,0.0,,1,0,0,1
2059,Koshy Retail,Convenience,3,23,20,Chennai,C,1377.8,2.0,688.9,5328.24,3.0,-0.7414155518520187,-0.3333333333333333,3950.4399999999996,1.0,2025-12-28,3,16.0,5.0,9.0,3.0,2.0,27.333333333333332,0.6666666666666666,0.7000000000000001,195.0,0.0,297.6820512820513,0.0,3363.54,19444.7,17.297978369427145,459.26666666666665,3_C,1975.87,0.6973130823384129,-0.38423376176347157,0,1,0,1
2060,Borah Traders,General Trade,12,35,61,Kolkata,B,20180.57,5.0,4036.114,9910.64,3.0,1.0362529564185563,0.6666666666666666,-10269.93,-2.0,2025-12-28,3,33.0,5.0,14.0,1.0,1.0,11.0,1.0,0.23333333333333334,195.0,0.0,213.55897435897435,0.0,20180.57,38003.04,53.1025149566982,20180.57,12_B,6060.66,3.329764415096706,1.1373733347163297,0,0,0,1
2061,Butala Retail,General Trade,8,14,34,Bhubaneswar,B,5353.74,2.0,2676.87,3646.14,1.0,0.4683308923957939,1.0,-1707.6,-1.0,2025-12-23,8,20.0,5.0,11.0,2.0,1.0,20.0,0.5,0.4666666666666667,0.0,0.0,0.0,0.0,5353.74,41128.84,13.016997318669821,2676.87,8_B,5652.47,0.9471505377295235,0.6489392093856956,0,0,0,1
2062,Loyal General Store,Modern Trade,3,23,20,Kochi,B,14094.32,4.0,3523.58,9643.18,3.0,0.4615842491792126,0.3333333333333333,-4451.139999999999,-1.0,2025-12-11,20,31.0,5.0,13.0,0.0,0.0,0.0,0.0,0.0,0.0,0.0,0.0,0.0,14094.32,42278.77,33.336636803767,0.0,3_B,5507.8,2.558974545190457,0.7009351784759876,0,0,0,1
2063,Dube General Store,Supermarket,12,10,30,Patna,B,8208.119999999999,2.0,4104.0599999999995,21122.78,4.0,-0.611409104294037,-0.5,12914.66,2.0,2025-12-25,6,31.0,5.0,13.0,1.0,1.0,39.0,1.0,0.23333333333333334,0.0,0.0,0.0,0.0,8208.119999999999,40391.21,20.32155015905688,8208.119999999999,12_B,6060.66,1.354327746483056,-0.5102887259962636,0,1,0,1
2064,Rai General Store,Pharmacy,1,17,49,Delhi,C,3263.9900000000002,2.0,1631.9950000000001,0.0,0.0,,,-3263.9900000000002,-2.0,2025-12-15,16,9.0,5.0,6.0,3.0,0.0,33.666666666666664,0.0,0.7000000000000001,0.0,0.0,0.0,0.0,3263.9900000000002,20042.3,16.28550615448327,1087.9966666666667,1_C,1475.75,2.2117499576486535,,0,0,0,1
2065,Dube Supermarket,Supermarket,12,35,78,Guwahati,C,0.0,0.0,0.0,1983.6,1.0,-1.0,-1.0,1983.6,1.0,2025-11-25,36,6.0,4.0,5.0,0.0,0.0,0.0,0.0,0.0,0.0,0.0,0.0,0.0,0.0,17507.0,0.0,0.0,12_C,1525.54,0.0,-0.41156482455115484,1,1,0,1
2066,Ramachandran General Store,General Trade,10,15,100,Nashik,A,9983.66,3.0,3327.8866666666668,11025.41,2.0,-0.0944862821427956,0.5,1041.75,-1.0,2025-12-31,0,23.0,5.0,11.0,1.0,1.0,25.0,1.0,0.23333333333333334,0.0,0.0,0.0,0.0,9983.66,71965.1,13.872918956549771,9983.66,10_A,24727.44,0.4037482246443627,-0.25268658280438905,0,0,0,1
2067,Nadig General Store,Convenience,5,33,51,Chandigarh,C,550.94,1.0,550.94,5838.969999999999,2.0,-0.9056443174052957,-0.5,5288.029999999999,1.0,2025-12-21,10,17.0,5.0,9.0,1.0,0.0,19.0,0.0,0.23333333333333334,0.0,0.0,0.0,0.0,550.94,17918.66,3.074671878365905,550.94,5_C,1965.2,0.2803480561774883,-0.4587373395511606,0,1,0,1
2068,Patel Mart,Convenience,4,7,81,Patna,C,205.27,1.0,205.27,844.66,1.0,-0.7569791395354344,0.0,639.39,0.0,2025-12-25,6,10.0,5.0,7.0,3.0,1.0,16.333333333333332,0.3333333333333333,0.7000000000000001,195.0,0.0,306.2564102564103,0.0,205.27,16334.39,1.2566738029396876,68.42333333333333,4_C,1263.49,0.1624627025144639,-0.1085648831575945,0,1,0,1
2069,Chhabra Mart,Convenience,3,18,67,Chennai,B,11009.19,3.0,3669.73,4782.66,1.0,1.30189685237922,2.0,-6226.530000000001,-2.0,2025-12-30,1,17.0,5.0,10.0,3.0,1.0,21.0,0.3333333333333333,0.7000000000000001,0.0,0.0,0.0,0.0,11009.19,39259.7,28.04196160439331,3669.73,3_B,5507.8,1.998836195940303,1.541247781675995,0,0,0,1
2070,Chand Traders,Convenience,3,23,20,Bengaluru,A,24474.28,6.0,4079.0466666666666,7968.35,1.0,2.071436370139364,5.0,-16505.93,-5.0,2025-12-30,1,39.0,5.0,14.0,2.0,2.0,30.5,1.0,0.4666666666666667,0.0,0.0,0.0,0.0,24474.28,57570.69,42.511701700987075,12237.14,3_A,19782.739999999998,1.2371531951590125,2.020828524166901,0,0,0,1
2071,Ahluwalia Mart,General Trade,6,31,74,Ahmedabad,B,9925.34,4.0,2481.335,10633.25,2.0,-0.06657512989913712,1.0,707.9099999999999,-2.0,2025-12-17,14,26.0,5.0,14.0,1.0,0.0,13.0,0.0,0.23333333333333334,195.0,0.0,203.92820512820512,0.0,9925.34,37045.26,26.79246953591364,9925.34,6_B,5118.745000000001,1.9390182554512871,0.20271393082247363,0,0,0,1
2072,Morar General Store,Supermarket,4,13,48,Guwahati,B,21045.12,5.0,4209.023999999999,1508.0700000000002,2.0,12.955002088762456,1.5,-19537.05,-3.0,2025-12-21,10,28.0,5.0,13.0,1.0,1.0,14.0,1.0,0.23333333333333334,0.0,0.0,0.0,0.0,21045.12,36790.91,57.20195559174807,21045.12,4_B,5210.49,4.038990574782794,13.146254017373408,0,0,0,1
2073,Saxena Traders,Modern Trade,10,4,6,Surat,B,14530.66,4.0,3632.665,13066.189999999999,5.0,0.11208087437883586,-0.2,-1464.4700000000012,1.0,2025-12-30,1,36.0,5.0,12.0,0.0,0.0,0.0,0.0,0.0,0.0,0.0,0.0,0.0,14530.66,38719.05,37.52845175695168,0.0,10_B,6269.79,2.3175672550436297,0.2869914543814853,0,0,0,1
2074,Parsa Mart,Supermarket,10,4,6,Pune,B,14766.439999999999,3.0,4922.1466666666665,3167.5699999999997,2.0,3.661756488412253,0.5,-11598.869999999999,-1.0,2025-12-20,11,16.0,5.0,7.0,3.0,1.0,31.333333333333332,0.3333333333333333,0.7000000000000001,0.0,0.0,0.0,0.0,14766.439999999999,36800.65,40.125486913953964,4922.1466666666665,10_B,6269.79,2.355172980275256,3.8366670684149025,0,0,0,1
2075,Madan Traders,Pharmacy,4,1,25,Kolkata,C,9846.16,4.0,2461.54,1075.46,1.0,8.155300987484425,3.0,-8770.7,-3.0,2025-12-29,2,18.0,5.0,11.0,1.0,1.0,30.0,1.0,0.23333333333333334,0.0,0.0,0.0,0.0,9846.16,20269.89,48.57530060597271,9846.16,4_C,1263.49,7.792827802356963,8.803715243862266,0,0,0,1
2076,Chaudry Supermarket,Convenience,12,35,66,Guwahati,C,1557.33,1.0,1557.33,1272.74,1.0,0.2236041925295032,0.0,-284.5899999999999,0.0,2025-12-02,29,12.0,5.0,9.0,0.0,0.0,0.0,0.0,0.0,0.0,0.0,0.0,0.0,1557.33,19435.9,8.012646700178534,0.0,12_C,1525.54,1.0208385227525991,0.8120393679783484,0,0,0,1
2077,Deo Supermarket,Convenience,10,15,94,Mumbai,B,0.0,0.0,0.0,4462.34,1.0,-1.0,-1.0,4462.34,1.0,2025-11-13,48,8.0,4.0,7.0,4.0,2.0,23.75,0.5,0.9333333333333333,0.0,0.0,0.0,0.0,0.0,41375.02,0.0,0.0,10_B,6269.79,0.0,-0.8250894199973505,1,1,0,1
2078,Chahal General Store,Supermarket,10,32,43,Pune,B,0.0,0.0,0.0,13639.48,2.0,-1.0,-1.0,13639.48,2.0,2025-11-11,50,22.0,5.0,11.0,1.0,1.0,17.0,1.0,0.23333333333333334,0.0,0.0,0.0,0.0,0.0,37950.69,0.0,0.0,10_B,6269.79,0.0,-0.8250894199973505,1,1,0,1
2079,Grover Mart,Modern Trade,2,26,38,Pune,B,15541.57,4.0,3885.3925,9663.189999999999,2.0,0.6083270638370974,1.0,-5878.380000000001,-2.0,2025-12-31,0,37.0,5.0,14.0,2.0,0.0,9.5,0.0,0.4666666666666667,0.0,0.0,0.0,0.0,15541.57,41523.62,37.42826372074496,7770.785,2_B,7635.110000000001,2.0355397630158567,0.43255941815649346,0,0,0,1
2080,Sankar General Store,Pharmacy,7,20,68,Hyderabad,C,0.0,0.0,0.0,898.49,1.0,-1.0,-1.0,898.49,1.0,2025-11-28,33,3.0,2.0,3.0,1.0,1.0,30.0,1.0,0.23333333333333334,0.0,0.0,0.0,0.0,0.0,19683.41,0.0,0.0,7_C,1610.4699999999998,0.0,-0.5522856147365374,1,1,0,1
2081,Sen Traders,Convenience,4,13,12,Kolkata,C,5458.360000000001,3.0,1819.4533333333336,0.0,0.0,,,-5458.360000000001,-3.0,2025-12-26,5,7.0,3.0,5.0,0.0,0.0,0.0,0.0,0.0,0.0,0.0,0.0,0.0,5458.360000000001,16621.05,32.84004319823357,0.0,4_C,1263.49,4.3200658493537745,,0,0,0,1
2082,Vala Mart,Modern Trade,8,36,70,Kolkata,C,1563.32,1.0,1563.32,3691.4700000000003,2.0,-0.576504752849136,-0.5,2128.1500000000005,1.0,2025-12-11,20,13.0,5.0,8.0,0.0,0.0,0.0,0.0,0.0,0.0,0.0,0.0,0.0,4793.91,17200.96,27.870014231763808,0.0,8_C,1474.47,1.0602589405006544,-0.01876008391991324,0,1,0,1
2083,Reddy Retail,Modern Trade,12,10,64,Bhubaneswar,A,47420.95,7.0,6774.421428571428,9343.93,2.0,4.07505407253693,2.5,-38077.02,-5.0,2025-12-31,0,37.0,5.0,15.0,2.0,0.0,22.5,0.0,0.4666666666666667,0.0,0.0,0.0,0.0,47420.95,73741.18,64.3072839355161,23710.475,12_A,24540.835,1.9323283009726442,3.9453325509369925,0,0,0,1
2084,Chauhan Supermarket,Convenience,9,3,93,Delhi,C,0.0,0.0,0.0,941.26,1.0,-1.0,-1.0,941.26,1.0,2025-11-30,31,5.0,3.0,5.0,4.0,1.0,22.25,0.25,0.9333333333333333,0.0,0.0,0.0,0.0,0.0,21186.14,0.0,0.0,9_C,1106.01,0.0,-0.5051035981171249,1,1,0,1
2085,Bal Traders,Convenience,7,20,13,Kochi,C,0.0,0.0,0.0,492.14,1.0,-1.0,-1.0,492.14,1.0,2025-11-13,48,3.0,2.0,3.0,0.0,0.0,0.0,0.0,0.0,0.0,0.0,0.0,0.0,0.0,16874.5,0.0,0.0,7_C,1610.4699999999998,0.0,-0.5522856147365374,1,1,0,1
2086,Chakraborty General Store,General Trade,3,18,2,Chennai,B,4823.8,2.0,2411.9,2750.4,1.0,0.7538539848749273,1.0,-2073.4,-1.0,2025-12-12,19,18.0,5.0,12.0,1.0,0.0,17.0,0.0,0.23333333333333334,0.0,0.0,0.0,0.0,4823.8,40510.95,11.907397876376635,4823.8,3_B,5507.8,0.8758124841134391,0.9932049141717023,0,0,0,1
2087,Pandya Supermarket,Convenience,12,8,15,Guwahati,A,19985.23,3.0,6661.743333333333,26908.75,3.0,-0.25729623263808243,0.0,6923.52,0.0,2025-12-16,15,36.0,5.0,14.0,1.0,1.0,14.0,1.0,0.23333333333333334,0.0,0.0,0.0,0.0,19985.23,64080.94,31.187479459570973,19985.23,12_A,24540.835,0.814366340835591,-0.38701775423802,0,1,0,1
2088,Chander Traders,Supermarket,10,32,43,Surat,C,0.0,0.0,0.0,8581.9,4.0,-1.0,-1.0,8581.9,4.0,2025-11-28,33,27.0,5.0,12.0,2.0,1.0,26.5,0.5,0.4666666666666667,0.0,0.0,0.0,0.0,0.0,18600.26,0.0,0.0,10_C,1784.86,0.0,-0.822765303242021,1,1,0,1
2089,Nair Supermarket,Modern Trade,12,10,16,Ranchi,C,1515.62,1.0,1515.62,1038.1,1.0,0.4599942202099991,0.0,-477.52,0.0,2025-12-31,0,15.0,5.0,9.0,0.0,0.0,0.0,0.0,0.0,0.0,0.0,0.0,0.0,1515.62,17624.59,8.599462455580527,0.0,12_C,1525.54,0.99349738453269,1.0484293956588442,0,0,0,1
2090,Rajan Supermarket,General Trade,12,8,18,Kolkata,A,0.0,0.0,0.0,3261.65,1.0,-1.0,-1.0,3261.65,1.0,2025-11-15,46,23.0,5.0,10.0,1.0,1.0,28.0,1.0,0.23333333333333334,0.0,0.0,0.0,0.0,0.0,68867.39,0.0,0.0,12_A,24540.835,0.0,-1.1297215215999374,1,1,0,1
2091,Arora Supermarket,Supermarket,1,34,99,Ludhiana,B,9438.82,2.0,4719.41,2692.88,2.0,2.505102343958884,0.0,-6745.94,0.0,2025-12-07,24,39.0,5.0,15.0,4.0,0.0,28.75,0.0,0.9333333333333333,0.0,0.0,0.0,0.0,9438.82,37915.43,24.894403149324692,2359.705,1_B,5467.655000000001,1.7263013119884116,2.507149582200383,0,0,0,1
2092,Manne Traders,Modern Trade,7,20,44,Bengaluru,C,0.0,0.0,0.0,3288.0,2.0,-1.0,-1.0,3288.0,2.0,2025-11-14,47,9.0,4.0,7.0,3.0,1.0,24.0,0.3333333333333333,0.7000000000000001,0.0,0.0,0.0,0.0,0.0,18329.74,0.0,0.0,7_C,1610.4699999999998,0.0,-0.5522856147365374,1,1,0,1
2093,Sachdev General Store,Modern Trade,12,35,78,Guwahati,B,5539.23,1.0,5539.23,9330.79,3.0,-0.40634930161326116,-0.6666666666666666,3791.5600000000013,2.0,2025-12-21,10,26.0,5.0,11.0,1.0,1.0,42.0,1.0,0.23333333333333334,0.0,0.0,0.0,0.0,5539.23,43228.85,12.813734346391357,5539.23,12_B,6060.66,0.9139648157131401,-0.30522892331548773,0,1,0,1
2094,Rama General Store,Supermarket,6,21,10,Mumbai,B,11321.01,3.0,3773.67,5718.41,1.0,0.9797478669770094,2.0,-5602.6,-2.0,2025-12-17,14,17.0,4.0,9.0,3.0,2.0,16.333333333333332,0.6666666666666666,0.7000000000000001,0.0,0.0,0.0,0.0,11321.01,40278.96,28.106510197879985,3773.67,6_B,5118.745000000001,2.2116768856428672,1.2490369276986202,0,0,0,1
2095,Chad Retail,Modern Trade,5,16,47,Delhi,C,0.0,0.0,0.0,1091.08,2.0,-1.0,-1.0,1091.08,2.0,2025-11-20,41,12.0,5.0,9.0,1.0,1.0,8.0,1.0,0.23333333333333334,0.0,0.0,0.0,0.0,0.0,19839.95,0.0,0.0,5_C,1965.2,0.0,-0.5530930221458649,1,1,0,1
2096,Kibe General Store,General Trade,4,13,96,Kolkata,B,8818.33,2.0,4409.165,3982.64,1.0,1.2141920936866,1.0,-4835.6900000000005,-1.0,2025-12-13,18,14.0,5.0,8.0,1.0,1.0,25.0,1.0,0.23333333333333334,195.0,0.0,199.14358974358976,0.0,8818.33,34760.1,25.369115739022618,8818.33,4_B,5210.49,1.6924185633213,1.405444022297553,0,0,0,1
2097,Verma General Store,Convenience,10,4,6,Pune,C,11660.35,5.0,2332.07,5098.95,2.0,1.2868139518920563,1.5,-6561.400000000001,-3.0,2025-12-21,10,38.0,5.0,14.0,1.0,1.0,11.0,1.0,0.23333333333333334,0.0,0.0,0.0,0.0,11660.35,19835.89,58.78410295681212,11660.35,10_C,1784.86,6.532921349573637,1.4640486486500353,0,0,0,1
2098,Gara General Store,Pharmacy,12,35,78,Kolkata,C,2639.87,3.0,879.9566666666666,3994.76,1.0,-0.33916680851916015,2.0,1354.8900000000003,-2.0,2025-12-27,4,23.0,5.0,10.0,1.0,0.0,42.0,0.0,0.23333333333333334,0.0,0.0,0.0,0.0,2639.87,17758.66,14.865254473028934,2639.87,12_C,1525.54,1.7304495457346252,0.24926836692968501,0,1,0,1
2099,Rai Mart,Modern Trade,4,13,96,Bhubaneswar,A,8424.900000000001,2.0,4212.450000000001,16641.8,3.0,-0.4937506760086047,-0.3333333333333333,8216.899999999998,1.0,2025-12-05,26,25.0,4.0,12.0,5.0,4.0,24.4,0.8,1.1666666666666667,0.0,0.0,0.0,0.0,8424.900000000001,68098.39,12.37165812583822,1684.9800000000002,4_A,22237.399999999998,0.3788617374333331,-0.56265091895459,0,1,0,1
2100,Gara Traders,Convenience,11,9,56,Coimbatore,C,0.0,0.0,0.0,0.0,0.0,,,0.0,0.0,2025-10-28,64,6.0,3.0,5.0,1.0,0.0,24.0,0.0,0.23333333333333334,195.0,0.0,286.7025641025641,0.0,0.0,20995.3,0.0,0.0,11_C,2316.54,0.0,,1,0,0,1
2101,Dewan Mart,Convenience,8,36,55,Guwahati,C,1266.38,1.0,1266.38,6797.79,2.0,-0.8137071018669303,-0.5,5531.41,1.0,2025-12-13,18,18.0,5.0,10.0,3.0,2.0,32.0,0.6666666666666666,0.7000000000000001,0.0,0.0,0.0,0.0,1266.38,18733.18,6.760090918893642,422.1266666666667,8_C,1474.47,0.8588713232551358,-0.2559624329377075,0,1,0,1
2102,Luthra Retail,Convenience,2,26,38,Mumbai,A,24718.84,3.0,8239.613333333333,13201.29,2.0,0.8724564038817417,0.5,-11517.55,-1.0,2025-12-26,5,40.0,5.0,14.0,2.0,2.0,34.0,1.0,0.4666666666666667,0.0,0.0,0.0,0.0,24718.84,66687.11,37.066893437127504,12359.42,2_A,21794.730000000003,1.1341659199265142,0.7376827415010767,0,0,0,1
2103,Mitra Mart,Pharmacy,10,15,100,Pune,B,490.45,1.0,490.45,9426.28,3.0,-0.9479699308741093,-0.6666666666666666,8935.83,2.0,2025-12-05,26,14.0,5.0,10.0,3.0,2.0,14.666666666666666,0.6666666666666666,0.7000000000000001,0.0,0.0,0.0,0.0,490.45,42466.29,1.1549160522381399,163.48333333333332,10_B,6269.79,0.07822431054309634,-0.7730593508714598,0,1,0,1
2104,Loyal Mart,Supermarket,12,8,18,Ranchi,A,26140.920000000002,3.0,8713.640000000001,5210.7,2.0,4.016777016523692,0.5,-20930.22,-1.0,2025-12-28,3,41.0,5.0,15.0,0.0,0.0,0.0,0.0,0.0,0.0,0.0,0.0,0.0,26140.920000000002,68207.8,38.325411463205086,0.0,12_A,24540.835,1.065200919202627,3.8870554949237546,0,0,0,1
2105,Tailor General Store,Convenience,6,25,86,Ahmedabad,B,1183.96,1.0,1183.96,791.76,1.0,0.49535212690714364,0.0,-392.20000000000005,0.0,2025-12-13,18,12.0,5.0,6.0,1.0,0.0,10.0,0.0,0.23333333333333334,0.0,0.0,0.0,0.0,1183.96,35092.51,3.373825354755188,1183.96,6_B,5118.745000000001,0.23129888283163155,0.7646411876287544,0,0,0,1
2106,Dhingra Retail,Convenience,2,26,75,Mumbai,C,2960.96,1.0,2960.96,6647.7,3.0,-0.5545888051506536,-0.6666666666666666,3686.74,2.0,2025-12-23,8,18.0,4.0,10.0,1.0,1.0,12.0,1.0,0.23333333333333334,0.0,0.0,0.0,0.0,2960.96,19154.04,15.458670860037882,2960.96,2_C,1065.73,2.778339729575033,-0.12076473974303692,0,1,0,1
2107,Bhatnagar Traders,Convenience,10,32,33,Nashik,C,0.0,0.0,0.0,5111.82,2.0,-1.0,-1.0,5111.82,2.0,2025-12-01,30,14.0,5.0,11.0,0.0,0.0,0.0,0.0,0.0,0.0,0.0,0.0,0.0,2886.51,18546.96,15.563251336068015,0.0,10_C,1784.86,0.0,-0.822765303242021,0,1,0,1
2108,Ganesh Traders,Supermarket,4,13,54,Guwahati,C,0.0,0.0,0.0,3482.96,1.0,-1.0,-1.0,3482.96,1.0,2025-11-24,37,11.0,5.0,7.0,2.0,1.0,17.0,0.5,0.4666666666666667,0.0,0.0,0.0,0.0,0.0,20983.72,0.0,0.0,4_C,1263.49,0.0,-0.3515857436221601,1,1,0,1
2109,Saran Supermarket,Supermarket,4,13,96,Ranchi,A,15388.52,3.0,5129.506666666667,9070.130000000001,2.0,0.6966151532557966,0.5,-6318.389999999999,-1.0,2025-12-28,3,32.0,5.0,13.0,1.0,1.0,26.0,1.0,0.23333333333333334,0.0,0.0,0.0,0.0,15388.52,66304.23,23.208956653293463,15388.52,4_A,22237.399999999998,0.692010756653206,0.6277149103098114,0,0,0,1
2110,Majumdar Retail,Convenience,12,8,50,Guwahati,B,0.0,0.0,0.0,6384.05,4.0,-1.0,-1.0,6384.05,4.0,2025-11-20,41,21.0,5.0,10.0,1.0,0.0,38.0,0.0,0.23333333333333334,0.0,0.0,0.0,0.0,0.0,42185.89,0.0,0.0,12_B,6060.66,0.0,-0.8988796217022266,1,1,0,1
2111,Sama Mart,Modern Trade,2,29,40,Nashik,C,0.0,0.0,0.0,0.0,0.0,,,0.0,0.0,2025-10-23,69,4.0,3.0,4.0,3.0,1.0,19.666666666666668,0.3333333333333333,0.7000000000000001,0.0,0.0,0.0,0.0,0.0,20487.88,0.0,0.0,2_C,1065.73,0.0,,1,0,0,1
2112,Mistry Traders,Pharmacy,2,26,38,Pune,C,0.0,0.0,0.0,7648.799999999999,3.0,-1.0,-1.0,7648.799999999999,3.0,2025-11-27,34,17.0,5.0,10.0,0.0,0.0,0.0,0.0,0.0,0.0,0.0,0.0,0.0,0.0,20999.84,0.0,0.0,2_C,1065.73,0.0,-0.5661759345923834,1,1,0,1
2113,Sule Supermarket,Pharmacy,12,19,53,Guwahati,C,0.0,0.0,0.0,3917.6,2.0,-1.0,-1.0,3917.6,2.0,2025-11-27,34,13.0,5.0,9.0,2.0,1.0,15.0,0.5,0.4666666666666667,0.0,0.0,0.0,0.0,0.0,18314.3,0.0,0.0,12_C,1525.54,0.0,-0.41156482455115484,1,1,0,1
2114,Bose General Store,Pharmacy,6,31,98,Surat,C,1709.87,1.0,1709.87,4579.97,1.0,-0.6266634934289963,0.0,2870.1000000000004,0.0,2025-12-08,23,6.0,4.0,6.0,3.0,1.0,27.333333333333332,0.3333333333333333,0.7000000000000001,0.0,0.0,0.0,0.0,1709.87,18039.5,9.478477784861,569.9566666666666,6_C,1535.8200000000002,1.1133270826008255,-0.11678015328064373,0,1,0,1
2115,Patel Mart,Supermarket,9,3,93,Jaipur,B,9424.17,2.0,4712.085,0.0,0.0,,,-9424.17,-2.0,2025-12-19,12,16.0,5.0,11.0,2.0,1.0,12.5,0.5,0.4666666666666667,0.0,0.0,0.0,0.0,9424.17,33605.15,28.04382661586096,4712.085,9_B,5894.43,1.5988263496215918,,0,0,0,1
2116,Krishnamurthy Supermarket,Modern Trade,7,20,84,Chennai,C,4261.32,2.0,2130.66,7716.110000000001,4.0,-0.44773726657603385,-0.5,3454.790000000001,2.0,2025-12-17,14,24.0,5.0,11.0,3.0,3.0,16.666666666666668,1.0,0.7000000000000001,0.0,0.0,0.0,0.0,4261.32,17407.63,24.479610377748145,1420.4399999999998,7_C,1610.4699999999998,2.646010170943886,-2.288131257122128e-05,0,1,0,1
2117,Koshy Traders,General Trade,2,29,37,Mumbai,C,5441.52,2.0,2720.76,4555.63,3.0,0.19446048076775338,-0.3333333333333333,-885.8900000000003,1.0,2025-12-14,17,22.0,5.0,12.0,1.0,0.0,37.0,0.0,0.23333333333333334,0.0,0.0,0.0,0.0,5441.52,17563.97,30.9811506168594,5441.52,2_C,1065.73,5.1059086260122175,0.62828454617537,0,0,0,1
2118,Tandon Supermarket,Modern Trade,7,28,79,Kochi,B,6641.05,2.0,3320.525,6221.57,1.0,0.06742349599859851,1.0,-419.4800000000005,-1.0,2025-12-27,4,23.0,5.0,11.0,1.0,0.0,15.0,0.0,0.23333333333333334,0.0,0.0,0.0,0.0,6641.05,37503.28,17.70791781412186,6641.05,7_B,6107.09,1.0874328035119836,0.28735151877151455,0,0,0,1
2119,Hayre Retail,General Trade,12,8,87,Bhubaneswar,B,6214.26,1.0,6214.26,0.0,0.0,,,-6214.26,-1.0,2025-12-29,2,16.0,4.0,10.0,0.0,0.0,0.0,0.0,0.0,0.0,0.0,0.0,0.0,6214.26,42378.38,14.663750714397295,0.0,12_B,6060.66,1.0253437744404075,,0,0,0,1
2120,Shankar Mart,General Trade,6,21,45,Surat,C,0.0,0.0,0.0,2586.27,1.0,-1.0,-1.0,2586.27,1.0,2025-11-13,48,6.0,3.0,3.0,0.0,0.0,0.0,0.0,0.0,0.0,0.0,0.0,0.0,0.0,16796.51,0.0,0.0,6_C,1535.8200000000002,0.0,-0.49011665985164743,1,1,0,1
2121,Chhabra Supermarket,Supermarket,12,8,87,Bhubaneswar,C,2921.9,1.0,2921.9,0.0,0.0,,,-2921.9,-1.0,2025-12-28,3,2.0,2.0,2.0,0.0,0.0,0.0,0.0,0.0,0.0,0.0,0.0,0.0,2921.9,16563.97,17.640094735742696,0.0,12_C,1525.54,1.9153217876948492,,0,0,0,1
2122,Deshmukh Traders,Convenience,10,32,33,Pune,C,0.0,0.0,0.0,1176.3200000000002,2.0,-1.0,-1.0,1176.3200000000002,2.0,2025-11-18,43,8.0,4.0,5.0,3.0,2.0,26.333333333333332,0.6666666666666666,0.7000000000000001,0.0,0.0,0.0,0.0,0.0,17305.03,0.0,0.0,10_C,1784.86,0.0,-0.822765303242021,1,1,0,1
2123,Modi General Store,General Trade,12,35,66,Patna,C,0.0,0.0,0.0,1512.17,1.0,-1.0,-1.0,1512.17,1.0,2025-11-05,56,13.0,5.0,9.0,1.0,1.0,36.0,1.0,0.23333333333333334,0.0,0.0,0.0,0.0,0.0,18738.24,0.0,0.0,12_C,1525.54,0.0,-0.41156482455115484,1,1,0,1
2124,Ahuja Supermarket,Pharmacy,4,7,1,Kolkata,C,0.0,0.0,0.0,0.0,0.0,,,0.0,0.0,2025-10-08,84,2.0,2.0,2.0,0.0,0.0,0.0,0.0,0.0,0.0,0.0,0.0,0.0,0.0,17427.05,0.0,0.0,4_C,1263.49,0.0,,1,0,0,1
2125,Randhawa Traders,Convenience,2,29,9,Mumbai,A,0.0,0.0,0.0,12505.67,3.0,-1.0,-1.0,12505.67,3.0,2025-11-16,45,25.0,5.0,12.0,2.0,2.0,13.5,1.0,0.4666666666666667,0.0,0.0,0.0,0.0,0.0,66635.1,0.0,0.0,2_A,21794.730000000003,0.0,-1.134773662380665,1,1,0,1
2126,Natarajan General Store,General Trade,7,28,79,Hyderabad,C,6920.35,3.0,2306.7833333333333,515.44,1.0,12.426101971131459,2.0,-6404.91,-2.0,2025-12-29,2,18.0,5.0,10.0,0.0,0.0,0.0,0.0,0.0,195.0,0.0,296.36410256410255,0.0,6920.35,16548.73,41.81801262090807,0.0,7_C,1610.4699999999998,4.297099604463294,12.873816356394922,0,0,0,1
2127,Rai Supermarket,General Trade,7,28,79,Hyderabad,A,10314.65,4.0,2578.6625,2382.25,1.0,3.329793262671844,3.0,-7932.4,-3.0,2025-12-28,3,18.0,5.0,10.0,2.0,1.0,18.0,0.5,0.4666666666666667,0.0,0.0,0.0,0.0,10314.65,72288.05,14.268817598482736,5157.325,7_A,22880.32,0.45080881735919776,3.3337795784534863,0,0,0,1
2128,Narayan Supermarket,Modern Trade,12,19,53,Bhubaneswar,C,0.0,0.0,0.0,2576.82,1.0,-1.0,-1.0,2576.82,1.0,2025-11-30,31,5.0,3.0,5.0,0.0,0.0,0.0,0.0,0.0,0.0,0.0,0.0,0.0,0.0,16830.51,0.0,0.0,12_C,1525.54,0.0,-0.41156482455115484,1,1,0,1
2129,Sarraf Retail,Modern Trade,12,19,53,Bhubaneswar,A,12919.27,1.0,12919.27,16904.57,3.0,-0.23575281713761423,-0.6666666666666666,3985.2999999999993,2.0,2025-12-26,5,26.0,5.0,13.0,4.0,4.0,23.75,1.0,0.9333333333333333,195.0,37.0,38.271794871794874,0.18974358974358974,12919.27,71015.71,18.192129600619356,3229.8175,12_A,24540.835,0.5264397075323639,-0.36547433873755175,0,1,1,1
2130,Natt Traders,Modern Trade,7,28,57,Kochi,C,0.0,0.0,0.0,134.02,1.0,-1.0,-1.0,134.02,1.0,2025-11-12,49,1.0,1.0,1.0,3.0,1.0,33.0,0.3333333333333333,0.7000000000000001,0.0,0.0,0.0,0.0,0.0,21805.32,0.0,0.0,7_C,1610.4699999999998,0.0,-0.5522856147365374,1,1,0,1
2131,Sani Traders,Modern Trade,9,3,93,Lucknow,C,4373.49,1.0,4373.49,4137.83,2.0,0.05695255725827302,-0.5,-235.65999999999985,1.0,2025-12-20,11,15.0,4.0,9.0,2.0,1.0,15.0,0.5,0.4666666666666667,0.0,0.0,0.0,0.0,4373.49,20646.38,21.18284173787366,2186.745,9_C,1106.01,3.9542951691214365,0.5518489591411481,0,0,0,1
2132,Deshpande Traders,Pharmacy,4,13,12,Ranchi,C,2863.84,3.0,954.6133333333333,923.84,1.0,2.0999307239348806,2.0,-1940.0,-2.0,2025-12-23,8,12.0,4.0,7.0,3.0,1.0,21.333333333333332,0.3333333333333333,0.7000000000000001,0.0,0.0,0.0,0.0,2863.84,18470.9,15.50460454011445,954.6133333333333,4_C,1263.49,2.266610736927083,2.7483449803127202,0,0,0,1
2133,Mital Retail,General Trade,5,33,90,Ludhiana,A,47815.81,6.0,7969.301666666666,19704.8,5.0,1.4266072226056594,0.2,-28111.01,-1.0,2025-12-25,6,37.0,5.0,15.0,1.0,0.0,9.0,0.0,0.23333333333333334,0.0,0.0,0.0,0.0,47815.81,60418.85,79.14054967944605,47815.81,5_A,23936.755,1.9975894811138768,1.425848250619373,0,0,0,1
2134,Nagi Mart,Modern Trade,8,14,34,Kolkata,C,0.0,0.0,0.0,4164.38,1.0,-1.0,-1.0,4164.38,1.0,2025-11-23,38,14.0,5.0,10.0,6.0,1.0,25.833333333333332,0.16666666666666666,1.4000000000000001,0.0,0.0,0.0,0.0,0.0,20593.74,0.0,0.0,8_C,1474.47,0.0,-0.4422553310707772,1,1,0,1
2135,Iyer Mart,Modern Trade,4,2,41,Patna,C,5884.860000000001,2.0,2942.4300000000003,2288.17,2.0,1.5718631045770202,0.0,-3596.6900000000005,0.0,2025-12-22,9,11.0,5.0,9.0,1.0,1.0,33.0,1.0,0.23333333333333334,0.0,0.0,0.0,0.0,7971.490000000001,17096.35,46.62685310022315,5884.860000000001,4_C,1263.49,4.657622933303786,2.22027736095486,0,0,0,1
2136,Srinivas Traders,General Trade,4,2,60,Guwahati,C,95.38,1.0,95.38,1984.27,1.0,-0.9519319447454226,0.0,1888.8899999999999,0.0,2025-12-28,3,7.0,4.0,6.0,1.0,0.0,8.0,0.0,0.23333333333333334,0.0,0.0,0.0,0.0,95.38,18441.82,0.5171940730361754,95.38,4_C,1263.49,0.07548931926647619,-0.30351768836758275,0,1,0,1
2137,Murthy Mart,General Trade,12,8,87,Kolkata,A,31453.03,4.0,7863.2575,15610.99,4.0,1.014800470694043,0.0,-15842.039999999999,0.0,2025-12-30,1,30.0,5.0,14.0,5.0,4.0,20.4,0.8,1.1666666666666667,0.0,0.0,0.0,0.0,31453.03,63970.57,49.167968958225636,6290.606,12_A,24540.835,1.2816609540791908,0.8850789490941054,0,0,0,1
2138,Goel Retail,Modern Trade,5,16,31,Ludhiana,C,3477.64,1.0,3477.64,1459.12,1.0,1.383381764351116,0.0,-2018.52,0.0,2025-12-15,16,11.0,4.0,8.0,3.0,1.0,23.333333333333332,0.3333333333333333,0.7000000000000001,0.0,0.0,0.0,0.0,3477.64,20782.6,16.7334212273729,1159.2133333333334,5_C,1965.2,1.7696112354976592,1.830288742205251,0,0,0,1
2139,Rao Traders,General Trade,1,17,49,Delhi,A,22917.83,5.0,4583.566000000001,33086.369999999995,6.0,-0.3073332009525371,-0.16666666666666666,10168.539999999994,1.0,2025-12-29,2,40.0,5.0,13.0,3.0,1.0,25.333333333333332,0.3333333333333333,0.7000000000000001,195.0,0.0,62.31794871794872,0.0,32646.379999999997,56095.92,58.19742327071202,7639.276666666668,1_A,22934.37,0.9992788116699959,-0.39566567515499856,0,1,0,1
2140,Nagar Mart,Convenience,8,14,34,Guwahati,A,22193.44,4.0,5548.36,15453.630000000001,4.0,0.4361311873003299,0.0,-6739.809999999998,0.0,2025-12-21,10,30.0,5.0,11.0,1.0,0.0,11.0,0.0,0.23333333333333334,195.0,0.0,75.67179487179487,0.0,22193.44,61175.58,36.27826658938093,22193.44,8_A,21023.8,1.0556340908874704,0.4547867691945696,0,0,0,1
2141,Manne General Store,Pharmacy,2,26,38,Nashik,A,12341.17,3.0,4113.723333333333,2808.7200000000003,2.0,3.3938769261442934,0.5,-9532.45,-1.0,2025-12-27,4,18.0,5.0,11.0,2.0,0.0,28.0,0.0,0.4666666666666667,0.0,0.0,0.0,0.0,12341.17,72050.83,17.128421698958913,6170.585,2_A,21794.730000000003,0.5662456015743255,3.2591032637636284,0,0,0,1
2142,Swaminathan General Store,Pharmacy,4,1,58,Bhubaneswar,C,0.0,0.0,0.0,594.95,1.0,-1.0,-1.0,594.95,1.0,2025-11-03,58,3.0,2.0,2.0,1.0,0.0,23.0,0.0,0.23333333333333334,0.0,0.0,0.0,0.0,0.0,17926.24,0.0,0.0,4_C,1263.49,0.0,-0.3515857436221601,1,1,0,1
2143,Kibe Mart,Modern Trade,4,2,60,Ranchi,C,0.0,0.0,0.0,0.0,0.0,,,0.0,0.0,2025-09-17,105,0.0,0.0,0.0,1.0,1.0,22.0,1.0,0.23333333333333334,0.0,0.0,0.0,0.0,0.0,20953.26,0.0,0.0,4_C,1263.49,0.0,,1,0,0,1
2144,Nanda Supermarket,Convenience,4,13,12,Ranchi,C,2867.4,1.0,2867.4,819.56,1.0,2.498706623066036,0.0,-2047.8400000000001,0.0,2025-12-07,24,4.0,2.0,4.0,4.0,3.0,24.0,0.75,0.9333333333333333,0.0,0.0,0.0,0.0,2867.4,19945.42,14.376232739145129,716.85,4_C,1263.49,2.2694283294683775,3.147120879443876,0,0,0,1
2145,Puri Traders,Modern Trade,8,14,34,Guwahati,C,0.0,0.0,0.0,0.0,0.0,,,0.0,0.0,2025-10-07,85,4.0,2.0,2.0,2.0,0.0,31.5,0.0,0.4666666666666667,0.0,0.0,0.0,0.0,0.0,18142.91,0.0,0.0,8_C,1474.47,0.0,,1,0,0,1
2146,Mand Traders,Modern Trade,10,15,94,Nashik,B,12228.03,4.0,3057.0075,9799.43,3.0,0.2478307411757623,0.3333333333333333,-2428.6000000000004,-1.0,2025-12-28,3,34.0,5.0,14.0,2.0,0.0,21.0,0.0,0.4666666666666667,0.0,0.0,0.0,0.0,12228.03,41835.95,29.2285223593584,6114.015,10_B,6269.79,1.9503093405042276,0.4227413211784118,0,0,0,1
2147,Ramaswamy Retail,Pharmacy,12,35,66,Bhubaneswar,B,5896.0599999999995,3.0,1965.3533333333332,8018.89,2.0,-0.264728659452867,0.5,2122.830000000001,-1.0,2025-12-19,12,17.0,5.0,11.0,1.0,1.0,39.0,1.0,0.23333333333333334,195.0,0.0,210.4820512820513,0.0,5896.0599999999995,37603.91,15.679380149564231,5896.0599999999995,12_B,6060.66,0.9728412417129487,-0.16360828115509357,0,1,0,1
2148,Patla Supermarket,Convenience,9,3,95,Delhi,B,13742.75,4.0,3435.6875,6565.26,1.0,1.0932529709409833,3.0,-7177.49,-3.0,2025-12-24,7,23.0,5.0,13.0,2.0,1.0,32.0,0.5,0.4666666666666667,0.0,0.0,0.0,0.0,13742.75,33882.93,40.55950887364227,6871.375,9_B,5894.43,2.3314807368990724,1.2683992463453513,0,0,0,1
2149,Comar General Store,Pharmacy,12,10,16,Ranchi,B,9845.56,2.0,4922.78,3514.23,2.0,1.8016265298514895,0.0,-6331.33,0.0,2025-12-22,9,17.0,5.0,11.0,0.0,0.0,0.0,0.0,0.0,0.0,0.0,0.0,0.0,9845.56,36242.53,27.165763538031147,0.0,12_B,6060.66,1.6245029419238168,1.902746908149263,0,0,0,1
2150,Iyengar General Store,Supermarket,3,18,67,Chennai,C,7503.67,3.0,2501.2233333333334,0.0,0.0,,,-7503.67,-3.0,2025-12-28,3,22.0,5.0,12.0,1.0,0.0,26.0,0.0,0.23333333333333334,195.0,0.0,306.6923076923077,0.0,7503.67,17000.21,44.138690051475834,7503.67,3_C,1975.87,3.797653691791464,,0,0,0,1
2151,Gole Retail,Supermarket,3,18,11,Chennai,A,22145.94,3.0,7381.98,30060.68,4.0,-0.2632921144831056,-0.25,7914.740000000002,1.0,2025-12-28,3,40.0,5.0,14.0,2.0,1.0,23.0,0.5,0.4666666666666667,0.0,0.0,0.0,0.0,22145.94,68654.77,32.256957528224184,11072.97,3_A,19782.739999999998,1.119457668654595,-0.3138999604555688,0,1,0,1
2152,Bala Retail,Convenience,12,8,87,Patna,A,13860.54,3.0,4620.18,34810.42,6.0,-0.6018278435020318,-0.5,20949.879999999997,3.0,2025-12-26,5,47.0,5.0,14.0,2.0,2.0,33.5,1.0,0.4666666666666667,0.0,0.0,0.0,0.0,13860.54,59697.11,23.218108883327854,6930.27,12_A,24540.835,0.5647949631705687,-0.7315493651019693,0,1,0,1
2153,Shenoy General Store,Convenience,8,14,34,Ranchi,C,3052.56,2.0,1526.28,0.0,0.0,,,-3052.56,-2.0,2025-12-28,3,10.0,4.0,8.0,1.0,0.0,34.0,0.0,0.23333333333333334,0.0,0.0,0.0,0.0,3052.56,20450.28,14.926739389387333,3052.56,8_C,1474.47,2.070276099208529,,0,0,0,1
2154,Kadakia Traders,Pharmacy,6,31,74,Pune,B,24294.94,5.0,4858.987999999999,9138.53,3.0,1.65851728888563,0.6666666666666666,-15156.409999999998,-2.0,2025-12-31,0,29.0,5.0,12.0,2.0,1.0,19.5,0.5,0.4666666666666667,0.0,0.0,0.0,0.0,24294.94,42147.66,57.642440885211656,12147.47,6_B,5118.745000000001,4.746268860824283,1.9278063496072408,0,0,0,1
2155,Sarma Retail,Modern Trade,8,36,76,Guwahati,C,3863.87,1.0,3863.87,5365.9400000000005,2.0,-0.2799267229972755,-0.5,1502.0700000000006,1.0,2025-12-04,27,13.0,5.0,9.0,1.0,0.0,22.0,0.0,0.23333333333333334,195.0,0.0,287.92820512820515,0.0,3863.87,19182.89,20.14227261898494,3863.87,8_C,1474.47,2.620514489952322,0.2778179459319473,0,1,0,1
2156,Manne Mart,General Trade,8,36,70,Kolkata,C,0.0,0.0,0.0,1365.99,1.0,-1.0,-1.0,1365.99,1.0,2025-11-12,49,3.0,3.0,3.0,0.0,0.0,0.0,0.0,0.0,0.0,0.0,0.0,0.0,0.0,20521.55,0.0,0.0,8_C,1474.47,0.0,-0.4422553310707772,1,1,0,1
2157,Biswas Supermarket,Pharmacy,3,18,89,Chennai,C,2669.72,1.0,2669.72,4214.8,3.0,-0.3665844168169309,-0.6666666666666666,1545.0800000000004,2.0,2025-12-04,27,19.0,5.0,11.0,1.0,1.0,31.0,1.0,0.23333333333333334,0.0,0.0,0.0,0.0,2669.72,16916.85,15.781425028891313,2669.72,3_C,1975.87,1.3511617667154214,-0.009402626728383767,0,1,0,1
2158,Rege Retail,Convenience,6,25,65,Ahmedabad,C,423.93,1.0,423.93,0.0,0.0,,,-423.93,-1.0,2025-12-07,24,3.0,2.0,3.0,2.0,2.0,15.5,1.0,0.4666666666666667,0.0,0.0,0.0,0.0,423.93,20249.08,2.0935765970602116,211.965,6_C,1535.8200000000002,0.27602844083291006,,0,0,0,1
2159,Tata Retail,Supermarket,5,22,71,Delhi,C,1402.79,1.0,1402.79,834.69,1.0,0.6806119637230587,0.0,-568.0999999999999,0.0,2025-12-29,2,4.0,3.0,4.0,1.0,1.0,41.0,1.0,0.23333333333333334,0.0,0.0,0.0,0.0,1402.79,20966.12,6.690746785766752,1402.79,5_C,1965.2,0.7138153877467942,1.1275189415771938,0,0,0,1
2160,Dewan Traders,General Trade,8,14,97,Kolkata,C,0.0,0.0,0.0,4836.65,2.0,-1.0,-1.0,4836.65,2.0,2025-11-22,39,11.0,5.0,9.0,0.0,0.0,0.0,0.0,0.0,0.0,0.0,0.0,0.0,0.0,17269.43,0.0,0.0,8_C,1474.47,0.0,-0.4422553310707772,1,1,0,1
2161,Mitter Mart,Convenience,1,5,52,Lucknow,B,3748.5,2.0,1874.25,9895.7,2.0,-0.6211991066827006,0.0,6147.200000000001,0.0,2025-12-21,10,17.0,5.0,9.0,0.0,0.0,0.0,0.0,0.0,0.0,0.0,0.0,0.0,3748.5,40979.51,9.147254322953104,0.0,1_B,5467.655000000001,0.685577272157808,-0.6191518684412016,0,1,0,1
2162,Khurana General Store,Convenience,7,28,79,Kochi,B,5782.5,3.0,1927.5,5621.9,2.0,0.028566854622102913,0.5,-160.60000000000036,-1.0,2025-12-23,8,26.0,5.0,11.0,2.0,2.0,34.5,1.0,0.4666666666666667,0.0,0.0,0.0,0.0,5782.5,42025.43,13.759526077425024,2891.25,7_B,6107.09,0.9468503002248206,0.2484948773950189,0,0,0,1
2163,Krishnan Traders,Convenience,12,10,64,Guwahati,B,7810.37,3.0,2603.4566666666665,20553.530000000002,5.0,-0.6199986085115308,-0.4,12743.160000000003,2.0,2025-12-25,6,27.0,5.0,11.0,1.0,0.0,14.0,0.0,0.23333333333333334,0.0,0.0,0.0,0.0,7810.37,43636.04,17.898897333488556,7810.37,12_B,6060.66,1.288699580573733,-0.5188782302137573,0,1,0,1
2164,Dube Mart,Modern Trade,6,25,65,Surat,C,6523.950000000001,2.0,3261.9750000000004,703.05,1.0,8.279496479624495,1.0,-5820.900000000001,-1.0,2025-12-29,2,16.0,5.0,10.0,0.0,0.0,0.0,0.0,0.0,0.0,0.0,0.0,0.0,6523.950000000001,21577.7,30.234686736769905,0.0,6_C,1535.8200000000002,4.247861077470016,8.789379819772847,0,0,0,1
2165,Sampath Supermarket,Supermarket,4,13,96,Kolkata,C,0.0,0.0,0.0,1591.14,1.0,-1.0,-1.0,1591.14,1.0,2025-11-06,55,5.0,4.0,5.0,5.0,2.0,26.8,0.4,1.1666666666666667,0.0,0.0,0.0,0.0,0.0,18067.07,0.0,0.0,4_C,1263.49,0.0,-0.3515857436221601,1,1,0,1
2166,Purohit Retail,General Trade,7,28,24,Chennai,B,9410.35,3.0,3136.7833333333333,12834.83,5.0,-0.2668114809467675,-0.4,3424.4799999999996,2.0,2025-12-24,7,24.0,5.0,11.0,7.0,4.0,22.285714285714285,0.5714285714285714,1.6333333333333333,0.0,0.0,0.0,0.0,9410.35,39342.29,23.91917196482462,1344.3357142857144,7_B,6107.09,1.5408893597441662,-0.04688345817385148,0,1,0,1
2167,Borah Traders,Convenience,1,17,49,Ludhiana,B,11027.66,3.0,3675.8866666666668,13595.66,2.0,-0.1888838055673649,0.5,2568.0,-1.0,2025-12-31,0,26.0,5.0,11.0,1.0,0.0,42.0,0.0,0.23333333333333334,0.0,0.0,0.0,0.0,11027.66,38249.7,28.83070978334471,11027.66,1_B,5467.655000000001,2.016890239051293,-0.18683656732586587,0,1,0,1
2168,Sen Retail,Supermarket,12,19,36,Guwahati,A,34264.74,8.0,4283.0925,6319.04,1.0,4.422459740720109,7.0,-27945.699999999997,-7.0,2025-12-27,4,41.0,5.0,15.0,5.0,4.0,29.0,0.8,1.1666666666666667,0.0,0.0,0.0,0.0,34264.74,73776.74,46.44382497789953,6852.947999999999,12_A,24540.835,1.396233665235922,4.292738219120172,0,0,0,1
2169,Srinivas Mart,Modern Trade,5,33,51,Lucknow,C,339.57,1.0,339.57,6563.41,3.0,-0.9482631741731814,-0.6666666666666666,6223.84,2.0,2025-12-16,15,12.0,5.0,10.0,1.0,0.0,27.0,0.0,0.23333333333333334,0.0,0.0,0.0,0.0,339.57,20984.29,1.618210575625861,339.57,5_C,1965.2,0.17279157337675555,-0.5013561963190463,0,1,0,1
2170,Rattan Mart,Convenience,7,28,24,Chennai,C,1607.54,1.0,1607.54,1770.51,1.0,-0.09204692433253697,0.0,162.97000000000003,0.0,2025-12-24,7,9.0,5.0,8.0,0.0,0.0,0.0,0.0,0.0,0.0,0.0,0.0,0.0,1607.54,16773.41,9.583859215269882,0.0,7_C,1610.4699999999998,0.9981806553366409,0.35566746093092566,0,0,0,1
2171,Warrior Supermarket,General Trade,6,21,29,Pune,B,0.0,0.0,0.0,5827.91,2.0,-1.0,-1.0,5827.91,2.0,2025-11-14,47,7.0,4.0,5.0,3.0,3.0,21.0,1.0,0.7000000000000001,0.0,0.0,0.0,0.0,0.0,42741.4,0.0,0.0,6_B,5118.745000000001,0.0,-0.7307109392783893,1,1,0,1
2172,Toor Retail,Pharmacy,3,23,88,Hyderabad,A,19615.92,4.0,4903.98,25805.64,6.0,-0.23985919357163787,-0.3333333333333333,6189.720000000001,2.0,2025-12-15,16,43.0,5.0,14.0,4.0,4.0,28.5,1.0,0.9333333333333333,0.0,0.0,0.0,0.0,19615.92,73646.24,26.63533128099954,4903.98,3_A,19782.739999999998,0.9915673966295873,-0.2904670395441011,0,1,0,1
2173,Sahota Supermarket,Modern Trade,4,2,22,Guwahati,A,28979.38,7.0,4139.911428571429,10747.95,1.0,1.6962704515744862,6.0,-18231.43,-6.0,2025-12-30,1,36.0,5.0,13.0,1.0,1.0,36.0,1.0,0.23333333333333334,0.0,0.0,0.0,0.0,28979.38,63557.56,45.59548856186424,28979.38,4_A,22237.399999999998,1.3031820266757805,1.627370208628501,0,0,0,1
2174,Bansal Supermarket,General Trade,12,35,78,Patna,A,17467.41,4.0,4366.8525,6943.860000000001,2.0,1.515518746057668,1.0,-10523.55,-2.0,2025-12-27,4,28.0,5.0,11.0,4.0,3.0,29.75,0.75,0.9333333333333333,0.0,0.0,0.0,0.0,17467.41,73814.45,23.66394384839283,4366.8525,12_A,24540.835,0.7117691798180461,1.3857972244577303,0,0,0,1
2175,Parsa Traders,Convenience,4,7,4,Ranchi,B,9111.630000000001,3.0,3037.2100000000005,12503.68,4.0,-0.2712841339509648,-0.25,3392.0499999999993,1.0,2025-12-30,1,35.0,5.0,15.0,0.0,0.0,0.0,0.0,0.0,0.0,0.0,0.0,0.0,9111.630000000001,37674.32,24.185254040417988,0.0,4_B,5210.49,1.748708854637472,-0.08003220534001174,0,1,0,1
2176,Yadav Mart,General Trade,1,34,99,Chandigarh,C,0.0,0.0,0.0,7412.16,2.0,-1.0,-1.0,7412.16,2.0,2025-11-26,35,13.0,4.0,9.0,0.0,0.0,0.0,0.0,0.0,195.0,0.0,288.51794871794874,0.0,0.0,16737.89,0.0,0.0,1_C,1475.75,0.0,-0.3734276773884362,1,1,0,1
2177,Chada General Store,General Trade,12,8,87,Guwahati,C,0.0,0.0,0.0,709.18,1.0,-1.0,-1.0,709.18,1.0,2025-11-17,44,3.0,3.0,3.0,1.0,0.0,19.0,0.0,0.23333333333333334,0.0,0.0,0.0,0.0,0.0,21240.29,0.0,0.0,12_C,1525.54,0.0,-0.41156482455115484,1,1,0,1
2178,Chopra Retail,Convenience,8,14,7,Bhubaneswar,B,4296.39,1.0,4296.39,10901.24,4.0,-0.6058806154162278,-0.75,6604.849999999999,3.0,2025-12-28,3,18.0,5.0,11.0,1.0,1.0,25.0,1.0,0.23333333333333334,0.0,0.0,0.0,0.0,6961.280000000001,37228.01,18.69903870768274,4296.39,8_B,5652.47,0.7600907214014404,-0.4252722984263262,0,1,0,1
2179,Kothari General Store,Supermarket,5,16,47,Jaipur,B,0.0,0.0,0.0,9574.630000000001,3.0,-1.0,-1.0,9574.630000000001,3.0,2025-11-23,38,22.0,5.0,13.0,1.0,0.0,9.0,0.0,0.23333333333333334,0.0,0.0,0.0,0.0,0.0,41047.8,0.0,0.0,5_B,6391.82,0.0,-0.6472833924304291,1,1,0,1
2180,Pant Mart,Supermarket,4,7,26,Kolkata,B,4418.88,3.0,1472.96,1536.58,2.0,1.8757890900571401,0.5,-2882.3,-1.0,2025-12-30,1,11.0,4.0,6.0,0.0,0.0,0.0,0.0,0.0,0.0,0.0,0.0,0.0,4939.44,38934.31,12.686599557048783,0.0,4_B,5210.49,0.8480737896052003,2.067041018668093,0,0,0,1
2181,Ganesan Traders,Pharmacy,12,35,61,Guwahati,A,32413.03,4.0,8103.2575,6606.43,1.0,3.9062852402886277,3.0,-25806.6,-3.0,2025-12-12,19,29.0,5.0,12.0,5.0,3.0,21.4,0.6,1.1666666666666667,195.0,0.0,62.96923076923077,0.0,32413.03,69259.52,46.79938584616237,6482.606,12_A,24540.835,1.3207794274318703,3.7765637186886902,0,0,0,1
2182,Basu General Store,Supermarket,9,3,35,Jaipur,C,5393.77,3.0,1797.9233333333334,3503.9399999999996,2.0,0.5393442810093784,0.5,-1889.8300000000008,-1.0,2025-12-26,5,13.0,5.0,10.0,0.0,0.0,0.0,0.0,0.0,0.0,0.0,0.0,0.0,5393.77,19461.5,27.71507848829741,0.0,9_C,1106.01,4.876782307574073,1.0342406828922535,0,0,0,1
2183,Ratta Traders,Convenience,10,15,100,Ahmedabad,A,29794.760000000002,4.0,7448.6900000000005,44718.06,8.0,-0.3337197543900607,-0.5,14923.299999999996,4.0,2025-12-31,0,40.0,5.0,14.0,3.0,2.0,21.0,0.6666666666666666,0.7000000000000001,0.0,0.0,0.0,0.0,32772.25,59225.71,55.33449915585646,9931.586666666668,10_A,24727.44,1.2049269960820854,-0.49192005505165415,0,1,0,1
2184,Narula Supermarket,Modern Trade,7,20,68,Kochi,C,0.0,0.0,0.0,0.0,0.0,,,0.0,0.0,2025-10-20,72,7.0,3.0,5.0,1.0,0.0,40.0,0.0,0.23333333333333334,0.0,0.0,0.0,0.0,0.0,19761.11,0.0,0.0,7_C,1610.4699999999998,0.0,,1,0,0,1
2185,Sani Supermarket,Convenience,5,22,17,Jaipur,C,0.0,0.0,0.0,4565.97,2.0,-1.0,-1.0,4565.97,2.0,2025-11-10,51,11.0,4.0,7.0,0.0,0.0,0.0,0.0,0.0,0.0,0.0,0.0,0.0,0.0,17322.99,0.0,0.0,5_C,1965.2,0.0,-0.5530930221458649,1,1,0,1
2186,Cherian Traders,Pharmacy,12,8,18,Patna,C,0.0,0.0,0.0,2194.36,3.0,-1.0,-1.0,2194.36,3.0,2025-11-30,31,15.0,5.0,9.0,4.0,4.0,23.0,1.0,0.9333333333333333,0.0,0.0,0.0,0.0,0.0,18694.88,0.0,0.0,12_C,1525.54,0.0,-0.41156482455115484,1,1,0,1
2187,Anne Traders,Convenience,6,25,65,Surat,C,0.0,0.0,0.0,5400.9,2.0,-1.0,-1.0,5400.9,2.0,2025-11-25,36,14.0,4.0,10.0,1.0,0.0,34.0,0.0,0.23333333333333334,195.0,0.0,297.2,0.0,0.0,21194.52,0.0,0.0,6_C,1535.8200000000002,0.0,-0.49011665985164743,1,1,0,1
2188,Chaudhari Supermarket,Supermarket,12,8,18,Ranchi,C,0.0,0.0,0.0,0.0,0.0,,,0.0,0.0,2025-09-26,96,0.0,0.0,0.0,0.0,0.0,0.0,0.0,0.0,0.0,0.0,0.0,0.0,0.0,17061.38,0.0,0.0,12_C,1525.54,0.0,,1,0,0,1
2189,Kuruvilla Traders,Supermarket,8,36,70,Patna,C,0.0,0.0,0.0,1277.76,1.0,-1.0,-1.0,1277.76,1.0,2025-11-07,54,4.0,3.0,3.0,3.0,3.0,26.666666666666668,1.0,0.7000000000000001,0.0,0.0,0.0,0.0,0.0,18628.93,0.0,0.0,8_C,1474.47,0.0,-0.4422553310707772,1,1,0,1
2190,Kapadia Retail,Convenience,2,29,37,Pune,B,8819.06,3.0,2939.6866666666665,0.0,0.0,,,-8819.06,-3.0,2025-12-28,3,13.0,5.0,10.0,4.0,3.0,30.5,0.75,0.9333333333333333,0.0,0.0,0.0,0.0,8819.06,36289.99,24.30163248873863,2204.765,2_B,7635.110000000001,1.1550665281836148,,0,0,0,1
2191,Uppal General Store,General Trade,10,32,43,Mumbai,A,22207.51,4.0,5551.8775,10551.15,6.0,1.1047478236969428,-0.3333333333333333,-11656.359999999999,2.0,2025-12-24,7,44.0,5.0,14.0,1.0,1.0,27.0,1.0,0.23333333333333334,0.0,0.0,0.0,0.0,22207.51,71299.06,31.14698847362083,22207.51,10_A,24727.44,0.8980917555557713,0.9465475230353493,0,0,0,1
2192,Venkataraman Mart,General Trade,5,33,82,Jaipur,C,3079.44,1.0,3079.44,0.0,0.0,,,-3079.44,-1.0,2025-12-04,27,5.0,4.0,5.0,3.0,3.0,22.333333333333332,1.0,0.7000000000000001,0.0,0.0,0.0,0.0,3079.44,21291.35,14.463338397987915,1026.48,5_C,1965.2,1.5669855485446773,,0,0,0,1
2193,Kant General Store,Supermarket,5,16,42,Chandigarh,A,7949.1900000000005,2.0,3974.5950000000003,23636.66,5.0,-0.6636923321653736,-0.6,15687.47,3.0,2025-12-21,10,38.0,5.0,14.0,0.0,0.0,0.0,0.0,0.0,0.0,0.0,0.0,0.0,7949.1900000000005,69737.34,11.398757107741707,0.0,5_A,23936.755,0.3320913799719302,-0.6644513041516601,0,1,0,1
2194,Sehgal Mart,General Trade,5,33,82,Lucknow,C,7679.870000000001,2.0,3839.9350000000004,3905.6499999999996,2.0,0.9663487511681799,0.0,-3774.220000000001,0.0,2025-12-24,7,24.0,5.0,12.0,0.0,0.0,0.0,0.0,0.0,0.0,0.0,0.0,0.0,7679.870000000001,20400.63,37.645258994452625,0.0,5_C,1965.2,3.9079330348056183,1.4132557290223149,0,0,0,1
2195,Prasad Supermarket,Convenience,7,20,68,Coimbatore,B,11878.73,3.0,3959.5766666666664,3504.22,1.0,2.3898356838326364,2.0,-8374.51,-2.0,2025-12-30,1,23.0,5.0,12.0,0.0,0.0,0.0,0.0,0.0,0.0,0.0,0.0,0.0,11878.73,33218.33,35.75956407200482,0.0,7_B,6107.09,1.9450720392199885,2.6097637066055523,0,0,0,1
2196,Raman Traders,Supermarket,3,18,89,Chennai,B,0.0,0.0,0.0,5509.17,3.0,-1.0,-1.0,5509.17,3.0,2025-11-09,52,19.0,4.0,10.0,4.0,2.0,27.75,0.5,0.9333333333333333,0.0,0.0,0.0,0.0,0.0,34101.5,0.0,0.0,3_B,5507.8,0.0,-0.760649070703225,1,1,0,1
2197,Sheth Mart,Supermarket,5,22,17,Chandigarh,C,0.0,0.0,0.0,5889.75,3.0,-1.0,-1.0,5889.75,3.0,2025-11-26,35,13.0,4.0,8.0,0.0,0.0,0.0,0.0,0.0,0.0,0.0,0.0,0.0,0.0,20008.41,0.0,0.0,5_C,1965.2,0.0,-0.5530930221458649,1,1,0,1
2198,Tella Mart,Convenience,7,20,68,Chennai,C,3812.71,3.0,1270.9033333333334,6504.01,3.0,-0.41379087670529413,0.0,2691.3,0.0,2025-12-29,2,22.0,5.0,12.0,4.0,1.0,24.5,0.25,0.9333333333333333,195.0,0.0,303.83589743589744,0.0,3812.71,17815.7,21.4008430766122,953.1775,7_C,1610.4699999999998,2.3674517376914817,0.0339235085581685,0,1,0,1
2199,Dora Supermarket,Modern Trade,4,1,25,Kolkata,A,18549.39,2.0,9274.695,25098.12,2.0,-0.2609251210847665,0.0,6548.73,0.0,2025-12-09,22,31.0,5.0,13.0,1.0,1.0,33.0,1.0,0.23333333333333334,0.0,0.0,0.0,0.0,32667.03,65711.85,49.712540432205145,18549.39,4_A,22237.399999999998,0.8341528236214666,-0.3298253640307517,0,1,0,1
2200,Pai Traders,General Trade,2,29,40,Nashik,A,30814.67,4.0,7703.6675,16638.440000000002,5.0,0.8520167756111747,-0.2,-14176.229999999996,1.0,2025-12-28,3,30.0,5.0,10.0,0.0,0.0,0.0,0.0,0.0,0.0,0.0,0.0,0.0,30814.67,61257.54,50.30347284595496,0.0,2_A,21794.730000000003,1.4138587631046584,0.7172431132305097,0,0,0,1
2201,Bakshi Supermarket,Pharmacy,8,14,34,Ranchi,A,34093.060000000005,6.0,5682.176666666667,34883.61,5.0,-0.02266250540010038,0.2,790.5499999999956,-1.0,2025-12-31,0,42.0,5.0,14.0,5.0,0.0,18.2,0.0,1.1666666666666667,0.0,0.0,0.0,0.0,34093.060000000005,71345.82,47.78564462501097,6818.612000000001,8_A,21023.8,1.6216411876064274,-0.004006923505860661,0,0,0,1
2202,Subramanian Traders,Modern Trade,1,5,52,Ludhiana,C,793.3,1.0,793.3,2727.24,2.0,-0.7091198427714466,-0.5,1933.9399999999998,1.0,2025-12-22,9,12.0,5.0,8.0,3.0,1.0,12.0,0.3333333333333333,0.7000000000000001,0.0,0.0,0.0,0.0,793.3,18929.72,4.190764575492928,264.43333333333334,1_C,1475.75,0.5375571743181433,-0.08254752015988276,0,1,0,1
2203,Cheema Retail,Convenience,4,2,60,Patna,B,0.0,0.0,0.0,698.92,1.0,-1.0,-1.0,698.92,1.0,2025-11-02,59,18.0,5.0,10.0,2.0,1.0,21.0,0.5,0.4666666666666667,0.0,0.0,0.0,0.0,0.0,32988.38,0.0,0.0,4_B,5210.49,0.0,-0.8087480713890469,1,1,0,1
2204,Merchant Retail,Modern Trade,3,23,20,Coimbatore,C,908.0,1.0,908.0,0.0,0.0,,,-908.0,-1.0,2025-12-09,22,6.0,4.0,5.0,4.0,3.0,23.75,0.75,0.9333333333333333,195.0,0.0,302.12307692307695,0.0,908.0,21068.46,4.309759707164169,227.0,3_C,1975.87,0.4595444032249085,,0,0,0,1
2205,Sagar Supermarket,Modern Trade,9,3,95,Lucknow,B,6096.35,1.0,6096.35,1531.2,1.0,2.981419801462905,0.0,-4565.150000000001,0.0,2025-12-16,15,16.0,5.0,12.0,3.0,1.0,33.0,0.3333333333333333,0.7000000000000001,0.0,0.0,0.0,0.0,6096.35,36258.78,16.81344490906754,2032.1166666666668,9_B,5894.43,1.0342560688650133,3.156566076867273,0,0,0,1
2206,Chada Traders,Modern Trade,7,28,24,Kochi,C,0.0,0.0,0.0,0.0,0.0,,,0.0,0.0,2025-10-21,71,4.0,3.0,4.0,2.0,2.0,24.0,1.0,0.4666666666666667,0.0,0.0,0.0,0.0,0.0,19525.49,0.0,0.0,7_C,1610.4699999999998,0.0,,1,0,0,1
2207,D’Alia Supermarket,Modern Trade,7,28,57,Chennai,C,2912.99,2.0,1456.495,2300.09,2.0,0.2664678338673702,0.0,-612.8999999999996,0.0,2025-12-20,11,18.0,5.0,11.0,2.0,1.0,9.0,0.5,0.4666666666666667,0.0,0.0,0.0,0.0,2912.99,20262.13,14.376524087053038,1456.495,7_C,1610.4699999999998,1.8087825293237378,0.7141822191308329,0,0,0,1
2208,Dhar Supermarket,Convenience,7,28,24,Chennai,A,21673.08,3.0,7224.360000000001,20190.95,4.0,0.07340565946624607,-0.25,-1482.130000000001,1.0,2025-12-25,6,37.0,5.0,14.0,5.0,3.0,21.4,0.6,1.1666666666666667,0.0,0.0,0.0,0.0,21673.08,70144.55,30.897739026054055,4334.616,7_A,22880.32,0.9472367519335395,0.07739197524788853,0,0,0,1
2209,Pall Supermarket,General Trade,7,20,13,Kochi,C,6834.96,2.0,3417.48,0.0,0.0,,,-6834.96,-2.0,2025-12-27,4,7.0,5.0,6.0,1.0,0.0,9.0,0.0,0.23333333333333334,0.0,0.0,0.0,0.0,6834.96,18105.78,37.75015492290307,6834.96,7_C,1610.4699999999998,4.244077815792906,,0,0,0,1
2210,Muni Retail,Supermarket,12,8,19,Bhubaneswar,C,3754.0,3.0,1251.3333333333333,256.59,1.0,13.630344128765737,2.0,-3497.41,-2.0,2025-12-26,5,22.0,5.0,12.0,3.0,1.0,36.333333333333336,0.3333333333333333,0.7000000000000001,0.0,0.0,0.0,0.0,3754.0,19882.05,18.881352778008303,1251.3333333333333,12_C,1525.54,2.460767990350958,14.218779304214582,0,0,0,1
2211,Oza Retail,Supermarket,8,36,70,Bhubaneswar,B,11480.63,4.0,2870.1575,0.0,0.0,,,-11480.63,-4.0,2025-12-27,4,24.0,5.0,11.0,3.0,1.0,11.0,0.3333333333333333,0.7000000000000001,0.0,0.0,0.0,0.0,11480.63,34385.7,33.38780365093629,3826.8766666666666,8_B,5652.47,2.031081987166672,,0,0,0,1
2212,Shah Traders,Supermarket,4,2,60,Ranchi,B,4230.08,2.0,2115.04,4478.4400000000005,4.0,-0.05545681085377956,-0.5,248.36000000000058,2.0,2025-12-10,21,21.0,5.0,13.0,0.0,0.0,0.0,0.0,0.0,0.0,0.0,0.0,0.0,4230.08,38830.92,10.893586863252274,0.0,4_B,5210.49,0.8118391936267031,0.13579511775717348,0,0,0,1
2213,Jhaveri Traders,Convenience,8,14,34,Patna,C,5489.33,2.0,2744.665,0.0,0.0,,,-5489.33,-2.0,2025-12-26,5,8.0,4.0,7.0,2.0,1.0,34.5,0.5,0.4666666666666667,0.0,0.0,0.0,0.0,5489.33,18746.46,29.28195509978951,2744.665,8_C,1474.47,3.722917387264576,,0,0,0,1
2214,Verma Mart,Convenience,12,35,78,Guwahati,B,20837.13,5.0,4167.426,13770.95,4.0,0.5131221883748035,0.25,-7066.18,-1.0,2025-12-28,3,44.0,5.0,15.0,4.0,1.0,30.0,0.25,0.9333333333333333,0.0,0.0,0.0,0.0,20837.13,38971.21,53.468008819844194,5209.2825,12_B,6060.66,3.438095850946927,0.6142425666725769,0,0,0,1
2215,Subramanian Supermarket,Pharmacy,10,32,43,Pune,C,7160.16,3.0,2386.72,698.98,1.0,9.24372657300638,2.0,-6461.18,-2.0,2025-12-23,8,19.0,5.0,9.0,1.0,1.0,9.0,1.0,0.23333333333333334,0.0,0.0,0.0,0.0,7160.16,20294.81,35.28074419026342,7160.16,10_C,1784.86,4.011608753627736,9.42096126976436,0,0,0,1
2216,Pall Retail,Modern Trade,7,12,28,Kochi,C,4807.97,2.0,2403.985,0.0,0.0,,,-4807.97,-2.0,2025-12-30,1,18.0,5.0,9.0,3.0,1.0,25.666666666666668,0.3333333333333333,0.7000000000000001,0.0,0.0,0.0,0.0,4807.97,17476.46,27.51112067317981,1602.6566666666668,7_C,1610.4699999999998,2.9854452426931273,,0,0,0,1
2217,Soni General Store,Modern Trade,4,1,32,Bhubaneswar,A,9527.22,1.0,9527.22,19360.96,3.0,-0.5079159297886056,-0.6666666666666666,9833.74,2.0,2025-12-30,1,32.0,5.0,12.0,4.0,3.0,23.25,0.75,0.9333333333333333,0.0,0.0,0.0,0.0,9527.22,62965.96,15.13074683527417,2381.805,4_A,22237.399999999998,0.4284322807522462,-0.5768161727345907,0,1,0,1
2218,Chatterjee General Store,Supermarket,5,22,71,Jaipur,A,5829.73,3.0,1943.243333333333,29248.04,4.0,-0.8006796352849627,-0.25,23418.31,1.0,2025-12-21,10,38.0,5.0,12.0,3.0,3.0,30.666666666666668,1.0,0.7000000000000001,0.0,0.0,0.0,0.0,5829.73,71631.58,8.138491430734879,1943.243333333333,5_A,23936.755,0.24354721431539067,-0.8014386072712492,0,1,0,1
2219,Sarma Supermarket,Pharmacy,4,2,60,Guwahati,B,24568.019999999997,5.0,4913.603999999999,10248.289999999999,2.0,1.3972799364576918,1.5,-14319.729999999998,-3.0,2025-12-28,3,34.0,5.0,14.0,1.0,1.0,21.0,1.0,0.23333333333333334,0.0,0.0,0.0,0.0,24568.019999999997,40651.03,60.43640222646265,24568.019999999997,4_B,5210.49,4.715107408324361,1.5885318650686449,0,0,0,1
2220,Sethi Mart,Convenience,6,25,86,Nashik,B,1005.17,1.0,1005.17,1787.06,2.0,-0.43752867838796683,-0.5,781.89,1.0,2025-12-09,22,5.0,4.0,5.0,0.0,0.0,0.0,0.0,0.0,0.0,0.0,0.0,0.0,1005.17,40079.45,2.5079435970303985,0.0,6_B,5118.745000000001,0.19637039938500547,-0.1682396176663561,0,1,0,1
2221,Nagar Retail,Modern Trade,4,7,26,Kolkata,B,1535.0,1.0,1535.0,3769.06,1.0,-0.5927366505176357,0.0,2234.06,0.0,2025-12-20,11,9.0,4.0,8.0,0.0,0.0,0.0,0.0,0.0,0.0,0.0,0.0,0.0,5304.0599999999995,37581.96,14.11331394105044,0.0,4_B,5210.49,0.29459801285483705,-0.4014847219066826,0,1,0,1
2222,Bhavsar General Store,Supermarket,6,31,74,Ahmedabad,A,30257.8,7.0,4322.542857142857,9361.01,4.0,2.2323221532719226,0.75,-20896.79,-3.0,2025-12-30,1,53.0,5.0,15.0,4.0,3.0,26.25,0.75,0.9333333333333333,0.0,0.0,0.0,0.0,30970.95,63102.78,49.08016730800133,7564.45,6_A,21985.86,1.3762390918526726,2.1569226475015943,0,0,0,1
2223,Mital General Store,General Trade,10,15,94,Nashik,C,4537.34,3.0,1512.4466666666667,1855.82,4.0,1.4449246155338344,-0.25,-2681.5200000000004,1.0,2025-12-29,2,15.0,4.0,10.0,1.0,0.0,40.0,0.0,0.23333333333333334,0.0,0.0,0.0,0.0,4537.34,17856.9,25.40944956851413,4537.34,10_C,1784.86,2.5421265533431194,1.6221593122918134,0,0,0,1
2224,Basu General Store,General Trade,10,15,100,Nashik,C,4659.360000000001,2.0,2329.6800000000003,2058.04,1.0,1.2639793201298326,1.0,-2601.3200000000006,-1.0,2025-12-14,17,8.0,5.0,7.0,1.0,0.0,36.0,0.0,0.23333333333333334,0.0,0.0,0.0,0.0,4659.360000000001,19202.4,24.2644669416323,4659.360000000001,10_C,1784.86,2.610490458635412,1.4412140168878116,0,0,0,1
2225,Contractor Supermarket,Modern Trade,9,3,95,Ludhiana,A,3584.91,2.0,1792.455,22589.670000000002,5.0,-0.8413031266060992,-0.6,19004.760000000002,3.0,2025-12-30,1,27.0,5.0,15.0,2.0,2.0,10.5,1.0,0.4666666666666667,0.0,0.0,0.0,0.0,3584.91,57148.93,6.272925844805844,1792.455,9_A,20504.7,0.17483357474140074,-0.9513499750494185,0,1,0,1
2226,Bajaj Traders,General Trade,3,18,11,Chennai,C,1975.87,1.0,1975.87,471.41,1.0,3.191404509874631,0.0,-1504.4599999999998,0.0,2025-12-17,14,9.0,4.0,7.0,1.0,0.0,22.0,0.0,0.23333333333333334,0.0,0.0,0.0,0.0,1975.87,18540.05,10.657306749442423,1975.87,3_C,1975.87,1.0,3.548586299963178,0,0,0,1
2227,Oza General Store,Modern Trade,8,14,7,Bhubaneswar,C,1349.5,1.0,1349.5,0.0,0.0,,,-1349.5,-1.0,2025-12-24,7,15.0,4.0,7.0,2.0,1.0,12.5,0.5,0.4666666666666667,0.0,0.0,0.0,0.0,1349.5,20221.06,6.673735204781549,674.75,8_C,1474.47,0.9152441216165809,,0,0,0,1
2228,Chopra Mart,General Trade,12,19,53,Ranchi,C,0.0,0.0,0.0,1674.43,1.0,-1.0,-1.0,1674.43,1.0,2025-11-11,50,5.0,3.0,3.0,2.0,1.0,24.0,0.5,0.4666666666666667,0.0,0.0,0.0,0.0,0.0,17281.73,0.0,0.0,12_C,1525.54,0.0,-0.41156482455115484,1,1,0,1
2229,Gala Traders,General Trade,4,13,12,Kolkata,A,3358.14,1.0,3358.14,26669.370000000003,4.0,-0.8740825148850535,-0.75,23311.230000000003,3.0,2025-12-29,2,44.0,5.0,14.0,1.0,0.0,36.0,0.0,0.23333333333333334,0.0,0.0,0.0,0.0,3358.14,67560.4,4.970574478540684,3358.14,4_A,22237.399999999998,0.15101315801307708,-0.9429827578310387,0,1,0,1
2230,Kohli Retail,Convenience,6,21,80,Mumbai,B,4972.21,2.0,2486.105,15837.88,5.0,-0.6860558357557955,-0.6,10865.669999999998,3.0,2025-12-26,5,24.0,5.0,10.0,3.0,2.0,29.666666666666668,0.6666666666666666,0.7000000000000001,0.0,0.0,0.0,0.0,4972.21,33840.49,14.69307920777743,1657.4033333333334,6_B,5118.745000000001,0.971372865809881,-0.4167667750341848,0,1,0,1
2231,Varty Supermarket,Modern Trade,6,21,80,Pune,A,6481.92,3.0,2160.64,22166.28,4.0,-0.7075774554864416,-0.25,15684.359999999999,1.0,2025-12-29,2,31.0,5.0,13.0,2.0,2.0,27.0,1.0,0.4666666666666667,0.0,0.0,0.0,0.0,18029.57,74594.04,24.170255425232366,3240.96,6_A,21985.86,0.2948222175525542,-0.78297696125677,0,1,0,1
2232,Ghosh Retail,Convenience,3,18,2,Chennai,B,4012.59,2.0,2006.295,7560.45,3.0,-0.469265718310418,-0.3333333333333333,3547.8599999999997,1.0,2025-12-23,8,22.0,5.0,14.0,0.0,0.0,0.0,0.0,0.0,0.0,0.0,0.0,0.0,4012.59,43371.1,9.251759812409647,0.0,3_B,5507.8,0.7285286321217183,-0.22991478901364296,0,1,0,1
2233,Dutta General Store,Convenience,1,17,23,Delhi,A,2595.83,1.0,2595.83,15506.77,5.0,-0.8326002126812998,-0.8,12910.94,4.0,2025-12-21,10,27.0,5.0,15.0,3.0,0.0,24.666666666666668,0.0,0.7000000000000001,0.0,0.0,0.0,0.0,2595.83,60695.76,4.276789680201714,865.2766666666666,1_A,22934.37,0.11318514526450912,-0.9209326868837613,0,1,0,1
2234,Narayanan Retail,Modern Trade,7,20,44,Bengaluru,C,7298.03,3.0,2432.6766666666667,3706.3399999999997,2.0,0.9690665184521658,0.5,-3591.69,-1.0,2025-12-31,0,22.0,5.0,14.0,1.0,0.0,18.0,0.0,0.23333333333333334,0.0,0.0,0.0,0.0,7298.03,17339.91,42.08805005331631,7298.03,7_C,1610.4699999999998,4.531614994380523,1.4167809037156285,0,0,0,1
2235,Sandhu Retail,Supermarket,1,17,3,Ludhiana,A,18382.59,4.0,4595.6475,36879.24,5.0,-0.5015463984615735,-0.2,18496.649999999998,1.0,2025-12-24,7,47.0,5.0,14.0,0.0,0.0,0.0,0.0,0.0,0.0,0.0,0.0,0.0,18382.59,62456.22,29.432761060467637,0.0,1_A,22934.37,0.80153019245787,-0.5898788726640349,0,1,0,1
2236,Shere Mart,Convenience,9,3,95,Delhi,C,0.0,0.0,0.0,1971.04,2.0,-1.0,-1.0,1971.04,2.0,2025-11-07,54,6.0,4.0,5.0,0.0,0.0,0.0,0.0,0.0,0.0,0.0,0.0,0.0,0.0,20929.11,0.0,0.0,9_C,1106.01,0.0,-0.5051035981171249,1,1,0,1
2237,Kata Mart,Pharmacy,12,10,64,Kolkata,C,3469.4,1.0,3469.4,0.0,0.0,,,-3469.4,-1.0,2025-12-25,6,6.0,3.0,5.0,3.0,2.0,19.666666666666668,0.6666666666666666,0.7000000000000001,0.0,0.0,0.0,0.0,3469.4,18485.07,18.76866032966064,1156.4666666666667,12_C,1525.54,2.274211099020675,,0,0,0,1
2238,Ravel Retail,Pharmacy,12,10,46,Guwahati,B,14120.8,5.0,2824.16,0.0,0.0,,,-14120.8,-5.0,2025-12-25,6,15.0,5.0,12.0,1.0,1.0,31.0,1.0,0.23333333333333334,0.0,0.0,0.0,0.0,14120.8,42481.01,33.24026429691761,14120.8,12_B,6060.66,2.3299112637897523,,0,0,0,1
2239,Gour Mart,General Trade,4,7,4,Patna,C,257.51,1.0,257.51,0.0,0.0,,,-257.51,-1.0,2025-12-27,4,3.0,3.0,3.0,1.0,0.0,28.0,0.0,0.23333333333333334,0.0,0.0,0.0,0.0,257.51,18482.1,1.3932940520828263,257.51,4_C,1263.49,0.20380849868222145,,0,0,0,1
2240,Grewal Mart,Pharmacy,8,36,55,Kolkata,B,8348.8,2.0,4174.4,5138.98,1.0,0.6246025475872644,1.0,-3209.8199999999997,-1.0,2025-12-20,11,14.0,4.0,7.0,0.0,0.0,0.0,0.0,0.0,0.0,0.0,0.0,0.0,8348.8,42765.14,19.52244281206609,0.0,8_B,5652.47,1.477018011594931,0.8052108645771661,0,0,0,1
2241,Sankaran Traders,General Trade,4,2,22,Guwahati,C,2088.68,1.0,2088.68,1519.91,1.0,0.37421294681921935,0.0,-568.7699999999998,0.0,2025-12-23,8,8.0,4.0,7.0,2.0,1.0,14.5,0.5,0.4666666666666667,0.0,0.0,0.0,0.0,2088.68,18453.72,11.318476708219261,1044.34,4_C,1263.49,1.6531037048176083,1.0226272031970591,0,0,0,1
2242,Randhawa Retail,Convenience,12,19,53,Bhubaneswar,A,19939.89,4.0,4984.9725,16742.35,5.0,0.19098513649517548,-0.2,-3197.540000000001,1.0,2025-12-27,4,38.0,5.0,13.0,3.0,3.0,28.333333333333332,1.0,0.7000000000000001,0.0,0.0,0.0,0.0,19939.89,63408.87,31.44653106103294,6646.63,12_A,24540.835,0.8125188079378717,0.06126361489523793,0,0,0,1
2243,Balakrishnan Mart,General Trade,4,2,41,Patna,C,9205.81,2.0,4602.905,2392.73,1.0,2.847408608576814,1.0,-6813.08,-1.0,2025-12-31,0,17.0,5.0,10.0,3.0,1.0,25.0,0.3333333333333333,0.7000000000000001,0.0,0.0,0.0,0.0,9205.81,16513.91,55.74579248645536,3068.603333333333,4_C,1263.49,7.286017301284537,3.495822864954654,0,0,0,1
2244,Hora General Store,Convenience,6,25,5,Pune,A,46313.88,7.0,6616.268571428571,46932.16,5.0,-0.013173908893177004,0.4,618.2800000000061,-2.0,2025-12-28,3,50.0,5.0,15.0,2.0,2.0,21.0,1.0,0.4666666666666667,0.0,0.0,0.0,0.0,46313.88,64327.49,71.9970264656681,23156.94,6_A,21985.86,2.1065302881033534,-0.08857341466350536,0,0,0,1
2245,Sengupta Retail,Convenience,9,11,73,Lucknow,B,14437.56,5.0,2887.5119999999997,18100.16,5.0,-0.2023518024150063,0.0,3662.6000000000004,0.0,2025-12-27,4,35.0,5.0,14.0,5.0,4.0,27.2,0.8,1.1666666666666667,0.0,0.0,0.0,0.0,14437.56,43600.59,33.11322163301001,2887.5119999999997,9_B,5894.43,2.44935642632112,-0.027205527010638414,0,1,0,1
2246,Sanghvi Traders,Modern Trade,10,15,100,Ahmedabad,B,13996.81,3.0,4665.6033333333335,10247.7,2.0,0.3658489221971758,0.5,-3749.1099999999988,-1.0,2025-12-30,1,30.0,5.0,15.0,0.0,0.0,0.0,0.0,0.0,0.0,0.0,0.0,0.0,13996.81,36672.15,38.16741041907824,0.0,10_B,6269.79,2.2324208625807245,0.5407595021998253,0,0,0,1
2247,Ramachandran General Store,General Trade,12,8,18,Patna,B,10229.82,2.0,5114.91,8030.52,3.0,0.2738676947445494,-0.3333333333333333,-2199.2999999999993,1.0,2025-12-20,11,25.0,5.0,11.0,1.0,0.0,22.0,0.0,0.23333333333333334,0.0,0.0,0.0,0.0,10229.82,36457.43,28.05963009460623,10229.82,12_B,6060.66,1.687905277643029,0.37498807304232284,0,0,0,1
2248,Agrawal General Store,Pharmacy,12,35,66,Kolkata,A,30430.100000000002,4.0,7607.525000000001,5452.33,2.0,4.581118530976666,1.0,-24977.770000000004,-2.0,2025-12-16,15,31.0,5.0,12.0,4.0,3.0,18.0,0.75,0.9333333333333333,0.0,0.0,0.0,0.0,30430.100000000002,56594.68,53.76848141910159,7607.525000000001,12_A,24540.835,1.239978183301424,4.451397009376729,0,0,0,1
2249,Kala Traders,Convenience,12,19,36,Kolkata,B,9722.71,3.0,3240.903333333333,7444.12,3.0,0.3060925938861812,0.0,-2278.5899999999992,0.0,2025-12-24,7,29.0,5.0,14.0,0.0,0.0,0.0,0.0,0.0,0.0,0.0,0.0,0.0,9722.71,40926.92,23.756270933654424,0.0,12_B,6060.66,1.6042328723274362,0.40721297218395464,0,0,0,1
2250,Jha Mart,Convenience,10,15,94,Ahmedabad,B,14299.11,3.0,4766.37,5541.75,3.0,1.580251725537962,0.0,-8757.36,0.0,2025-12-15,16,28.0,5.0,13.0,0.0,0.0,0.0,0.0,0.0,195.0,0.0,205.33333333333334,0.0,16715.4,39657.1,42.14982941263986,0.0,10_B,6269.79,2.280636193556722,1.7551623055406114,0,0,0,1
2251,Mallick Mart,Convenience,3,18,91,Bengaluru,B,10455.18,2.0,5227.59,5058.67,4.0,1.0667843524088347,-0.5,-5396.51,2.0,2025-12-14,17,32.0,5.0,14.0,0.0,0.0,0.0,0.0,0.0,0.0,0.0,0.0,0.0,10455.18,34264.46,30.513190635428085,0.0,3_B,5507.8,1.8982497548930608,1.3061352817056098,0,0,0,1
2252,Bhatnagar Retail,General Trade,8,14,7,Ranchi,C,2113.02,1.0,2113.02,4819.0,4.0,-0.5615231375804108,-0.75,2705.98,3.0,2025-12-03,28,18.0,5.0,10.0,2.0,1.0,30.5,0.5,0.4666666666666667,0.0,0.0,0.0,0.0,2113.02,16651.0,12.690048645726984,1056.51,8_C,1474.47,1.4330708661417322,-0.003778468651188027,0,1,0,1
2253,Chaudry Traders,Supermarket,5,16,47,Ludhiana,C,3452.12,1.0,3452.12,433.82,1.0,6.9574938914757265,0.0,-3018.2999999999997,0.0,2025-12-20,11,5.0,3.0,4.0,0.0,0.0,0.0,0.0,0.0,0.0,0.0,0.0,0.0,3452.12,18228.89,18.937631419137425,0.0,5_C,1965.2,1.7566252798697333,7.404400869329861,0,0,0,1
2254,Yadav Supermarket,Pharmacy,3,18,91,Chennai,A,14052.47,3.0,4684.156666666667,7716.85,3.0,0.8210111638816354,0.0,-6335.619999999999,0.0,2025-12-29,2,38.0,5.0,14.0,0.0,0.0,0.0,0.0,0.0,0.0,0.0,0.0,0.0,14052.47,60936.56,23.06081931766414,0.0,3_A,19782.739999999998,0.7103399225789755,0.7704033179091723,0,0,0,1
2255,Grover Traders,Convenience,12,8,87,Patna,B,948.84,1.0,948.84,5078.13,1.0,-0.8131516916660266,0.0,4129.29,0.0,2025-12-02,29,11.0,4.0,8.0,3.0,3.0,30.666666666666668,1.0,0.7000000000000001,0.0,0.0,0.0,0.0,948.84,41317.18,2.296478123627992,316.28000000000003,12_B,6060.66,0.1565572066408609,-0.7120313133682532,0,1,0,1
2256,Pau Mart,Convenience,6,21,72,Mumbai,B,2665.53,1.0,2665.53,7870.42,4.0,-0.6613230297747769,-0.75,5204.889999999999,3.0,2025-12-13,18,26.0,5.0,14.0,2.0,1.0,34.5,0.5,0.4666666666666667,0.0,0.0,0.0,0.0,2665.53,37800.78,7.051521159087194,1332.765,6_B,5118.745000000001,0.5207389701967963,-0.3920339690531661,0,1,0,1
2257,Nanda Traders,Modern Trade,10,32,33,Surat,C,3521.42,1.0,3521.42,0.0,0.0,,,-3521.42,-1.0,2025-12-11,20,13.0,5.0,9.0,0.0,0.0,0.0,0.0,0.0,0.0,0.0,0.0,0.0,3521.42,19688.58,17.88559662504863,0.0,10_C,1784.86,1.9729390540434546,,0,0,0,1
2258,Hegde Traders,General Trade,5,16,31,Jaipur,C,5484.9,2.0,2742.45,0.0,0.0,,,-5484.9,-2.0,2025-12-24,7,16.0,5.0,10.0,4.0,3.0,26.0,0.75,0.9333333333333333,0.0,0.0,0.0,0.0,5484.9,20816.53,26.34877186543579,1371.225,5_C,1965.2,2.7910136372888252,,0,0,0,1
2259,Shankar Retail,Convenience,4,13,54,Ranchi,A,22979.17,3.0,7659.723333333332,37423.57,7.0,-0.3859706596671563,-0.5714285714285714,14444.400000000001,4.0,2025-12-28,3,48.0,5.0,15.0,0.0,0.0,0.0,0.0,0.0,0.0,0.0,0.0,0.0,22979.17,64859.84,35.42896498048715,0.0,4_A,22237.399999999998,1.0333568672596616,-0.45487090261314156,0,1,0,1
2260,Comar Traders,General Trade,8,14,7,Ranchi,C,0.0,0.0,0.0,2672.27,1.0,-1.0,-1.0,2672.27,1.0,2025-11-10,51,5.0,3.0,5.0,3.0,1.0,34.666666666666664,0.3333333333333333,0.7000000000000001,195.0,0.0,305.3128205128205,0.0,0.0,21319.84,0.0,0.0,8_C,1474.47,0.0,-0.4422553310707772,1,1,0,1
2261,Lala Supermarket,General Trade,8,14,34,Guwahati,B,0.0,0.0,0.0,16509.48,4.0,-1.0,-1.0,16509.48,4.0,2025-12-01,30,31.0,5.0,13.0,3.0,1.0,40.666666666666664,0.3333333333333333,0.7000000000000001,0.0,0.0,0.0,0.0,6409.02,34611.85,18.516837441512084,0.0,8_B,5652.47,0.0,-0.8193916830100983,0,1,0,1
2262,Suri Retail,Modern Trade,5,33,90,Chandigarh,C,0.0,0.0,0.0,5835.66,2.0,-1.0,-1.0,5835.66,2.0,2025-11-13,48,9.0,4.0,6.0,8.0,5.0,28.625,0.625,1.8666666666666667,0.0,0.0,0.0,0.0,0.0,21010.83,0.0,0.0,5_C,1965.2,0.0,-0.5530930221458649,1,1,0,1
2263,Wable Supermarket,Convenience,1,17,23,Delhi,B,16587.11,4.0,4146.7775,984.65,1.0,15.845691362413042,3.0,-15602.460000000001,-3.0,2025-12-23,8,23.0,5.0,13.0,1.0,0.0,27.0,0.0,0.23333333333333334,0.0,0.0,0.0,0.0,16587.11,38333.75,43.27025141031076,16587.11,1_B,5467.655000000001,3.0336789720638917,15.84773860065454,0,0,0,1
2264,Munshi Traders,Convenience,1,17,77,Lucknow,C,2000.68,1.0,2000.68,519.36,1.0,2.852202711028959,0.0,-1481.3200000000002,0.0,2025-12-25,6,17.0,5.0,9.0,2.0,1.0,22.5,0.5,0.4666666666666667,0.0,0.0,0.0,0.0,2000.68,19447.45,10.287621256257246,1000.34,1_C,1475.75,1.3557038793833645,3.478775033640523,0,0,0,1
2265,Rama Supermarket,Pharmacy,3,18,83,Bengaluru,A,53937.78,9.0,5993.086666666666,14625.77,2.0,2.6878591691240867,3.5,-39312.009999999995,-7.0,2025-12-31,0,36.0,5.0,14.0,4.0,1.0,23.5,0.25,0.9333333333333333,0.0,0.0,0.0,0.0,53937.78,63783.53,84.56380510768219,13484.445,3_A,19782.739999999998,2.7265070460411454,2.6372513231516237,0,0,0,0
2266,Ramanathan General Store,Pharmacy,12,35,78,Guwahati,C,0.0,0.0,0.0,12192.54,3.0,-1.0,-1.0,12192.54,3.0,2025-11-28,33,12.0,5.0,10.0,0.0,0.0,0.0,0.0,0.0,0.0,0.0,0.0,0.0,0.0,21660.81,0.0,0.0,12_C,1525.54,0.0,-0.41156482455115484,1,1,0,1
2267,Comar General Store,Pharmacy,7,12,28,Kochi,B,8873.970000000001,2.0,4436.985000000001,14241.92,4.0,-0.3769119613085875,-0.5,5367.949999999999,2.0,2025-12-24,7,27.0,5.0,13.0,0.0,0.0,0.0,0.0,0.0,0.0,0.0,0.0,0.0,8873.970000000001,32442.15,27.35321179391625,0.0,7_B,6107.09,1.4530602954926162,-0.1569839385356715,0,1,0,1
2268,Pall Mart,Convenience,1,17,23,Chandigarh,B,9948.35,3.0,3316.116666666667,940.43,1.0,9.578511957296131,2.0,-9007.92,-2.0,2025-12-09,22,20.0,5.0,13.0,2.0,1.0,16.5,0.5,0.4666666666666667,0.0,0.0,0.0,0.0,9948.35,34594.4,28.757110977499252,4974.175,1_B,5467.655000000001,1.8194911712608055,9.58055919553763,0,0,0,1
2269,Pandey Traders,General Trade,9,11,73,Delhi,C,0.0,0.0,0.0,2638.54,2.0,-1.0,-1.0,2638.54,2.0,2025-12-01,30,7.0,3.0,6.0,3.0,2.0,20.333333333333332,0.6666666666666666,0.7000000000000001,0.0,0.0,0.0,0.0,1122.74,17878.55,6.279815756870663,0.0,9_C,1106.01,0.0,-0.5051035981171249,0,1,0,1
2270,Shankar Mart,General Trade,4,2,22,Ranchi,C,1146.08,1.0,1146.08,891.85,1.0,0.2850591467174972,0.0,-254.2299999999999,0.0,2025-12-31,0,5.0,3.0,4.0,2.0,2.0,22.0,1.0,0.4666666666666667,0.0,0.0,0.0,0.0,1146.08,18594.55,6.163526409620023,573.04,4_C,1263.49,0.9070748482378174,0.9334734030953371,0,0,0,1
2271,Gera Traders,General Trade,8,36,70,Bhubaneswar,A,23957.059999999998,6.0,3992.843333333333,19302.11,5.0,0.24116275370930934,0.2,-4654.949999999997,-1.0,2025-12-31,0,32.0,5.0,13.0,2.0,2.0,31.5,1.0,0.4666666666666667,0.0,0.0,0.0,0.0,23957.059999999998,67884.97,35.290668906534094,11978.529999999999,8_A,21023.8,1.1395209239052881,0.25981833560354906,0,0,0,1
2272,Mishra Supermarket,General Trade,4,7,4,Patna,A,11563.92,2.0,5781.96,41963.36,7.0,-0.7244281678111572,-0.7142857142857143,30399.440000000002,5.0,2025-12-16,15,40.0,5.0,13.0,1.0,1.0,33.0,1.0,0.23333333333333334,0.0,0.0,0.0,0.0,11563.92,58468.18,19.77814257259248,11563.92,4_A,22237.399999999998,0.5200212255029815,-0.7933284107571423,0,1,0,1
2273,Chad Supermarket,Pharmacy,6,31,74,Nashik,C,5117.82,3.0,1705.9399999999998,0.0,0.0,,,-5117.82,-3.0,2025-12-31,0,8.0,5.0,8.0,1.0,1.0,23.0,1.0,0.23333333333333334,0.0,0.0,0.0,0.0,5117.82,17430.31,29.361612042470842,5117.82,6_C,1535.8200000000002,3.332304566941438,,0,0,0,1
2274,Desai Supermarket,Convenience,7,28,57,Bengaluru,C,0.0,0.0,0.0,2204.63,1.0,-1.0,-1.0,2204.63,1.0,2025-11-22,39,15.0,5.0,11.0,0.0,0.0,0.0,0.0,0.0,0.0,0.0,0.0,0.0,0.0,18228.77,0.0,0.0,7_C,1610.4699999999998,0.0,-0.5522856147365374,1,1,0,1
2275,Munshi General Store,Convenience,12,35,66,Kolkata,C,925.82,1.0,925.82,962.8399999999999,2.0,-0.03844875576419745,-0.5,37.01999999999987,1.0,2025-12-26,5,9.0,4.0,6.0,4.0,2.0,26.5,0.5,0.9333333333333333,0.0,0.0,0.0,0.0,925.82,21360.36,4.334290246044543,231.455,12_C,1525.54,0.6068801866879925,0.5499864196846477,0,0,0,1
2276,Dalal General Store,Pharmacy,8,14,69,Bhubaneswar,A,8156.94,2.0,4078.47,9593.97,2.0,-0.14978470852003914,0.0,1437.0299999999997,0.0,2025-12-31,0,22.0,5.0,12.0,3.0,3.0,29.333333333333332,1.0,0.7000000000000001,0.0,0.0,0.0,0.0,8156.94,56248.79,14.501538610875006,2718.98,8_A,21023.8,0.3879859968226486,-0.13112912662579942,0,0,0,1
2277,Khare Traders,Convenience,12,35,66,Bhubaneswar,C,0.0,0.0,0.0,1033.32,1.0,-1.0,-1.0,1033.32,1.0,2025-11-15,46,9.0,4.0,7.0,1.0,1.0,20.0,1.0,0.23333333333333334,0.0,0.0,0.0,0.0,0.0,20529.09,0.0,0.0,12_C,1525.54,0.0,-0.41156482455115484,1,1,0,1
2278,Mody Retail,Convenience,1,17,23,Delhi,C,0.0,0.0,0.0,0.0,0.0,,,0.0,0.0,2025-09-11,111,0.0,0.0,0.0,3.0,3.0,23.666666666666668,1.0,0.7000000000000001,0.0,0.0,0.0,0.0,0.0,20564.43,0.0,0.0,1_C,1475.75,0.0,,1,0,0,1
2279,Dada Mart,Modern Trade,6,25,86,Mumbai,C,2040.7800000000002,3.0,680.2600000000001,1177.44,2.0,0.7332348145128416,0.5,-863.3400000000001,-1.0,2025-12-10,21,12.0,5.0,9.0,4.0,4.0,20.5,1.0,0.9333333333333333,0.0,0.0,0.0,0.0,2040.7800000000002,19729.78,10.343653096993481,510.19500000000005,6_C,1535.8200000000002,1.3287885299058484,1.243118154661194,0,0,0,1
2280,Goswami General Store,Modern Trade,1,5,52,Delhi,C,1990.69,2.0,995.345,0.0,0.0,,,-1990.69,-2.0,2025-12-30,1,3.0,3.0,3.0,0.0,0.0,0.0,0.0,0.0,0.0,0.0,0.0,0.0,1990.69,16721.26,11.905143511912382,0.0,1_C,1475.75,1.3489344401151957,,0,0,0,1
2281,Prakash Traders,Convenience,9,3,35,Jaipur,C,6825.43,3.0,2275.1433333333334,4597.8,1.0,0.4844991082691722,2.0,-2227.63,-2.0,2025-12-27,4,19.0,5.0,10.0,2.0,1.0,24.0,0.5,0.4666666666666667,195.0,0.0,294.92820512820515,0.0,6825.43,21125.89,32.308366653428564,3412.715,9_C,1106.01,6.171219066735382,0.9793955101520473,0,0,0,1
2282,Dhaliwal General Store,Supermarket,2,26,75,Surat,C,6921.52,4.0,1730.38,8292.06,5.0,-0.1652834157012852,-0.2,1370.539999999999,1.0,2025-12-28,3,37.0,5.0,13.0,3.0,1.0,31.666666666666668,0.3333333333333333,0.7000000000000001,195.0,0.0,298.46666666666664,0.0,6921.52,17519.7,39.50706918497463,2307.1733333333336,2_C,1065.73,6.494628095296182,0.2685406497063314,0,1,0,1
2283,Vaidya Traders,General Trade,8,14,34,Kolkata,C,0.0,0.0,0.0,0.0,0.0,,,0.0,0.0,2025-10-25,67,11.0,4.0,7.0,5.0,1.0,23.4,0.2,1.1666666666666667,0.0,0.0,0.0,0.0,0.0,19989.26,0.0,0.0,8_C,1474.47,0.0,,1,0,0,1
2284,Rama Retail,Convenience,3,18,83,Chennai,A,10817.4,3.0,3605.7999999999997,3612.38,1.0,1.9945354586173103,2.0,-7205.0199999999995,-2.0,2025-12-31,0,13.0,4.0,8.0,3.0,2.0,24.333333333333332,0.6666666666666666,0.7000000000000001,0.0,0.0,0.0,0.0,10817.4,66872.01,16.17627464764406,3605.7999999999997,3_A,19782.739999999998,0.5468099969973826,1.943927612644847,0,0,0,1
2285,Sahota Traders,Convenience,12,10,46,Kolkata,C,139.84,1.0,139.84,0.0,0.0,,,-139.84,-1.0,2025-12-06,25,19.0,5.0,11.0,1.0,1.0,16.0,1.0,0.23333333333333334,0.0,0.0,0.0,0.0,139.84,20027.28,0.6982475902868488,139.84,12_C,1525.54,0.0916659019101433,,0,0,0,1
2286,Devi General Store,Convenience,3,18,83,Kochi,A,6051.21,2.0,3025.605,34492.35,7.0,-0.8245637076047297,-0.7142857142857143,28441.14,5.0,2025-12-17,14,32.0,5.0,14.0,1.0,1.0,32.0,1.0,0.23333333333333334,0.0,0.0,0.0,0.0,6051.21,69434.84,8.71494771212838,6051.21,3_A,19782.739999999998,0.30588331040088484,-0.8751715535771929,0,1,0,1
2287,Rajagopal Mart,Supermarket,7,28,79,Kochi,B,12361.66,2.0,6180.83,10425.67,3.0,0.18569454049475956,-0.3333333333333333,-1935.9899999999998,1.0,2025-12-18,13,23.0,5.0,11.0,2.0,0.0,35.5,0.0,0.4666666666666667,0.0,0.0,0.0,0.0,12361.66,39078.07,31.633240843265803,6180.83,7_B,6107.09,2.0241489809385484,0.40562256326767554,0,0,0,1
2288,Sampath General Store,Pharmacy,4,1,58,Guwahati,B,0.0,0.0,0.0,14945.829999999998,4.0,-1.0,-1.0,14945.829999999998,4.0,2025-11-25,36,24.0,5.0,11.0,0.0,0.0,0.0,0.0,0.0,0.0,0.0,0.0,0.0,0.0,42068.77,0.0,0.0,4_B,5210.49,0.0,-0.8087480713890469,1,1,0,1
2289,Grewal Retail,Convenience,12,8,50,Bhubaneswar,A,9003.11,3.0,3001.036666666667,19718.15,3.0,-0.5434100055025446,0.0,10715.04,0.0,2025-12-20,11,32.0,5.0,14.0,6.0,4.0,21.166666666666668,0.6666666666666666,1.4000000000000001,0.0,0.0,0.0,0.0,16611.02,61474.52,27.020983653064718,1500.5183333333334,12_A,24540.835,0.3668624152356674,-0.6731315271024821,0,1,0,1
2290,Sur General Store,Convenience,12,19,36,Guwahati,B,334.32,1.0,334.32,1540.04,1.0,-0.7829147294875458,0.0,1205.72,0.0,2025-12-20,11,3.0,3.0,3.0,2.0,1.0,27.0,0.5,0.4666666666666667,0.0,0.0,0.0,0.0,334.32,34806.31,0.9605154927368055,167.16,12_B,6060.66,0.05516230905544941,-0.6817943511897724,0,1,0,1
2291,Yogi Supermarket,Modern Trade,9,3,35,Ludhiana,B,0.0,0.0,0.0,0.0,0.0,,,0.0,0.0,2025-10-08,84,1.0,1.0,1.0,1.0,1.0,16.0,1.0,0.23333333333333334,195.0,0.0,218.07692307692307,0.0,0.0,37576.82,0.0,0.0,9_B,5894.43,0.0,,1,0,0,1
2292,Ghose Supermarket,Pharmacy,8,14,34,Ranchi,B,0.0,0.0,0.0,9725.29,2.0,-1.0,-1.0,9725.29,2.0,2025-11-08,53,13.0,4.0,9.0,0.0,0.0,0.0,0.0,0.0,0.0,0.0,0.0,0.0,0.0,42822.18,0.0,0.0,8_B,5652.47,0.0,-0.8193916830100983,1,1,0,1
2293,Ganesan General Store,Modern Trade,6,21,80,Mumbai,A,0.0,0.0,0.0,16885.9,3.0,-1.0,-1.0,16885.9,3.0,2025-11-14,47,32.0,5.0,15.0,1.0,0.0,13.0,0.0,0.23333333333333334,0.0,0.0,0.0,0.0,0.0,59096.84,0.0,0.0,6_A,21985.86,0.0,-1.0753995057703283,1,1,0,1
2294,Suri Mart,Modern Trade,12,10,46,Guwahati,C,4941.950000000001,3.0,1647.3166666666668,1123.07,1.0,3.4003935640699168,2.0,-3818.880000000001,-2.0,2025-12-24,7,10.0,5.0,10.0,0.0,0.0,0.0,0.0,0.0,0.0,0.0,0.0,0.0,4941.950000000001,17132.74,28.845065062564423,0.0,12_C,1525.54,3.239475857729067,3.988828739518762,0,0,0,1
2295,Mani Retail,Modern Trade,12,35,61,Ranchi,C,3388.5299999999997,2.0,1694.2649999999999,0.0,0.0,,,-3388.5299999999997,-2.0,2025-12-24,7,11.0,5.0,9.0,2.0,1.0,27.5,0.5,0.4666666666666667,0.0,0.0,0.0,0.0,3388.5299999999997,17775.42,19.063009481632502,1694.2649999999999,12_C,1525.54,2.2212003618390863,,0,0,0,1
2296,Dey Traders,Supermarket,5,16,42,Ludhiana,B,6646.41,4.0,1661.6025,6567.45,2.0,0.012022931274695664,1.0,-78.96000000000004,-2.0,2025-12-20,11,28.0,5.0,13.0,1.0,1.0,39.0,1.0,0.23333333333333334,0.0,0.0,0.0,0.0,6646.41,36810.64,18.055676293593372,6646.41,5_B,6391.82,1.0398305959804877,0.3647395388442666,0,0,0,1
2297,Grover Traders,Modern Trade,5,16,47,Chandigarh,C,10957.99,4.0,2739.4975,3384.16,2.0,2.2380236159046856,1.0,-7573.83,-2.0,2025-12-19,12,22.0,5.0,13.0,0.0,0.0,0.0,0.0,0.0,195.0,0.0,309.825641025641,0.0,10957.99,18948.5,57.830382352165074,0.0,5_C,1965.2,5.57601770812131,2.684930593758821,0,0,0,1
2298,Murty Retail,Supermarket,4,2,41,Kolkata,C,6180.61,4.0,1545.1525,4277.96,2.0,0.4447563792087817,1.0,-1902.6499999999996,-2.0,2025-12-29,2,28.0,5.0,13.0,3.0,2.0,27.333333333333332,0.6666666666666666,0.7000000000000001,0.0,0.0,0.0,0.0,6180.61,18687.57,33.07337444087165,2060.2033333333334,4_C,1263.49,4.89169680804755,1.0931706355866215,0,0,0,1
2299,Seshadri Traders,General Trade,2,29,9,Surat,C,938.85,1.0,938.85,3225.7400000000002,2.0,-0.7089505043803903,-0.5,2286.8900000000003,1.0,2025-12-05,26,14.0,5.0,9.0,2.0,0.0,31.5,0.0,0.4666666666666667,0.0,0.0,0.0,0.0,938.85,21656.65,4.335158023055274,469.425,2_C,1065.73,0.8809454552278719,-0.27512643897277367,0,1,0,1
2300,Bera Supermarket,General Trade,1,17,77,Ludhiana,C,326.56,1.0,326.56,1158.51,3.0,-0.7181206895063487,-0.6666666666666666,831.95,2.0,2025-12-25,6,6.0,3.0,5.0,1.0,1.0,35.0,1.0,0.23333333333333334,195.0,0.0,284.71794871794873,0.0,326.56,19387.21,1.6844094637650286,326.56,1_C,1475.75,0.22128409283415212,-0.09154836689478485,0,1,0,1
2301,Parmer Mart,General Trade,1,5,52,Lucknow,C,2569.39,1.0,2569.39,1107.51,1.0,1.3199700228440374,0.0,-1461.8799999999999,0.0,2025-12-14,17,15.0,5.0,11.0,1.0,1.0,26.0,1.0,0.23333333333333334,0.0,0.0,0.0,0.0,2569.39,18162.77,14.146465544627828,2569.39,1_C,1475.75,1.7410740301541587,1.9465423454556012,0,0,0,1
2302,Andra Retail,Convenience,3,18,67,Bengaluru,C,0.0,0.0,0.0,4244.36,1.0,-1.0,-1.0,4244.36,1.0,2025-11-28,33,6.0,4.0,6.0,1.0,1.0,22.0,1.0,0.23333333333333334,0.0,0.0,0.0,0.0,0.0,18042.73,0.0,0.0,3_C,1975.87,0.0,-0.6428182099114529,1,1,0,1
2303,Sundaram Supermarket,Convenience,8,14,34,Guwahati,B,4797.7699999999995,2.0,2398.8849999999998,0.0,0.0,,,-4797.7699999999995,-2.0,2025-12-31,0,8.0,4.0,7.0,3.0,1.0,33.333333333333336,0.3333333333333333,0.7000000000000001,0.0,0.0,0.0,0.0,4797.7699999999995,43376.9,11.060656708985658,1599.2566666666664,8_B,5652.47,0.8487917671389674,,0,0,0,1
2304,Deshpande Retail,Convenience,5,33,51,Ludhiana,B,6391.82,4.0,1597.955,11880.79,3.0,-0.4620037893103069,0.3333333333333333,5488.970000000001,-1.0,2025-12-28,3,33.0,5.0,13.0,0.0,0.0,0.0,0.0,0.0,0.0,0.0,0.0,0.0,6391.82,41288.54,15.480857400140572,0.0,5_B,6391.82,1.0,-0.10928718174073598,0,1,0,1
2305,Hayer Retail,General Trade,5,16,42,Chandigarh,C,2966.83,1.0,2966.83,0.0,0.0,,,-2966.83,-1.0,2025-12-02,29,5.0,4.0,5.0,1.0,0.0,22.0,0.0,0.23333333333333334,0.0,0.0,0.0,0.0,2966.83,16936.09,17.51779779157999,2966.83,5_C,1965.2,1.5096834927742722,,0,0,0,1
2306,Rajagopalan Traders,Supermarket,12,8,87,Bhubaneswar,A,26309.85,6.0,4384.974999999999,1616.93,1.0,15.271483614009263,5.0,-24692.92,-5.0,2025-12-31,0,34.0,5.0,14.0,3.0,2.0,24.0,0.6666666666666666,0.7000000000000001,0.0,0.0,0.0,0.0,26309.85,67654.69,38.88843478552632,8769.949999999999,12_A,24540.835,1.0720845480604062,15.141762092409325,0,0,0,1
2307,Tiwari General Store,Pharmacy,6,21,45,Mumbai,A,12198.38,1.0,12198.38,31194.57,4.0,-0.608958225742493,-0.75,18996.190000000002,3.0,2025-12-15,16,40.0,5.0,15.0,1.0,1.0,28.0,1.0,0.23333333333333334,0.0,0.0,0.0,0.0,18153.12,69404.42,26.155567613705294,12198.38,6_A,21985.86,0.5548284215400261,-0.6843577315128214,0,1,0,1
2308,Talwar Mart,Pharmacy,8,14,69,Guwahati,C,2111.6099999999997,2.0,1055.8049999999998,4956.05,2.0,-0.5739328699266554,0.0,2844.4400000000005,0.0,2025-12-15,16,22.0,5.0,12.0,2.0,1.0,37.0,0.5,0.4666666666666667,0.0,0.0,0.0,0.0,2111.6099999999997,17210.75,12.26913411675842,1055.8049999999998,8_C,1474.47,1.4321145903273715,-0.016188200997432567,0,1,0,1
2309,Rege Retail,Supermarket,5,22,17,Delhi,B,11686.8,2.0,5843.4,1463.05,1.0,6.987970335942039,1.0,-10223.75,-1.0,2025-12-29,2,29.0,5.0,15.0,2.0,2.0,18.0,1.0,0.4666666666666667,0.0,0.0,0.0,0.0,11686.8,35214.72,33.187258055722154,5843.4,5_B,6391.82,1.8283994230125378,7.34068694351161,0,0,0,1
2310,Swamy Supermarket,Supermarket,4,7,1,Kolkata,A,22237.399999999998,6.0,3706.233333333333,17618.6,5.0,0.2621547682562746,0.2,-4618.799999999999,-1.0,2025-12-31,0,35.0,5.0,15.0,1.0,0.0,28.0,0.0,0.23333333333333334,0.0,0.0,0.0,0.0,28491.829999999998,58875.12,48.39366781757727,22237.399999999998,4_A,22237.399999999998,1.0,0.1932545253102894,0,0,0,1
2311,Sagar Traders,Pharmacy,10,32,33,Pune,A,0.0,0.0,0.0,24904.97,3.0,-1.0,-1.0,24904.97,3.0,2025-11-29,32,35.0,5.0,14.0,1.0,1.0,38.0,1.0,0.23333333333333334,0.0,0.0,0.0,0.0,0.0,55598.72,0.0,0.0,10_A,24727.44,0.0,-1.1582003006615935,1,1,0,1
2312,Sawhney Traders,General Trade,7,28,79,Kochi,B,4970.59,3.0,1656.8633333333335,20197.27,7.0,-0.7538979277892507,-0.5714285714285714,15226.68,4.0,2025-12-30,1,32.0,5.0,13.0,4.0,2.0,22.25,0.5,0.9333333333333333,0.0,0.0,0.0,0.0,4970.59,37621.3,13.21216970173811,1242.6475,7_B,6107.09,0.8139048221002146,-0.5339699050163347,0,1,0,1
2313,Suresh Retail,Pharmacy,3,18,2,Hyderabad,B,16037.95,4.0,4009.4875,0.0,0.0,,,-16037.95,-4.0,2025-12-27,4,19.0,4.0,12.0,4.0,2.0,29.5,0.5,0.9333333333333333,0.0,0.0,0.0,0.0,16037.95,33106.58,48.443391011696164,4009.4875,3_B,5507.8,2.9118613602527326,,0,0,0,1
2314,Ganesh Retail,Supermarket,6,31,74,Surat,C,2785.97,1.0,2785.97,0.0,0.0,,,-2785.97,-1.0,2025-12-17,14,14.0,5.0,9.0,3.0,2.0,23.333333333333332,0.6666666666666666,0.7000000000000001,0.0,0.0,0.0,0.0,2785.97,17357.21,16.05079387758747,928.6566666666666,6_C,1535.8200000000002,1.8139951296375874,,0,0,0,1
2315,Butala Mart,Supermarket,12,35,78,Kolkata,B,6341.38,2.0,3170.69,7054.76,2.0,-0.10112037829777343,0.0,713.3800000000001,0.0,2025-12-29,2,20.0,5.0,13.0,0.0,0.0,0.0,0.0,0.0,0.0,0.0,0.0,0.0,6341.38,34146.13,18.57129929511778,0.0,12_B,6060.66,1.046318387766349,0.0,0,0,0,1
2316,Balasubramanian Retail,Supermarket,5,22,17,Jaipur,C,1656.21,1.0,1656.21,409.99,1.0,3.039635113051538,0.0,-1246.22,0.0,2025-12-04,27,5.0,2.0,3.0,3.0,2.0,30.333333333333332,0.6666666666666666,0.7000000000000001,0.0,0.0,0.0,0.0,1656.21,17124.96,9.671321860021862,552.07,5_C,1965.2,0.8427691837980867,3.4865420909056732,0,0,0,1
2317,Kannan General Store,General Trade,12,35,78,Guwahati,B,16317.89,5.0,3263.578,8242.33,4.0,0.9797666436553741,0.25,-8075.5599999999995,-1.0,2025-12-28,3,27.0,5.0,13.0,1.0,1.0,35.0,1.0,0.23333333333333334,0.0,0.0,0.0,0.0,16317.89,39662.83,41.14151713329583,16317.89,12_B,6060.66,2.692427887391802,1.0808870219531475,0,0,0,1
2318,Master Retail,Modern Trade,7,28,24,Bengaluru,A,11803.62,2.0,5901.81,23583.71,3.0,-0.49950113870972795,-0.3333333333333333,11780.089999999998,1.0,2025-12-07,24,34.0,5.0,13.0,0.0,0.0,0.0,0.0,0.0,0.0,0.0,0.0,0.0,11803.62,70544.98,16.732048120220604,0.0,7_A,22880.32,0.5158852673389184,-0.49551482292808546,0,1,0,1
2319,Bali Mart,Supermarket,4,13,62,Ranchi,B,3385.38,1.0,3385.38,2170.35,2.0,0.5598313636049487,-0.5,-1215.0300000000002,1.0,2025-12-22,9,14.0,4.0,8.0,5.0,4.0,27.4,0.8,1.1666666666666667,0.0,0.0,0.0,0.0,3385.38,41817.05,8.095693024735127,677.076,4_B,5210.49,0.6497239223182465,0.7510832922159018,0,0,0,1
2320,Maharaj General Store,General Trade,3,18,11,Chennai,B,11208.99,4.0,2802.2475,0.0,0.0,,,-11208.99,-4.0,2025-12-31,0,17.0,5.0,10.0,2.0,1.0,32.0,0.5,0.4666666666666667,0.0,0.0,0.0,0.0,11208.99,40654.7,27.57120332950434,5604.495,3_B,5507.8,2.0351120229492716,,0,0,0,1
2321,Kar Traders,General Trade,10,32,33,Nashik,C,3416.45,1.0,3416.45,2512.29,2.0,0.3598947573727555,-0.5,-904.1599999999999,1.0,2025-12-29,2,22.0,5.0,12.0,2.0,2.0,24.5,1.0,0.4666666666666667,0.0,0.0,0.0,0.0,3416.45,17380.1,19.65725168439767,1708.225,10_C,1784.86,1.9141277187006265,0.5371294541307345,0,0,0,1
2322,Yogi Supermarket,Pharmacy,3,18,2,Bengaluru,B,19624.15,5.0,3924.8300000000004,0.0,0.0,,,-19624.15,-5.0,2025-12-28,3,27.0,5.0,11.0,0.0,0.0,0.0,0.0,0.0,0.0,0.0,0.0,0.0,19624.15,38026.42,51.60661981853669,0.0,3_B,5507.8,3.5629743273176224,,0,0,0,1
2323,Mani Mart,Convenience,5,22,17,Jaipur,C,0.0,0.0,0.0,1464.32,1.0,-1.0,-1.0,1464.32,1.0,2025-11-22,39,9.0,4.0,5.0,3.0,1.0,26.333333333333332,0.3333333333333333,0.7000000000000001,0.0,0.0,0.0,0.0,0.0,19645.99,0.0,0.0,5_C,1965.2,0.0,-0.5530930221458649,1,1,0,1
2324,Ganguly Traders,Supermarket,3,18,2,Hyderabad,B,6211.400000000001,4.0,1552.8500000000001,14825.47,2.0,-0.5810318323803563,1.0,8614.07,-2.0,2025-12-28,3,31.0,5.0,13.0,1.0,0.0,26.0,0.0,0.23333333333333334,0.0,0.0,0.0,0.0,6211.400000000001,34876.84,17.809526321765393,6211.400000000001,3_B,5507.8,1.1277461055230764,-0.34168090308358123,0,1,0,1
2325,Shankar Mart,General Trade,6,21,10,Pune,C,872.29,1.0,872.29,0.0,0.0,,,-872.29,-1.0,2025-12-30,1,10.0,4.0,6.0,4.0,4.0,21.5,1.0,0.9333333333333333,0.0,0.0,0.0,0.0,872.29,16316.55,5.346044353738995,218.0725,6_C,1535.8200000000002,0.5679636936620176,,0,0,0,1
2326,Tandon Supermarket,Pharmacy,7,20,44,Chennai,B,3956.5,1.0,3956.5,12560.08,4.0,-0.6849940446239196,-0.75,8603.58,3.0,2025-12-25,6,30.0,5.0,13.0,0.0,0.0,0.0,0.0,0.0,0.0,0.0,0.0,0.0,3956.5,37267.94,10.616363555377625,0.0,7_B,6107.09,0.6478535603699962,-0.46506602185100354,0,1,0,1
2327,Vaidya Mart,Supermarket,5,22,71,Chandigarh,C,2540.2,3.0,846.7333333333332,2017.11,1.0,0.25932646211659255,2.0,-523.0899999999999,-2.0,2025-12-31,0,17.0,5.0,10.0,4.0,1.0,29.25,0.25,0.9333333333333333,0.0,0.0,0.0,0.0,2540.2,17947.44,14.15355058994486,635.05,5_C,1965.2,1.2925910848768571,0.7062334399707277,0,0,0,1
2328,Chowdhury Supermarket,Modern Trade,2,29,40,Pune,A,12509.31,3.0,4169.7699999999995,31981.840000000004,7.0,-0.6088620917370609,-0.5714285714285714,19472.530000000006,4.0,2025-12-22,9,39.0,5.0,15.0,6.0,3.0,22.333333333333332,0.5,1.4000000000000001,0.0,0.0,0.0,0.0,12509.31,55720.51,22.450099613230385,2084.8849999999998,2_A,21794.730000000003,0.5739603105888441,-0.7436357541177259,0,1,0,1
2329,Comar Traders,Supermarket,8,14,97,Patna,A,24231.73,3.0,8077.243333333333,14826.640000000001,5.0,0.6343372470094369,-0.4,-9405.089999999998,2.0,2025-12-11,20,41.0,5.0,14.0,2.0,2.0,31.5,1.0,0.4666666666666667,0.0,0.0,0.0,0.0,24231.73,74694.67,32.44104298204945,12115.865,8_A,21023.8,1.152585641035398,0.6529928289036767,0,0,0,1
2330,Loyal Mart,General Trade,4,2,60,Patna,C,1638.5,1.0,1638.5,3140.76,2.0,-0.47831098205529876,-0.5,1502.2600000000002,1.0,2025-12-16,15,14.0,4.0,9.0,6.0,2.0,23.666666666666668,0.3333333333333333,1.4000000000000001,0.0,0.0,0.0,0.0,1638.5,18652.49,8.784349971505144,273.0833333333333,4_C,1263.49,1.2968048817165154,0.17010327432254113,0,1,0,1
2331,Peri Supermarket,Convenience,12,8,92,Ranchi,B,0.0,0.0,0.0,0.0,0.0,,,0.0,0.0,2025-10-22,70,13.0,5.0,10.0,1.0,0.0,36.0,0.0,0.23333333333333334,0.0,0.0,0.0,0.0,0.0,41567.31,0.0,0.0,12_B,6060.66,0.0,,1,0,0,1
2332,Barman General Store,Pharmacy,3,23,88,Coimbatore,C,0.0,0.0,0.0,2680.99,1.0,-1.0,-1.0,2680.99,1.0,2025-11-14,47,7.0,4.0,6.0,2.0,1.0,17.0,0.5,0.4666666666666667,0.0,0.0,0.0,0.0,0.0,20896.65,0.0,0.0,3_C,1975.87,0.0,-0.6428182099114529,1,1,0,1
2333,Sastry Mart,Pharmacy,4,1,32,Patna,C,6747.51,3.0,2249.17,0.0,0.0,,,-6747.51,-3.0,2025-12-25,6,14.0,5.0,9.0,2.0,0.0,27.0,0.0,0.4666666666666667,0.0,0.0,0.0,0.0,6747.51,18680.94,36.119756286353905,3373.755,4_C,1263.49,5.340374676491306,,0,0,0,1
2334,Kamdar General Store,Pharmacy,8,14,69,Ranchi,C,2740.41,2.0,1370.205,1902.42,1.0,0.44048632794020237,1.0,-837.9899999999998,-1.0,2025-12-21,10,18.0,5.0,9.0,1.0,1.0,25.0,1.0,0.23333333333333334,0.0,0.0,0.0,0.0,2740.41,21823.05,12.557410627753681,2740.41,8_C,1474.47,1.8585729109442715,0.9982309968694252,0,0,0,1
2335,Sandal Traders,Modern Trade,4,2,8,Kolkata,C,0.0,0.0,0.0,1978.04,1.0,-1.0,-1.0,1978.04,1.0,2025-11-14,47,11.0,4.0,9.0,1.0,1.0,29.0,1.0,0.23333333333333334,0.0,0.0,0.0,0.0,0.0,16835.93,0.0,0.0,4_C,1263.49,0.0,-0.3515857436221601,1,1,0,1
2336,Chaudry Mart,Supermarket,4,1,25,Kolkata,B,2953.61,2.0,1476.805,5842.46,2.0,-0.4944578140030056,0.0,2888.85,0.0,2025-12-14,17,16.0,5.0,9.0,2.0,1.0,34.0,0.5,0.4666666666666667,0.0,0.0,0.0,0.0,2953.61,37604.35,7.854437053160074,1476.805,4_B,5210.49,0.5668583952756843,-0.3032058853920525,0,1,0,1
2337,Kota Retail,Modern Trade,9,3,35,Ludhiana,C,14309.470000000001,5.0,2861.8940000000002,4724.66,2.0,2.028677195819382,1.5,-9584.810000000001,-3.0,2025-12-27,4,33.0,5.0,13.0,2.0,1.0,33.0,0.5,0.4666666666666667,0.0,0.0,0.0,0.0,14309.470000000001,20254.08,70.64981475337315,7154.735000000001,9_C,1106.01,12.937920995289375,2.5235735977022573,0,0,0,1
2338,Mishra Traders,Pharmacy,9,3,95,Delhi,B,2983.44,1.0,2983.44,5225.860000000001,3.0,-0.429100664770966,-0.6666666666666666,2242.4200000000005,2.0,2025-12-22,9,16.0,5.0,9.0,1.0,1.0,20.0,1.0,0.23333333333333334,0.0,0.0,0.0,0.0,2983.44,40393.52,7.3859371503152,2983.44,9_B,5894.43,0.5061456324021152,-0.2539543893665981,0,1,0,1
2339,Bali Retail,Supermarket,8,36,55,Patna,C,0.0,0.0,0.0,3294.47,1.0,-1.0,-1.0,3294.47,1.0,2025-11-12,49,12.0,5.0,10.0,1.0,0.0,32.0,0.0,0.23333333333333334,0.0,0.0,0.0,0.0,0.0,19517.63,0.0,0.0,8_C,1474.47,0.0,-0.4422553310707772,1,1,0,1
2340,Sengupta Supermarket,Modern Trade,8,14,34,Patna,B,15387.67,5.0,3077.534,7298.24,2.0,1.1084083285833297,1.5,-8089.43,-3.0,2025-12-31,0,34.0,5.0,13.0,1.0,1.0,17.0,1.0,0.23333333333333334,0.0,0.0,0.0,0.0,15387.67,36720.67,41.9046547897955,15387.67,8_B,5652.47,2.7222913168933225,1.2890166455732315,0,0,0,1
2341,Lall Mart,Pharmacy,2,29,9,Surat,C,6239.01,2.0,3119.505,4527.87,2.0,0.3779127934326737,0.0,-1711.1400000000003,0.0,2025-12-13,18,15.0,5.0,11.0,2.0,2.0,33.5,1.0,0.4666666666666667,0.0,0.0,0.0,0.0,8134.04,17076.11,47.63403374656171,3119.505,2_C,1065.73,5.854212605444156,0.8117368588402903,0,0,0,1
2342,Pall Supermarket,General Trade,3,18,83,Hyderabad,B,10457.2,3.0,3485.7333333333336,0.0,0.0,,,-10457.2,-3.0,2025-12-28,3,15.0,5.0,10.0,1.0,0.0,10.0,0.0,0.23333333333333334,0.0,0.0,0.0,0.0,10457.2,40451.22,25.851383468780426,10457.2,3_B,5507.8,1.898616507498457,,0,0,0,1
2343,Chahal Traders,Convenience,12,35,66,Patna,C,3942.77,2.0,1971.385,924.92,1.0,3.26282273061454,1.0,-3017.85,-1.0,2025-12-18,13,19.0,5.0,11.0,2.0,2.0,30.5,1.0,0.4666666666666667,195.0,0.0,300.4923076923077,0.0,3942.77,19254.34,20.47730537634632,1971.385,12_C,1525.54,2.5845077808513706,3.851257906063385,0,0,0,1
2344,Sarna Supermarket,General Trade,7,20,68,Coimbatore,C,4745.28,4.0,1186.32,6963.13,2.0,-0.3185133697058651,1.0,2217.8500000000004,-2.0,2025-12-28,3,17.0,5.0,11.0,2.0,0.0,22.5,0.0,0.4666666666666667,195.0,0.0,287.9948717948718,0.0,4745.28,16745.4,28.337812175283954,2372.64,7_C,1610.4699999999998,2.9465187181381833,0.12920101555759755,0,1,0,1
2345,Dalal General Store,Supermarket,2,26,75,Pune,C,1264.97,1.0,1264.97,3456.19,1.0,-0.633998709561685,0.0,2191.2200000000003,0.0,2025-12-05,26,14.0,4.0,8.0,3.0,3.0,22.0,1.0,0.7000000000000001,0.0,0.0,0.0,0.0,1264.97,21778.76,5.808273749286002,421.6566666666667,2_C,1065.73,1.186951666932525,-0.20017464415406838,0,1,0,1
2346,Khalsa General Store,Convenience,1,17,49,Jaipur,A,24116.04,2.0,12058.02,20030.760000000002,3.0,0.20395032440107108,-0.3333333333333333,-4085.279999999999,1.0,2025-12-31,0,28.0,5.0,13.0,4.0,4.0,28.75,1.0,0.9333333333333333,0.0,0.0,0.0,0.0,24116.04,68181.0,35.37061644739737,6029.01,1_A,22934.37,1.0515239790759459,0.11561785019860961,0,0,0,1
2347,Kadakia Mart,Convenience,1,17,23,Chandigarh,A,33524.229999999996,8.0,4190.5287499999995,12375.68,2.0,1.7088798352898584,3.0,-21148.549999999996,-6.0,2025-12-26,5,34.0,5.0,14.0,4.0,4.0,25.75,1.0,0.9333333333333333,0.0,0.0,0.0,0.0,33524.229999999996,64485.04,51.98760828868214,8381.057499999999,1_A,22934.37,1.4617462786202542,1.620547361087397,0,0,0,1
2348,Panchal General Store,Modern Trade,3,18,67,Chennai,B,24465.489999999998,4.0,6116.3724999999995,0.0,0.0,,,-24465.489999999998,-4.0,2025-12-26,5,25.0,5.0,13.0,3.0,2.0,29.666666666666668,0.6666666666666666,0.7000000000000001,0.0,0.0,0.0,0.0,24465.489999999998,40205.43,60.85120840642669,8155.163333333333,3_B,5507.8,4.441971386034351,,0,0,0,1
2349,Sangha Mart,Convenience,5,22,71,Lucknow,A,31500.45,5.0,6300.09,29657.26,4.0,0.06214970634509063,0.25,-1843.1900000000023,-1.0,2025-12-25,6,33.0,5.0,12.0,1.0,0.0,21.0,0.0,0.23333333333333334,0.0,0.0,0.0,0.0,36331.05,66942.86,54.27173263885051,31500.45,5_A,23936.755,1.315986648983958,0.06139073435880414,0,0,0,1
2350,Gandhi Mart,Modern Trade,8,14,7,Guwahati,C,2665.95,2.0,1332.975,4219.68,2.0,-0.3682103856216586,0.0,1553.7300000000005,0.0,2025-12-26,5,17.0,5.0,12.0,1.0,0.0,22.0,0.0,0.23333333333333334,195.0,0.0,282.33846153846156,0.0,2665.95,17170.38,15.526447288877703,2665.95,8_C,1474.47,1.8080734094284725,0.18953428330756422,0,1,0,1
2351,Dewan General Store,General Trade,3,18,2,Chennai,B,11381.82,4.0,2845.455,10000.41,4.0,0.1381353364512055,0.0,-1381.4099999999999,0.0,2025-12-29,2,25.0,5.0,11.0,4.0,2.0,35.5,0.5,0.9333333333333333,0.0,0.0,0.0,0.0,12781.02,42029.2,30.409857908311366,2845.455,3_B,5507.8,2.0664911579941174,0.37748626574798055,0,0,0,1
2352,Jhaveri General Store,Convenience,11,9,56,Kochi,A,46532.96,7.0,6647.565714285714,18709.44,5.0,1.4871380436827613,0.4,-27823.52,-2.0,2025-12-26,5,41.0,5.0,14.0,3.0,1.0,17.0,0.3333333333333333,0.7000000000000001,0.0,0.0,0.0,0.0,46532.96,61205.52,76.02739099349209,15510.986666666666,11_A,26805.28,1.7359624670960347,0.8180048858095348,0,0,0,1
2353,Jhaveri General Store,General Trade,12,8,87,Ranchi,C,0.0,0.0,0.0,2626.6,2.0,-1.0,-1.0,2626.6,2.0,2025-11-11,50,9.0,4.0,8.0,0.0,0.0,0.0,0.0,0.0,0.0,0.0,0.0,0.0,0.0,19614.84,0.0,0.0,12_C,1525.54,0.0,-0.41156482455115484,1,1,0,1
2354,Bhargava Retail,General Trade,4,13,48,Ranchi,C,0.0,0.0,0.0,0.0,0.0,,,0.0,0.0,2025-10-29,63,4.0,2.0,2.0,7.0,6.0,25.0,0.8571428571428571,1.6333333333333333,0.0,0.0,0.0,0.0,0.0,16259.64,0.0,0.0,4_C,1263.49,0.0,,1,0,0,1
2355,Panchal General Store,Convenience,2,26,38,Ahmedabad,C,0.0,0.0,0.0,7219.66,3.0,-1.0,-1.0,7219.66,3.0,2025-11-15,46,15.0,5.0,10.0,0.0,0.0,0.0,0.0,0.0,0.0,0.0,0.0,0.0,0.0,17049.38,0.0,0.0,2_C,1065.73,0.0,-0.5661759345923834,1,1,0,1
2356,Walia Supermarket,Modern Trade,12,19,36,Ranchi,C,0.0,0.0,0.0,2297.44,1.0,-1.0,-1.0,2297.44,1.0,2025-11-05,56,12.0,5.0,9.0,3.0,1.0,30.666666666666668,0.3333333333333333,0.7000000000000001,0.0,0.0,0.0,0.0,0.0,21846.46,0.0,0.0,12_C,1525.54,0.0,-0.41156482455115484,1,1,0,1
2357,Mand Mart,General Trade,4,2,41,Kolkata,A,9155.22,2.0,4577.61,17067.43,2.0,-0.4635853201097061,0.0,7912.210000000001,0.0,2025-12-24,7,25.0,5.0,11.0,3.0,3.0,31.0,1.0,0.7000000000000001,0.0,0.0,0.0,0.0,9155.22,55268.55,16.564972303416678,3051.74,4_A,22237.399999999998,0.4117037063685503,-0.5324855630556913,0,1,0,1
2358,Yohannan Retail,Supermarket,4,7,1,Patna,C,5521.55,3.0,1840.5166666666667,3568.14,3.0,0.5474589001552631,0.0,-1953.4100000000003,0.0,2025-12-17,14,21.0,5.0,11.0,4.0,3.0,19.25,0.75,0.9333333333333333,0.0,0.0,0.0,0.0,5521.55,21356.14,25.854625414517795,1380.3875,4_C,1263.49,4.370078116961749,1.195873156533103,0,0,0,1
2359,Ganguly General Store,Pharmacy,6,21,10,Ahmedabad,A,26008.120000000003,5.0,5201.624000000001,36882.22,6.0,-0.2948331201321395,-0.16666666666666666,10874.099999999999,1.0,2025-12-31,0,45.0,5.0,15.0,1.0,1.0,26.0,1.0,0.23333333333333334,195.0,0.0,64.93333333333334,0.0,35168.98,57422.68,61.245800439826226,26008.120000000003,6_A,21985.86,1.182947585402618,-0.37023262590246786,0,1,0,1
2360,Naik General Store,Pharmacy,8,36,55,Patna,A,41659.85,7.0,5951.407142857142,11369.26,2.0,2.664253434260453,2.5,-30290.589999999997,-5.0,2025-12-31,0,39.0,5.0,14.0,0.0,0.0,0.0,0.0,0.0,0.0,0.0,0.0,0.0,41659.85,68641.56,60.69187530120236,0.0,8_A,21023.8,1.9815566167866894,2.6829090161546927,0,0,0,1
2361,Master Mart,Supermarket,3,18,91,Bengaluru,C,2671.7200000000003,2.0,1335.8600000000001,5495.4400000000005,3.0,-0.513829647853493,-0.3333333333333333,2823.7200000000003,1.0,2025-12-25,6,19.0,5.0,13.0,2.0,2.0,38.5,1.0,0.4666666666666667,0.0,0.0,0.0,0.0,2671.7200000000003,20714.8,12.897638403460329,1335.8600000000001,3_C,1975.87,1.3521739790573268,-0.15664785776494594,0,1,0,1
2362,Mann Supermarket,Supermarket,7,20,13,Kochi,C,1368.44,1.0,1368.44,0.0,0.0,,,-1368.44,-1.0,2025-12-17,14,3.0,3.0,3.0,1.0,0.0,26.0,0.0,0.23333333333333334,195.0,0.0,299.4512820512821,0.0,1368.44,19424.33,7.04497915758227,1368.44,7_C,1610.4699999999998,0.8497146795655928,,0,0,0,1
2363,Loke Supermarket,Modern Trade,7,28,79,Bengaluru,B,0.0,0.0,0.0,7981.24,1.0,-1.0,-1.0,7981.24,1.0,2025-11-08,53,11.0,5.0,8.0,2.0,1.0,34.5,0.5,0.4666666666666667,0.0,0.0,0.0,0.0,0.0,41059.36,0.0,0.0,7_B,6107.09,0.0,-0.780071977227084,1,1,0,1
2364,Varkey Supermarket,Convenience,5,22,71,Jaipur,B,5739.09,2.0,2869.545,12562.85,5.0,-0.5431697425345363,-0.6,6823.76,3.0,2025-12-28,3,29.0,5.0,14.0,2.0,2.0,19.0,1.0,0.4666666666666667,0.0,0.0,0.0,0.0,5739.09,39982.83,14.353886405739663,2869.545,5_B,6391.82,0.8978804159065806,-0.1904531349649654,0,1,0,1
2365,Chandran Supermarket,Pharmacy,12,19,59,Kolkata,B,6385.39,3.0,2128.4633333333336,5344.13,1.0,0.19484181709651527,2.0,-1041.2600000000002,-2.0,2025-12-22,9,15.0,5.0,10.0,5.0,3.0,22.2,0.6,1.1666666666666667,0.0,0.0,0.0,0.0,6385.39,42409.75,15.056419809124083,1277.078,12_B,6060.66,1.0535799731382391,0.2959621953942887,0,0,0,1
2366,Deshmukh Traders,Convenience,9,11,73,Delhi,B,6632.41,3.0,2210.8033333333333,13963.91,3.0,-0.5250320289947443,0.0,7331.5,0.0,2025-12-26,5,23.0,5.0,11.0,4.0,2.0,24.25,0.5,0.9333333333333333,0.0,0.0,0.0,0.0,6632.41,36288.24,18.277023079653354,1658.1025,9_B,5894.43,1.12519955279815,-0.34988575359037644,0,1,0,1
2367,Sabharwal General Store,Convenience,8,36,55,Bhubaneswar,B,0.0,0.0,0.0,519.46,1.0,-1.0,-1.0,519.46,1.0,2025-11-12,49,14.0,4.0,9.0,2.0,0.0,31.5,0.0,0.4666666666666667,0.0,0.0,0.0,0.0,0.0,33114.53,0.0,0.0,8_B,5652.47,0.0,-0.8193916830100983,1,1,0,1
2368,Bhargava General Store,Modern Trade,5,16,31,Jaipur,A,12595.289999999999,3.0,4198.429999999999,22259.45,5.0,-0.43415987367163167,-0.4,9664.160000000002,2.0,2025-12-10,21,22.0,5.0,12.0,4.0,3.0,28.75,0.75,0.9333333333333333,0.0,0.0,0.0,0.0,12595.289999999999,71034.73,17.731171780338997,3148.8224999999998,5_A,23936.755,0.526190371251241,-0.43491884565791816,0,1,0,1
2369,Malhotra Mart,Pharmacy,12,19,59,Guwahati,C,3171.05,1.0,3171.05,859.75,1.0,2.688339633614423,0.0,-2311.3,0.0,2025-12-27,4,12.0,5.0,8.0,0.0,0.0,0.0,0.0,0.0,0.0,0.0,0.0,0.0,3171.05,16549.47,19.161036577002164,0.0,12_C,1525.54,2.0786410058077798,3.2767748090632685,0,0,0,1
2370,Date Mart,General Trade,4,7,1,Guwahati,B,2824.66,2.0,1412.33,4112.1,2.0,-0.31308577126042664,0.0,1287.4400000000005,0.0,2025-12-20,11,8.0,5.0,7.0,5.0,3.0,34.2,0.6,1.1666666666666667,0.0,0.0,0.0,0.0,2824.66,43296.4,6.5240066148686715,564.932,4_B,5210.49,0.5421102429905824,-0.12183384264947358,0,1,0,1
2371,Deo Traders,Supermarket,4,2,41,Kolkata,B,4154.52,2.0,2077.26,2505.47,1.0,0.6581799023736069,1.0,-1649.0500000000006,-1.0,2025-12-21,10,18.0,5.0,10.0,2.0,1.0,14.0,0.5,0.4666666666666667,0.0,0.0,0.0,0.0,4154.52,32929.6,12.616369466984114,2077.26,4_B,5210.49,0.7973376784141224,0.84943183098456,0,0,0,1
2372,Krish Mart,General Trade,10,32,63,Ahmedabad,B,621.56,1.0,621.56,6495.29,1.0,-0.9043060433021466,0.0,5873.73,0.0,2025-12-02,29,12.0,3.0,6.0,2.0,1.0,26.0,0.5,0.4666666666666667,195.0,0.0,208.67179487179487,0.0,7116.85,34180.68,20.821265112338317,310.78,10_B,6269.79,0.09913569672987452,-0.7293954632994971,0,1,0,1
2373,Dhingra Supermarket,Convenience,5,22,71,Jaipur,B,6129.47,4.0,1532.3675,3781.44,3.0,0.6209354108487772,0.3333333333333333,-2348.03,-1.0,2025-12-25,6,30.0,5.0,12.0,1.0,1.0,34.0,1.0,0.23333333333333334,0.0,0.0,0.0,0.0,6129.47,39437.78,15.542127371266842,6129.47,5_B,6391.82,0.9589553523096709,0.9736520184183481,0,0,0,1
2374,Nagy Traders,Supermarket,1,17,23,Jaipur,A,7832.9800000000005,3.0,2610.9933333333333,12471.78,3.0,-0.37194370009733974,0.0,4638.8,0.0,2025-12-28,3,15.0,5.0,11.0,6.0,2.0,22.666666666666668,0.3333333333333333,1.4000000000000001,0.0,0.0,0.0,0.0,7832.9800000000005,66527.31,11.774081952208801,1305.4966666666667,1_A,22934.37,0.34153892171444,-0.4602761742998012,0,1,0,1
2375,Kota Retail,Supermarket,3,18,91,Hyderabad,C,2471.61,1.0,2471.61,4406.77,1.0,-0.4391334242540455,0.0,1935.1600000000003,0.0,2025-12-26,5,11.0,5.0,8.0,0.0,0.0,0.0,0.0,0.0,0.0,0.0,0.0,0.0,2471.61,18407.24,13.427379661481027,0.0,3_C,1975.87,1.2508970731880136,-0.08195163416549839,0,1,0,1
2376,Ramaswamy General Store,Supermarket,6,21,45,Ahmedabad,B,7243.16,2.0,3621.58,9149.029999999999,2.0,-0.20831388682734664,0.0,1905.869999999999,0.0,2025-12-31,0,27.0,5.0,15.0,2.0,1.0,39.0,0.5,0.4666666666666667,0.0,0.0,0.0,0.0,7243.16,38668.57,18.731388308385853,3621.58,6_B,5118.745000000001,1.4150265348244537,0.0609751738942641,0,1,0,1
2377,Suri Retail,Pharmacy,6,31,74,Pune,A,8995.98,3.0,2998.66,75011.89,10.0,-0.8800726124885002,-0.7,66015.91,7.0,2025-12-23,8,42.0,5.0,13.0,3.0,2.0,38.666666666666664,0.6666666666666666,0.7000000000000001,0.0,0.0,0.0,0.0,8995.98,67806.11,13.267211465161472,2998.66,6_A,21985.86,0.40917116728661057,-0.9554721182588286,0,1,0,1
2378,Dhar Traders,Modern Trade,10,15,94,Mumbai,A,17547.89,4.0,4386.9725,15561.14,3.0,0.12767380796008518,0.3333333333333333,-1986.75,-1.0,2025-12-19,12,29.0,5.0,14.0,1.0,1.0,12.0,1.0,0.23333333333333334,0.0,0.0,0.0,0.0,17547.89,61159.43,28.692043074959983,17547.89,10_A,24727.44,0.709652515585924,-0.030526492701508284,0,0,0,1
2379,Luthra Mart,Modern Trade,12,19,36,Kolkata,B,2082.46,1.0,2082.46,0.0,0.0,,,-2082.46,-1.0,2025-12-22,9,11.0,4.0,6.0,1.0,0.0,25.0,0.0,0.23333333333333334,195.0,0.0,226.32820512820513,0.0,2082.46,41040.65,5.074139907628169,2082.46,12_B,6060.66,0.3436028419347068,,0,0,0,1
2380,Sachdeva Supermarket,Supermarket,6,25,65,Pune,C,1473.34,1.0,1473.34,5859.43,3.0,-0.748552333588762,-0.6666666666666666,4386.09,2.0,2025-12-14,17,20.0,5.0,13.0,2.0,1.0,24.0,0.5,0.4666666666666667,0.0,0.0,0.0,0.0,1473.34,18584.58,7.9277551604609835,736.67,6_C,1535.8200000000002,0.9593181492622832,-0.23866899344040948,0,1,0,1
2381,Prashad Supermarket,Convenience,4,7,1,Kolkata,A,2017.44,1.0,2017.44,49261.97,7.0,-0.9590467047907341,-0.8571428571428571,47244.53,6.0,2025-12-25,6,50.0,5.0,15.0,0.0,0.0,0.0,0.0,0.0,0.0,0.0,0.0,0.0,2017.44,59766.43,3.3755404162503937,0.0,4_A,22237.399999999998,0.0907228363028052,-1.0279469477367194,0,1,0,1
2382,Seth Traders,General Trade,5,16,31,Delhi,A,42774.8,6.0,7129.133333333334,18349.149999999998,5.0,1.3311597539940547,0.2,-24425.650000000005,-1.0,2025-12-30,1,49.0,5.0,15.0,2.0,1.0,18.5,0.5,0.4666666666666667,0.0,0.0,0.0,0.0,42774.8,73028.91,58.572420155250846,21387.4,5_A,23936.755,1.7869924306782603,1.3304007820077683,0,0,0,1
2383,Borra Retail,Convenience,4,7,1,Ranchi,A,14935.56,5.0,2987.112,19790.67,3.0,-0.24532317501125525,0.6666666666666666,4855.109999999999,-2.0,2025-12-28,3,28.0,5.0,12.0,2.0,0.0,23.0,0.0,0.4666666666666667,195.0,1.0,68.2102564102564,0.005128205128205128,14935.56,70626.3,21.147306315069596,7467.78,4_A,22237.399999999998,0.6716414688767572,-0.31422341795724046,0,1,0,1
2384,Chander General Store,Convenience,4,13,12,Kolkata,C,2665.42,1.0,2665.42,0.0,0.0,,,-2665.42,-1.0,2025-12-03,28,15.0,5.0,9.0,0.0,0.0,0.0,0.0,0.0,0.0,0.0,0.0,0.0,2665.42,17305.15,15.402466895692902,0.0,4_C,1263.49,2.109569525678874,,0,0,0,1
2385,Rau Traders,General Trade,9,11,85,Delhi,B,2265.73,1.0,2265.73,0.0,0.0,,,-2265.73,-1.0,2025-12-23,8,4.0,2.0,4.0,2.0,2.0,21.0,1.0,0.4666666666666667,0.0,0.0,0.0,0.0,2265.73,37573.83,6.030074655684555,1132.865,9_B,5894.43,0.3843849193221397,,0,0,0,1
2386,Varma Supermarket,Modern Trade,12,10,30,Ranchi,A,21617.39,3.0,7205.796666666666,12189.259999999998,2.0,0.7734784556240496,0.5,-9428.130000000001,-1.0,2025-12-24,7,43.0,5.0,15.0,2.0,2.0,35.0,1.0,0.4666666666666667,0.0,0.0,0.0,0.0,21617.39,62004.79,34.864064534369035,10808.695,12_A,24540.835,0.8808742652807046,0.643756934024112,0,0,0,1
2387,Mall General Store,General Trade,11,9,56,Coimbatore,B,6393.08,2.0,3196.54,0.0,0.0,,,-6393.08,-2.0,2025-12-19,12,8.0,4.0,6.0,1.0,1.0,17.0,1.0,0.23333333333333334,0.0,0.0,0.0,0.0,6393.08,37781.98,16.920976613719024,6393.08,11_B,5734.650000000001,1.1148160742155144,,0,0,0,1
2388,Pillay Retail,Convenience,4,13,12,Guwahati,C,0.0,0.0,0.0,1473.3200000000002,2.0,-1.0,-1.0,1473.3200000000002,2.0,2025-11-14,47,6.0,4.0,6.0,2.0,1.0,14.0,0.5,0.4666666666666667,0.0,0.0,0.0,0.0,0.0,21207.38,0.0,0.0,4_C,1263.49,0.0,-0.3515857436221601,1,1,0,1
2389,Sha Supermarket,Pharmacy,3,18,83,Chennai,C,481.54,1.0,481.54,0.0,0.0,,,-481.54,-1.0,2025-12-15,16,1.0,1.0,1.0,1.0,1.0,11.0,1.0,0.23333333333333334,0.0,0.0,0.0,0.0,481.54,19565.79,2.461132415302423,481.54,3_C,1975.87,0.2437103655604873,,0,0,0,1
2390,Sura Retail,Supermarket,12,19,53,Patna,A,32038.97,5.0,6407.794,15124.22,2.0,1.1183882540719456,1.5,-16914.75,-3.0,2025-12-31,0,29.0,5.0,13.0,1.0,0.0,16.0,0.0,0.23333333333333334,0.0,0.0,0.0,0.0,32038.97,74727.28,42.87452989055671,32038.97,12_A,24540.835,1.3055370772836377,0.9886667324720081,0,0,0,1
2391,Narang Supermarket,Modern Trade,10,15,94,Mumbai,C,2034.86,2.0,1017.43,0.0,0.0,,,-2034.86,-2.0,2025-12-27,4,3.0,3.0,3.0,1.0,1.0,27.0,1.0,0.23333333333333334,0.0,0.0,0.0,0.0,2034.86,19087.02,10.660962266503624,2034.86,10_C,1784.86,1.1400670080566544,,0,0,0,1
2392,Agate General Store,General Trade,8,14,69,Kolkata,B,3571.56,2.0,1785.78,0.0,0.0,,,-3571.56,-2.0,2025-12-11,20,11.0,5.0,9.0,2.0,1.0,27.5,0.5,0.4666666666666667,0.0,0.0,0.0,0.0,3571.56,33453.74,10.676115734742963,1785.78,8_B,5652.47,0.6318582849621492,,0,0,0,1
2393,Chander Traders,Modern Trade,10,15,100,Nashik,C,0.0,0.0,0.0,0.0,0.0,,,0.0,0.0,2025-10-20,72,4.0,4.0,4.0,1.0,1.0,41.0,1.0,0.23333333333333334,0.0,0.0,0.0,0.0,0.0,17863.25,0.0,0.0,10_C,1784.86,0.0,,1,0,0,1
2394,Shanker Supermarket,Modern Trade,7,12,28,Hyderabad,B,0.0,0.0,0.0,17044.54,3.0,-1.0,-1.0,17044.54,3.0,2025-11-21,40,12.0,4.0,7.0,4.0,3.0,20.75,0.75,0.9333333333333333,195.0,0.0,204.66153846153847,0.0,0.0,33425.28,0.0,0.0,7_B,6107.09,0.0,-0.780071977227084,1,1,0,1
2395,Parmar Retail,Convenience,7,20,68,Bengaluru,B,1797.53,1.0,1797.53,5867.799999999999,2.0,-0.693662019837077,-0.5,4070.2699999999995,1.0,2025-12-22,9,12.0,4.0,7.0,0.0,0.0,0.0,0.0,0.0,0.0,0.0,0.0,0.0,1797.53,40994.14,4.384846224362799,0.0,7_B,6107.09,0.29433494512116243,-0.47373399706416097,0,1,0,1
2396,Bhatnagar Retail,Supermarket,4,1,25,Guwahati,B,6662.43,2.0,3331.215,15185.7,5.0,-0.5612694837906715,-0.6,8523.27,3.0,2025-12-07,24,22.0,5.0,11.0,1.0,0.0,10.0,0.0,0.23333333333333334,0.0,0.0,0.0,0.0,6662.43,34286.2,19.43181221599361,6662.43,4_B,5210.49,1.278657093670653,-0.37001755517971846,0,1,0,1
2397,Warrior Mart,Pharmacy,4,1,39,Bhubaneswar,B,0.0,0.0,0.0,14795.419999999998,3.0,-1.0,-1.0,14795.419999999998,3.0,2025-11-06,55,30.0,5.0,14.0,1.0,1.0,41.0,1.0,0.23333333333333334,0.0,0.0,0.0,0.0,0.0,37856.03,0.0,0.0,4_B,5210.49,0.0,-0.8087480713890469,1,1,0,1
2398,Rao Supermarket,General Trade,4,1,39,Ranchi,C,0.0,0.0,0.0,3101.07,2.0,-1.0,-1.0,3101.07,2.0,2025-11-16,45,16.0,5.0,9.0,1.0,1.0,15.0,1.0,0.23333333333333334,0.0,0.0,0.0,0.0,0.0,20597.69,0.0,0.0,4_C,1263.49,0.0,-0.3515857436221601,1,1,0,1
2399,Kamdar Traders,Convenience,12,19,36,Kolkata,B,0.0,0.0,0.0,8224.36,4.0,-1.0,-1.0,8224.36,4.0,2025-11-21,40,17.0,5.0,10.0,3.0,1.0,21.0,0.3333333333333333,0.7000000000000001,0.0,0.0,0.0,0.0,0.0,40143.8,0.0,0.0,12_B,6060.66,0.0,-0.8988796217022266,1,1,0,1
2400,Sanghvi General Store,Convenience,10,4,21,Pune,C,377.03,1.0,377.03,0.0,0.0,,,-377.03,-1.0,2025-12-17,14,1.0,1.0,1.0,3.0,1.0,27.333333333333332,0.3333333333333333,0.7000000000000001,0.0,0.0,0.0,0.0,377.03,19952.62,1.8896265252382896,125.67666666666666,10_C,1784.86,0.21123785619040147,,0,0,0,1
2401,Kakar Retail,General Trade,6,31,14,Mumbai,B,0.0,0.0,0.0,6890.58,2.0,-1.0,-1.0,6890.58,2.0,2025-11-13,48,27.0,5.0,14.0,0.0,0.0,0.0,0.0,0.0,0.0,0.0,0.0,0.0,0.0,33448.46,0.0,0.0,6_B,5118.745000000001,0.0,-0.7307109392783893,1,1,0,1
2402,Talwar Traders,Convenience,7,20,13,Bengaluru,C,0.0,0.0,0.0,0.0,0.0,,,0.0,0.0,2025-10-24,68,5.0,2.0,4.0,2.0,1.0,11.0,0.5,0.4666666666666667,0.0,0.0,0.0,0.0,0.0,16965.29,0.0,0.0,7_C,1610.4699999999998,0.0,,1,0,0,1
2403,Loyal Retail,Pharmacy,1,17,3,Jaipur,B,0.0,0.0,0.0,12828.82,2.0,-1.0,-1.0,12828.82,2.0,2025-11-19,42,15.0,5.0,10.0,1.0,0.0,36.0,0.0,0.23333333333333334,0.0,0.0,0.0,0.0,0.0,34643.98,0.0,0.0,1_B,5467.655000000001,0.0,-0.997952761758501,1,1,0,1
2404,Naidu Supermarket,Supermarket,4,2,22,Kolkata,B,8184.389999999999,3.0,2728.1299999999997,6816.53,3.0,0.2006680818539638,0.0,-1367.8599999999997,0.0,2025-12-19,12,25.0,5.0,11.0,2.0,0.0,15.0,0.0,0.4666666666666667,195.0,0.0,213.27179487179487,0.0,8184.389999999999,38343.71,21.34480466287691,4092.1949999999997,4_B,5210.49,1.5707524628201954,0.39192001046491687,0,0,0,1
2405,Mander General Store,General Trade,5,33,90,Delhi,C,4626.719999999999,2.0,2313.3599999999997,3567.77,3.0,0.2968100522174914,-0.3333333333333333,-1058.9499999999994,1.0,2025-12-11,20,16.0,5.0,7.0,3.0,3.0,28.0,1.0,0.7000000000000001,0.0,0.0,0.0,0.0,4626.719999999999,16555.99,27.94589752711858,1542.2399999999998,5_C,1965.2,2.3543252595155706,0.7437170300716265,0,0,0,1
2406,Nazareth General Store,General Trade,9,11,73,Chandigarh,C,0.0,0.0,0.0,4190.46,1.0,-1.0,-1.0,4190.46,1.0,2025-11-17,44,5.0,4.0,4.0,2.0,2.0,22.0,1.0,0.4666666666666667,195.0,0.0,316.02564102564105,0.0,0.0,19111.46,0.0,0.0,9_C,1106.01,0.0,-0.5051035981171249,1,1,0,1
2407,De Mart,Modern Trade,3,18,11,Hyderabad,A,30506.54,5.0,6101.308,28006.33,3.0,0.08927303220379103,0.6666666666666666,-2500.209999999999,-2.0,2025-12-21,10,33.0,5.0,14.0,5.0,3.0,26.0,0.6,1.1666666666666667,0.0,0.0,0.0,0.0,40745.24,73379.29,55.52689321469314,6101.308,3_A,19782.739999999998,1.5420785998299529,0.038665186231327836,0,0,0,1
2408,Sundaram Supermarket,Supermarket,3,23,88,Coimbatore,B,12601.099999999999,4.0,3150.2749999999996,193.3,1.0,64.18934299017072,3.0,-12407.8,-3.0,2025-12-31,0,20.0,5.0,9.0,0.0,0.0,0.0,0.0,0.0,0.0,0.0,0.0,0.0,12794.4,39069.63,32.747686630254755,0.0,3_B,5507.8,2.287864483096699,64.42869391946749,0,0,0,1
2409,Oza Mart,Pharmacy,7,20,13,Kochi,C,10976.76,3.0,3658.92,0.0,0.0,,,-10976.76,-3.0,2025-12-22,9,15.0,5.0,10.0,2.0,2.0,19.5,1.0,0.4666666666666667,0.0,0.0,0.0,0.0,10976.76,17266.06,63.574202800175605,5488.38,7_C,1610.4699999999998,6.815873626953623,,0,0,0,1
2410,Bava General Store,Modern Trade,3,18,91,Coimbatore,C,0.0,0.0,0.0,0.0,0.0,,,0.0,0.0,2025-10-25,67,4.0,3.0,4.0,1.0,0.0,24.0,0.0,0.23333333333333334,0.0,0.0,0.0,0.0,0.0,21399.38,0.0,0.0,3_C,1975.87,0.0,,1,0,0,1
2411,Batra Supermarket,Modern Trade,3,18,2,Kochi,B,15840.78,4.0,3960.195,13024.5,3.0,0.2162294137970748,0.3333333333333333,-2816.2800000000007,-1.0,2025-12-27,4,30.0,5.0,11.0,0.0,0.0,0.0,0.0,0.0,0.0,0.0,0.0,0.0,15840.78,35715.27,44.35296163237742,0.0,3_B,5507.8,2.876063037873561,0.45558034309384987,0,0,0,1
2412,Chaudhary Retail,Supermarket,1,34,27,Ludhiana,A,22934.37,5.0,4586.874,2284.87,1.0,9.037494474521527,4.0,-20649.5,-4.0,2025-12-30,1,17.0,5.0,9.0,6.0,3.0,24.833333333333332,0.5,1.4000000000000001,0.0,0.0,0.0,0.0,22934.37,71281.06,32.17456362180921,3822.395,1_A,22934.37,1.0,8.949162000319065,0,0,0,1
2413,Sharaf Retail,General Trade,8,36,55,Kolkata,B,1227.22,1.0,1227.22,1389.48,1.0,-0.11677749949621441,0.0,162.26,0.0,2025-12-30,1,5.0,4.0,5.0,4.0,2.0,22.25,0.5,0.9333333333333333,0.0,0.0,0.0,0.0,1227.22,36043.85,3.4047972122844814,306.805,8_B,5652.47,0.2171121651242731,0.06383081749368724,0,0,0,1
2414,Babu Retail,Convenience,7,20,13,Chennai,C,0.0,0.0,0.0,2625.25,2.0,-1.0,-1.0,2625.25,2.0,2025-12-01,30,3.0,3.0,3.0,1.0,1.0,11.0,1.0,0.23333333333333334,0.0,0.0,0.0,0.0,881.6,18247.55,4.831333521486447,0.0,7_C,1610.4699999999998,0.0,-0.5522856147365374,0,1,0,1
2415,Dash Mart,Supermarket,12,10,46,Patna,C,1663.81,1.0,1663.81,2215.29,1.0,-0.2489425763669768,0.0,551.48,0.0,2025-12-29,2,16.0,5.0,8.0,2.0,2.0,16.5,1.0,0.4666666666666667,0.0,0.0,0.0,0.0,1663.81,19149.8,8.688393612465926,831.905,12_C,1525.54,1.0906367581315468,0.33949259908186835,0,1,0,1
2416,Dugar General Store,Pharmacy,5,16,47,Lucknow,A,19809.68,3.0,6603.2266666666665,2808.52,1.0,6.053423155256149,2.0,-17001.16,-2.0,2025-12-28,3,23.0,5.0,14.0,5.0,2.0,35.6,0.4,1.1666666666666667,0.0,0.0,0.0,0.0,19809.68,56841.62,34.850660484342285,3961.936,5_A,23936.755,0.827584190087587,6.052664183269862,0,0,0,1
2417,Sastry Traders,Convenience,3,18,2,Bengaluru,B,0.0,0.0,0.0,6915.62,2.0,-1.0,-1.0,6915.62,2.0,2025-12-01,30,12.0,5.0,8.0,0.0,0.0,0.0,0.0,0.0,0.0,0.0,0.0,0.0,1187.22,43497.59,2.7293925939345147,0.0,3_B,5507.8,0.0,-0.760649070703225,0,1,0,1
2418,Shan Mart,Pharmacy,4,13,62,Patna,A,7867.9400000000005,5.0,1573.5880000000002,13530.34,3.0,-0.4184965048919687,0.6666666666666666,5662.4,-2.0,2025-12-28,3,19.0,5.0,12.0,1.0,1.0,12.0,1.0,0.23333333333333334,0.0,0.0,0.0,0.0,7867.9400000000005,59236.8,13.282182697242256,7867.9400000000005,4_A,22237.399999999998,0.353815643915206,-0.48739674783795395,0,1,0,1
2419,Acharya Supermarket,Supermarket,12,8,92,Bhubaneswar,C,1268.13,2.0,634.065,3081.24,1.0,-0.5884351754488452,1.0,1813.1099999999997,-1.0,2025-12-28,3,8.0,5.0,6.0,1.0,0.0,20.0,0.0,0.23333333333333334,0.0,0.0,0.0,0.0,1268.13,20773.29,6.104617997438057,1268.13,12_C,1525.54,0.8312663057015878,0.0,0,1,0,1
2420,Sangha Traders,Pharmacy,6,21,29,Mumbai,A,44168.090000000004,6.0,7361.348333333334,27579.32,4.0,0.6014930752462354,0.5,-16588.770000000004,-2.0,2025-12-29,2,47.0,5.0,14.0,0.0,0.0,0.0,0.0,0.0,0.0,0.0,0.0,0.0,44168.090000000004,59361.27,74.4055678054058,0.0,6_A,21985.86,2.0089316497057657,0.526093569475907,0,0,0,1
2421,Jain Mart,Supermarket,10,32,43,Ahmedabad,A,17771.46,3.0,5923.82,27315.36,4.0,-0.3493968228864639,-0.25,9543.900000000001,1.0,2025-12-17,14,36.0,5.0,14.0,2.0,1.0,25.5,0.5,0.4666666666666667,0.0,0.0,0.0,0.0,17771.46,71059.98,25.009097947958892,8885.73,10_A,24727.44,0.7186938882472266,-0.5075971235480574,0,1,0,1
2422,Deo Traders,Modern Trade,1,17,49,Chandigarh,B,9123.79,4.0,2280.9475,546.48,1.0,15.695560679256333,3.0,-8577.310000000001,-3.0,2025-12-25,6,27.0,5.0,14.0,3.0,3.0,23.333333333333332,1.0,0.7000000000000001,0.0,0.0,0.0,0.0,9123.79,32632.29,27.959392368724355,3041.263333333334,1_B,5467.655000000001,1.6686842897000633,15.697607917497832,0,0,0,1
2423,Mittal Mart,Convenience,7,28,24,Coimbatore,A,43374.26,5.0,8674.852,14602.92,3.0,1.9702456768920191,0.6666666666666666,-28771.340000000004,-2.0,2025-12-31,0,41.0,5.0,15.0,1.0,1.0,21.0,1.0,0.23333333333333334,0.0,0.0,0.0,0.0,43374.26,63855.71,67.92542123484337,43374.26,7_A,22880.32,1.895701633543587,1.9742319926736616,0,0,0,1
2424,Dutt General Store,General Trade,2,29,40,Ahmedabad,C,0.0,0.0,0.0,5446.93,3.0,-1.0,-1.0,5446.93,3.0,2025-11-25,36,12.0,4.0,8.0,1.0,1.0,36.0,1.0,0.23333333333333334,0.0,0.0,0.0,0.0,0.0,17729.75,0.0,0.0,2_C,1065.73,0.0,-0.5661759345923834,1,1,0,1
2425,Mahal General Store,Supermarket,3,18,83,Kochi,C,3404.19,3.0,1134.73,2095.11,2.0,0.6248263814310465,0.5,-1309.08,-1.0,2025-12-27,4,19.0,4.0,9.0,0.0,0.0,0.0,0.0,0.0,0.0,0.0,0.0,0.0,3404.19,21134.77,16.107059598945245,0.0,3_C,1975.87,1.7228815660949355,0.9820081715195936,0,0,0,1
2426,Chander Mart,General Trade,6,21,72,Surat,B,0.0,0.0,0.0,6087.219999999999,2.0,-1.0,-1.0,6087.219999999999,2.0,2025-11-29,32,13.0,5.0,9.0,0.0,0.0,0.0,0.0,0.0,195.0,0.0,215.33846153846153,0.0,0.0,36321.09,0.0,0.0,6_B,5118.745000000001,0.0,-0.7307109392783893,1,1,0,1
2427,Patel Mart,Convenience,12,8,50,Ranchi,B,8523.03,2.0,4261.515,11381.18,3.0,-0.2511294962385271,-0.3333333333333333,2858.1499999999996,1.0,2025-12-15,16,22.0,5.0,11.0,0.0,0.0,0.0,0.0,0.0,0.0,0.0,0.0,0.0,8523.03,32564.65,26.17264426302755,0.0,12_B,6060.66,1.4062874340418372,-0.15000911794075367,0,1,0,1
2428,Krishna Supermarket,Convenience,10,32,43,Surat,B,832.87,1.0,832.87,8240.529999999999,3.0,-0.8989300445481055,-0.6666666666666666,7407.659999999999,2.0,2025-12-10,21,15.0,5.0,9.0,1.0,0.0,38.0,0.0,0.23333333333333334,0.0,0.0,0.0,0.0,832.87,42544.63,1.957638367051259,832.87,10_B,6269.79,0.1328385799205396,-0.7240194645454561,0,1,0,1
2429,Butala Supermarket,Convenience,9,11,73,Jaipur,A,27280.38,5.0,5456.076,25183.93,6.0,0.08324554586992582,-0.16666666666666666,-2096.4500000000007,1.0,2025-12-21,10,47.0,5.0,14.0,3.0,2.0,26.0,0.6666666666666666,0.7000000000000001,0.0,0.0,0.0,0.0,27280.38,70209.73,38.85555463608819,9093.460000000001,9_A,20504.7,1.3304452149994879,-0.0268013025733935,0,0,0,1
2430,Prabhu Mart,Pharmacy,10,4,6,Pune,C,0.0,0.0,0.0,1237.94,1.0,-1.0,-1.0,1237.94,1.0,2025-11-13,48,4.0,2.0,4.0,0.0,0.0,0.0,0.0,0.0,0.0,0.0,0.0,0.0,0.0,18055.61,0.0,0.0,10_C,1784.86,0.0,-0.822765303242021,1,1,0,1
2431,Gandhi Retail,Convenience,3,18,89,Chennai,B,1661.13,1.0,1661.13,4672.78,3.0,-0.6445092642923484,-0.6666666666666666,3011.6499999999996,2.0,2025-12-16,15,14.0,5.0,8.0,0.0,0.0,0.0,0.0,0.0,0.0,0.0,0.0,0.0,1661.13,34139.7,4.865684232726123,0.0,3_B,5507.8,0.3015959185155598,-0.4051583349955734,0,1,0,1
2432,Ben Traders,General Trade,4,7,4,Guwahati,A,41504.84,6.0,6917.473333333332,37373.74,7.0,0.11053483007052542,-0.14285714285714285,-4131.0999999999985,1.0,2025-12-28,3,50.0,5.0,14.0,1.0,1.0,23.0,1.0,0.23333333333333334,0.0,0.0,0.0,0.0,41504.84,63910.77,64.94185565281094,41504.84,4_A,22237.399999999998,1.8664430194177377,0.04163458712454021,0,0,0,1
2433,Randhawa Mart,Pharmacy,6,21,29,Nashik,A,8584.98,2.0,4292.49,27209.37,6.0,-0.6844844257695052,-0.6666666666666666,18624.39,4.0,2025-12-17,14,29.0,5.0,13.0,2.0,1.0,28.0,0.5,0.4666666666666667,0.0,0.0,0.0,0.0,8584.98,57856.54,14.838391649414223,4292.49,6_A,21985.86,0.39047733406835117,-0.7598839315398336,0,1,0,1
2434,Mody Supermarket,General Trade,12,35,78,Bhubaneswar,A,0.0,0.0,0.0,0.0,0.0,,,0.0,0.0,2025-11-01,60,45.0,5.0,14.0,0.0,0.0,0.0,0.0,0.0,0.0,0.0,0.0,0.0,0.0,59180.56,0.0,0.0,12_A,24540.835,0.0,,1,0,0,1
2435,Kaur Traders,General Trade,3,23,88,Hyderabad,C,3872.71,2.0,1936.355,4131.049999999999,3.0,-0.06253615908788306,-0.3333333333333333,258.33999999999924,1.0,2025-12-21,10,24.0,5.0,12.0,1.0,0.0,18.0,0.0,0.23333333333333334,195.0,0.0,258.16410256410256,0.0,3872.71,20166.06,19.20409837122373,3872.71,3_C,1975.87,1.9600024293096208,0.29464563100066404,0,0,0,1
2436,Sanghvi Supermarket,General Trade,8,14,69,Patna,B,2523.01,1.0,2523.01,7127.78,2.0,-0.6460314431702437,-0.5,4604.7699999999995,1.0,2025-12-03,28,18.0,5.0,13.0,1.0,1.0,37.0,1.0,0.23333333333333334,0.0,0.0,0.0,0.0,2523.01,43698.64,5.773657944503537,2523.01,8_B,5652.47,0.4463553101564449,-0.4654231261803421,0,1,0,1
2437,Chand Traders,Modern Trade,4,13,96,Ranchi,C,3410.76,1.0,3410.76,2319.14,1.0,0.4707003458178464,0.0,-1091.6200000000003,0.0,2025-12-19,12,16.0,5.0,9.0,2.0,2.0,35.5,1.0,0.4666666666666667,0.0,0.0,0.0,0.0,3410.76,20997.9,16.243338619576242,1705.38,4_C,1263.49,2.699475262962113,1.1191146021956864,0,0,0,1
2438,Chandran Retail,Modern Trade,3,18,67,Bengaluru,C,689.45,1.0,689.45,1332.3200000000002,2.0,-0.4825192146030984,-0.5,642.8700000000001,1.0,2025-12-20,11,15.0,5.0,10.0,1.0,1.0,30.0,1.0,0.23333333333333334,0.0,0.0,0.0,0.0,689.45,19820.32,3.4785008516512352,689.45,3_C,1975.87,0.3489348995632304,-0.12533742451455127,0,1,0,1
2439,Agarwal Traders,Convenience,7,12,28,Bengaluru,B,12265.820000000002,3.0,4088.606666666667,3103.12,1.0,2.952737889607879,2.0,-9162.7,-2.0,2025-12-20,11,28.0,5.0,14.0,0.0,0.0,0.0,0.0,0.0,0.0,0.0,0.0,0.0,12265.820000000002,40021.17,30.648329371680045,0.0,7_B,6107.09,2.0084557456988517,3.1726659123807948,0,0,0,1
2440,Kala Retail,Supermarket,4,13,62,Bhubaneswar,C,0.0,0.0,0.0,1864.35,1.0,-1.0,-1.0,1864.35,1.0,2025-11-28,33,5.0,5.0,5.0,1.0,1.0,34.0,1.0,0.23333333333333334,0.0,0.0,0.0,0.0,0.0,16275.56,0.0,0.0,4_C,1263.49,0.0,-0.3515857436221601,1,1,0,1
2441,Sood Mart,Modern Trade,9,11,85,Delhi,C,1227.01,1.0,1227.01,1261.09,1.0,-0.027024240934429684,0.0,34.07999999999993,0.0,2025-12-04,27,17.0,5.0,9.0,0.0,0.0,0.0,0.0,0.0,0.0,0.0,0.0,0.0,1227.01,17742.04,6.915833804906313,0.0,9_C,1106.01,1.1094022658022984,0.4678721609484454,0,0,0,1
2442,Brahmbhatt Supermarket,Supermarket,8,14,7,Bhubaneswar,C,5994.85,1.0,5994.85,482.46,1.0,11.425589686191602,0.0,-5512.39,0.0,2025-12-02,29,7.0,3.0,7.0,1.0,1.0,25.0,1.0,0.23333333333333334,0.0,0.0,0.0,0.0,5994.85,18546.73,32.32294857368388,5994.85,8_C,1474.47,4.065766004055694,11.983334355120824,0,0,0,1
2443,Deo General Store,Supermarket,12,8,18,Bhubaneswar,A,13114.619999999999,3.0,4371.54,4844.68,3.0,1.7070147047895832,0.0,-8269.939999999999,0.0,2025-12-22,9,23.0,5.0,12.0,7.0,5.0,28.285714285714285,0.7142857142857143,1.6333333333333333,0.0,0.0,0.0,0.0,13114.619999999999,55619.46,23.579193325501542,1873.5171428571427,12_A,24540.835,0.5343999093755367,1.5772931831896457,0,0,0,1
2444,Kara Supermarket,General Trade,7,12,28,Chennai,C,2237.99,1.0,2237.99,7213.99,3.0,-0.6897708480327808,-0.6666666666666666,4976.0,2.0,2025-12-11,20,24.0,5.0,10.0,1.0,0.0,23.0,0.0,0.23333333333333334,195.0,0.0,286.25128205128203,0.0,2237.99,20349.35,10.997845140016757,2237.99,7_C,1610.4699999999998,1.3896502263314436,-0.24205646276931814,0,1,0,1
2445,Venkataraman General Store,Modern Trade,6,31,74,Nashik,C,3770.1400000000003,2.0,1885.0700000000002,2024.19,2.0,0.8625425478833509,0.0,-1745.9500000000003,0.0,2025-12-29,2,13.0,5.0,9.0,1.0,0.0,25.0,0.0,0.23333333333333334,0.0,0.0,0.0,0.0,3770.1400000000003,20431.67,18.45243193532394,3770.1400000000003,6_C,1535.8200000000002,2.454805901733276,1.3724258880317035,0,0,0,1
2446,Saxena Retail,Modern Trade,6,25,5,Pune,C,0.0,0.0,0.0,6695.64,2.0,-1.0,-1.0,6695.64,2.0,2025-11-21,40,20.0,4.0,10.0,0.0,0.0,0.0,0.0,0.0,0.0,0.0,0.0,0.0,0.0,21046.39,0.0,0.0,6_C,1535.8200000000002,0.0,-0.49011665985164743,1,1,0,1
2447,Andra Mart,General Trade,12,10,64,Patna,C,2794.66,1.0,2794.66,0.0,0.0,,,-2794.66,-1.0,2025-12-13,18,6.0,3.0,5.0,0.0,0.0,0.0,0.0,0.0,0.0,0.0,0.0,0.0,2794.66,18406.18,15.183269966935017,0.0,12_C,1525.54,1.8319152562371357,,0,0,0,1
2448,Anand Traders,Supermarket,10,15,100,Pune,B,12622.64,3.0,4207.546666666666,4071.2200000000003,2.0,2.100456374256365,0.5,-8551.419999999998,-1.0,2025-12-27,4,19.0,5.0,10.0,3.0,2.0,28.666666666666668,0.6666666666666666,0.7000000000000001,0.0,0.0,0.0,0.0,12622.64,38140.54,33.095074165179625,4207.546666666666,10_B,6269.79,2.0132476526327037,2.2753669542590145,0,0,0,1
2449,Oza General Store,Supermarket,4,7,26,Kolkata,C,5223.68,2.0,2611.84,0.0,0.0,,,-5223.68,-2.0,2025-12-31,0,13.0,5.0,8.0,0.0,0.0,0.0,0.0,0.0,0.0,0.0,0.0,0.0,5223.68,20944.21,24.940926394454603,0.0,4_C,1263.49,4.134326350030471,,0,0,0,1
2450,Dara Supermarket,General Trade,12,19,59,Ranchi,B,2135.13,1.0,2135.13,1130.09,1.0,0.8893450964082509,0.0,-1005.0400000000002,0.0,2025-12-27,4,12.0,5.0,8.0,1.0,0.0,13.0,0.0,0.23333333333333334,0.0,0.0,0.0,0.0,2135.13,32324.76,6.605246257048777,2135.13,12_B,6060.66,0.3522933145895002,0.9904654747060243,0,0,0,1
2451,Sami Supermarket,General Trade,3,23,88,Bengaluru,C,2713.22,1.0,2713.22,3075.41,1.0,-0.1177696632318943,0.0,362.19000000000005,0.0,2025-12-17,14,13.0,5.0,10.0,0.0,0.0,0.0,0.0,0.0,0.0,0.0,0.0,0.0,2713.22,16260.14,16.68632619399341,0.0,3_C,1975.87,1.3731773851518572,0.2394121268566528,0,0,0,1
2452,Deo Traders,Convenience,4,13,96,Kolkata,B,0.0,0.0,0.0,7250.65,4.0,-1.0,-1.0,7250.65,4.0,2025-12-01,30,14.0,4.0,8.0,1.0,1.0,10.0,1.0,0.23333333333333334,195.0,0.0,201.25128205128206,0.0,2631.92,40339.69,6.52439322166333,0.0,4_B,5210.49,0.0,-0.8087480713890469,0,1,0,1
2453,Sridhar General Store,Supermarket,4,13,96,Guwahati,B,18118.72,5.0,3623.744,8255.32,3.0,1.1947931757945183,0.6666666666666666,-9863.400000000001,-2.0,2025-12-26,5,31.0,5.0,13.0,1.0,0.0,34.0,0.0,0.23333333333333334,0.0,0.0,0.0,0.0,18118.72,34896.27,51.921652371442576,18118.72,4_B,5210.49,3.4773543371160875,1.3860451044054714,0,0,0,1
2454,Bobal Traders,Modern Trade,12,19,36,Kolkata,C,10378.48,2.0,5189.24,280.84,1.0,35.955134596211366,1.0,-10097.64,-1.0,2025-12-18,13,13.0,5.0,10.0,1.0,0.0,33.0,0.0,0.23333333333333334,0.0,0.0,0.0,0.0,10378.48,18219.74,56.96283262000444,10378.48,12_C,1525.54,6.803151670883753,36.54356977166021,0,0,0,1
2455,Karnik Supermarket,General Trade,12,10,16,Ranchi,B,7114.040000000001,2.0,3557.0200000000004,6045.71,3.0,0.17670877365933874,-0.3333333333333333,-1068.3300000000008,1.0,2025-12-28,3,24.0,5.0,10.0,0.0,0.0,0.0,0.0,0.0,0.0,0.0,0.0,0.0,7114.040000000001,37534.32,18.95342715679943,0.0,12_B,6060.66,1.1738061531252373,0.27782915195711216,0,0,0,1
2456,Rajagopal General Store,Pharmacy,4,13,54,Ranchi,B,17167.62,4.0,4291.905,6642.77,2.0,1.5844068061968122,1.0,-10524.849999999999,-2.0,2025-12-27,4,26.0,5.0,13.0,1.0,1.0,29.0,1.0,0.23333333333333334,0.0,0.0,0.0,0.0,17167.62,36880.01,46.54993314806584,17167.62,4_B,5210.49,3.294818721463816,1.7756587348077653,0,0,0,1
2457,Chakraborty Traders,Supermarket,3,18,11,Coimbatore,B,10147.05,5.0,2029.4099999999999,1219.41,1.0,7.321278323123477,4.0,-8927.64,-4.0,2025-12-30,1,23.0,5.0,11.0,0.0,0.0,0.0,0.0,0.0,0.0,0.0,0.0,0.0,10147.05,41543.27,24.425255883805004,0.0,3_B,5507.8,1.8423054577145137,7.560629252420252,0,0,0,1
2458,Chaudry General Store,Pharmacy,10,15,100,Ahmedabad,B,4892.88,3.0,1630.96,10624.0,3.0,-0.5394503012048193,0.0,5731.12,0.0,2025-12-22,9,22.0,5.0,12.0,1.0,0.0,34.0,0.0,0.23333333333333334,0.0,0.0,0.0,0.0,9546.539999999999,36423.91,26.209542028848627,4892.88,10_B,6269.79,0.7803897738201758,-0.3645397212021698,0,1,0,1
2459,Chauhan Mart,Modern Trade,3,23,88,Hyderabad,C,3146.95,2.0,1573.475,2158.14,2.0,0.4581769486687611,0.0,-988.81,0.0,2025-12-17,14,15.0,5.0,10.0,1.0,0.0,41.0,0.0,0.23333333333333334,195.0,0.0,295.1333333333333,0.0,3146.95,18193.14,17.297453875471742,3146.95,3_C,1975.87,1.5926908146791035,0.8153587387573082,0,0,0,1
2460,Munshi Traders,Modern Trade,3,18,83,Coimbatore,B,0.0,0.0,0.0,9296.96,3.0,-1.0,-1.0,9296.96,3.0,2025-11-20,41,17.0,5.0,9.0,0.0,0.0,0.0,0.0,0.0,0.0,0.0,0.0,0.0,0.0,35337.84,0.0,0.0,3_B,5507.8,0.0,-0.760649070703225,1,1,0,1
2461,Pillai Mart,Supermarket,11,9,56,Bengaluru,A,19088.54,3.0,6362.846666666667,6140.26,1.0,2.1087510952304953,2.0,-12948.28,-2.0,2025-12-25,6,22.0,5.0,12.0,4.0,3.0,33.75,0.75,0.9333333333333333,0.0,0.0,0.0,0.0,19088.54,55981.01,34.09824152868982,4772.135,11_A,26805.28,0.7121186572197717,1.4396179373572688,0,0,0,1
2462,Mistry Supermarket,Supermarket,9,3,95,Chandigarh,C,4966.780000000001,2.0,2483.3900000000003,1812.89,2.0,1.7397029053058928,0.0,-3153.8900000000003,0.0,2025-12-04,27,16.0,5.0,11.0,1.0,1.0,32.0,1.0,0.23333333333333334,195.0,0.0,294.174358974359,0.0,5705.27,18023.04,31.655425499804696,4966.780000000001,9_C,1106.01,4.4907188904259465,2.234599307188768,0,0,0,1
2463,Devan General Store,Convenience,12,35,66,Guwahati,C,3194.7200000000003,2.0,1597.3600000000001,0.0,0.0,,,-3194.7200000000003,-2.0,2025-12-21,10,6.0,4.0,6.0,2.0,0.0,24.0,0.0,0.4666666666666667,0.0,0.0,0.0,0.0,3194.7200000000003,21497.01,14.861229538433488,1597.3600000000001,12_C,1525.54,2.094156823157702,,0,0,0,1
2464,Raja Supermarket,Pharmacy,3,23,88,Coimbatore,A,24583.02,4.0,6145.755,33709.46,4.0,-0.2707382438045581,0.0,9126.439999999999,0.0,2025-12-31,0,41.0,5.0,15.0,3.0,3.0,16.666666666666668,1.0,0.7000000000000001,0.0,0.0,0.0,0.0,24583.02,71430.73,34.41518797301946,8194.34,3_A,19782.739999999998,1.242649905928097,-0.3213460897770213,0,1,0,1
2465,Deol Supermarket,Pharmacy,12,8,92,Kolkata,C,1353.86,1.0,1353.86,0.0,0.0,,,-1353.86,-1.0,2025-12-04,27,5.0,3.0,4.0,1.0,0.0,26.0,0.0,0.23333333333333334,0.0,0.0,0.0,0.0,1353.86,17978.16,7.530581550058516,1353.86,12_C,1525.54,0.8874628000576844,,0,0,0,1
2466,Dhar Retail,Pharmacy,5,16,31,Jaipur,C,2592.37,1.0,2592.37,2945.9100000000003,2.0,-0.12001045517344398,-0.5,353.5400000000004,1.0,2025-12-10,21,19.0,4.0,10.0,4.0,4.0,22.5,1.0,0.9333333333333333,0.0,0.0,0.0,0.0,2592.37,21391.14,12.118895954119322,648.0925,5_C,1965.2,1.3191380012212497,0.32689652268069114,0,0,0,1
2467,Biswas Mart,Modern Trade,6,25,86,Mumbai,B,5646.81,1.0,5646.81,2320.15,1.0,1.4338124690213996,0.0,-3326.6600000000003,0.0,2025-12-03,28,10.0,4.0,7.0,0.0,0.0,0.0,0.0,0.0,0.0,0.0,0.0,0.0,5646.81,41304.81,13.67107123843446,0.0,6_B,5118.745000000001,1.1031629823325835,1.7031015297430103,0,0,0,1
2468,Wali Retail,Convenience,3,18,89,Chennai,A,14303.119999999999,2.0,7151.5599999999995,18766.260000000002,3.0,-0.23782788898800308,-0.3333333333333333,4463.140000000003,1.0,2025-12-10,21,27.0,5.0,13.0,1.0,0.0,27.0,0.0,0.23333333333333334,0.0,0.0,0.0,0.0,14303.119999999999,71991.48,19.867795466908028,14303.119999999999,3_A,19782.739999999998,0.72301005826291,-0.28843573496046626,0,1,0,1
2469,Anand Traders,Convenience,4,13,48,Ranchi,C,0.0,0.0,0.0,1791.69,1.0,-1.0,-1.0,1791.69,1.0,2025-12-01,30,5.0,3.0,4.0,1.0,1.0,9.0,1.0,0.23333333333333334,0.0,0.0,0.0,0.0,1791.69,19643.1,9.121218137666663,0.0,4_C,1263.49,0.0,-0.3515857436221601,0,1,0,1
2470,Gala Retail,Supermarket,1,5,52,Ludhiana,C,3087.96,2.0,1543.98,45.79,1.0,66.437431753658,1.0,-3042.17,-1.0,2025-12-05,26,10.0,5.0,9.0,6.0,5.0,25.0,0.8333333333333334,1.4000000000000001,0.0,0.0,0.0,0.0,3087.96,19799.66,15.596025386294512,514.66,1_C,1475.75,2.0924682364899203,67.06400407626957,0,0,0,1
2471,Sarraf Retail,Pharmacy,11,9,56,Hyderabad,C,4968.4400000000005,3.0,1656.1466666666668,4677.9,1.0,0.062109066033904294,2.0,-290.5400000000009,-2.0,2025-12-30,1,20.0,5.0,11.0,1.0,0.0,25.0,0.0,0.23333333333333334,0.0,0.0,0.0,0.0,4968.4400000000005,19734.45,25.17648072279694,4968.4400000000005,11_C,2316.54,2.1447676275825156,0.0,0,0,0,1
2472,Panchal Retail,Modern Trade,1,17,49,Delhi,B,2300.37,1.0,2300.37,0.0,0.0,,,-2300.37,-1.0,2025-12-20,11,9.0,4.0,8.0,2.0,2.0,34.0,1.0,0.4666666666666667,0.0,0.0,0.0,0.0,2300.37,41715.99,5.5143603208266185,1150.185,1_B,5467.655000000001,0.4207233265449264,,0,0,0,1
2473,Kala General Store,Convenience,1,17,3,Ludhiana,C,4226.18,2.0,2113.09,4431.39,2.0,-0.04630826896301161,0.0,205.21000000000004,0.0,2025-12-15,16,17.0,5.0,11.0,2.0,2.0,26.5,1.0,0.4666666666666667,0.0,0.0,0.0,0.0,5761.71,19521.94,29.51402370870928,2113.09,1_C,1475.75,2.863750635270202,0.5802640536485522,0,0,0,1
2474,Doshi Retail,Modern Trade,2,29,40,Nashik,A,38641.369999999995,6.0,6440.228333333333,17435.13,4.0,1.216293770106675,0.5,-21206.239999999994,-2.0,2025-12-29,2,42.0,5.0,15.0,6.0,4.0,28.166666666666668,0.6666666666666666,1.4000000000000001,0.0,0.0,0.0,0.0,38641.369999999995,69683.47,55.45270635919823,6440.228333333333,2_A,21794.730000000003,1.772968511195137,1.08152010772601,0,0,0,1
2475,Sabharwal Retail,Pharmacy,4,13,48,Guwahati,B,5247.02,3.0,1749.006666666667,6487.83,3.0,-0.19125192861095305,0.0,1240.8099999999995,0.0,2025-12-30,1,20.0,5.0,13.0,5.0,2.0,16.8,0.4,1.1666666666666667,0.0,0.0,0.0,0.0,5247.02,41127.2,12.758028749829798,1049.404,4_B,5210.49,1.0070108569443565,0.0,0,1,0,1
2476,Savant Retail,Modern Trade,3,18,2,Kochi,C,0.0,0.0,0.0,4435.400000000001,2.0,-1.0,-1.0,4435.400000000001,2.0,2025-11-09,52,12.0,5.0,10.0,4.0,4.0,26.25,1.0,0.9333333333333333,0.0,0.0,0.0,0.0,0.0,18393.99,0.0,0.0,3_C,1975.87,0.0,-0.6428182099114529,1,1,0,1
2477,Kalla General Store,Supermarket,12,10,16,Patna,A,38556.76,6.0,6426.126666666667,28231.83,7.0,0.3657194733745563,-0.14285714285714285,-10324.93,1.0,2025-12-31,0,41.0,5.0,14.0,2.0,2.0,33.0,1.0,0.4666666666666667,0.0,0.0,0.0,0.0,38556.76,63941.03,60.3004987564323,19278.38,12_A,24540.835,1.5711266548183875,0.23599795177461874,0,0,0,1
2478,Chadha Mart,Modern Trade,7,20,84,Coimbatore,C,209.06,1.0,209.06,2085.26,3.0,-0.8997439168257196,-0.6666666666666666,1876.2000000000003,2.0,2025-12-05,26,16.0,5.0,9.0,0.0,0.0,0.0,0.0,0.0,0.0,0.0,0.0,0.0,209.06,20746.13,1.0077060155315714,0.0,7_C,1610.4699999999998,0.1298130359460282,-0.452029531562257,0,1,0,1
2479,Chaudhry Mart,General Trade,10,15,100,Ahmedabad,C,1291.47,2.0,645.735,553.34,1.0,1.3339538077854483,1.0,-738.13,-1.0,2025-12-23,8,14.0,5.0,10.0,3.0,1.0,30.0,0.3333333333333333,0.7000000000000001,0.0,0.0,0.0,0.0,1291.47,19565.36,6.600798554179427,430.49,10_C,1784.86,0.7235693555797094,1.5111885045434272,0,0,0,1
2480,Dey General Store,General Trade,1,34,99,Lucknow,B,4719.88,1.0,4719.88,6565.67,3.0,-0.28112744015462243,-0.6666666666666666,1845.79,2.0,2025-12-17,14,24.0,5.0,12.0,1.0,0.0,9.0,0.0,0.23333333333333334,0.0,0.0,0.0,0.0,4719.88,39443.18,11.966276552752593,4719.88,1_B,5467.655000000001,0.8632366160630105,-0.2790802019131234,0,1,0,1
2481,Dasgupta Mart,Modern Trade,12,10,64,Guwahati,C,4088.54,1.0,4088.54,0.0,0.0,,,-4088.54,-1.0,2025-12-31,0,5.0,3.0,4.0,2.0,1.0,37.0,0.5,0.4666666666666667,0.0,0.0,0.0,0.0,4088.54,16173.49,25.27926872926004,2044.27,12_C,1525.54,2.6800608309188876,,0,0,0,1
2482,Rajagopalan Supermarket,Supermarket,4,1,58,Kolkata,C,1794.9099999999999,2.0,897.4549999999999,4353.17,2.0,-0.587677485602446,0.0,2558.26,0.0,2025-12-15,16,11.0,5.0,9.0,2.0,1.0,25.5,0.5,0.4666666666666667,195.0,0.0,287.94871794871796,0.0,1794.9099999999999,20531.07,8.742408457036092,897.4549999999999,4_C,1263.49,1.420596918060293,0.060736770775393856,0,1,0,1
2483,Panchal Supermarket,Pharmacy,12,19,36,Bhubaneswar,B,0.0,0.0,0.0,9545.93,3.0,-1.0,-1.0,9545.93,3.0,2025-11-26,35,10.0,5.0,8.0,3.0,3.0,27.0,1.0,0.7000000000000001,0.0,0.0,0.0,0.0,0.0,40543.52,0.0,0.0,12_B,6060.66,0.0,-0.8988796217022266,1,1,0,1
2484,Sanghvi Traders,Modern Trade,12,8,87,Ranchi,A,2099.11,1.0,2099.11,6852.94,1.0,-0.6936920504192362,0.0,4753.83,0.0,2025-12-14,17,46.0,5.0,15.0,2.0,0.0,18.0,0.0,0.4666666666666667,0.0,0.0,0.0,0.0,2099.11,57799.31,3.6317215551535136,1049.555,12_A,24540.835,0.0855353943743153,-0.8234135720191738,0,1,0,1
2485,Murty Traders,Supermarket,12,8,87,Kolkata,C,0.0,0.0,0.0,2183.99,1.0,-1.0,-1.0,2183.99,1.0,2025-11-16,45,14.0,5.0,8.0,3.0,1.0,26.333333333333332,0.3333333333333333,0.7000000000000001,195.0,0.0,299.53333333333336,0.0,0.0,17026.53,0.0,0.0,12_C,1525.54,0.0,-0.41156482455115484,1,1,0,1
2486,Dey Supermarket,Pharmacy,7,28,57,Kochi,B,15392.930000000002,5.0,3078.5860000000002,5211.05,2.0,1.9539018048186068,1.5,-10181.880000000001,-3.0,2025-12-31,0,29.0,5.0,13.0,2.0,1.0,25.5,0.5,0.4666666666666667,195.0,0.0,202.86666666666667,0.0,15392.930000000002,42688.38,36.058829123991124,7696.465000000001,7_B,6107.09,2.520501580949356,2.173829827591523,0,0,0,1
2487,Kota Retail,General Trade,4,1,25,Ranchi,A,24236.28,5.0,4847.255999999999,60841.340000000004,11.0,-0.6016478269545017,-0.5454545454545454,36605.060000000005,6.0,2025-12-19,12,56.0,5.0,15.0,1.0,1.0,40.0,1.0,0.23333333333333334,0.0,0.0,0.0,0.0,32286.46,68630.76,47.04371625784124,24236.28,4_A,22237.399999999998,1.0898882063550595,-0.6705480699004869,0,1,0,1
2488,Malhotra Traders,Convenience,5,33,90,Chandigarh,C,2267.69,1.0,2267.69,3336.9,1.0,-0.3204201504390302,0.0,1069.21,0.0,2025-12-11,20,15.0,5.0,9.0,3.0,1.0,28.0,0.3333333333333333,0.7000000000000001,0.0,0.0,0.0,0.0,2267.69,16227.76,13.974140608438873,755.8966666666666,5_C,1965.2,1.1539232648076532,0.12648682741510492,0,1,0,1
2489,Chad General Store,General Trade,5,16,42,Ludhiana,C,0.0,0.0,0.0,0.0,0.0,,,0.0,0.0,2025-09-28,94,0.0,0.0,0.0,1.0,0.0,31.0,0.0,0.23333333333333334,0.0,0.0,0.0,0.0,0.0,16808.69,0.0,0.0,5_C,1965.2,0.0,,1,0,0,1
2490,Kothari Mart,Supermarket,1,17,23,Jaipur,A,37008.53,7.0,5286.932857142857,24002.53,4.0,0.5418595456395638,0.75,-13006.0,-3.0,2025-12-24,7,35.0,5.0,14.0,2.0,2.0,32.5,1.0,0.4666666666666667,0.0,0.0,0.0,0.0,37008.53,60177.74,61.49870367348458,18504.265,1_A,22934.37,1.6136710971349988,0.45352707143710236,0,0,0,1
2491,Mane Retail,Modern Trade,12,10,16,Ranchi,A,2288.45,1.0,2288.45,22593.87,4.0,-0.8987136776479637,-0.75,20305.42,3.0,2025-12-30,1,35.0,5.0,13.0,5.0,5.0,28.0,1.0,1.1666666666666667,0.0,0.0,0.0,0.0,2288.45,69922.82,3.272822806631654,457.68999999999994,12_A,24540.835,0.09325069827493644,-1.0284351992479013,0,1,0,1
2492,Bala Supermarket,General Trade,1,34,99,Jaipur,C,5230.48,2.0,2615.24,3808.4700000000003,2.0,0.373380911494642,0.0,-1422.0099999999993,0.0,2025-12-31,0,17.0,5.0,11.0,1.0,1.0,20.0,1.0,0.23333333333333334,0.0,0.0,0.0,0.0,5230.48,19767.94,26.45940851702302,5230.48,1_C,1475.75,3.5442859562934097,0.9999532341062058,0,0,0,1
2493,Mitra Supermarket,Supermarket,4,7,26,Kolkata,A,13524.220000000001,4.0,3381.0550000000003,26292.83,3.0,-0.4856308735119042,0.3333333333333333,12768.61,-1.0,2025-12-29,2,24.0,5.0,13.0,6.0,3.0,30.0,0.5,1.4000000000000001,0.0,0.0,0.0,0.0,13524.220000000001,70549.26,19.169896324922476,2254.036666666667,4_A,22237.399999999998,0.6081745168050223,-0.5545311164578894,0,1,0,1
2494,Jha Mart,Convenience,1,17,23,Delhi,C,0.0,0.0,0.0,0.0,0.0,,,0.0,0.0,2025-10-20,72,2.0,1.0,1.0,1.0,1.0,36.0,1.0,0.23333333333333334,0.0,0.0,0.0,0.0,0.0,16874.46,0.0,0.0,1_C,1475.75,0.0,,1,0,0,1
2495,Vasa Supermarket,Supermarket,6,21,45,Pune,C,747.88,1.0,747.88,1207.45,1.0,-0.38061203362458074,0.0,459.57000000000005,0.0,2025-12-03,28,14.0,5.0,8.0,3.0,1.0,34.333333333333336,0.3333333333333333,0.7000000000000001,0.0,0.0,0.0,0.0,747.88,20835.28,3.5894885981853855,249.29333333333332,6_C,1535.8200000000002,0.4869581070698389,0.12927130652377183,0,1,0,1
2496,Upadhyay Mart,Pharmacy,7,12,28,Chennai,A,23375.14,4.0,5843.785,19456.9,3.0,0.20138048712795964,0.3333333333333333,-3918.239999999998,-1.0,2025-12-30,1,35.0,5.0,14.0,5.0,1.0,30.8,0.2,1.1666666666666667,0.0,0.0,0.0,0.0,23375.14,71763.51,32.572459178766486,4675.028,7_A,22880.32,1.021626445783975,0.2053668029096021,0,0,0,1
2497,Gulati Retail,Supermarket,12,35,78,Guwahati,A,43577.51,8.0,5447.18875,28117.77,7.0,0.5498209850923456,0.14285714285714285,-15459.740000000002,-1.0,2025-12-23,8,48.0,5.0,13.0,1.0,1.0,19.0,1.0,0.23333333333333334,0.0,0.0,0.0,0.0,45337.16,60435.03,75.01801521402406,43577.51,12_A,24540.835,1.7757142330324132,0.420099463492408,0,0,0,1
2498,Ramanathan Traders,Pharmacy,12,10,46,Bhubaneswar,A,19641.4,3.0,6547.133333333334,18660.41,4.0,0.05257065627175403,-0.25,-980.9900000000016,1.0,2025-12-28,3,37.0,5.0,13.0,3.0,1.0,28.0,0.3333333333333333,0.7000000000000001,0.0,0.0,0.0,0.0,19641.4,70822.04,27.733456985989115,6547.133333333334,12_A,24540.835,0.8003558151138706,-0.07715086532818352,0,0,0,1
2499,Merchant General Store,Convenience,12,35,61,Ranchi,A,36397.14,4.0,9099.285,40050.04,8.0,-0.09120839829373457,-0.5,3652.9000000000015,4.0,2025-12-27,4,45.0,5.0,15.0,2.0,1.0,23.0,0.5,0.4666666666666667,0.0,0.0,0.0,0.0,36397.14,57232.08,63.59569667920508,18198.57,12_A,24540.835,1.4831255741705611,-0.2209299198936721,0,0,0,1
2500,Bhagat General Store,Convenience,12,8,50,Guwahati,B,14179.68,4.0,3544.92,10068.17,3.0,0.40836716106303333,0.3333333333333333,-4111.51,-1.0,2025-12-18,13,29.0,5.0,14.0,2.0,0.0,41.0,0.0,0.4666666666666667,0.0,0.0,0.0,0.0,14179.68,36772.55,38.56050233122261,7089.84,12_B,6060.66,2.3396263773252417,0.5094875393608067,0,0,0,1
2501,Khatri Traders,General Trade,1,17,49,Delhi,A,8487.55,1.0,8487.55,17301.62,3.0,-0.5094361106069837,-0.6666666666666666,8814.07,2.0,2025-12-23,8,26.0,5.0,15.0,1.0,1.0,19.0,1.0,0.23333333333333334,0.0,0.0,0.0,0.0,8487.55,71403.67,11.886713946215929,8487.55,1_A,22934.37,0.37007992807301876,-0.5977685848094452,0,1,0,1
2502,Talwar Supermarket,Convenience,5,22,71,Jaipur,C,3068.84,2.0,1534.42,2670.85,1.0,0.1490124866615498,1.0,-397.99000000000024,-1.0,2025-12-30,1,17.0,5.0,9.0,0.0,0.0,0.0,0.0,0.0,0.0,0.0,0.0,0.0,3068.84,18488.2,16.598911738297943,0.0,5_C,1965.2,1.5615916955017302,0.5959194645156849,0,0,0,1
2503,Raju Retail,Convenience,12,10,64,Ranchi,C,3621.43,1.0,3621.43,4479.76,3.0,-0.19160178223833427,-0.6666666666666666,858.3300000000004,2.0,2025-12-28,3,17.0,5.0,11.0,0.0,0.0,0.0,0.0,0.0,0.0,0.0,0.0,0.0,3621.43,21359.69,16.954506362217803,0.0,12_C,1525.54,2.373867614090748,0.3968333932105109,0,1,0,1
2504,Chowdhury Retail,Modern Trade,4,7,26,Patna,B,5939.54,1.0,5939.54,0.0,0.0,,,-5939.54,-1.0,2025-12-15,16,14.0,5.0,9.0,1.0,1.0,34.0,1.0,0.23333333333333334,0.0,0.0,0.0,0.0,5939.54,35890.17,16.549211107108157,5939.54,4_B,5210.49,1.1399196620663317,,0,0,0,1
2505,Khosla Mart,Convenience,3,18,89,Chennai,A,48578.86,6.0,8096.4766666666665,10637.09,2.0,3.5669313693876807,2.0,-37941.770000000004,-4.0,2025-12-31,0,40.0,5.0,15.0,0.0,0.0,0.0,0.0,0.0,0.0,0.0,0.0,0.0,48578.86,56365.97,86.18473167409343,0.0,3_A,19782.739999999998,2.455618382488978,3.5163235234152177,0,0,0,0
2506,Tata Retail,Convenience,2,26,38,Ahmedabad,C,0.0,0.0,0.0,7225.51,2.0,-1.0,-1.0,7225.51,2.0,2025-11-11,50,16.0,5.0,10.0,1.0,1.0,15.0,1.0,0.23333333333333334,0.0,0.0,0.0,0.0,0.0,17404.15,0.0,0.0,2_C,1065.73,0.0,-0.5661759345923834,1,1,0,1
2507,Bobal Retail,Pharmacy,3,23,20,Chennai,A,45611.28,6.0,7601.88,42178.32,6.0,0.08139157747392498,0.0,-3432.959999999999,0.0,2025-12-28,3,50.0,5.0,15.0,2.0,1.0,18.0,0.5,0.4666666666666667,0.0,0.0,0.0,0.0,45611.28,59001.05,77.30587845470545,22805.64,3_A,19782.739999999998,2.305609839688537,0.030783731501461783,0,0,0,1
2508,Wable General Store,Pharmacy,7,20,44,Chennai,B,0.0,0.0,0.0,0.0,0.0,,,0.0,0.0,2025-11-01,60,13.0,4.0,9.0,2.0,2.0,14.0,1.0,0.4666666666666667,0.0,0.0,0.0,0.0,0.0,38738.91,0.0,0.0,7_B,6107.09,0.0,,1,0,0,1
2509,Arora General Store,Convenience,4,1,32,Kolkata,C,979.38,1.0,979.38,5377.55,1.0,-0.8178761703749848,0.0,4398.17,0.0,2025-12-30,1,8.0,3.0,7.0,3.0,3.0,20.666666666666668,1.0,0.7000000000000001,195.0,0.0,299.6102564102564,0.0,979.38,16596.57,5.901098841507613,326.46,4_C,1263.49,0.7751387031159724,-0.16946191399714494,0,1,0,1
2510,Patel General Store,Pharmacy,12,19,36,Kolkata,C,794.31,2.0,397.155,633.04,1.0,0.2547548338177682,1.0,-161.26999999999998,-1.0,2025-12-29,2,9.0,5.0,7.0,1.0,1.0,11.0,1.0,0.23333333333333334,0.0,0.0,0.0,0.0,1427.35,16401.33,8.702647895018268,794.31,12_C,1525.54,0.5206746463547334,0.8431900092666134,0,0,0,1
2511,Nadig Retail,Modern Trade,2,29,40,Mumbai,C,2446.44,1.0,2446.44,236.21,1.0,9.357055162778883,0.0,-2210.23,0.0,2025-12-11,20,12.0,4.0,7.0,3.0,3.0,30.666666666666668,1.0,0.7000000000000001,0.0,0.0,0.0,0.0,2446.44,19042.75,12.84709403841357,815.48,2_C,1065.73,2.2955532827263943,9.7908792281865,0,0,0,1
2512,Deo General Store,Convenience,10,15,100,Surat,A,1654.67,1.0,1654.67,40001.08,7.0,-0.9586343668720945,-0.8571428571428571,38346.41,6.0,2025-12-03,28,29.0,5.0,12.0,3.0,3.0,27.666666666666668,1.0,0.7000000000000001,0.0,0.0,0.0,0.0,1654.67,57787.86,2.8633522681061385,551.5566666666667,10_A,24727.44,0.06691634880116988,-1.116834667533688,0,1,0,1
2513,Ram Traders,General Trade,6,31,74,Surat,C,2061.2,1.0,2061.2,0.0,0.0,,,-2061.2,-1.0,2025-12-07,24,9.0,5.0,7.0,0.0,0.0,0.0,0.0,0.0,0.0,0.0,0.0,0.0,2061.2,18975.12,10.862645400925,0.0,6_C,1535.8200000000002,1.3420843588441351,,0,0,0,1
2514,Salvi Supermarket,General Trade,10,4,6,Ahmedabad,B,6894.16,2.0,3447.08,11710.85,3.0,-0.4113014853746739,-0.3333333333333333,4816.6900000000005,1.0,2025-12-28,3,27.0,5.0,12.0,2.0,2.0,19.5,1.0,0.4666666666666667,0.0,0.0,0.0,0.0,11308.2,43014.47,26.28929288213943,3447.08,10_B,6269.79,1.0995838776099358,-0.23639090537202445,0,1,0,1
2515,Pau Retail,General Trade,2,29,9,Ahmedabad,A,7014.58,1.0,7014.58,19412.01,4.0,-0.6386474146675176,-0.75,12397.429999999998,3.0,2025-12-17,14,26.0,5.0,12.0,2.0,2.0,25.0,1.0,0.4666666666666667,0.0,0.0,0.0,0.0,10938.61,62267.87,17.567021322553668,3507.29,2_A,21794.730000000003,0.3218475291962781,-0.7734210770481826,0,1,0,1
2516,Gera General Store,Convenience,7,20,44,Hyderabad,B,2866.73,1.0,2866.73,5175.3,2.0,-0.44607462369331247,-0.5,2308.57,1.0,2025-12-22,9,19.0,5.0,11.0,2.0,2.0,22.5,1.0,0.4666666666666667,0.0,0.0,0.0,0.0,5499.280000000001,43178.01,12.736297944254495,1433.365,7_B,6107.09,0.4694101446024211,-0.22614660092039646,0,1,0,1
2517,Sinha Traders,Convenience,8,36,76,Bhubaneswar,C,0.0,0.0,0.0,0.0,0.0,,,0.0,0.0,2025-10-25,67,1.0,1.0,1.0,0.0,0.0,0.0,0.0,0.0,0.0,0.0,0.0,0.0,0.0,20253.97,0.0,0.0,8_C,1474.47,0.0,,1,0,0,1
2518,Bora General Store,Supermarket,4,13,62,Kolkata,C,0.0,0.0,0.0,3256.76,1.0,-1.0,-1.0,3256.76,1.0,2025-11-11,50,6.0,4.0,6.0,0.0,0.0,0.0,0.0,0.0,0.0,0.0,0.0,0.0,0.0,17312.07,0.0,0.0,4_C,1263.49,0.0,-0.3515857436221601,1,1,0,1
2519,Badal Traders,General Trade,3,18,2,Bengaluru,C,1283.65,1.0,1283.65,2245.38,3.0,-0.42831502908193714,-0.6666666666666666,961.73,2.0,2025-12-20,11,12.0,5.0,8.0,0.0,0.0,0.0,0.0,0.0,0.0,0.0,0.0,0.0,1283.65,20151.97,6.36984870461796,0.0,3_C,1975.87,0.6496631863432312,-0.07113323899339002,0,1,0,1
2520,Bir Supermarket,Modern Trade,2,29,40,Mumbai,C,0.0,0.0,0.0,3467.08,1.0,-1.0,-1.0,3467.08,1.0,2025-11-15,46,9.0,4.0,8.0,1.0,0.0,8.0,0.0,0.23333333333333334,0.0,0.0,0.0,0.0,0.0,18646.99,0.0,0.0,2_C,1065.73,0.0,-0.5661759345923834,1,1,0,1
2521,Atwal Traders,Pharmacy,1,5,52,Lucknow,B,3814.42,2.0,1907.21,4793.35,3.0,-0.20422668905880026,-0.3333333333333333,978.9300000000003,1.0,2025-12-21,10,24.0,5.0,12.0,2.0,1.0,23.0,0.5,0.4666666666666667,0.0,0.0,0.0,0.0,3814.42,38143.17,10.00027003523829,1907.21,1_B,5467.655000000001,0.6976336290420664,-0.20217945081730124,0,1,0,1
2522,Lala Traders,Pharmacy,7,12,28,Bengaluru,A,31138.11,4.0,7784.5275,26239.0,6.0,0.18671100270589583,-0.3333333333333333,-4899.110000000001,2.0,2025-12-13,18,45.0,5.0,15.0,3.0,3.0,40.0,1.0,0.7000000000000001,0.0,0.0,0.0,0.0,33960.71,56116.46,60.51826861494827,10379.37,7_A,22880.32,1.3609123473797569,0.1906973184875383,0,0,0,1
2523,Kale General Store,Pharmacy,5,22,17,Lucknow,C,9777.17,5.0,1955.434,0.0,0.0,,,-9777.17,-5.0,2025-12-29,2,17.0,5.0,11.0,2.0,1.0,32.0,0.5,0.4666666666666667,195.0,0.0,293.63589743589745,0.0,9777.17,21706.5,45.0425909289844,4888.585,5_C,1965.2,4.975152656218197,,0,0,0,1
2524,Baral Supermarket,Pharmacy,8,14,69,Guwahati,B,0.0,0.0,0.0,0.0,0.0,,,0.0,0.0,2025-10-15,77,8.0,3.0,5.0,2.0,0.0,25.0,0.0,0.4666666666666667,0.0,0.0,0.0,0.0,0.0,43612.14,0.0,0.0,8_B,5652.47,0.0,,1,0,0,1
2525,Bhasin Retail,Modern Trade,4,7,81,Guwahati,C,7281.49,3.0,2427.1633333333334,1754.71,2.0,3.149682853576944,0.5,-5526.78,-1.0,2025-12-31,0,19.0,5.0,11.0,0.0,0.0,0.0,0.0,0.0,0.0,0.0,0.0,0.0,7281.49,20780.72,35.039642514792554,0.0,4_C,1263.49,5.762997728513878,3.7980971099547842,0,0,0,1
2526,Rao Supermarket,Convenience,10,32,43,Ahmedabad,A,37070.25,5.0,7414.05,11433.49,3.0,2.242251491014555,0.6666666666666666,-25636.760000000002,-2.0,2025-12-29,2,34.0,5.0,14.0,2.0,0.0,24.0,0.0,0.4666666666666667,0.0,0.0,0.0,0.0,37070.25,59719.14,62.0743198914117,18535.125,10_A,24727.44,1.4991543807203658,2.0840511903529615,0,0,0,1
2527,Toor Supermarket,General Trade,12,8,19,Kolkata,A,22256.95,4.0,5564.2375,25233.45,3.0,-0.11795850349436958,0.3333333333333333,2976.5,-1.0,2025-12-19,12,27.0,5.0,13.0,4.0,2.0,21.25,0.5,0.9333333333333333,0.0,0.0,0.0,0.0,22256.95,57676.75,38.58911953256728,5564.2375,12_A,24540.835,0.9069353182155375,-0.24768002509430714,0,0,0,1
2528,Mangat Retail,Convenience,10,32,63,Surat,B,0.0,0.0,0.0,4751.61,3.0,-1.0,-1.0,4751.61,3.0,2025-11-30,31,20.0,5.0,12.0,0.0,0.0,0.0,0.0,0.0,195.0,0.0,201.84615384615384,0.0,0.0,38804.03,0.0,0.0,10_B,6269.79,0.0,-0.8250894199973505,1,1,0,1
2529,Thaker General Store,Modern Trade,4,13,62,Kolkata,C,369.62,2.0,184.81,0.0,0.0,,,-369.62,-2.0,2025-12-26,5,2.0,2.0,2.0,3.0,2.0,29.666666666666668,0.6666666666666666,0.7000000000000001,195.0,0.0,298.1179487179487,0.0,369.62,18611.52,1.985974278296453,123.20666666666666,4_C,1263.49,0.2925389199756231,,0,0,0,1
2530,Sagar Traders,Pharmacy,2,29,40,Ahmedabad,B,9265.91,2.0,4632.955,1382.53,1.0,5.702140279053619,1.0,-7883.38,-1.0,2025-12-15,16,17.0,5.0,14.0,0.0,0.0,0.0,0.0,0.0,0.0,0.0,0.0,0.0,9265.91,32864.98,28.19387080107762,0.0,2_B,7635.110000000001,1.2135922075778869,5.526372633373016,0,0,0,1
2531,Sampath General Store,Pharmacy,4,1,58,Patna,C,0.0,0.0,0.0,1175.31,2.0,-1.0,-1.0,1175.31,2.0,2025-11-21,40,5.0,2.0,3.0,6.0,3.0,23.333333333333332,0.5,1.4000000000000001,0.0,0.0,0.0,0.0,0.0,20645.91,0.0,0.0,4_C,1263.49,0.0,-0.3515857436221601,1,1,0,1
2532,Ratti Retail,General Trade,8,36,55,Kolkata,B,8059.29,3.0,2686.43,0.0,0.0,,,-8059.29,-3.0,2025-12-20,11,6.0,4.0,4.0,5.0,2.0,32.0,0.4,1.1666666666666667,0.0,0.0,0.0,0.0,8059.29,41987.45,19.194521220031223,1611.858,8_B,5652.47,1.425799694646765,,0,0,0,1
2533,Butala General Store,Convenience,5,33,90,Jaipur,B,11435.689999999999,2.0,5717.844999999999,8250.77,3.0,0.38601488103534554,-0.3333333333333333,-3184.9199999999983,1.0,2025-12-20,11,25.0,5.0,12.0,3.0,2.0,29.666666666666668,0.6666666666666666,0.7000000000000001,195.0,0.0,192.12820512820514,0.0,11435.689999999999,40352.82,28.33925856978521,3811.896666666666,5_B,6391.82,1.7891132729019277,0.7387314886049164,0,0,0,1
2534,Yadav Traders,Pharmacy,8,36,55,Guwahati,A,21588.62,4.0,5397.155,40442.26,7.0,-0.46618660777117804,-0.42857142857142855,18853.640000000003,3.0,2025-12-27,4,39.0,5.0,14.0,5.0,4.0,19.0,0.8,1.1666666666666667,0.0,0.0,0.0,0.0,31291.81,63023.89,49.65071181737592,4317.724,8_A,21023.8,1.026865742634538,-0.4475310258769383,0,1,0,1
2535,Yogi Traders,Modern Trade,7,20,84,Hyderabad,A,5185.41,1.0,5185.41,19413.6,2.0,-0.7328980714550625,-0.5,14228.189999999999,1.0,2025-12-06,25,21.0,5.0,11.0,0.0,0.0,0.0,0.0,0.0,0.0,0.0,0.0,0.0,5185.41,73699.42,7.035889834682553,0.0,7_A,22880.32,0.22663188277087035,-0.72891175567342,0,1,0,1
2536,Dua Mart,Supermarket,8,36,76,Ranchi,C,0.0,0.0,0.0,3498.02,1.0,-1.0,-1.0,3498.02,1.0,2025-11-26,35,12.0,5.0,8.0,2.0,2.0,30.5,1.0,0.4666666666666667,195.0,0.0,300.75897435897434,0.0,0.0,17068.9,0.0,0.0,8_C,1474.47,0.0,-0.4422553310707772,1,1,0,1
2537,Mall Traders,Supermarket,4,2,60,Ranchi,C,7043.18,2.0,3521.59,0.0,0.0,,,-7043.18,-2.0,2025-12-25,6,11.0,4.0,6.0,3.0,3.0,22.333333333333332,1.0,0.7000000000000001,0.0,0.0,0.0,0.0,7043.18,21321.92,33.03257867959359,2347.726666666667,4_C,1263.49,5.57438523454875,,0,0,0,1
2538,Chacko Supermarket,Convenience,7,28,79,Hyderabad,C,1645.96,1.0,1645.96,0.0,0.0,,,-1645.96,-1.0,2025-12-09,22,4.0,3.0,4.0,2.0,1.0,19.0,0.5,0.4666666666666667,0.0,0.0,0.0,0.0,1645.96,21514.72,7.65039005852737,822.98,7_C,1610.4699999999998,1.0220370450862173,,0,0,0,1
2539,Mukherjee Traders,Pharmacy,5,33,51,Chandigarh,C,0.0,0.0,0.0,4973.51,3.0,-1.0,-1.0,4973.51,3.0,2025-11-30,31,10.0,5.0,9.0,0.0,0.0,0.0,0.0,0.0,0.0,0.0,0.0,0.0,0.0,17338.41,0.0,0.0,5_C,1965.2,0.0,-0.5530930221458649,1,1,0,1
2540,Brar Retail,General Trade,2,26,38,Pune,B,1809.32,1.0,1809.32,14871.97,3.0,-0.8783402602345217,-0.6666666666666666,13062.65,2.0,2025-12-29,2,20.0,5.0,10.0,1.0,1.0,11.0,1.0,0.23333333333333334,0.0,0.0,0.0,0.0,1809.32,34962.17,5.175079235642411,1809.32,2_B,7635.110000000001,0.23697366508144607,-1.0541079059151257,0,1,0,1
2541,Vaidya Supermarket,Modern Trade,5,33,51,Ludhiana,C,0.0,0.0,0.0,895.38,2.0,-1.0,-1.0,895.38,2.0,2025-11-18,43,7.0,3.0,4.0,1.0,1.0,19.0,1.0,0.23333333333333334,0.0,0.0,0.0,0.0,0.0,18806.7,0.0,0.0,5_C,1965.2,0.0,-0.5530930221458649,1,1,0,1
2542,Jani Mart,Convenience,12,19,36,Guwahati,B,4415.3099999999995,3.0,1471.7699999999998,7681.429999999999,2.0,-0.4251968708951328,0.5,3266.12,-1.0,2025-12-28,3,24.0,5.0,10.0,1.0,1.0,29.0,1.0,0.23333333333333334,0.0,0.0,0.0,0.0,4415.3099999999995,32798.89,13.461766541489665,4415.3099999999995,12_B,6060.66,0.728519666174971,-0.3240764925973594,0,1,0,1
2543,Dugal Supermarket,Modern Trade,1,17,3,Ludhiana,C,1199.88,1.0,1199.88,0.0,0.0,,,-1199.88,-1.0,2025-12-29,2,6.0,4.0,4.0,0.0,0.0,0.0,0.0,0.0,0.0,0.0,0.0,0.0,1199.88,20686.89,5.800195196087958,0.0,1_C,1475.75,0.8130645434524819,,0,0,0,1
2544,Yadav Traders,Modern Trade,6,25,65,Surat,A,21664.64,3.0,7221.546666666666,15913.230000000001,3.0,0.3614231680180578,0.0,-5751.409999999998,0.0,2025-12-13,18,42.0,5.0,14.0,2.0,0.0,19.5,0.0,0.4666666666666667,0.0,0.0,0.0,0.0,21664.64,69575.34,31.13838897517425,10832.32,6_A,21985.86,0.985389700471121,0.28602366224772946,0,0,0,1
2545,Narain Retail,General Trade,3,18,83,Coimbatore,C,8641.48,3.0,2880.4933333333333,1027.33,1.0,7.411591212171357,2.0,-7614.15,-2.0,2025-12-09,22,14.0,4.0,9.0,1.0,0.0,20.0,0.0,0.23333333333333334,0.0,0.0,0.0,0.0,8641.48,18686.21,46.245225757390074,8641.48,3_C,1975.87,4.373506354162976,7.768773002259905,0,0,0,1
2546,Raman General Store,Modern Trade,6,31,98,Nashik,B,3062.12,2.0,1531.06,16598.579999999998,4.0,-0.8155191588678068,-0.5,13536.46,2.0,2025-12-18,13,24.0,4.0,9.0,1.0,1.0,13.0,1.0,0.23333333333333334,0.0,0.0,0.0,0.0,3062.12,36526.51,8.383281074485351,3062.12,6_B,5118.745000000001,0.5982169457552583,-0.546230098146196,0,1,0,1
2547,Bhatti Supermarket,Supermarket,4,13,62,Patna,B,4709.41,1.0,4709.41,3258.13,1.0,0.4454334234668352,0.0,-1451.2799999999997,0.0,2025-12-12,19,13.0,5.0,9.0,6.0,4.0,17.833333333333332,0.6666666666666666,1.4000000000000001,0.0,0.0,0.0,0.0,4709.41,43555.42,10.812454569373916,784.9016666666666,4_B,5210.49,0.9038324610545265,0.6366853520777882,0,0,0,1
2548,Mukherjee Supermarket,Modern Trade,4,13,48,Patna,B,6220.280000000001,2.0,3110.1400000000003,4608.62,2.0,0.34970555177037826,0.0,-1611.6600000000008,0.0,2025-12-25,6,19.0,5.0,10.0,0.0,0.0,0.0,0.0,0.0,0.0,0.0,0.0,0.0,6220.280000000001,32682.09,19.032687322016432,0.0,4_B,5210.49,1.1937994315313916,0.5409574803813313,0,0,0,1
2549,Sarkar Supermarket,Pharmacy,3,18,2,Bengaluru,B,3394.19,2.0,1697.095,12049.970000000001,4.0,-0.7183237800592035,-0.5,8655.78,2.0,2025-12-14,17,26.0,5.0,11.0,2.0,1.0,27.0,0.5,0.4666666666666667,0.0,0.0,0.0,0.0,3394.19,39498.76,8.593155835778136,1697.095,3_B,5507.8,0.6162514978757399,-0.47897285076242846,0,1,0,1
2550,Khare General Store,General Trade,12,8,19,Guwahati,B,20811.61,3.0,6937.203333333334,7680.14,4.0,1.7097956547667101,-0.25,-13131.470000000001,1.0,2025-12-25,6,37.0,5.0,13.0,3.0,1.0,25.0,0.3333333333333333,0.7000000000000001,195.0,0.0,193.88717948717948,0.0,20811.61,34113.5,61.00696205314612,6937.203333333334,12_B,6060.66,3.4338850884227132,1.8109160330644836,0,0,0,1
2551,Bhardwaj Mart,Pharmacy,6,31,14,Pune,C,1379.21,1.0,1379.21,1380.94,1.0,-0.0012527698524193796,0.0,1.7300000000000182,0.0,2025-12-18,13,7.0,3.0,4.0,0.0,0.0,0.0,0.0,0.0,0.0,0.0,0.0,0.0,1379.21,17093.75,8.068504570383912,0.0,6_C,1535.8200000000002,0.8980284147881913,0.5086305702959332,0,0,0,1
2552,Konda Retail,Convenience,7,20,68,Coimbatore,B,3127.79,1.0,3127.79,3879.44,1.0,-0.19375219103788177,0.0,751.6500000000001,0.0,2025-12-07,24,8.0,3.0,8.0,1.0,1.0,32.0,1.0,0.23333333333333334,0.0,0.0,0.0,0.0,3127.79,38982.22,8.023632312372154,3127.79,7_B,6107.09,0.51215718124344,0.02617583173503424,0,1,0,1
2553,Chadha General Store,Convenience,4,7,1,Guwahati,C,1951.92,2.0,975.96,2385.84,1.0,-0.18187305100090537,1.0,433.9200000000001,-1.0,2025-12-07,24,16.0,5.0,10.0,2.0,1.0,25.5,0.5,0.4666666666666667,0.0,0.0,0.0,0.0,1951.92,20255.48,9.636503306759456,975.96,4_C,1263.49,1.5448638295514805,0.46654120537693455,0,1,0,1
2554,Saraf Mart,Supermarket,3,18,91,Hyderabad,C,1743.26,1.0,1743.26,0.0,0.0,,,-1743.26,-1.0,2025-12-12,19,14.0,5.0,8.0,1.0,1.0,9.0,1.0,0.23333333333333334,0.0,0.0,0.0,0.0,1743.26,17197.17,10.136900431873384,1743.26,3_C,1975.87,0.8822746435747292,,0,0,0,1
2555,D’Alia Supermarket,Convenience,3,18,11,Bengaluru,B,15354.1,4.0,3838.525,12237.89,3.0,0.25463621588362056,0.3333333333333333,-3116.210000000001,-1.0,2025-12-30,1,26.0,5.0,11.0,5.0,2.0,15.6,0.4,1.1666666666666667,0.0,0.0,0.0,0.0,15354.1,42674.72,35.979380766880254,3070.82,3_B,5507.8,2.7877010784705325,0.49398714518039566,0,0,0,1
2556,Setty Mart,Modern Trade,7,28,24,Chennai,C,0.0,0.0,0.0,417.12,1.0,-1.0,-1.0,417.12,1.0,2025-11-22,39,2.0,2.0,2.0,1.0,1.0,15.0,1.0,0.23333333333333334,0.0,0.0,0.0,0.0,0.0,19063.11,0.0,0.0,7_C,1610.4699999999998,0.0,-0.5522856147365374,1,1,0,1
2557,Bhakta Traders,Modern Trade,12,19,59,Patna,A,62858.57,9.0,6984.285555555555,38757.96,5.0,0.6218234912260604,0.8,-24100.61,-4.0,2025-12-29,2,57.0,5.0,14.0,1.0,1.0,11.0,1.0,0.23333333333333334,0.0,0.0,0.0,0.0,62858.57,66686.73,94.25948760720462,62858.57,12_A,24540.835,2.5613867661797163,0.49210196962612285,0,0,0,0
2558,More Traders,Convenience,9,11,85,Lucknow,C,0.0,0.0,0.0,4232.43,1.0,-1.0,-1.0,4232.43,1.0,2025-11-27,34,11.0,4.0,8.0,1.0,0.0,33.0,0.0,0.23333333333333334,195.0,0.0,283.574358974359,0.0,0.0,16159.02,0.0,0.0,9_C,1106.01,0.0,-0.5051035981171249,1,1,0,1
2559,Gill General Store,Convenience,5,33,51,Ludhiana,C,0.0,0.0,0.0,993.83,1.0,-1.0,-1.0,993.83,1.0,2025-11-19,42,2.0,1.0,2.0,1.0,0.0,16.0,0.0,0.23333333333333334,0.0,0.0,0.0,0.0,0.0,21011.15,0.0,0.0,5_C,1965.2,0.0,-0.5530930221458649,1,1,0,1
2560,Dar Retail,Pharmacy,4,2,41,Bhubaneswar,C,0.0,0.0,0.0,1694.35,1.0,-1.0,-1.0,1694.35,1.0,2025-11-23,38,13.0,5.0,8.0,3.0,2.0,22.666666666666668,0.6666666666666666,0.7000000000000001,195.0,0.0,311.75384615384615,0.0,0.0,20653.03,0.0,0.0,4_C,1263.49,0.0,-0.3515857436221601,1,1,0,1
2561,Arora Traders,Pharmacy,7,20,84,Bengaluru,C,1444.03,1.0,1444.03,1987.44,1.0,-0.2734220907297831,0.0,543.4100000000001,0.0,2025-12-17,14,12.0,4.0,11.0,1.0,1.0,21.0,1.0,0.23333333333333334,0.0,0.0,0.0,0.0,1444.03,17194.64,8.398140350713943,1444.03,7_C,1610.4699999999998,0.896651288133278,0.17429229453367956,0,1,0,1
2562,Devan Retail,General Trade,4,1,25,Kolkata,B,3621.5299999999997,3.0,1207.1766666666665,8119.75,3.0,-0.5539850364851134,0.0,4498.22,0.0,2025-12-21,10,16.0,5.0,9.0,1.0,1.0,22.0,1.0,0.23333333333333334,0.0,0.0,0.0,0.0,3621.5299999999997,41969.16,8.629026647185695,3621.5299999999997,4_B,5210.49,0.6950459553708,-0.36273310787416035,0,1,0,1
2563,Apte Supermarket,Convenience,8,14,7,Bhubaneswar,A,8616.53,3.0,2872.1766666666667,33545.66,5.0,-0.7431402452657065,-0.4,24929.130000000005,2.0,2025-12-15,16,34.0,5.0,14.0,2.0,2.0,24.5,1.0,0.4666666666666667,0.0,0.0,0.0,0.0,8616.53,57250.45,15.050589122006903,4308.265,8_A,21023.8,0.4098464597265956,-0.7244846633714668,0,1,0,1
2564,Gade Mart,Modern Trade,7,28,24,Kochi,C,4628.15,2.0,2314.075,0.0,0.0,,,-4628.15,-2.0,2025-12-07,24,7.0,3.0,6.0,1.0,1.0,13.0,1.0,0.23333333333333334,0.0,0.0,0.0,0.0,4628.15,19794.16,23.381391279043918,4628.15,7_C,1610.4699999999998,2.87378839717598,,0,0,0,1
2565,Taneja General Store,Modern Trade,6,21,80,Pune,A,21200.58,3.0,7066.860000000001,27210.39,5.0,-0.2208645300563497,-0.4,6009.809999999998,2.0,2025-12-15,16,42.0,5.0,14.0,2.0,2.0,33.5,1.0,0.4666666666666667,0.0,0.0,0.0,0.0,21200.58,63272.14,33.50697479174879,10600.29,6_A,21985.86,0.9642824979327623,-0.29626403582667804,0,1,0,1
2566,Palan Mart,General Trade,7,12,28,Chennai,C,0.0,0.0,0.0,6546.9,3.0,-1.0,-1.0,6546.9,3.0,2025-11-29,32,13.0,5.0,9.0,2.0,1.0,33.0,0.5,0.4666666666666667,0.0,0.0,0.0,0.0,0.0,16651.31,0.0,0.0,7_C,1610.4699999999998,0.0,-0.5522856147365374,1,1,0,1
2567,Virk General Store,Pharmacy,7,28,57,Bengaluru,C,74.66,1.0,74.66,1685.62,1.0,-0.9557076921251527,0.0,1610.9599999999998,0.0,2025-12-25,6,16.0,5.0,9.0,4.0,3.0,29.75,0.75,0.9333333333333333,0.0,0.0,0.0,0.0,74.66,19992.58,0.3734385457004548,18.665,7_C,1610.4699999999998,0.04635913739467361,-0.5079933068616901,0,1,0,1
2568,Varughese Traders,Convenience,7,28,57,Kochi,A,19315.35,2.0,9657.675,12248.13,3.0,0.5770039997942543,-0.3333333333333333,-7067.219999999999,1.0,2025-12-25,6,32.0,5.0,14.0,4.0,2.0,17.0,0.5,0.9333333333333333,0.0,0.0,0.0,0.0,19315.35,56380.53,34.25890107808493,4828.8375,7_A,22880.32,0.8441905532789751,0.5809903155758968,0,0,0,1
2569,Lad Retail,Modern Trade,4,1,32,Kolkata,A,16659.39,5.0,3331.8779999999997,39431.4,6.0,-0.5775095482280619,-0.16666666666666666,22772.010000000002,1.0,2025-12-31,0,53.0,5.0,15.0,1.0,0.0,15.0,0.0,0.23333333333333334,0.0,0.0,0.0,0.0,16659.39,72785.24,22.888418036404083,16659.39,4_A,22237.399999999998,0.7491608731236566,-0.6464097911740471,0,1,0,1
2570,Ganesan Retail,Pharmacy,12,10,30,Guwahati,C,0.0,0.0,0.0,5357.6,3.0,-1.0,-1.0,5357.6,3.0,2025-11-13,48,19.0,5.0,13.0,1.0,0.0,18.0,0.0,0.23333333333333334,0.0,0.0,0.0,0.0,0.0,20624.88,0.0,0.0,12_C,1525.54,0.0,-0.41156482455115484,1,1,0,1
2571,Prabhu Supermarket,Supermarket,12,8,92,Bhubaneswar,A,8210.11,2.0,4105.055,3957.49,2.0,1.0745750463046024,0.0,-4252.620000000001,0.0,2025-12-14,17,17.0,5.0,13.0,0.0,0.0,0.0,0.0,0.0,0.0,0.0,0.0,0.0,8210.11,70979.92,11.566806499641027,0.0,12_A,24540.835,0.33454892630996463,0.9448535247046649,0,0,0,1
2572,Date Mart,Modern Trade,9,3,95,Delhi,A,20504.7,3.0,6834.900000000001,29329.16,6.0,-0.30087667018080294,-0.5,8824.46,3.0,2025-12-07,24,37.0,5.0,14.0,0.0,0.0,0.0,0.0,0.0,0.0,0.0,0.0,0.0,20504.7,61361.33,33.41632262534075,0.0,9_A,20504.7,1.0,-0.41092351862412224,0,1,0,1
2573,Luthra Traders,Supermarket,4,13,48,Kolkata,B,1478.91,1.0,1478.91,0.0,0.0,,,-1478.91,-1.0,2025-12-04,27,1.0,1.0,1.0,0.0,0.0,0.0,0.0,0.0,195.0,0.0,203.46666666666667,0.0,1478.91,37619.85,3.9311958979102792,0.0,4_B,5210.49,0.28383319035253884,,0,0,0,1
2574,Dalal Retail,Pharmacy,12,35,61,Ranchi,B,1758.12,1.0,1758.12,5401.88,3.0,-0.6745355320740187,-0.6666666666666666,3643.76,2.0,2025-12-11,20,13.0,5.0,9.0,0.0,0.0,0.0,0.0,0.0,0.0,0.0,0.0,0.0,1758.12,42604.37,4.12661893603872,0.0,12_B,6060.66,0.29008721822375777,-0.5734151537762453,0,1,0,1
2575,Balan Retail,Convenience,7,28,24,Hyderabad,A,32645.9,4.0,8161.475,11994.11,3.0,1.7218276303952522,0.3333333333333333,-20651.79,-1.0,2025-12-23,8,34.0,5.0,13.0,1.0,1.0,18.0,1.0,0.23333333333333334,0.0,0.0,0.0,0.0,32645.9,62050.91,52.611476608481645,32645.9,7_A,22880.32,1.4268113383029608,1.7258139461768947,0,0,0,1
2576,Nayak Retail,Convenience,3,23,20,Kochi,C,296.26,1.0,296.26,0.0,0.0,,,-296.26,-1.0,2025-12-23,8,4.0,3.0,4.0,1.0,1.0,35.0,1.0,0.23333333333333334,195.0,0.0,315.7435897435897,0.0,296.26,18221.33,1.625896682624155,296.26,3_C,1975.87,0.1499390142064002,,0,0,0,1
2577,Sanghvi Supermarket,Supermarket,4,2,41,Guwahati,A,26210.649999999998,6.0,4368.441666666667,17205.28,3.0,0.5234073493718208,1.0,-9005.369999999999,-3.0,2025-12-30,1,42.0,5.0,12.0,2.0,2.0,28.5,1.0,0.4666666666666667,0.0,0.0,0.0,0.0,26210.649999999998,56332.03,46.52885756114239,13105.324999999999,4_A,22237.399999999998,1.178674215510806,0.4545071064258356,0,0,0,1
2578,Magar Mart,Modern Trade,12,8,92,Patna,C,6735.71,1.0,6735.71,0.0,0.0,,,-6735.71,-1.0,2025-12-18,13,6.0,4.0,5.0,4.0,4.0,28.25,1.0,0.9333333333333333,0.0,0.0,0.0,0.0,6735.71,21497.6,31.332381289074128,1683.9275,12_C,1525.54,4.4152955674711905,,0,0,0,1
2579,Viswanathan General Store,Modern Trade,6,31,74,Mumbai,C,0.0,0.0,0.0,6313.7300000000005,3.0,-1.0,-1.0,6313.7300000000005,3.0,2025-11-30,31,11.0,4.0,7.0,3.0,3.0,29.333333333333332,1.0,0.7000000000000001,0.0,0.0,0.0,0.0,0.0,21157.0,0.0,0.0,6_C,1535.8200000000002,0.0,-0.49011665985164743,1,1,0,1
2580,Bhatt General Store,Modern Trade,7,20,68,Kochi,C,0.0,0.0,0.0,0.0,0.0,,,0.0,0.0,2025-09-24,98,0.0,0.0,0.0,3.0,1.0,14.666666666666666,0.3333333333333333,0.7000000000000001,0.0,0.0,0.0,0.0,0.0,17042.42,0.0,0.0,7_C,1610.4699999999998,0.0,,1,0,0,1
2581,Lall General Store,Pharmacy,4,13,54,Guwahati,A,17518.440000000002,2.0,8759.220000000001,40302.270000000004,7.0,-0.5653237398290468,-0.7142857142857143,22783.83,5.0,2025-12-22,9,40.0,5.0,14.0,0.0,0.0,0.0,0.0,0.0,0.0,0.0,0.0,0.0,17518.440000000002,55705.53,31.44829606683574,0.0,4_A,22237.399999999998,0.7877917382427804,-0.634223982775032,0,1,0,1
2582,Bose Mart,Convenience,2,26,38,Mumbai,C,0.0,0.0,0.0,1698.8600000000001,2.0,-1.0,-1.0,1698.8600000000001,2.0,2025-11-26,35,11.0,5.0,9.0,1.0,1.0,30.0,1.0,0.23333333333333334,0.0,0.0,0.0,0.0,0.0,20639.65,0.0,0.0,2_C,1065.73,0.0,-0.5661759345923834,1,1,0,1
2583,Taneja Mart,Convenience,6,21,80,Ahmedabad,C,826.9,2.0,413.45,2510.21,2.0,-0.6705853295142638,0.0,1683.31,0.0,2025-12-20,11,12.0,4.0,9.0,1.0,1.0,36.0,1.0,0.23333333333333334,195.0,0.0,281.18461538461537,0.0,826.9,19911.23,4.152932792198172,826.9,6_C,1535.8200000000002,0.5384094490239741,-0.16070198936591118,0,1,0,1
2584,Shah Mart,Pharmacy,12,10,64,Kolkata,A,27319.230000000003,4.0,6829.807500000001,12159.189999999999,4.0,1.2467968672255312,0.0,-15160.040000000005,0.0,2025-12-29,2,33.0,5.0,14.0,0.0,0.0,0.0,0.0,0.0,0.0,0.0,0.0,0.0,27319.230000000003,58907.17,46.37674836526692,0.0,12_A,24540.835,1.113215177886164,1.1170753456255937,0,0,0,1
2585,Vaidya Mart,General Trade,6,21,29,Nashik,B,2165.99,1.0,2165.99,8024.28,3.0,-0.7300704860747631,-0.6666666666666666,5858.29,2.0,2025-12-21,10,20.0,5.0,10.0,0.0,0.0,0.0,0.0,0.0,0.0,0.0,0.0,0.0,2165.99,35342.98,6.128487184725226,0.0,6_B,5118.745000000001,0.4231486428802371,-0.46078142535315236,0,1,0,1
2586,Parsa Retail,Supermarket,12,8,15,Ranchi,A,40346.08,5.0,8069.216,10724.14,2.0,2.7621739365580833,1.5,-29621.940000000002,-3.0,2025-12-21,10,29.0,5.0,12.0,2.0,1.0,24.0,0.5,0.4666666666666667,0.0,0.0,0.0,0.0,40346.08,67238.88,60.00409287007755,20173.04,12_A,24540.835,1.6440385993386126,2.632452414958146,0,0,0,1
2587,Bhakta Mart,Modern Trade,4,1,25,Kolkata,C,0.0,0.0,0.0,433.02,1.0,-1.0,-1.0,433.02,1.0,2025-11-12,49,2.0,2.0,2.0,1.0,1.0,39.0,1.0,0.23333333333333334,0.0,0.0,0.0,0.0,0.0,17303.74,0.0,0.0,4_C,1263.49,0.0,-0.3515857436221601,1,1,0,1
2588,Tata Supermarket,Pharmacy,1,17,3,Chandigarh,B,0.0,0.0,0.0,0.0,0.0,,,0.0,0.0,2025-10-28,64,8.0,3.0,6.0,1.0,1.0,9.0,1.0,0.23333333333333334,0.0,0.0,0.0,0.0,0.0,35513.07,0.0,0.0,1_B,5467.655000000001,0.0,,1,0,0,1
2589,Ganesan Mart,General Trade,3,18,2,Hyderabad,B,0.0,0.0,0.0,2482.1,1.0,-1.0,-1.0,2482.1,1.0,2025-11-12,49,2.0,2.0,2.0,0.0,0.0,0.0,0.0,0.0,0.0,0.0,0.0,0.0,0.0,34588.04,0.0,0.0,3_B,5507.8,0.0,-0.760649070703225,1,1,0,1
2590,Pillai General Store,Convenience,1,34,99,Ludhiana,C,5950.82,1.0,5950.82,0.0,0.0,,,-5950.82,-1.0,2025-12-02,29,6.0,4.0,6.0,2.0,0.0,25.5,0.0,0.4666666666666667,0.0,0.0,0.0,0.0,5950.82,18817.03,31.624650648906865,2975.41,1_C,1475.75,4.032403862442825,,0,0,0,1
2591,Dugar Mart,Pharmacy,4,1,58,Ranchi,B,0.0,0.0,0.0,4625.69,1.0,-1.0,-1.0,4625.69,1.0,2025-11-22,39,11.0,4.0,7.0,4.0,3.0,27.75,0.75,0.9333333333333333,0.0,0.0,0.0,0.0,0.0,40555.76,0.0,0.0,4_B,5210.49,0.0,-0.8087480713890469,1,1,0,1
2592,Kumer Retail,Modern Trade,1,17,77,Chandigarh,B,11979.19,5.0,2395.838,2159.47,1.0,4.547282435041932,4.0,-9819.720000000001,-4.0,2025-12-31,0,17.0,5.0,10.0,3.0,3.0,21.666666666666668,1.0,0.7000000000000001,0.0,0.0,0.0,0.0,11979.19,41913.08,28.581030074621093,3993.0633333333335,1_B,5467.655000000001,2.1909191417527256,4.549329673283431,0,0,0,1
2593,Chauhan Supermarket,Modern Trade,4,2,22,Bhubaneswar,C,2295.05,1.0,2295.05,5297.8,1.0,-0.5667918758730038,0.0,3002.75,0.0,2025-12-19,12,16.0,5.0,11.0,2.0,1.0,35.5,0.5,0.4666666666666667,0.0,0.0,0.0,0.0,2295.05,18880.12,12.155907907364998,1147.525,4_C,1263.49,1.8164370117689892,0.08162238050483606,0,1,0,1
2594,D’Alia Supermarket,Modern Trade,6,21,45,Nashik,A,19877.120000000003,4.0,4969.280000000001,32555.89,6.0,-0.38944627224136696,-0.3333333333333333,12678.769999999997,2.0,2025-12-30,1,29.0,5.0,14.0,0.0,0.0,0.0,0.0,0.0,0.0,0.0,0.0,0.0,19877.120000000003,58614.85,33.911406409809125,0.0,6_A,21985.86,0.9040865356188024,-0.46484577801169535,0,1,0,1
2595,Kari General Store,Supermarket,3,23,20,Coimbatore,B,5132.860000000001,2.0,2566.4300000000003,4574.82,2.0,0.12198075552699361,0.0,-558.0400000000009,0.0,2025-12-12,19,27.0,5.0,12.0,1.0,1.0,15.0,1.0,0.23333333333333334,0.0,0.0,0.0,0.0,5132.860000000001,37220.87,13.790274112346113,5132.860000000001,3_B,5507.8,0.9319256327390247,0.36133168482376865,0,0,0,1
2596,Upadhyay Retail,Supermarket,7,12,28,Bengaluru,A,30188.61,3.0,10062.87,25200.23,4.0,0.1979497806170817,-0.25,-4988.380000000001,1.0,2025-12-20,11,33.0,5.0,13.0,2.0,1.0,30.5,0.5,0.4666666666666667,0.0,0.0,0.0,0.0,30188.61,55883.43,54.020681980329414,15094.305,7_A,22880.32,1.3194138019048685,0.20193609639872417,0,0,0,1
2597,Agate Mart,Pharmacy,12,10,30,Ranchi,B,5557.91,3.0,1852.6366666666665,12212.74,4.0,-0.5449088410954462,-0.25,6654.83,1.0,2025-12-11,20,30.0,5.0,14.0,2.0,1.0,16.5,0.5,0.4666666666666667,0.0,0.0,0.0,0.0,5557.91,42316.96,13.134001119173021,2778.955,12_B,6060.66,0.9170469882818043,-0.4437884627976728,0,1,0,1
2598,Basu Traders,General Trade,6,25,86,Pune,A,42979.72,8.0,5372.465,33440.68,6.0,0.2852525726151502,0.3333333333333333,-9539.04,-2.0,2025-12-29,2,49.0,5.0,14.0,2.0,2.0,27.5,1.0,0.4666666666666667,0.0,0.0,0.0,0.0,42979.72,67405.98,63.762473299846704,21489.86,6_A,21985.86,1.9548800911131063,0.20985306684482183,0,0,0,1
2599,Arora Mart,Modern Trade,4,7,4,Guwahati,B,29228.05,9.0,3247.561111111111,5678.0599999999995,3.0,4.147541589909229,2.0,-23549.989999999998,-6.0,2025-12-27,4,48.0,5.0,14.0,2.0,1.0,29.0,0.5,0.4666666666666667,0.0,0.0,0.0,0.0,29228.05,41967.09,69.64516720125222,14614.025,4_B,5210.49,5.60946283362985,4.338793518520182,0,0,0,1
2600,Konda Supermarket,Convenience,6,31,98,Mumbai,A,30644.46,7.0,4377.78,5257.6,1.0,4.8286024041387705,6.0,-25386.86,-6.0,2025-12-29,2,25.0,5.0,14.0,4.0,2.0,18.25,0.5,0.9333333333333333,0.0,0.0,0.0,0.0,30644.46,58476.53,52.40471690095154,7661.115,6_A,21985.86,1.3938258498871547,4.753202898368442,0,0,0,1
2601,Batra Mart,General Trade,2,29,9,Mumbai,A,24391.25,5.0,4878.25,41881.83,5.0,-0.4176173772731516,0.0,17490.58,0.0,2025-12-31,0,47.0,5.0,15.0,4.0,3.0,27.0,0.75,0.9333333333333333,0.0,0.0,0.0,0.0,24391.25,72079.04,33.83958776365501,6097.8125,2_A,21794.730000000003,1.1191352221385626,-0.5523910396538165,0,1,0,1
2602,Sodhi General Store,Supermarket,4,13,48,Patna,B,10433.79,2.0,5216.895,2005.97,1.0,4.20136891379233,1.0,-8427.820000000002,-1.0,2025-12-29,2,20.0,4.0,8.0,0.0,0.0,0.0,0.0,0.0,0.0,0.0,0.0,0.0,10433.79,38846.39,26.85909810409668,0.0,4_B,5210.49,2.002458501983499,4.392620842403283,0,0,0,1
2603,Patla Traders,Supermarket,4,13,54,Guwahati,B,3113.3999999999996,2.0,1556.6999999999998,5776.32,2.0,-0.46100631543958787,0.0,2662.92,0.0,2025-12-26,5,31.0,5.0,15.0,1.0,1.0,33.0,1.0,0.23333333333333334,0.0,0.0,0.0,0.0,6923.44,43694.89,15.844964937547617,3113.3999999999996,4_B,5210.49,0.5975253766920193,-0.26975438682863484,0,1,0,1
2604,Rajagopal Supermarket,Convenience,12,8,15,Guwahati,B,5997.07,2.0,2998.535,782.6800000000001,2.0,6.662224663975059,0.0,-5214.389999999999,0.0,2025-12-13,18,9.0,4.0,6.0,1.0,0.0,10.0,0.0,0.23333333333333334,0.0,0.0,0.0,0.0,5997.07,36948.35,16.230954832895108,5997.07,12_B,6060.66,0.9895077433810839,6.7633450422728325,0,0,0,1
2605,Doctor General Store,General Trade,8,14,97,Bhubaneswar,C,2863.09,2.0,1431.545,2167.61,1.0,0.32085107560861964,1.0,-695.48,-1.0,2025-12-20,11,21.0,5.0,10.0,0.0,0.0,0.0,0.0,0.0,0.0,0.0,0.0,0.0,2863.09,16607.66,17.239574991299197,0.0,8_C,1474.47,1.9417756888916018,0.8785957445378425,0,0,0,1
2606,Gola Traders,Modern Trade,12,10,64,Ranchi,C,147.05,1.0,147.05,1817.34,2.0,-0.9190850363718401,-0.5,1670.29,1.0,2025-12-30,1,10.0,4.0,7.0,1.0,1.0,26.0,1.0,0.23333333333333334,0.0,0.0,0.0,0.0,147.05,19086.99,0.7704200609944261,147.05,12_C,1525.54,0.09639209722458933,-0.330649860922995,0,1,0,1
2607,Banik Traders,Supermarket,5,33,82,Lucknow,B,20934.58,5.0,4186.916,0.0,0.0,,,-20934.58,-5.0,2025-12-29,2,17.0,5.0,10.0,3.0,2.0,31.333333333333332,0.6666666666666666,0.7000000000000001,0.0,0.0,0.0,0.0,20934.58,35113.82,59.6192040626739,6978.193333333334,5_B,6391.82,3.2752142582237926,,0,0,0,1
2608,Saini Mart,General Trade,9,3,93,Jaipur,B,4787.55,2.0,2393.775,5804.12,3.0,-0.1751462754043679,-0.3333333333333333,1016.5699999999997,1.0,2025-12-26,5,23.0,5.0,12.0,3.0,3.0,27.333333333333332,1.0,0.7000000000000001,195.0,0.0,199.53846153846155,0.0,4787.55,40359.26,11.862333452099964,1595.8500000000001,9_B,5894.43,0.8122159394547055,0.0,0,1,0,1
2609,Kapur Mart,General Trade,12,8,19,Bhubaneswar,A,33085.85,4.0,8271.4625,19348.5,5.0,0.7099956068945913,-0.2,-13737.349999999999,1.0,2025-12-28,3,35.0,5.0,14.0,1.0,0.0,29.0,0.0,0.23333333333333334,0.0,0.0,0.0,0.0,33085.85,74006.97,44.706397248799675,33085.85,12_A,24540.835,1.3481957724747344,0.5802740852946537,0,0,0,1
2610,Nagy Mart,General Trade,10,4,21,Nashik,B,14949.98,4.0,3737.495,1356.41,1.0,10.021726469135437,3.0,-13593.57,-3.0,2025-12-15,16,13.0,5.0,9.0,1.0,1.0,38.0,1.0,0.23333333333333334,0.0,0.0,0.0,0.0,14949.98,35519.3,42.089737128828546,14949.98,10_B,6269.79,2.3844466880070945,10.196637049138086,0,0,0,1
2611,Kothari Supermarket,Pharmacy,9,11,73,Delhi,A,0.0,0.0,0.0,7659.34,2.0,-1.0,-1.0,7659.34,2.0,2025-11-11,50,27.0,5.0,13.0,1.0,1.0,38.0,1.0,0.23333333333333334,0.0,0.0,0.0,0.0,0.0,57020.06,0.0,0.0,9_A,20504.7,0.0,-1.1100468484433192,1,1,0,1
2612,Saha Retail,Convenience,7,28,79,Coimbatore,C,201.82,1.0,201.82,1842.45,1.0,-0.8904610708567398,0.0,1640.63,0.0,2025-12-26,5,9.0,5.0,6.0,2.0,1.0,27.5,0.5,0.4666666666666667,0.0,0.0,0.0,0.0,201.82,17307.03,1.166115734473217,100.91,7_C,1610.4699999999998,0.1253174539109701,-0.4427466855932771,0,1,0,1
2613,Nagarajan Supermarket,General Trade,12,35,66,Bhubaneswar,A,8830.63,2.0,4415.315,57896.08,6.0,-0.8474744749558174,-0.6666666666666666,49065.450000000004,4.0,2025-12-23,8,47.0,5.0,15.0,0.0,0.0,0.0,0.0,0.0,0.0,0.0,0.0,0.0,8830.63,59694.17,14.793119663109477,0.0,12_A,24540.835,0.3598341295233027,-0.977195996555755,0,1,0,1
2614,Madan Mart,General Trade,12,19,53,Kolkata,C,4142.72,2.0,2071.36,984.32,1.0,3.2087126137841353,1.0,-3158.4,-1.0,2025-12-12,19,15.0,5.0,9.0,1.0,1.0,15.0,1.0,0.23333333333333334,195.0,0.0,302.7794871794872,0.0,4142.72,19761.29,20.96381359718925,4142.72,12_C,1525.54,2.715576123864337,3.7971477892329806,0,0,0,1
2615,Brahmbhatt Mart,Convenience,4,13,96,Bhubaneswar,B,0.0,0.0,0.0,9528.05,2.0,-1.0,-1.0,9528.05,2.0,2025-12-01,30,13.0,5.0,10.0,1.0,0.0,38.0,0.0,0.23333333333333334,0.0,0.0,0.0,0.0,5462.21,33056.09,16.524065610905588,0.0,4_B,5210.49,0.0,-0.8087480713890469,0,1,0,1
2616,Pradhan Mart,Supermarket,5,16,42,Delhi,B,5715.63,2.0,2857.815,10967.369999999999,2.0,-0.4788513563415841,0.0,5251.739999999999,0.0,2025-12-31,0,18.0,5.0,11.0,0.0,0.0,0.0,0.0,0.0,0.0,0.0,0.0,0.0,5715.63,36728.37,15.561893980048664,0.0,5_B,6391.82,0.8942100997837862,-0.1261347487720132,0,1,0,1
2617,Dar Supermarket,Modern Trade,5,22,71,Delhi,C,38.77,1.0,38.77,1557.49,1.0,-0.9751073843170743,0.0,1518.72,0.0,2025-12-18,13,7.0,3.0,5.0,1.0,1.0,37.0,1.0,0.23333333333333334,0.0,0.0,0.0,0.0,38.77,21325.86,0.18179806113329078,38.77,5_C,1965.2,0.019728271931610017,-0.5282004064629392,0,1,0,1
2618,Thakkar General Store,General Trade,4,2,22,Guwahati,C,0.0,0.0,0.0,5773.5,3.0,-1.0,-1.0,5773.5,3.0,2025-12-01,30,10.0,5.0,7.0,0.0,0.0,0.0,0.0,0.0,0.0,0.0,0.0,0.0,1275.34,21175.97,6.022581256018023,0.0,4_C,1263.49,0.0,-0.3515857436221601,0,1,0,1
2619,Ben Mart,Modern Trade,10,4,21,Surat,C,1683.69,1.0,1683.69,271.07,1.0,5.211273840705354,0.0,-1412.6200000000001,0.0,2025-12-31,0,5.0,3.0,5.0,1.0,1.0,33.0,1.0,0.23333333333333334,0.0,0.0,0.0,0.0,1683.69,18135.79,9.283797397301138,1683.69,10_C,1784.86,0.9433176831796333,5.388508537463332,0,0,0,1
2620,Gola Mart,Modern Trade,6,25,65,Nashik,C,0.0,0.0,0.0,3702.39,3.0,-1.0,-1.0,3702.39,3.0,2025-11-26,35,22.0,5.0,13.0,0.0,0.0,0.0,0.0,0.0,0.0,0.0,0.0,0.0,0.0,20675.3,0.0,0.0,6_C,1535.8200000000002,0.0,-0.49011665985164743,1,1,0,1
2621,Kapoor Supermarket,Pharmacy,6,25,65,Ahmedabad,C,0.0,0.0,0.0,1353.03,1.0,-1.0,-1.0,1353.03,1.0,2025-11-09,52,7.0,4.0,6.0,0.0,0.0,0.0,0.0,0.0,0.0,0.0,0.0,0.0,0.0,16469.1,0.0,0.0,6_C,1535.8200000000002,0.0,-0.49011665985164743,1,1,0,1
2622,Varty General Store,General Trade,11,9,56,Coimbatore,B,2499.39,1.0,2499.39,8563.82,3.0,-0.7081454304270758,-0.6666666666666666,6064.43,2.0,2025-12-14,17,17.0,5.0,10.0,2.0,0.0,19.0,0.0,0.4666666666666667,0.0,0.0,0.0,0.0,2499.39,35213.6,7.097797441897449,1249.695,11_B,5734.650000000001,0.43584002511051234,-0.3154404042381982,0,1,0,1
2623,Batra Mart,Convenience,6,25,65,Pune,B,5994.7,1.0,5994.7,15951.17,4.0,-0.6241843074834009,-0.75,9956.470000000001,3.0,2025-12-17,14,21.0,5.0,13.0,1.0,0.0,13.0,0.0,0.23333333333333334,0.0,0.0,0.0,0.0,5994.7,37491.95,15.989299036193103,5994.7,6_B,5118.745000000001,1.1711269070836696,-0.3548952467617902,0,1,0,1
2624,Rattan Mart,Pharmacy,10,15,94,Pune,B,5537.049999999999,2.0,2768.5249999999996,7192.28,4.0,-0.23013981658111204,-0.5,1655.2300000000005,2.0,2025-12-13,18,25.0,5.0,13.0,1.0,1.0,17.0,1.0,0.23333333333333334,195.0,0.0,207.7128205128205,0.0,5537.049999999999,33777.08,16.392920880076073,5537.049999999999,10_B,6269.79,0.8831316519373056,-0.05522923657846257,0,1,0,1
2625,Biswas General Store,Pharmacy,7,20,68,Kochi,B,5587.84,1.0,5587.84,0.0,0.0,,,-5587.84,-1.0,2025-12-14,17,11.0,4.0,8.0,3.0,3.0,37.333333333333336,1.0,0.7000000000000001,0.0,0.0,0.0,0.0,5587.84,32785.6,17.043580108340247,1862.6133333333335,7_B,6107.09,0.9149758723057954,,0,0,0,1
2626,Shroff Retail,Convenience,7,20,13,Bengaluru,B,0.0,0.0,0.0,12243.39,5.0,-1.0,-1.0,12243.39,5.0,2025-11-29,32,15.0,5.0,10.0,1.0,1.0,39.0,1.0,0.23333333333333334,0.0,0.0,0.0,0.0,0.0,34275.75,0.0,0.0,7_B,6107.09,0.0,-0.780071977227084,1,1,0,1
2627,Mandal Retail,Modern Trade,3,18,67,Bengaluru,C,12216.09,5.0,2443.218,1344.06,1.0,8.088946922012411,4.0,-10872.03,-4.0,2025-12-28,3,21.0,5.0,10.0,2.0,1.0,35.0,0.5,0.4666666666666667,0.0,0.0,0.0,0.0,12216.09,16989.18,71.90511843420342,6108.045,3_C,1975.87,6.1826385339116445,8.446128712100958,0,0,0,1
2628,Mukhopadhyay General Store,Pharmacy,12,35,78,Ranchi,C,1235.74,1.0,1235.74,3449.3,2.0,-0.6417418026846028,-0.5,2213.5600000000004,1.0,2025-12-10,21,23.0,5.0,11.0,1.0,1.0,26.0,1.0,0.23333333333333334,0.0,0.0,0.0,0.0,1235.74,19226.6,6.427241425941145,1235.74,12_C,1525.54,0.810034479594111,-0.05330662723575763,0,1,0,1
2629,Narang Supermarket,Modern Trade,8,36,76,Ranchi,C,2174.92,1.0,2174.92,3859.2999999999997,2.0,-0.4364470240717228,-0.5,1684.3799999999997,1.0,2025-12-21,10,11.0,5.0,9.0,1.0,1.0,16.0,1.0,0.23333333333333334,0.0,0.0,0.0,0.0,2174.92,20603.44,10.556101311237349,2174.92,8_C,1474.47,1.475052052601952,0.1212976448575,0,1,0,1
2630,Chadha General Store,Modern Trade,12,10,64,Bhubaneswar,C,0.0,0.0,0.0,6545.96,3.0,-1.0,-1.0,6545.96,3.0,2025-11-14,47,21.0,5.0,12.0,2.0,1.0,24.5,0.5,0.4666666666666667,0.0,0.0,0.0,0.0,0.0,18042.73,0.0,0.0,12_C,1525.54,0.0,-0.41156482455115484,1,1,0,1
2631,Shan Supermarket,Supermarket,8,14,69,Ranchi,C,8206.98,2.0,4103.49,964.92,1.0,7.505347593582887,1.0,-7242.0599999999995,-1.0,2025-12-15,16,10.0,5.0,9.0,1.0,0.0,10.0,0.0,0.23333333333333334,0.0,0.0,0.0,0.0,8206.98,20517.6,39.99970756813663,8206.98,8_C,1474.47,5.566054243219597,8.06309226251211,0,0,0,1
2632,Anand Supermarket,Convenience,4,1,58,Bhubaneswar,B,0.0,0.0,0.0,14391.92,4.0,-1.0,-1.0,14391.92,4.0,2025-11-25,36,19.0,5.0,12.0,1.0,0.0,16.0,0.0,0.23333333333333334,0.0,0.0,0.0,0.0,0.0,40751.03,0.0,0.0,4_B,5210.49,0.0,-0.8087480713890469,1,1,0,1
2633,Pillay Traders,General Trade,5,16,42,Jaipur,C,0.0,0.0,0.0,0.0,0.0,,,0.0,0.0,2025-09-29,93,0.0,0.0,0.0,0.0,0.0,0.0,0.0,0.0,0.0,0.0,0.0,0.0,0.0,16202.24,0.0,0.0,5_C,1965.2,0.0,,1,0,0,1
2634,Iyer Retail,Pharmacy,2,26,75,Nashik,A,26309.920000000002,3.0,8769.973333333333,19866.29,4.0,0.32434994153412644,-0.25,-6443.630000000001,1.0,2025-12-28,3,40.0,5.0,13.0,0.0,0.0,0.0,0.0,0.0,0.0,0.0,0.0,0.0,26309.920000000002,70863.8,37.127447300314124,0.0,2_A,21794.730000000003,1.2071688889928895,0.18957627915346148,0,0,0,1
2635,Manne Traders,Convenience,8,36,76,Patna,A,20291.73,5.0,4058.346,27032.6,6.0,-0.249360771808853,-0.16666666666666666,6740.869999999999,1.0,2025-12-28,3,40.0,5.0,14.0,5.0,4.0,17.8,0.8,1.1666666666666667,0.0,0.0,0.0,0.0,20291.73,56610.72,35.84432418453608,4058.346,8_A,21023.8,0.9651789876235505,-0.23070518991461328,0,1,0,1
2636,Modi Traders,Supermarket,4,7,1,Guwahati,C,496.99,1.0,496.99,1653.9299999999998,2.0,-0.6995096527664411,-0.5,1156.9399999999998,1.0,2025-12-17,14,9.0,4.0,6.0,1.0,0.0,34.0,0.0,0.23333333333333334,0.0,0.0,0.0,0.0,496.99,20836.16,2.385228372214458,496.99,4_C,1263.49,0.39334699918479765,-0.051095396388601166,0,1,0,1
2637,Kibe Retail,Pharmacy,12,10,46,Guwahati,C,4588.45,2.0,2294.225,2402.33,1.0,0.9099998751212365,1.0,-2186.12,-1.0,2025-12-26,5,15.0,5.0,11.0,1.0,1.0,10.0,1.0,0.23333333333333334,0.0,0.0,0.0,0.0,4588.45,21728.4,21.11729349606966,4588.45,12_C,1525.54,3.007754631147004,1.4984350505700816,0,0,0,1
2638,Shetty General Store,Pharmacy,12,35,78,Guwahati,C,0.0,0.0,0.0,0.0,0.0,,,0.0,0.0,2025-10-09,83,4.0,4.0,4.0,1.0,0.0,16.0,0.0,0.23333333333333334,0.0,0.0,0.0,0.0,0.0,20568.89,0.0,0.0,12_C,1525.54,0.0,,1,0,0,1
2639,Pillay Supermarket,Convenience,3,18,67,Hyderabad,B,5190.97,1.0,5190.97,10361.69,2.0,-0.4990228427988099,-0.5,5170.72,1.0,2025-12-26,5,20.0,5.0,11.0,0.0,0.0,0.0,0.0,0.0,0.0,0.0,0.0,0.0,5190.97,41283.65,12.573912432645853,0.0,3_B,5507.8,0.9424761247685102,-0.2596719135020348,0,1,0,1
2640,Tak Retail,Supermarket,2,26,38,Nashik,B,0.0,0.0,0.0,9583.48,3.0,-1.0,-1.0,9583.48,3.0,2025-12-01,30,11.0,4.0,9.0,1.0,1.0,38.0,1.0,0.23333333333333334,0.0,0.0,0.0,0.0,3399.7,41438.91,8.204125060239278,0.0,2_B,7635.110000000001,0.0,-1.175767645680604,0,1,0,1
2641,Hayre General Store,Supermarket,9,11,85,Ludhiana,C,5179.6,2.0,2589.8,10254.529999999999,2.0,-0.4948964018828751,0.0,5074.9299999999985,0.0,2025-12-30,1,16.0,5.0,10.0,6.0,4.0,21.0,0.6666666666666666,1.4000000000000001,0.0,0.0,0.0,0.0,5179.6,19418.74,26.673203307732635,863.2666666666668,9_C,1106.01,4.683140297104005,0.0,0,1,0,1
2642,Korpal Traders,General Trade,10,4,21,Surat,A,16859.45,4.0,4214.8625,7285.9,3.0,1.3139831729779439,0.3333333333333333,-9573.550000000001,-1.0,2025-12-28,3,37.0,5.0,14.0,0.0,0.0,0.0,0.0,0.0,195.0,0.0,59.43076923076923,0.0,16859.45,56208.91,29.994266033623497,0.0,10_A,24727.44,0.6818113803936033,1.1557828723163504,0,0,0,1
2643,Dora Mart,Supermarket,4,2,8,Kolkata,C,542.3,1.0,542.3,0.0,0.0,,,-542.3,-1.0,2025-12-05,26,9.0,5.0,8.0,5.0,1.0,26.8,0.2,1.1666666666666667,0.0,0.0,0.0,0.0,542.3,21098.64,2.5703078492263005,108.46,4_C,1263.49,0.4292079873999794,,0,0,0,1
2644,Ahuja Supermarket,Convenience,6,31,14,Pune,A,39750.549999999996,6.0,6625.091666666666,47672.66,8.0,-0.16617721771766056,-0.25,7922.110000000008,2.0,2025-12-31,0,53.0,5.0,15.0,4.0,2.0,22.5,0.5,0.9333333333333333,0.0,0.0,0.0,0.0,39750.549999999996,69370.88,57.30149307605726,9937.637499999999,6_A,21985.86,1.808005236092652,-0.24157672348798892,0,1,0,1
2645,Rout Supermarket,Convenience,10,32,43,Surat,B,16790.28,5.0,3358.0559999999996,4290.65,2.0,2.913225268898652,1.5,-12499.63,-3.0,2025-12-24,7,24.0,5.0,11.0,2.0,1.0,24.5,0.5,0.4666666666666667,195.0,0.0,209.1846153846154,0.0,16790.28,38349.45,43.78232282340424,8395.14,10_B,6269.79,2.6779652907035163,3.0881358489013016,0,0,0,1
2646,Bajwa Traders,Modern Trade,8,14,34,Kolkata,C,0.0,0.0,0.0,0.0,0.0,,,0.0,0.0,2025-08-06,147,0.0,0.0,0.0,2.0,0.0,26.5,0.0,0.4666666666666667,0.0,0.0,0.0,0.0,0.0,18054.15,0.0,0.0,8_C,1474.47,0.0,,1,0,0,1
2647,Kaul Mart,General Trade,4,13,48,Kolkata,A,35214.24,6.0,5869.04,20492.489999999998,4.0,0.7183973250688424,0.5,-14721.75,-2.0,2025-12-28,3,40.0,5.0,15.0,4.0,1.0,20.0,0.25,0.9333333333333333,195.0,0.0,85.08205128205128,0.0,35214.24,58729.38,59.96017666115324,8803.56,4_A,22237.399999999998,1.5835592290465612,0.6494970821228572,0,0,0,1
2648,Pal Supermarket,Supermarket,1,5,52,Delhi,C,0.0,0.0,0.0,0.0,0.0,,,0.0,0.0,2025-10-20,72,9.0,4.0,6.0,5.0,4.0,28.6,0.8,1.1666666666666667,0.0,0.0,0.0,0.0,0.0,20679.18,0.0,0.0,1_C,1475.75,0.0,,1,0,0,1
2649,Andra Retail,Convenience,12,8,50,Patna,A,5081.969999999999,4.0,1270.4924999999998,23073.18,3.0,-0.7797455747322215,0.3333333333333333,17991.21,-1.0,2025-12-30,1,32.0,5.0,14.0,4.0,4.0,19.25,1.0,0.9333333333333333,0.0,0.0,0.0,0.0,5081.969999999999,58465.24,8.692293061655096,1270.4924999999998,12_A,24540.835,0.20708219585845386,-0.909467096332159,0,1,0,1
2650,Nayak Supermarket,General Trade,6,25,86,Ahmedabad,B,17118.73,3.0,5706.243333333333,4086.3300000000004,2.0,3.1892676313464645,0.5,-13032.4,-1.0,2025-12-20,11,19.0,5.0,13.0,2.0,1.0,32.5,0.5,0.4666666666666667,0.0,0.0,0.0,0.0,17118.73,40750.07,42.00908121139424,8559.365,6_B,5118.745000000001,3.3443217038551434,3.4585566920680755,0,0,0,1
2651,Agarwal Mart,Pharmacy,7,20,84,Bengaluru,B,103.8,1.0,103.8,0.0,0.0,,,-103.8,-1.0,2025-12-24,7,14.0,5.0,11.0,2.0,1.0,20.5,0.5,0.4666666666666667,195.0,0.0,201.23589743589744,0.0,103.8,43053.24,0.24109683731119885,51.9,7_B,6107.09,0.016996638333477972,,0,0,0,1
2652,Puri General Store,General Trade,12,8,15,Bhubaneswar,B,13251.59,2.0,6625.795,4602.780000000001,3.0,1.8790404929194962,-0.3333333333333333,-8648.81,1.0,2025-12-30,1,20.0,5.0,11.0,1.0,0.0,38.0,0.0,0.23333333333333334,0.0,0.0,0.0,0.0,13251.59,35937.49,36.87399982580865,13251.59,12_B,6060.66,2.186492890213277,1.9801608712172696,0,0,0,1
2653,Mohanty General Store,Pharmacy,10,32,33,Pune,C,5936.07,3.0,1978.6899999999998,3183.07,3.0,0.8648882996603906,0.0,-2752.9999999999995,0.0,2025-12-30,1,25.0,5.0,14.0,2.0,0.0,26.0,0.0,0.4666666666666667,0.0,0.0,0.0,0.0,5936.07,21789.97,27.242212816263628,2968.035,10_C,1784.86,3.3257902580594556,1.0421229964183696,0,0,0,1
2654,Chawla Retail,Modern Trade,6,21,72,Surat,C,1951.71,1.0,1951.71,2269.51,2.0,-0.14003022678904264,-0.5,317.8000000000002,1.0,2025-12-23,8,10.0,5.0,8.0,1.0,0.0,39.0,0.0,0.23333333333333334,0.0,0.0,0.0,0.0,1951.71,18813.87,10.373782746452486,1951.71,6_C,1535.8200000000002,1.270793452357698,0.3698531133593099,0,0,0,1
2655,Jha Retail,Convenience,10,15,100,Pune,A,26544.32,4.0,6636.08,2659.91,1.0,8.979405318225053,3.0,-23884.41,-3.0,2025-12-19,12,40.0,5.0,15.0,6.0,4.0,25.833333333333332,0.6666666666666666,1.4000000000000001,0.0,0.0,0.0,0.0,26544.32,65188.2,40.71951672235159,4424.053333333333,10_A,24727.44,1.0734762676605423,8.821205017563459,0,0,0,1
2656,Wagle Mart,Modern Trade,4,2,41,Ranchi,C,3841.67,1.0,3841.67,283.13,1.0,12.568572740437254,0.0,-3558.54,0.0,2025-12-16,15,11.0,5.0,9.0,2.0,2.0,35.0,1.0,0.4666666666666667,0.0,0.0,0.0,0.0,3841.67,20463.56,18.773224209277366,1920.835,4_C,1263.49,3.0405226792455817,13.216986996815095,0,0,0,1
2657,Khanna General Store,Supermarket,7,12,28,Hyderabad,B,10708.42,2.0,5354.21,4354.79,1.0,1.4589980228667743,1.0,-6353.63,-1.0,2025-12-24,7,24.0,5.0,14.0,1.0,1.0,25.0,1.0,0.23333333333333334,0.0,0.0,0.0,0.0,10708.42,32532.86,32.91570430635364,10708.42,7_B,6107.09,1.7534406730537784,1.6789260456396904,0,0,0,1
2658,Saini Retail,Supermarket,4,1,39,Guwahati,B,2297.33,1.0,2297.33,0.0,0.0,,,-2297.33,-1.0,2025-12-26,5,19.0,5.0,9.0,1.0,1.0,17.0,1.0,0.23333333333333334,0.0,0.0,0.0,0.0,2297.33,38840.4,5.914794904274929,2297.33,4_B,5210.49,0.44090479014449696,,0,0,0,1
2659,Swamy Mart,Convenience,4,2,22,Kolkata,C,4071.44,1.0,4071.44,2906.01,1.0,0.40104129029149926,0.0,-1165.4299999999998,0.0,2025-12-22,9,18.0,5.0,11.0,3.0,1.0,19.333333333333332,0.3333333333333333,0.7000000000000001,0.0,0.0,0.0,0.0,4071.44,17900.27,22.745131777341907,1357.1466666666668,4_C,1263.49,3.2223761169459197,1.0494555466693392,0,0,0,1
2660,Bhasin Retail,Modern Trade,12,8,18,Patna,B,0.0,0.0,0.0,12655.880000000001,2.0,-1.0,-1.0,12655.880000000001,2.0,2025-11-13,48,12.0,5.0,12.0,0.0,0.0,0.0,0.0,0.0,0.0,0.0,0.0,0.0,0.0,40243.32,0.0,0.0,12_B,6060.66,0.0,-0.8988796217022266,1,1,0,1
2661,Dhar Traders,Modern Trade,4,2,8,Kolkata,C,0.0,0.0,0.0,3214.48,1.0,-1.0,-1.0,3214.48,1.0,2025-11-19,42,4.0,2.0,4.0,3.0,1.0,26.333333333333332,0.3333333333333333,0.7000000000000001,0.0,0.0,0.0,0.0,0.0,20892.09,0.0,0.0,4_C,1263.49,0.0,-0.3515857436221601,1,1,0,1
2662,Mammen Mart,Pharmacy,12,8,92,Ranchi,B,2497.9,1.0,2497.9,23679.88,6.0,-0.8945138235497815,-0.8333333333333334,21181.98,5.0,2025-12-11,20,31.0,5.0,13.0,0.0,0.0,0.0,0.0,0.0,0.0,0.0,0.0,0.0,2497.9,38399.18,6.50508682737496,0.0,12_B,6060.66,0.4121498318664964,-0.7933934452520081,0,1,0,1
2663,Chander Supermarket,Supermarket,8,14,69,Guwahati,C,5079.19,1.0,5079.19,2768.92,2.0,0.8343578001531281,-0.5,-2310.2699999999995,1.0,2025-12-06,25,15.0,5.0,11.0,0.0,0.0,0.0,0.0,0.0,0.0,0.0,0.0,0.0,5079.19,18302.62,27.75116349462536,0.0,8_C,1474.47,3.444756420951257,1.392102469082351,0,0,0,1
2664,Bassi Supermarket,Supermarket,5,22,71,Chandigarh,A,0.0,0.0,0.0,12446.5,3.0,-1.0,-1.0,12446.5,3.0,2025-11-16,45,25.0,5.0,12.0,3.0,2.0,33.666666666666664,0.6666666666666666,0.7000000000000001,0.0,0.0,0.0,0.0,0.0,60313.34,0.0,0.0,5_A,23936.755,0.0,-1.0007589719862864,1,1,0,1
2665,Kata General Store,Convenience,12,8,92,Patna,A,3898.54,1.0,3898.54,30287.87,5.0,-0.8712837845645798,-0.8,26389.329999999998,4.0,2025-12-03,28,20.0,5.0,12.0,3.0,2.0,31.0,0.6666666666666666,0.7000000000000001,0.0,0.0,0.0,0.0,3898.54,57885.97,6.7348616599151745,1299.5133333333333,12_A,24540.835,0.15885930531703588,-1.0010053061645174,0,1,0,1
2666,Venkatesh General Store,Convenience,4,1,58,Kolkata,A,28220.95,4.0,7055.2375,30264.340000000004,5.0,-0.06751807572872902,-0.2,2043.390000000003,1.0,2025-12-20,11,34.0,5.0,12.0,4.0,4.0,30.75,1.0,0.9333333333333333,0.0,0.0,0.0,0.0,35303.95,72700.6,48.5607409017257,7055.2375,4_A,22237.399999999998,1.2690759711117308,-0.1364183186747142,0,0,0,1
2667,Sachar Traders,Supermarket,1,17,77,Delhi,B,6310.16,2.0,3155.08,4305.94,1.0,0.46545469746443296,1.0,-2004.2200000000003,-1.0,2025-12-27,4,12.0,5.0,9.0,3.0,2.0,25.333333333333332,0.6666666666666666,0.7000000000000001,0.0,0.0,0.0,0.0,6310.16,40702.87,15.502985416016118,2103.3866666666668,1_B,5467.655000000001,1.1540889101452083,0.467501935705932,0,0,0,1
2668,Pradhan Mart,Supermarket,5,33,82,Jaipur,B,940.13,1.0,940.13,0.0,0.0,,,-940.13,-1.0,2025-12-10,21,16.0,5.0,12.0,0.0,0.0,0.0,0.0,0.0,0.0,0.0,0.0,0.0,940.13,38220.13,2.4597770860538675,0.0,5_B,6391.82,0.1470833033470905,,0,0,0,1
2669,Shanker Supermarket,Supermarket,12,8,15,Ranchi,A,3423.02,2.0,1711.51,13131.34,4.0,-0.7393243949208534,-0.5,9708.32,2.0,2025-12-19,12,16.0,5.0,11.0,1.0,1.0,32.0,1.0,0.23333333333333334,0.0,0.0,0.0,0.0,3423.02,71381.2,4.795408314794372,3423.02,12_A,24540.835,0.13948262151634205,-0.869045916520791,0,1,0,1
2670,Chad Supermarket,Modern Trade,4,7,26,Patna,B,3686.36,1.0,3686.36,2039.05,2.0,0.8078811211103211,-0.5,-1647.3100000000002,1.0,2025-12-18,13,18.0,5.0,11.0,1.0,1.0,25.0,1.0,0.23333333333333334,0.0,0.0,0.0,0.0,3686.36,36634.04,10.062663031431969,3686.36,4_B,5210.49,0.7074881633013402,0.9991330497212741,0,0,0,1
2671,Chandran General Store,Convenience,8,14,69,Kolkata,B,11426.59,2.0,5713.295,6849.78,2.0,0.6681689046947494,0.0,-4576.81,0.0,2025-12-10,21,16.0,5.0,11.0,5.0,4.0,29.6,0.8,1.1666666666666667,0.0,0.0,0.0,0.0,11426.59,39244.54,29.11638153995435,2285.318,8_B,5652.47,2.021521564908792,0.8487772216846511,0,0,0,1
2672,Tiwari Supermarket,Convenience,3,18,89,Chennai,B,3669.7,1.0,3669.7,9949.19,2.0,-0.631155903143874,-0.5,6279.490000000001,1.0,2025-12-27,4,27.0,5.0,11.0,0.0,0.0,0.0,0.0,0.0,195.0,0.0,207.33846153846153,0.0,3669.7,43618.01,8.413267822167953,0.0,3_B,5507.8,0.6662732851592287,-0.391804973847099,0,1,0,1
2673,Deol Mart,Convenience,12,35,66,Ranchi,B,3612.3399999999997,2.0,1806.1699999999998,0.0,0.0,,,-3612.3399999999997,-2.0,2025-12-29,2,6.0,4.0,5.0,0.0,0.0,0.0,0.0,0.0,0.0,0.0,0.0,0.0,3612.3399999999997,40471.48,8.925643440763716,0.0,12_B,6060.66,0.5960307953259215,,0,0,0,1
2674,Ramesh Retail,Convenience,8,36,70,Ranchi,A,60533.74,9.0,6725.971111111111,8563.09,3.0,6.069146768281075,2.0,-51970.649999999994,-6.0,2025-12-23,8,53.0,5.0,15.0,4.0,4.0,16.25,1.0,0.9333333333333333,0.0,0.0,0.0,0.0,60533.74,74188.82,81.59415394395003,15133.435,8_A,21023.8,2.879295845660632,6.0878023501753145,0,0,0,0
2675,Borde Retail,Pharmacy,4,2,41,Bhubaneswar,A,55263.0,8.0,6907.875,6842.93,2.0,7.075926540239341,3.0,-48420.07,-6.0,2025-12-28,3,31.0,5.0,15.0,2.0,1.0,8.5,0.5,0.4666666666666667,0.0,0.0,0.0,0.0,55263.0,67213.26,82.22038329936683,27631.5,4_A,22237.399999999998,2.485137650984378,7.007026297293356,0,0,0,0
2676,Bhatia Supermarket,General Trade,10,15,94,Pune,B,468.85,1.0,468.85,1495.48,4.0,-0.6864886190387034,-0.75,1026.63,3.0,2025-12-23,8,10.0,5.0,8.0,1.0,0.0,24.0,0.0,0.23333333333333334,0.0,0.0,0.0,0.0,468.85,38895.09,1.2054220725546594,468.85,10_B,6269.79,0.07477921908070287,-0.5115780390360539,0,1,0,1
2677,Saran Mart,Supermarket,12,10,46,Ranchi,C,2473.49,1.0,2473.49,0.0,0.0,,,-2473.49,-1.0,2025-12-22,9,13.0,5.0,9.0,2.0,2.0,27.5,1.0,0.4666666666666667,0.0,0.0,0.0,0.0,2473.49,19519.01,12.672210322142362,1236.745,12_C,1525.54,1.6213865254270619,,0,0,0,1
2678,De Traders,Modern Trade,9,3,95,Lucknow,B,0.0,0.0,0.0,11641.41,3.0,-1.0,-1.0,11641.41,3.0,2025-11-15,46,23.0,5.0,14.0,1.0,0.0,17.0,0.0,0.23333333333333334,0.0,0.0,0.0,0.0,0.0,43430.47,0.0,0.0,9_B,5894.43,0.0,-0.8248537245956321,1,1,0,1
2679,Khalsa Traders,Modern Trade,2,29,40,Pune,B,18466.68,4.0,4616.67,456.98,1.0,39.410258654645716,3.0,-18009.7,-3.0,2025-12-28,3,23.0,5.0,13.0,2.0,2.0,36.0,1.0,0.4666666666666667,0.0,0.0,0.0,0.0,18466.68,34342.79,53.77163590960432,9233.34,2_B,7635.110000000001,2.4186527764498478,39.234491008965115,0,0,0,1
2680,Manne Retail,General Trade,4,7,81,Ranchi,B,7350.17,2.0,3675.085,9754.9,2.0,-0.24651508472665015,0.0,2404.7299999999996,0.0,2025-12-20,11,19.0,5.0,11.0,2.0,1.0,14.5,0.5,0.4666666666666667,0.0,0.0,0.0,0.0,7350.17,38184.29,19.249199081611835,3675.085,4_B,5210.49,1.4106485186613928,-0.0552631561156971,0,1,0,1
2681,Lal Supermarket,Convenience,3,18,89,Bengaluru,A,29838.69,4.0,7459.6725,18865.04,2.0,0.5816923791309214,1.0,-10973.649999999998,-2.0,2025-12-28,3,36.0,5.0,14.0,3.0,2.0,26.0,0.6666666666666666,0.7000000000000001,0.0,0.0,0.0,0.0,29838.69,61706.48,48.35584528561668,9946.23,3_A,19782.739999999998,1.5083193733527307,0.5310845331584583,0,0,0,1
2682,Murty Retail,Modern Trade,1,17,3,Ludhiana,C,244.19,1.0,244.19,353.79,1.0,-0.3097882924898952,0.0,109.60000000000002,0.0,2025-12-28,3,2.0,1.0,2.0,2.0,2.0,25.0,1.0,0.4666666666666667,0.0,0.0,0.0,0.0,244.19,17730.62,1.3772220035170795,122.095,1_C,1475.75,0.16546840589530748,0.3167840301216686,0,1,0,1
2683,Ramaswamy Retail,Modern Trade,12,19,53,Guwahati,B,7242.5599999999995,3.0,2414.1866666666665,0.0,0.0,,,-7242.5599999999995,-3.0,2025-12-31,0,13.0,5.0,8.0,2.0,1.0,25.5,0.5,0.4666666666666667,0.0,0.0,0.0,0.0,7242.5599999999995,43182.68,16.771909478522407,3621.2799999999997,12_B,6060.66,1.1950117643952969,,0,0,0,1
2684,Narain Supermarket,Pharmacy,10,15,100,Nashik,B,2720.59,3.0,906.8633333333333,10692.59,5.0,-0.7455630488029561,-0.4,7972.0,2.0,2025-12-25,6,30.0,5.0,13.0,2.0,1.0,36.0,0.5,0.4666666666666667,0.0,0.0,0.0,0.0,2720.59,36904.98,7.371877724903252,1360.295,10_B,6269.79,0.43392043433671623,-0.5706524688003066,0,1,0,1
2685,Nadkarni Supermarket,Supermarket,4,13,48,Ranchi,B,2673.67,1.0,2673.67,1601.44,1.0,0.669541162953342,0.0,-1072.23,0.0,2025-12-29,2,25.0,5.0,12.0,1.0,0.0,32.0,0.0,0.23333333333333334,0.0,0.0,0.0,0.0,2673.67,34190.3,7.819966481721423,2673.67,4_B,5210.49,0.5131321622342621,0.8607930915642951,0,0,0,1
2686,Sethi General Store,Modern Trade,9,3,95,Delhi,C,2007.73,2.0,1003.865,0.0,0.0,,,-2007.73,-2.0,2025-12-14,17,11.0,4.0,6.0,2.0,2.0,19.0,1.0,0.4666666666666667,0.0,0.0,0.0,0.0,2007.73,18494.63,10.855745694831418,1003.865,9_C,1106.01,1.8152910009855245,,0,0,0,1
2687,Magar General Store,Modern Trade,4,2,60,Guwahati,C,303.11,1.0,303.11,0.0,0.0,,,-303.11,-1.0,2025-12-12,19,1.0,1.0,1.0,3.0,2.0,23.333333333333332,0.6666666666666666,0.7000000000000001,0.0,0.0,0.0,0.0,303.11,16220.08,1.8687330765322985,101.03666666666668,4_C,1263.49,0.23989900988531765,,0,0,0,1
2688,Kaur Traders,General Trade,12,35,78,Ranchi,C,0.0,0.0,0.0,0.0,0.0,,,0.0,0.0,2025-10-31,61,9.0,4.0,7.0,1.0,0.0,20.0,0.0,0.23333333333333334,0.0,0.0,0.0,0.0,0.0,21228.34,0.0,0.0,12_C,1525.54,0.0,,1,0,0,1
2689,Borde General Store,Supermarket,4,1,39,Patna,C,5036.54,3.0,1678.8466666666666,0.0,0.0,,,-5036.54,-3.0,2025-12-27,4,11.0,5.0,8.0,0.0,0.0,0.0,0.0,0.0,0.0,0.0,0.0,0.0,5036.54,21401.67,23.53339716012816,0.0,4_C,1263.49,3.986212791553554,,0,0,0,1
2690,Jain Traders,Convenience,6,31,98,Pune,B,0.0,0.0,0.0,3353.23,2.0,-1.0,-1.0,3353.23,2.0,2025-11-18,43,19.0,5.0,11.0,0.0,0.0,0.0,0.0,0.0,0.0,0.0,0.0,0.0,0.0,35772.74,0.0,0.0,6_B,5118.745000000001,0.0,-0.7307109392783893,1,1,0,1
2691,Deshpande Supermarket,Supermarket,5,33,82,Delhi,B,10538.28,2.0,5269.14,7529.66,2.0,0.3995691704539117,0.0,-3008.620000000001,0.0,2025-12-11,20,21.0,5.0,13.0,1.0,0.0,37.0,0.0,0.23333333333333334,0.0,0.0,0.0,0.0,10538.28,42689.29,24.68600438189532,10538.28,5_B,6391.82,1.6487135119574707,0.7522857780234826,0,0,0,1
2692,Chopra Supermarket,Pharmacy,10,15,100,Mumbai,C,5181.03,2.0,2590.515,0.0,0.0,,,-5181.03,-2.0,2025-12-22,9,10.0,5.0,7.0,2.0,1.0,28.5,0.5,0.4666666666666667,0.0,0.0,0.0,0.0,5181.03,17173.83,30.168168661271245,2590.515,10_C,1784.86,2.902765483007071,,0,0,0,1
2693,Dugal General Store,Convenience,6,31,74,Mumbai,C,0.0,0.0,0.0,4191.45,2.0,-1.0,-1.0,4191.45,2.0,2025-11-23,38,6.0,4.0,5.0,5.0,4.0,29.0,0.8,1.1666666666666667,0.0,0.0,0.0,0.0,0.0,16468.47,0.0,0.0,6_C,1535.8200000000002,0.0,-0.49011665985164743,1,1,0,1
2694,Cherian Traders,Pharmacy,4,7,81,Bhubaneswar,C,1941.81,1.0,1941.81,0.0,0.0,,,-1941.81,-1.0,2025-12-22,9,5.0,4.0,4.0,1.0,1.0,21.0,1.0,0.23333333333333334,0.0,0.0,0.0,0.0,1941.81,18062.73,10.750368299808502,1941.81,4_C,1263.49,1.536862183317636,,0,0,0,1
2695,Gala Supermarket,Modern Trade,6,21,72,Surat,C,0.0,0.0,0.0,0.0,0.0,,,0.0,0.0,2025-10-30,62,10.0,5.0,9.0,2.0,1.0,23.5,0.5,0.4666666666666667,0.0,0.0,0.0,0.0,0.0,18455.78,0.0,0.0,6_C,1535.8200000000002,0.0,,1,0,0,1
2696,Sengupta Supermarket,General Trade,4,7,81,Patna,C,5982.03,3.0,1994.01,0.0,0.0,,,-5982.03,-3.0,2025-12-22,9,15.0,5.0,11.0,1.0,0.0,12.0,0.0,0.23333333333333334,195.0,0.0,306.6307692307692,0.0,5982.03,18928.07,31.604014566725503,5982.03,4_C,1263.49,4.7345289634266985,,0,0,0,1
2697,Shukla Traders,General Trade,1,34,99,Chandigarh,A,12117.640000000001,3.0,4039.2133333333336,18747.72,6.0,-0.35364727017471986,-0.5,6630.08,3.0,2025-12-24,7,30.0,5.0,13.0,1.0,0.0,25.0,0.0,0.23333333333333334,0.0,0.0,0.0,0.0,12117.640000000001,73887.82,16.400050779681955,12117.640000000001,1_A,22934.37,0.5283615813296813,-0.44197974437718135,0,1,0,1
2698,Murthy Mart,Convenience,5,16,31,Ludhiana,A,31566.55,4.0,7891.6375,33815.19,5.0,-0.06649792593210338,-0.2,2248.640000000003,1.0,2025-12-30,1,45.0,5.0,15.0,3.0,2.0,25.666666666666668,0.6666666666666666,0.7000000000000001,0.0,0.0,0.0,0.0,41768.13,70103.08,59.58101983536244,10522.183333333332,5_A,23936.755,1.3187480926299324,-0.06725689791838987,0,0,0,1
2699,Ray Retail,Supermarket,2,29,40,Pune,C,211.74,1.0,211.74,5800.42,2.0,-0.9634957468597102,-0.5,5588.68,1.0,2025-12-04,27,18.0,5.0,11.0,0.0,0.0,0.0,0.0,0.0,0.0,0.0,0.0,0.0,211.74,16256.74,1.3024751579960068,0.0,2_C,1065.73,0.19868071650418023,-0.5296716814520935,0,1,0,1
2700,Dara Retail,Convenience,6,31,74,Mumbai,C,0.0,0.0,0.0,1926.43,1.0,-1.0,-1.0,1926.43,1.0,2025-11-05,56,6.0,4.0,5.0,1.0,1.0,14.0,1.0,0.23333333333333334,0.0,0.0,0.0,0.0,0.0,21454.58,0.0,0.0,6_C,1535.8200000000002,0.0,-0.49011665985164743,1,1,0,1
2701,Wason Mart,Supermarket,10,4,6,Ahmedabad,B,11079.72,2.0,5539.86,5525.530000000001,3.0,1.0051868327563145,-0.3333333333333333,-5554.189999999999,1.0,2025-12-16,15,17.0,4.0,8.0,0.0,0.0,0.0,0.0,0.0,0.0,0.0,0.0,0.0,11079.72,41644.15,26.605705723372907,0.0,10_B,6269.79,1.7671596656347341,1.1800974127589638,0,0,0,1
2702,Parmar Supermarket,Pharmacy,2,29,9,Ahmedabad,C,3373.55,1.0,3373.55,2359.0,1.0,0.4300763035184401,0.0,-1014.5500000000002,0.0,2025-12-08,23,14.0,5.0,10.0,3.0,1.0,21.333333333333332,0.3333333333333333,0.7000000000000001,0.0,0.0,0.0,0.0,3373.55,19779.19,17.056057401743956,1124.5166666666667,2_C,1065.73,3.165482814596568,0.8639003689260567,0,0,0,1
2703,Johal Retail,Convenience,7,28,57,Bengaluru,B,4567.19,1.0,4567.19,0.0,0.0,,,-4567.19,-1.0,2025-12-08,23,26.0,5.0,12.0,0.0,0.0,0.0,0.0,0.0,0.0,0.0,0.0,0.0,4567.19,37187.25,12.28160189312197,0.0,7_B,6107.09,0.7478504492319582,,0,0,0,1
2704,Seth Supermarket,General Trade,1,34,27,Chandigarh,B,5827.2699999999995,2.0,2913.6349999999998,177.92,1.0,31.75219199640288,1.0,-5649.349999999999,-1.0,2025-12-19,12,7.0,4.0,4.0,0.0,0.0,0.0,0.0,0.0,0.0,0.0,0.0,0.0,5827.2699999999995,43677.21,13.341671778027944,0.0,1_B,5467.655000000001,1.0657713407301665,31.754239234644377,0,0,0,1
2705,Morar Retail,Pharmacy,5,16,42,Lucknow,A,15308.29,3.0,5102.763333333333,28492.829999999998,5.0,-0.46273185218877866,-0.4,13184.539999999997,2.0,2025-12-30,1,32.0,5.0,13.0,1.0,0.0,30.0,0.0,0.23333333333333334,0.0,0.0,0.0,0.0,15308.29,61568.3,24.863915359040288,15308.29,5_A,23936.755,0.6395307133318614,-0.46349082417506515,0,1,0,1
2706,Sheth Traders,Convenience,12,8,50,Ranchi,B,2572.46,1.0,2572.46,10184.02,3.0,-0.747402302823443,-0.6666666666666666,7611.56,2.0,2025-12-14,17,20.0,5.0,13.0,1.0,0.0,19.0,0.0,0.23333333333333334,0.0,0.0,0.0,0.0,2572.46,41905.65,6.138694901522825,2572.46,12_B,6060.66,0.42445212237611085,-0.6462819245256696,0,1,0,1
2707,Lanka Traders,Convenience,7,20,13,Kochi,B,20195.01,5.0,4039.0019999999995,10472.47,5.0,0.9283903415335637,0.0,-9722.539999999999,0.0,2025-12-31,0,34.0,5.0,13.0,0.0,0.0,0.0,0.0,0.0,0.0,0.0,0.0,0.0,20195.01,33428.51,60.41253409140879,0.0,7_B,6107.09,3.3068138835353658,1.1483183643064798,0,0,0,1
2708,Dar Traders,General Trade,5,16,31,Lucknow,B,4498.389999999999,3.0,1499.4633333333331,2397.85,1.0,0.8760097587422064,2.0,-2100.5399999999995,-2.0,2025-12-30,1,16.0,5.0,7.0,2.0,1.0,29.0,0.5,0.4666666666666667,0.0,0.0,0.0,0.0,4498.389999999999,37822.39,11.893457816917438,2249.1949999999997,5_B,6391.82,0.7037729472982656,1.2287263663117773,0,0,0,1
2709,Chana Retail,Modern Trade,1,34,99,Lucknow,B,1050.27,1.0,1050.27,0.0,0.0,,,-1050.27,-1.0,2025-12-18,13,21.0,5.0,12.0,2.0,0.0,36.0,0.0,0.4666666666666667,0.0,0.0,0.0,0.0,1050.27,41172.48,2.5509029332214137,525.135,1_B,5467.655000000001,0.19208783290094197,,0,0,0,1
2710,Dugar Traders,General Trade,10,32,33,Ahmedabad,A,19512.739999999998,3.0,6504.246666666666,0.0,0.0,,,-19512.739999999998,-3.0,2025-12-30,1,20.0,5.0,11.0,1.0,0.0,19.0,0.0,0.23333333333333334,0.0,0.0,0.0,0.0,19512.739999999998,68452.35,28.505580889480047,19512.739999999998,10_A,24727.44,0.7891128236485458,,0,0,0,1
2711,Modi Retail,Pharmacy,5,16,42,Jaipur,B,30853.61,6.0,5142.268333333333,0.0,0.0,,,-30853.61,-6.0,2025-12-29,2,22.0,5.0,12.0,1.0,1.0,25.0,1.0,0.23333333333333334,0.0,0.0,0.0,0.0,30853.61,36634.27,84.22062183851351,30853.61,5_B,6391.82,4.827046130835975,,0,0,0,0
2712,Baria Supermarket,Convenience,12,10,16,Kolkata,A,33429.35,5.0,6685.87,31748.24,5.0,0.052951281708844236,0.0,-1681.109999999997,0.0,2025-12-31,0,44.0,5.0,15.0,3.0,2.0,20.0,0.6666666666666666,0.7000000000000001,0.0,0.0,0.0,0.0,33429.35,71573.22,46.70650558966049,11143.116666666667,12_A,24540.835,1.36219285122124,-0.07677023989109331,0,0,0,1
2713,Kale Traders,Modern Trade,3,18,2,Hyderabad,A,11712.11,2.0,5856.055,13544.470000000001,2.0,-0.1352847324406197,0.0,1832.3600000000006,0.0,2025-12-26,5,19.0,5.0,12.0,1.0,1.0,26.0,1.0,0.23333333333333334,0.0,0.0,0.0,0.0,11712.11,72490.28,16.156800608302248,11712.11,3_A,19782.739999999998,0.5920367957118176,-0.18589257841308288,0,0,0,1
2714,Narang Retail,Pharmacy,6,31,14,Ahmedabad,C,0.0,0.0,0.0,8069.51,3.0,-1.0,-1.0,8069.51,3.0,2025-11-18,43,10.0,4.0,7.0,1.0,1.0,23.0,1.0,0.23333333333333334,195.0,0.0,295.2871794871795,0.0,0.0,17038.21,0.0,0.0,6_C,1535.8200000000002,0.0,-0.49011665985164743,1,1,0,1
2715,Divan General Store,Convenience,8,36,76,Patna,C,5833.18,3.0,1944.3933333333334,6012.96,3.0,-0.029898752028950756,0.0,179.77999999999975,0.0,2025-12-26,5,22.0,5.0,12.0,0.0,0.0,0.0,0.0,0.0,0.0,0.0,0.0,0.0,5833.18,18611.85,31.34121540846289,0.0,8_C,1474.47,3.956119826107008,0.527845916900272,0,0,0,1
2716,Chand Supermarket,General Trade,12,10,64,Ranchi,B,8464.83,3.0,2821.61,4987.29,2.0,0.6972804869979488,0.5,-3477.54,-1.0,2025-12-23,8,20.0,4.0,10.0,4.0,1.0,29.75,0.25,0.9333333333333333,195.0,0.0,208.4051282051282,0.0,8464.83,34357.51,24.63749555773978,2116.2075,12_B,6060.66,1.3966845195077764,0.7984008652957222,0,0,0,1
2717,Kothari Supermarket,Pharmacy,6,31,98,Ahmedabad,C,4533.94,2.0,2266.97,9390.24,4.0,-0.5171646305099763,-0.5,4856.3,2.0,2025-12-21,10,25.0,5.0,13.0,0.0,0.0,0.0,0.0,0.0,0.0,0.0,0.0,0.0,7323.11,19051.08,38.43934307136393,0.0,6_C,1535.8200000000002,2.9521298068784096,-0.007281290361623727,0,1,0,1
2718,Parekh Retail,Convenience,12,8,15,Bhubaneswar,C,4590.5,1.0,4590.5,5339.41,2.0,-0.14026081533352933,-0.5,748.9099999999999,1.0,2025-12-02,29,16.0,5.0,11.0,1.0,1.0,18.0,1.0,0.23333333333333334,0.0,0.0,0.0,0.0,4590.5,18067.22,25.407893411382602,4590.5,12_C,1525.54,3.0090984176095024,0.44817436011531586,0,0,0,1
2719,Randhawa Mart,General Trade,12,10,16,Ranchi,B,4926.67,2.0,2463.335,26838.03,8.0,-0.8164295218389725,-0.75,21911.36,6.0,2025-12-27,4,37.0,5.0,15.0,0.0,0.0,0.0,0.0,0.0,0.0,0.0,0.0,0.0,4926.67,41542.37,11.859385971479238,0.0,12_B,6060.66,0.8128933152494943,-0.7153091435411991,0,1,0,1
2720,Varghese Traders,Supermarket,6,21,72,Mumbai,C,0.0,0.0,0.0,0.0,0.0,,,0.0,0.0,2025-10-26,66,10.0,4.0,9.0,0.0,0.0,0.0,0.0,0.0,0.0,0.0,0.0,0.0,0.0,21543.19,0.0,0.0,6_C,1535.8200000000002,0.0,,1,0,0,1
2721,Bawa Supermarket,Convenience,4,7,26,Patna,C,3378.6,1.0,3378.6,0.0,0.0,,,-3378.6,-1.0,2025-12-02,29,9.0,5.0,7.0,2.0,2.0,10.5,1.0,0.4666666666666667,0.0,0.0,0.0,0.0,3378.6,16295.58,20.733229501496726,1689.3,4_C,1263.49,2.6740219550609816,,0,0,0,1
2722,Mistry Traders,Supermarket,12,10,64,Bhubaneswar,B,0.0,0.0,0.0,7424.23,2.0,-1.0,-1.0,7424.23,2.0,2025-11-20,41,23.0,5.0,12.0,4.0,1.0,29.25,0.25,0.9333333333333333,0.0,0.0,0.0,0.0,0.0,38183.05,0.0,0.0,12_B,6060.66,0.0,-0.8988796217022266,1,1,0,1
2723,Lad Traders,Pharmacy,7,12,28,Kochi,B,232.14,1.0,232.14,11207.58,3.0,-0.9792872323909355,-0.6666666666666666,10975.44,2.0,2025-12-15,16,14.0,5.0,12.0,0.0,0.0,0.0,0.0,0.0,195.0,0.0,206.16923076923078,0.0,232.14,34107.83,0.6806061833895618,0.0,7_B,6107.09,0.03801155705909033,-0.7593592096180195,0,1,0,1
2724,Ghosh Supermarket,General Trade,12,8,92,Kolkata,C,2227.71,1.0,2227.71,5854.25,3.0,-0.6194713242516121,-0.6666666666666666,3626.54,2.0,2025-12-25,6,17.0,5.0,11.0,1.0,1.0,31.0,1.0,0.23333333333333334,0.0,0.0,0.0,0.0,2227.71,17582.7,12.669897114777593,2227.71,12_C,1525.54,1.4602763611573608,-0.03103614880276695,0,1,0,1
2725,Balasubramanian Mart,Convenience,5,33,82,Lucknow,C,157.0,1.0,157.0,1294.66,1.0,-0.8787326402298673,0.0,1137.66,0.0,2025-12-25,6,10.0,4.0,9.0,0.0,0.0,0.0,0.0,0.0,0.0,0.0,0.0,0.0,157.0,18746.95,0.8374695617153723,0.0,5_C,1965.2,0.07989008752289843,-0.43182566237573217,0,1,0,1
2726,Ravel General Store,Modern Trade,4,2,22,Kolkata,C,0.0,0.0,0.0,2134.51,1.0,-1.0,-1.0,2134.51,1.0,2025-11-04,57,12.0,5.0,8.0,2.0,0.0,42.0,0.0,0.4666666666666667,0.0,0.0,0.0,0.0,0.0,17497.85,0.0,0.0,4_C,1263.49,0.0,-0.3515857436221601,1,1,0,1
2727,Sethi Retail,Pharmacy,7,28,79,Bengaluru,C,2529.18,1.0,2529.18,0.0,0.0,,,-2529.18,-1.0,2025-12-10,21,4.0,4.0,4.0,0.0,0.0,0.0,0.0,0.0,0.0,0.0,0.0,0.0,2529.18,16413.38,15.409257569129576,0.0,7_C,1610.4699999999998,1.5704607971585935,,0,0,0,1
2728,Krish Traders,Convenience,2,29,9,Mumbai,A,36046.36,6.0,6007.7266666666665,23080.93,4.0,0.561737763599647,0.5,-12965.43,-2.0,2025-12-31,0,31.0,5.0,13.0,3.0,3.0,29.333333333333332,1.0,0.7000000000000001,0.0,0.0,0.0,0.0,36046.36,71834.59,50.17966971065054,12015.453333333333,2_A,21794.730000000003,1.6539025718602614,0.42696410121898204,0,0,0,1
2729,Chandra Mart,Convenience,7,12,28,Chennai,B,3651.37,1.0,3651.37,6287.389999999999,3.0,-0.41925504859727164,-0.6666666666666666,2636.0199999999995,2.0,2025-12-31,0,17.0,5.0,7.0,3.0,3.0,18.0,1.0,0.7000000000000001,0.0,0.0,0.0,0.0,3651.37,34267.13,10.65560494853231,1217.1233333333332,7_B,6107.09,0.5978903209220758,-0.19932702582435563,0,1,0,1
2730,Shere Mart,Modern Trade,12,8,92,Guwahati,B,7994.12,3.0,2664.7066666666665,3425.47,1.0,1.3337293860404558,2.0,-4568.65,-2.0,2025-12-18,13,19.0,5.0,12.0,2.0,1.0,8.5,0.5,0.4666666666666667,0.0,0.0,0.0,0.0,7994.12,34554.09,23.1350905203986,3997.06,12_B,6060.66,1.3190180607392594,1.4348497643382292,0,0,0,1
2731,Chaudry Supermarket,Pharmacy,4,7,4,Guwahati,C,418.48,1.0,418.48,0.0,0.0,,,-418.48,-1.0,2025-12-17,14,5.0,3.0,3.0,3.0,1.0,24.0,0.3333333333333333,0.7000000000000001,0.0,0.0,0.0,0.0,418.48,18619.07,2.24758809113452,139.49333333333334,4_C,1263.49,0.331209586146309,,0,0,0,1
2732,Dey Mart,Supermarket,6,31,74,Surat,B,2952.84,2.0,1476.42,8100.85,2.0,-0.6354901028904374,0.0,5148.01,0.0,2025-12-10,21,23.0,5.0,11.0,2.0,1.0,13.0,0.5,0.4666666666666667,0.0,0.0,0.0,0.0,2952.84,34326.94,8.602106683555249,1476.42,6_B,5118.745000000001,0.5768679627525887,-0.36620104216882665,0,1,0,1
2733,Dara Retail,Modern Trade,12,8,19,Bhubaneswar,B,3997.69,1.0,3997.69,0.0,0.0,,,-3997.69,-1.0,2025-12-28,3,8.0,4.0,6.0,1.0,0.0,37.0,0.0,0.23333333333333334,0.0,0.0,0.0,0.0,3997.69,36694.84,10.89442003289836,3997.69,12_B,6060.66,0.6596129794444829,,0,0,0,1
2734,Arora Retail,Pharmacy,6,21,80,Mumbai,A,53161.1,6.0,8860.183333333332,21752.879999999997,4.0,1.4438649043253124,0.5,-31408.22,-2.0,2025-12-29,2,31.0,5.0,13.0,4.0,3.0,21.0,0.75,0.9333333333333333,0.0,0.0,0.0,0.0,61612.25,72794.02,84.63916404122206,13290.275,6_A,21985.86,2.4179677301683897,1.3684653985549842,0,0,0,0
2735,Bhatia Mart,Convenience,7,12,28,Bengaluru,B,7627.5599999999995,4.0,1906.8899999999999,0.0,0.0,,,-7627.5599999999995,-4.0,2025-12-24,7,29.0,5.0,14.0,2.0,2.0,25.0,1.0,0.4666666666666667,0.0,0.0,0.0,0.0,7627.5599999999995,39048.72,19.533444374104963,3813.7799999999997,7_B,6107.09,1.2489680027640004,,0,0,0,1
2736,Kapadia General Store,Convenience,4,2,8,Bhubaneswar,C,0.0,0.0,0.0,0.0,0.0,,,0.0,0.0,2025-10-27,65,9.0,4.0,7.0,1.0,0.0,12.0,0.0,0.23333333333333334,195.0,0.0,276.8051282051282,0.0,0.0,20199.33,0.0,0.0,4_C,1263.49,0.0,,1,0,0,1
2737,De Retail,Modern Trade,4,13,54,Bhubaneswar,A,28143.95,4.0,7035.9875,18616.699999999997,3.0,0.511758260056831,0.3333333333333333,-9527.250000000004,-1.0,2025-12-12,19,27.0,5.0,14.0,3.0,3.0,22.666666666666668,1.0,0.7000000000000001,195.0,0.0,57.02564102564103,0.0,28143.95,68416.07,41.136461068284106,9381.316666666668,4_A,22237.399999999998,1.2656133360914497,0.4428580171108458,0,0,0,1
2738,Hora Supermarket,Supermarket,3,18,2,Hyderabad,B,8135.83,3.0,2711.943333333333,7323.15,4.0,0.11097410267439563,-0.25,-812.6800000000003,1.0,2025-12-14,17,26.0,5.0,12.0,3.0,2.0,24.333333333333332,0.6666666666666666,0.7000000000000001,0.0,0.0,0.0,0.0,8135.83,32753.41,24.839642650948406,2711.943333333333,3_B,5507.8,1.4771469552271324,0.3503250319711707,0,0,0,1
2739,Rattan Supermarket,General Trade,12,8,18,Patna,C,0.0,0.0,0.0,3474.7700000000004,2.0,-1.0,-1.0,3474.7700000000004,2.0,2025-11-25,36,15.0,5.0,10.0,4.0,2.0,28.0,0.5,0.9333333333333333,0.0,0.0,0.0,0.0,0.0,18772.08,0.0,0.0,12_C,1525.54,0.0,-0.41156482455115484,1,1,0,1
2740,Pradhan General Store,Pharmacy,4,2,60,Kolkata,A,19387.47,5.0,3877.494,46120.259999999995,8.0,-0.5796322483871512,-0.375,26732.789999999994,3.0,2025-12-28,3,50.0,5.0,14.0,1.0,1.0,19.0,1.0,0.23333333333333334,0.0,0.0,0.0,0.0,20159.78,58378.07,34.533138899590206,19387.47,4_A,22237.399999999998,0.8718406828136385,-0.6485324913331364,0,1,0,1
2741,Chad Supermarket,Pharmacy,8,36,70,Ranchi,C,3347.0699999999997,2.0,1673.5349999999999,6160.37,2.0,-0.45667711517327697,0.0,2813.3,0.0,2025-12-12,19,22.0,5.0,13.0,0.0,0.0,0.0,0.0,0.0,0.0,0.0,0.0,0.0,4761.44,21652.65,21.990102828060305,0.0,8_C,1474.47,2.2700156666463203,0.10106755375594584,0,1,0,1
2742,Lad Retail,Supermarket,12,8,19,Bhubaneswar,A,39514.56,5.0,7902.911999999999,20763.120000000003,6.0,0.9031128269739804,-0.16666666666666666,-18751.439999999995,1.0,2025-12-28,3,35.0,5.0,14.0,3.0,3.0,30.333333333333332,1.0,0.7000000000000001,0.0,0.0,0.0,0.0,39514.56,70150.14,56.32855472562136,13171.519999999999,12_A,24540.835,1.6101554816696335,0.7733913053740429,0,0,0,1
2743,Borde Traders,General Trade,4,13,96,Ranchi,C,4934.96,2.0,2467.48,381.42,1.0,11.938388128572177,1.0,-4553.54,-1.0,2025-12-21,10,16.0,5.0,11.0,4.0,2.0,28.25,0.5,0.9333333333333333,0.0,0.0,0.0,0.0,4934.96,20104.13,24.546996064987642,1233.74,4_C,1263.49,3.9058164290971833,12.586802384950017,0,0,0,1
2744,Bains Retail,Modern Trade,12,35,61,Kolkata,B,7256.57,3.0,2418.8566666666666,13795.970000000001,4.0,-0.47400798928962595,-0.25,6539.4000000000015,1.0,2025-12-11,20,43.0,5.0,15.0,1.0,0.0,26.0,0.0,0.23333333333333334,0.0,0.0,0.0,0.0,7256.57,40186.7,18.057143283723224,7256.57,12_B,6060.66,1.1973233938217949,-0.3728876109918525,0,1,0,1
2745,Bhattacharyya Mart,Modern Trade,6,21,29,Ahmedabad,B,9545.08,2.0,4772.54,8813.65,3.0,0.08298831925479232,-0.3333333333333333,-731.4300000000003,1.0,2025-12-26,5,30.0,5.0,13.0,1.0,0.0,29.0,0.0,0.23333333333333334,0.0,0.0,0.0,0.0,9545.08,42141.78,22.64992128951364,9545.08,6_B,5118.745000000001,1.8647305149992817,0.35227737997640307,0,0,0,1
2746,Hora Mart,Convenience,3,18,2,Chennai,B,10840.72,2.0,5420.36,10660.470000000001,2.0,0.01690826014237629,0.0,-180.24999999999818,0.0,2025-12-25,6,21.0,5.0,10.0,3.0,2.0,22.666666666666668,0.6666666666666666,0.7000000000000001,0.0,0.0,0.0,0.0,10840.72,32366.99,33.49313606238948,3613.5733333333333,3_B,5507.8,1.9682486655288862,0.2562591894391514,0,0,0,1
2747,Sawhney Retail,Pharmacy,10,15,94,Mumbai,C,7024.150000000001,2.0,3512.0750000000003,0.0,0.0,,,-7024.150000000001,-2.0,2025-12-21,10,7.0,3.0,5.0,1.0,1.0,9.0,1.0,0.23333333333333334,0.0,0.0,0.0,0.0,7024.150000000001,16679.39,42.112751125790574,7024.150000000001,10_C,1784.86,3.9354066985645937,,0,0,0,1
2748,Dave Mart,Pharmacy,1,17,49,Ludhiana,A,51649.24,10.0,5164.924,32509.18,6.0,0.5887586214109368,0.6666666666666666,-19140.059999999998,-4.0,2025-12-31,0,57.0,5.0,15.0,7.0,4.0,21.142857142857142,0.5714285714285714,1.6333333333333333,195.0,0.0,64.1076923076923,0.0,51649.24,68276.54,75.64712564520698,7378.462857142857,1_A,22934.37,2.252045292720053,0.5004261472084753,0,0,0,1
2749,Chanda General Store,Pharmacy,6,21,29,Pune,B,11594.470000000001,5.0,2318.8940000000002,3508.88,2.0,2.3043221768769526,1.5,-8085.590000000001,-3.0,2025-12-27,4,16.0,5.0,9.0,0.0,0.0,0.0,0.0,0.0,0.0,0.0,0.0,0.0,11594.470000000001,34626.75,33.48414159573163,0.0,6_B,5118.745000000001,2.2651001368499504,2.5736112375985636,0,0,0,1
2750,Narula Retail,Supermarket,4,7,4,Bhubaneswar,B,5118.3,1.0,5118.3,4138.8,2.0,0.2366628008118295,-0.5,-979.5,1.0,2025-12-22,9,18.0,5.0,9.0,4.0,2.0,26.0,0.5,0.9333333333333333,0.0,0.0,0.0,0.0,5118.3,41091.07,12.455991046229753,1279.575,4_B,5210.49,0.9823068463810506,0.4279147294227825,0,0,0,1
2751,Das Supermarket,General Trade,6,25,5,Pune,A,5302.66,2.0,2651.33,9667.49,2.0,-0.45149568295390013,0.0,4364.83,0.0,2025-12-29,2,17.0,5.0,10.0,1.0,1.0,8.0,1.0,0.23333333333333334,0.0,0.0,0.0,0.0,5302.66,73566.46,7.207985813100154,5302.66,6_A,21985.86,0.241185016187677,-0.5268951887242285,0,1,0,1
2752,Basak Supermarket,Pharmacy,4,13,12,Bhubaneswar,C,0.0,0.0,0.0,2913.6499999999996,2.0,-1.0,-1.0,2913.6499999999996,2.0,2025-11-26,35,6.0,4.0,5.0,0.0,0.0,0.0,0.0,0.0,0.0,0.0,0.0,0.0,0.0,18976.36,0.0,0.0,4_C,1263.49,0.0,-0.3515857436221601,1,1,0,1
2753,Shenoy Supermarket,Pharmacy,8,14,69,Ranchi,B,3192.79,1.0,3192.79,4224.7,1.0,-0.24425639690392215,0.0,1031.9099999999999,0.0,2025-12-30,1,13.0,5.0,9.0,1.0,0.0,38.0,0.0,0.23333333333333334,0.0,0.0,0.0,0.0,3192.79,40635.46,7.857152349204364,3192.79,8_B,5652.47,0.564848641390401,-0.0636480799140205,0,1,0,1
2754,Bedi Traders,Pharmacy,12,8,87,Ranchi,A,14798.630000000001,5.0,2959.726,6841.57,2.0,1.1630459090530392,1.5,-7957.060000000001,-3.0,2025-12-27,4,23.0,5.0,11.0,0.0,0.0,0.0,0.0,0.0,195.0,0.0,62.40512820512821,0.0,14798.630000000001,64486.7,22.948344387292266,0.0,12_A,24540.835,0.6030206388657925,1.0333243874531015,0,0,0,1
2755,Ganguly Retail,General Trade,7,20,68,Hyderabad,B,1878.6999999999998,2.0,939.3499999999999,9271.82,2.0,-0.7973752726002015,0.0,7393.12,0.0,2025-12-14,17,19.0,5.0,12.0,4.0,0.0,23.75,0.0,0.9333333333333333,195.0,0.0,201.1179487179487,0.0,1878.6999999999998,38504.96,4.879111678079914,469.67499999999995,7_B,6107.09,0.30762605430737056,-0.5774472498272855,0,1,0,1
2756,Sant General Store,Convenience,6,21,72,Mumbai,C,1620.56,1.0,1620.56,4594.42,2.0,-0.6472764788591379,-0.5,2973.86,1.0,2025-12-08,23,15.0,4.0,9.0,4.0,2.0,25.0,0.5,0.9333333333333333,0.0,0.0,0.0,0.0,1620.56,17768.62,9.120348119324968,405.14,6_C,1535.8200000000002,1.0551757367399823,-0.1373931387107853,0,1,0,1
2757,Rana General Store,General Trade,5,22,17,Delhi,B,21965.3,5.0,4393.0599999999995,10381.79,3.0,1.115752678488006,0.6666666666666666,-11583.509999999998,-2.0,2025-12-27,4,36.0,5.0,15.0,1.0,0.0,27.0,0.0,0.23333333333333334,0.0,0.0,0.0,0.0,21965.3,37985.82,57.82499890748706,21965.3,5_B,6391.82,3.436470363683583,1.468469286057577,0,0,0,1
2758,Taneja Mart,Modern Trade,1,34,99,Jaipur,B,668.2,1.0,668.2,4406.13,2.0,-0.8483476429429001,-0.5,3737.9300000000003,1.0,2025-12-07,24,12.0,4.0,7.0,2.0,1.0,26.5,0.5,0.4666666666666667,195.0,0.0,204.77948717948718,0.0,668.2,39794.18,1.6791400149469096,334.1,1_B,5467.655000000001,0.12220961271331128,-0.8463004047014011,0,1,0,1
2759,Balan Retail,Pharmacy,8,36,70,Patna,B,6601.8,2.0,3300.9,2653.88,1.0,1.4876030566566687,1.0,-3947.92,-1.0,2025-12-07,24,24.0,5.0,13.0,4.0,2.0,16.0,0.5,0.9333333333333333,0.0,0.0,0.0,0.0,6601.8,33492.34,19.711372809424486,1650.45,8_B,5652.47,1.1679495866408844,1.6682113736465705,0,0,0,1
2760,Raja Supermarket,Pharmacy,12,10,16,Bhubaneswar,C,0.0,0.0,0.0,3585.0,3.0,-1.0,-1.0,3585.0,3.0,2025-12-01,30,13.0,4.0,8.0,0.0,0.0,0.0,0.0,0.0,0.0,0.0,0.0,0.0,2806.88,16286.2,17.23471405238791,0.0,12_C,1525.54,0.0,-0.41156482455115484,0,1,0,1
2761,Sandhu Mart,Modern Trade,12,8,92,Kolkata,A,37100.59,7.0,5300.084285714285,4131.71,1.0,7.979475810257737,6.0,-32968.88,-6.0,2025-12-20,11,40.0,5.0,13.0,9.0,8.0,26.0,0.8888888888888888,2.1,0.0,0.0,0.0,0.0,37100.59,69134.65,53.66424795670478,4122.287777777778,12_A,24540.835,1.5117900430038342,7.8497542886578,0,0,0,1
2762,Gera General Store,Modern Trade,3,18,2,Hyderabad,C,7477.19,4.0,1869.2975,2395.26,1.0,2.1216611140335493,3.0,-5081.929999999999,-3.0,2025-12-31,0,18.0,5.0,10.0,1.0,1.0,37.0,1.0,0.23333333333333334,0.0,0.0,0.0,0.0,7477.19,20919.31,35.74300490790566,7477.19,3_C,1975.87,3.7842520003846407,2.4788429041220965,0,0,0,1
2763,Pandya Mart,Supermarket,1,17,3,Ludhiana,B,1726.48,2.0,863.24,8680.82,2.0,-0.8011155628154945,0.0,6954.34,0.0,2025-12-16,15,23.0,5.0,14.0,6.0,5.0,26.5,0.8333333333333334,1.4000000000000001,195.0,0.0,199.99487179487178,0.0,1726.48,35265.48,4.895665676463215,287.74666666666667,1_B,5467.655000000001,0.3157624246592003,-0.7990683245739955,0,1,0,1
2764,Kala General Store,General Trade,5,16,31,Ludhiana,A,22519.16,5.0,4503.832,37624.159999999996,5.0,-0.40147075708799873,0.0,15104.999999999996,0.0,2025-12-28,3,42.0,5.0,15.0,1.0,1.0,33.0,1.0,0.23333333333333334,0.0,0.0,0.0,0.0,22519.16,61916.92,36.36996155493522,22519.16,5_A,23936.755,0.9407774779831267,-0.4022297290742852,0,1,0,1
2765,Grover Traders,General Trade,4,13,12,Kolkata,B,6901.23,2.0,3450.615,4239.92,1.0,0.6276792958357703,1.0,-2661.3099999999995,-1.0,2025-12-19,12,25.0,5.0,12.0,5.0,2.0,30.4,0.4,1.1666666666666667,0.0,0.0,0.0,0.0,6901.23,35007.35,19.713660131372414,1380.2459999999999,4_B,5210.49,1.3244877161265063,0.8189312244467234,0,0,0,1
2766,Maharaj Mart,Modern Trade,12,8,50,Guwahati,C,0.0,0.0,0.0,203.56,1.0,-1.0,-1.0,203.56,1.0,2025-11-07,54,5.0,4.0,5.0,4.0,0.0,29.0,0.0,0.9333333333333333,0.0,0.0,0.0,0.0,0.0,17553.96,0.0,0.0,12_C,1525.54,0.0,-0.41156482455115484,1,1,0,1
2767,Mammen Supermarket,Pharmacy,9,3,95,Ludhiana,C,2127.97,1.0,2127.97,0.0,0.0,,,-2127.97,-1.0,2025-12-31,0,5.0,4.0,5.0,1.0,1.0,31.0,1.0,0.23333333333333334,0.0,0.0,0.0,0.0,2127.97,17199.9,12.371990534828688,2127.97,9_C,1106.01,1.9240061120604695,,0,0,0,1
2768,Sehgal Retail,Supermarket,3,18,2,Coimbatore,C,295.09,1.0,295.09,1856.3000000000002,2.0,-0.8410332381619351,-0.5,1561.2100000000003,1.0,2025-12-07,24,8.0,5.0,7.0,0.0,0.0,0.0,0.0,0.0,0.0,0.0,0.0,0.0,295.09,20698.41,1.4256650631618561,0.0,3_C,1975.87,0.14934686998638574,-0.483851448073388,0,1,0,1
2769,Dixit Retail,Pharmacy,5,22,71,Lucknow,B,1547.94,1.0,1547.94,327.68,1.0,3.72393798828125,0.0,-1220.26,0.0,2025-12-26,5,14.0,5.0,9.0,1.0,1.0,37.0,1.0,0.23333333333333334,0.0,0.0,0.0,0.0,1547.94,33161.81,4.667839300689558,1547.94,5_B,6391.82,0.24217515512013796,4.076654595850821,0,0,0,1
2770,Banerjee Mart,Modern Trade,8,36,76,Guwahati,B,5160.27,2.0,2580.135,6751.98,4.0,-0.2357397385655762,-0.5,1591.7099999999991,2.0,2025-12-22,9,14.0,5.0,9.0,3.0,2.0,38.0,0.6666666666666666,0.7000000000000001,0.0,0.0,0.0,0.0,5160.27,39990.4,12.903771905257264,1720.0900000000001,8_B,5652.47,0.9129230230324089,-0.05513142157567455,0,1,0,1
2771,Korpal Supermarket,General Trade,4,1,58,Kolkata,C,0.0,0.0,0.0,0.0,0.0,,,0.0,0.0,2025-10-25,67,3.0,2.0,3.0,1.0,0.0,40.0,0.0,0.23333333333333334,0.0,0.0,0.0,0.0,0.0,20314.78,0.0,0.0,4_C,1263.49,0.0,,1,0,0,1
2772,Merchant Retail,Convenience,3,18,83,Hyderabad,C,1856.6,2.0,928.3,9330.78,3.0,-0.8010241373175662,-0.3333333333333333,7474.18,1.0,2025-12-10,21,20.0,5.0,11.0,2.0,0.0,31.5,0.0,0.4666666666666667,0.0,0.0,0.0,0.0,1856.6,18165.9,10.220247826972512,928.3,3_C,1975.87,0.9396367169904902,-0.44384234722901905,0,1,0,1
2773,Tara Retail,General Trade,3,23,20,Bengaluru,A,15171.990000000002,2.0,7585.995000000001,4722.88,3.0,2.212444525374348,-0.3333333333333333,-10449.11,1.0,2025-12-20,11,22.0,5.0,12.0,4.0,4.0,25.5,1.0,0.9333333333333333,0.0,0.0,0.0,0.0,15171.990000000002,57931.03,26.189746669444684,3792.9975000000004,3_A,19782.739999999998,0.7669306678447982,2.161836679401885,0,0,0,1
2774,Sabharwal Traders,Supermarket,12,19,36,Ranchi,B,0.0,0.0,0.0,7917.42,1.0,-1.0,-1.0,7917.42,1.0,2025-11-16,45,8.0,4.0,7.0,4.0,1.0,18.25,0.25,0.9333333333333333,0.0,0.0,0.0,0.0,0.0,36136.43,0.0,0.0,12_B,6060.66,0.0,-0.8988796217022266,1,1,0,1
2775,Srinivas Retail,Pharmacy,10,32,33,Ahmedabad,C,2566.9,2.0,1283.45,5867.75,3.0,-0.5625410080524903,-0.3333333333333333,3300.85,1.0,2025-12-22,9,22.0,5.0,9.0,1.0,1.0,21.0,1.0,0.23333333333333334,0.0,0.0,0.0,0.0,2566.9,17144.23,14.972384294891054,2566.9,10_C,1784.86,1.4381520119225037,-0.3853063112945113,0,1,0,1
2776,Bhat Retail,General Trade,7,20,13,Bengaluru,C,0.0,0.0,0.0,1048.44,2.0,-1.0,-1.0,1048.44,2.0,2025-11-27,34,3.0,3.0,3.0,4.0,2.0,21.25,0.5,0.9333333333333333,0.0,0.0,0.0,0.0,0.0,21311.2,0.0,0.0,7_C,1610.4699999999998,0.0,-0.5522856147365374,1,1,0,1
2777,Chahal Mart,Modern Trade,4,13,12,Guwahati,A,20341.83,5.0,4068.3660000000004,17999.66,3.0,0.13012301343469831,0.6666666666666666,-2342.170000000002,-2.0,2025-12-26,5,26.0,5.0,13.0,1.0,1.0,26.0,1.0,0.23333333333333334,195.0,0.0,49.91282051282051,0.0,20341.83,66033.73,30.80521121554091,20341.83,4_A,22237.399999999998,0.9147575705792945,0.06122277048871311,0,0,0,1
2778,Mammen Traders,Modern Trade,4,7,1,Bhubaneswar,C,770.92,1.0,770.92,0.0,0.0,,,-770.92,-1.0,2025-12-25,6,1.0,1.0,1.0,1.0,0.0,38.0,0.0,0.23333333333333334,0.0,0.0,0.0,0.0,770.92,16526.06,4.664874749335292,770.92,4_C,1263.49,0.6101512477344497,,0,0,0,1
2779,Rajagopal Mart,Pharmacy,12,10,64,Patna,C,0.0,0.0,0.0,0.0,0.0,,,0.0,0.0,2025-10-27,65,2.0,2.0,2.0,0.0,0.0,0.0,0.0,0.0,0.0,0.0,0.0,0.0,0.0,18728.29,0.0,0.0,12_C,1525.54,0.0,,1,0,0,1
2780,Devan Mart,Supermarket,4,1,25,Ranchi,B,4048.51,2.0,2024.255,0.0,0.0,,,-4048.51,-2.0,2025-12-26,5,5.0,2.0,4.0,0.0,0.0,0.0,0.0,0.0,0.0,0.0,0.0,0.0,4048.51,33178.28,12.202290172968581,0.0,4_B,5210.49,0.7769921830768316,,0,0,0,1
2781,Saini Supermarket,Modern Trade,4,13,12,Bhubaneswar,C,724.06,1.0,724.06,1484.44,1.0,-0.5122335695615856,0.0,760.3800000000001,0.0,2025-12-20,11,15.0,5.0,8.0,2.0,1.0,36.0,0.5,0.4666666666666667,0.0,0.0,0.0,0.0,724.06,17763.98,4.0760009862654645,362.03,4_C,1263.49,0.5730634987217943,0.13618068681625428,0,1,0,1
2782,Iyengar Mart,Supermarket,12,8,15,Ranchi,C,1665.2,1.0,1665.2,1904.65,1.0,-0.12571863596986324,0.0,239.45000000000005,0.0,2025-12-17,14,7.0,4.0,6.0,1.0,0.0,15.0,0.0,0.23333333333333334,0.0,0.0,0.0,0.0,1665.2,17852.62,9.327482464758676,1665.2,12_C,1525.54,1.09154791090368,0.46271653947898195,0,0,0,1
2783,Vora General Store,Pharmacy,5,33,51,Delhi,C,113.21,1.0,113.21,0.0,0.0,,,-113.21,-1.0,2025-12-10,21,1.0,1.0,1.0,1.0,0.0,30.0,0.0,0.23333333333333334,0.0,0.0,0.0,0.0,113.21,17353.1,0.6523906391365232,113.21,5_C,1965.2,0.057607368206798286,,0,0,0,1
2784,Krish General Store,Modern Trade,8,36,55,Ranchi,A,36100.42,6.0,6016.736666666667,10563.44,2.0,2.417487106472891,2.0,-25536.979999999996,-4.0,2025-12-21,10,46.0,5.0,15.0,1.0,1.0,42.0,1.0,0.23333333333333334,0.0,0.0,0.0,0.0,36100.42,74612.3,48.38400639036727,36100.42,8_A,21023.8,1.717121547959931,2.4361426883671307,0,0,0,1
2785,Bahl Mart,Modern Trade,4,13,12,Kolkata,A,6863.88,1.0,6863.88,7358.11,2.0,-0.06716806353805523,-0.5,494.22999999999956,1.0,2025-12-17,14,20.0,5.0,9.0,3.0,3.0,20.666666666666668,1.0,0.7000000000000001,0.0,0.0,0.0,0.0,6863.88,73641.96,9.320610152146955,2287.96,4_A,22237.399999999998,0.3086637826364593,-0.13606830648404045,0,0,0,1
2786,Raja Mart,General Trade,8,36,55,Kolkata,B,744.17,1.0,744.17,10708.369999999999,2.0,-0.9305057632487483,-0.5,9964.199999999999,1.0,2025-12-19,12,39.0,5.0,15.0,0.0,0.0,0.0,0.0,0.0,0.0,0.0,0.0,0.0,744.17,37846.55,1.9662822635088266,0.0,8_B,5652.47,0.13165394951233708,-0.7498974462588467,0,1,0,1
2787,Parmer Traders,Pharmacy,12,8,92,Patna,A,12467.939999999999,3.0,4155.98,48265.7,9.0,-0.7416811524540201,-0.6666666666666666,35797.759999999995,6.0,2025-12-26,5,45.0,5.0,14.0,3.0,1.0,18.333333333333332,0.3333333333333333,0.7000000000000001,0.0,0.0,0.0,0.0,12467.939999999999,71108.28,17.53373868697147,4155.98,12_A,24540.835,0.5080487277633381,-0.8714026740539577,0,1,0,1
2788,Srinivasan Retail,Modern Trade,2,29,40,Surat,C,1692.76,1.0,1692.76,9294.4,3.0,-0.817873127904975,-0.6666666666666666,7601.639999999999,2.0,2025-12-16,15,21.0,5.0,12.0,1.0,1.0,27.0,1.0,0.23333333333333334,0.0,0.0,0.0,0.0,1692.76,21389.61,7.913935784710427,1692.76,2_C,1065.73,1.5883572762331923,-0.3840490624973584,0,1,0,1
2789,Sundaram General Store,General Trade,6,21,29,Ahmedabad,B,0.0,0.0,0.0,5786.88,4.0,-1.0,-1.0,5786.88,4.0,2025-11-21,40,38.0,5.0,15.0,1.0,1.0,39.0,1.0,0.23333333333333334,0.0,0.0,0.0,0.0,0.0,40444.29,0.0,0.0,6_B,5118.745000000001,0.0,-0.7307109392783893,1,1,0,1
2790,Padmanabhan Mart,Supermarket,5,16,47,Lucknow,C,0.0,0.0,0.0,4937.38,3.0,-1.0,-1.0,4937.38,3.0,2025-11-27,34,15.0,5.0,8.0,3.0,2.0,19.666666666666668,0.6666666666666666,0.7000000000000001,0.0,0.0,0.0,0.0,0.0,19283.22,0.0,0.0,5_C,1965.2,0.0,-0.5530930221458649,1,1,0,1
2791,Thakkar General Store,Pharmacy,6,21,45,Nashik,C,3967.74,3.0,1322.58,3560.99,2.0,0.11422385347894827,0.5,-406.75,-1.0,2025-12-21,10,24.0,5.0,14.0,0.0,0.0,0.0,0.0,0.0,0.0,0.0,0.0,0.0,3967.74,16720.58,23.729679233615098,0.0,6_C,1535.8200000000002,2.5834668125170914,0.6241071936273008,0,0,0,1
2792,Nagy Mart,Pharmacy,4,2,41,Kolkata,C,780.44,1.0,780.44,8816.16,2.0,-0.9114761982541151,-0.5,8035.719999999999,1.0,2025-12-21,10,17.0,5.0,10.0,0.0,0.0,0.0,0.0,0.0,0.0,0.0,0.0,0.0,780.44,16250.95,4.802426935040721,0.0,4_C,1263.49,0.6176859334066752,-0.2630619418762752,0,1,0,1
2793,Rama Traders,Pharmacy,4,7,1,Guwahati,B,20373.28,5.0,4074.656,5932.64,2.0,2.434100164513606,1.5,-14440.64,-3.0,2025-12-28,3,28.0,5.0,12.0,0.0,0.0,0.0,0.0,0.0,0.0,0.0,0.0,0.0,20373.28,36639.47,55.60473445713051,0.0,4_B,5210.49,3.910050686211853,2.6253520931245586,0,0,0,1
2794,Madan General Store,Convenience,3,23,20,Chennai,B,0.0,0.0,0.0,8392.41,3.0,-1.0,-1.0,8392.41,3.0,2025-11-24,37,11.0,4.0,7.0,1.0,1.0,13.0,1.0,0.23333333333333334,0.0,0.0,0.0,0.0,0.0,33862.44,0.0,0.0,3_B,5507.8,0.0,-0.760649070703225,1,1,0,1
2795,Gole Retail,Convenience,8,36,70,Ranchi,B,11239.47,4.0,2809.8675,10670.699999999999,3.0,0.05330203266889712,0.3333333333333333,-568.7700000000004,-1.0,2025-12-21,10,28.0,5.0,14.0,1.0,0.0,33.0,0.0,0.23333333333333334,195.0,0.0,192.03076923076924,0.0,11239.47,42650.82,26.35229521964642,11239.47,8_B,5652.47,1.988417452901121,0.23391034965879876,0,0,0,1
2796,Bal Mart,Supermarket,9,11,85,Jaipur,C,0.0,0.0,0.0,3198.31,1.0,-1.0,-1.0,3198.31,1.0,2025-11-26,35,3.0,2.0,3.0,4.0,1.0,25.5,0.25,0.9333333333333333,0.0,0.0,0.0,0.0,0.0,16754.14,0.0,0.0,9_C,1106.01,0.0,-0.5051035981171249,1,1,0,1
2797,Nagar Traders,Supermarket,12,35,66,Patna,B,1277.91,1.0,1277.91,18819.57,4.0,-0.9320967482253846,-0.75,17541.66,3.0,2025-12-29,2,23.0,5.0,10.0,0.0,0.0,0.0,0.0,0.0,0.0,0.0,0.0,0.0,1277.91,34106.88,3.746780708173835,0.0,12_B,6060.66,0.2108532734058667,-0.8309763699276111,0,1,0,1
2798,Kanda Retail,Pharmacy,9,3,35,Jaipur,B,8457.66,3.0,2819.22,10403.650000000001,2.0,-0.18704877615067803,0.5,1945.9900000000016,-1.0,2025-12-30,1,30.0,5.0,13.0,6.0,3.0,21.166666666666668,0.5,1.4000000000000001,0.0,0.0,0.0,0.0,8457.66,40539.35,20.86284067208774,1409.61,9_B,5894.43,1.4348562965375786,-0.011902500746310135,0,1,0,1
2799,Balan Retail,Pharmacy,3,23,20,Bengaluru,A,7401.46,1.0,7401.46,34078.28,5.0,-0.782810047924954,-0.8,26676.82,4.0,2025-12-26,5,28.0,5.0,12.0,1.0,1.0,20.0,1.0,0.23333333333333334,0.0,0.0,0.0,0.0,7401.46,63843.63,11.59310646966659,7401.46,3_A,19782.739999999998,0.37413725297911216,-0.8334178938974172,0,1,0,1
2800,Mand Mart,General Trade,10,4,21,Ahmedabad,B,5714.54,2.0,2857.27,9132.369999999999,3.0,-0.3742544377855912,-0.3333333333333333,3417.829999999999,1.0,2025-12-24,7,25.0,5.0,15.0,1.0,0.0,31.0,0.0,0.23333333333333334,0.0,0.0,0.0,0.0,5714.54,43093.55,13.26077800506108,5714.54,10_B,6269.79,0.9114404150697232,-0.19934385778294172,0,1,0,1
2801,Bhardwaj General Store,Convenience,2,29,37,Mumbai,C,0.0,0.0,0.0,2541.06,3.0,-1.0,-1.0,2541.06,3.0,2025-11-16,45,8.0,5.0,6.0,0.0,0.0,0.0,0.0,0.0,0.0,0.0,0.0,0.0,0.0,21515.88,0.0,0.0,2_C,1065.73,0.0,-0.5661759345923834,1,1,0,1
2802,Sodhi Mart,General Trade,3,18,11,Coimbatore,A,63966.71,8.0,7995.83875,30659.75,6.0,1.086341538988413,0.3333333333333333,-33306.96,-2.0,2025-12-25,6,56.0,5.0,14.0,1.0,1.0,40.0,1.0,0.23333333333333334,0.0,0.0,0.0,0.0,63966.71,62993.44,101.54503389559292,63966.71,3_A,19782.739999999998,3.233460582305586,1.0357336930159498,0,0,0,0
2803,Wagle Retail,Convenience,6,21,29,Ahmedabad,C,1819.91,1.0,1819.91,8971.3,4.0,-0.7971408825922665,-0.75,7151.389999999999,3.0,2025-12-21,10,21.0,5.0,13.0,5.0,1.0,21.8,0.2,1.1666666666666667,0.0,0.0,0.0,0.0,1819.91,20294.53,8.96749025476323,363.982,6_C,1535.8200000000002,1.1849761039705173,-0.2872575424439139,0,1,0,1
2804,Parmar Retail,Convenience,9,3,93,Delhi,B,1396.55,1.0,1396.55,6683.81,3.0,-0.7910548025751779,-0.6666666666666666,5287.26,2.0,2025-12-03,28,11.0,5.0,9.0,2.0,1.0,20.0,0.5,0.4666666666666667,0.0,0.0,0.0,0.0,1396.55,43370.71,3.2200302923332362,698.275,9_B,5894.43,0.23692706504276068,-0.61590852717081,0,1,0,1
2805,Kaul General Store,Supermarket,1,5,52,Chandigarh,C,0.0,0.0,0.0,1503.08,2.0,-1.0,-1.0,1503.08,2.0,2025-11-16,45,8.0,5.0,6.0,1.0,0.0,30.0,0.0,0.23333333333333334,0.0,0.0,0.0,0.0,0.0,18493.32,0.0,0.0,1_C,1475.75,0.0,-0.3734276773884362,1,1,0,1
2806,Dutta Retail,Supermarket,7,28,24,Bengaluru,A,22385.5,2.0,11192.75,6500.0,1.0,2.443923076923077,1.0,-15885.5,-1.0,2025-12-25,6,18.0,5.0,11.0,3.0,2.0,22.666666666666668,0.6666666666666666,0.7000000000000001,0.0,0.0,0.0,0.0,22385.5,57751.17,38.76198525501734,7461.833333333333,7_A,22880.32,0.978373554216025,2.4479093927047195,0,0,0,1
2807,Chaudhry General Store,General Trade,9,3,93,Jaipur,B,3246.16,2.0,1623.08,9328.38,3.0,-0.6520124608988913,-0.3333333333333333,6082.219999999999,1.0,2025-12-27,4,12.0,3.0,7.0,2.0,1.0,22.5,0.5,0.4666666666666667,0.0,0.0,0.0,0.0,3246.16,34064.91,9.529336786740373,1623.08,9_B,5894.43,0.5507165239047711,-0.4768661854945234,0,1,0,1
2808,Kota Mart,Pharmacy,4,13,96,Guwahati,B,13212.5,3.0,4404.166666666667,0.0,0.0,,,-13212.5,-3.0,2025-12-26,5,14.0,5.0,9.0,1.0,0.0,26.0,0.0,0.23333333333333334,0.0,0.0,0.0,0.0,13212.5,36875.78,35.82975058425883,13212.5,4_B,5210.49,2.535749996641391,,0,0,0,1
2809,Khosla General Store,Modern Trade,6,25,65,Surat,A,34500.47,5.0,6900.094,2222.72,1.0,14.521734631442559,4.0,-32277.75,-4.0,2025-12-21,10,30.0,5.0,13.0,6.0,4.0,30.0,0.6666666666666666,1.4000000000000001,0.0,0.0,0.0,0.0,34500.47,64354.13,53.61034326779027,5750.078333333334,6_A,21985.86,1.569211757011097,14.446335125672231,0,0,0,1
2810,Lata Supermarket,Convenience,6,31,14,Nashik,B,8884.34,3.0,2961.4466666666667,8805.09,2.0,0.009000475861121238,0.5,-79.25,-1.0,2025-12-22,9,23.0,5.0,12.0,2.0,1.0,35.0,0.5,0.4666666666666667,0.0,0.0,0.0,0.0,15660.779999999999,41382.31,37.84414161510075,4442.17,6_B,5118.745000000001,1.735648093429151,0.278289536582732,0,0,0,1
2811,Walla General Store,Modern Trade,4,13,12,Patna,A,30422.76,5.0,6084.552,27561.350000000002,5.0,0.10381966050284169,0.0,-2861.409999999996,0.0,2025-12-29,2,45.0,5.0,13.0,4.0,3.0,20.75,0.75,0.9333333333333333,0.0,0.0,0.0,0.0,30422.76,71991.89,42.25859329432801,7605.69,4_A,22237.399999999998,1.3680897946702404,0.034919417556856486,0,0,0,1
2812,Bhalla Traders,General Trade,5,16,31,Delhi,C,7615.92,2.0,3807.96,10170.32,4.0,-0.2511622053190066,-0.5,2554.3999999999996,2.0,2025-12-22,9,24.0,5.0,13.0,0.0,0.0,0.0,0.0,0.0,0.0,0.0,0.0,0.0,7615.92,21395.29,35.59624571576268,0.0,5_C,1965.2,3.8753918176267046,0.1957447725351285,0,1,0,1
2813,Kanda General Store,Pharmacy,6,21,72,Surat,A,12282.460000000001,3.0,4094.1533333333336,35954.42,5.0,-0.658388036853327,-0.4,23671.96,2.0,2025-12-23,8,37.0,5.0,14.0,2.0,1.0,29.5,0.5,0.4666666666666667,0.0,0.0,0.0,0.0,12282.460000000001,59656.67,20.588577941075158,6141.2300000000005,6_A,21985.86,0.5586526976884234,-0.7337875426236554,0,1,0,1
2814,Rama General Store,Convenience,3,23,88,Coimbatore,C,2302.81,1.0,2302.81,0.0,0.0,,,-2302.81,-1.0,2025-12-22,9,5.0,4.0,5.0,2.0,1.0,27.5,0.5,0.4666666666666667,0.0,0.0,0.0,0.0,2302.81,18743.16,12.286135315496425,1151.405,3_C,1975.87,1.1654663515312242,,0,0,0,1
2815,Pant Retail,Supermarket,5,33,82,Lucknow,C,10463.84,3.0,3487.9466666666667,7602.400000000001,5.0,0.37638640429338094,-0.4,-2861.4399999999996,2.0,2025-12-29,2,26.0,5.0,12.0,1.0,0.0,33.0,0.0,0.23333333333333334,0.0,0.0,0.0,0.0,10463.84,18349.58,57.02495642952046,10463.84,5_C,1965.2,5.324567474048443,0.8232933821475161,0,0,0,1
2816,Ghose Retail,Convenience,1,34,27,Lucknow,B,10767.029999999999,4.0,2691.7574999999997,1324.37,1.0,7.129925927044558,3.0,-9442.66,-3.0,2025-12-23,8,30.0,5.0,15.0,0.0,0.0,0.0,0.0,0.0,0.0,0.0,0.0,0.0,10767.029999999999,36199.5,29.743587618613514,0.0,1_B,5467.655000000001,1.9692226374926725,7.131973165286056,0,0,0,1
2817,Goda Traders,Convenience,4,2,22,Guwahati,B,2651.96,1.0,2651.96,1318.14,1.0,1.0118955497898552,0.0,-1333.82,0.0,2025-12-11,20,14.0,5.0,9.0,0.0,0.0,0.0,0.0,0.0,0.0,0.0,0.0,0.0,2651.96,41222.54,6.433276552099895,0.0,4_B,5210.49,0.508965567537794,1.2031474784008083,0,0,0,1
2818,Khalsa Traders,General Trade,1,17,77,Delhi,C,0.0,0.0,0.0,0.0,0.0,,,0.0,0.0,2025-10-28,64,14.0,5.0,11.0,1.0,1.0,15.0,1.0,0.23333333333333334,0.0,0.0,0.0,0.0,0.0,21108.0,0.0,0.0,1_C,1475.75,0.0,,1,0,0,1
2819,Nadkarni Supermarket,Pharmacy,5,22,71,Ludhiana,A,19169.76,4.0,4792.44,13726.92,4.0,0.39650846657516753,0.0,-5442.839999999998,0.0,2025-12-30,1,25.0,5.0,13.0,3.0,2.0,38.333333333333336,0.6666666666666666,0.7000000000000001,0.0,0.0,0.0,0.0,19169.76,71072.49,26.972123813306663,6389.919999999999,5_A,23936.755,0.8008504076680402,0.39574949458888103,0,0,0,1
2820,Parmer Supermarket,Pharmacy,12,8,87,Guwahati,C,4968.79,1.0,4968.79,857.77,1.0,4.792683353346469,0.0,-4111.02,0.0,2025-12-30,1,15.0,5.0,12.0,2.0,1.0,21.5,0.5,0.4666666666666667,0.0,0.0,0.0,0.0,4968.79,18081.52,27.479935315172614,2484.395,12_C,1525.54,3.2570696278039253,5.381118528795314,0,0,0,1
2821,Bala Mart,General Trade,8,14,69,Bhubaneswar,B,0.0,0.0,0.0,18405.9,6.0,-1.0,-1.0,18405.9,6.0,2025-11-28,33,33.0,5.0,13.0,1.0,1.0,12.0,1.0,0.23333333333333334,195.0,0.0,203.53846153846155,0.0,0.0,34347.51,0.0,0.0,8_B,5652.47,0.0,-0.8193916830100983,1,1,0,1
2822,Pandey Supermarket,General Trade,4,7,1,Bhubaneswar,C,0.0,0.0,0.0,0.0,0.0,,,0.0,0.0,2025-10-19,73,5.0,3.0,4.0,3.0,0.0,24.666666666666668,0.0,0.7000000000000001,0.0,0.0,0.0,0.0,0.0,20300.71,0.0,0.0,4_C,1263.49,0.0,,1,0,0,1
2823,Dhar Supermarket,General Trade,12,10,46,Ranchi,C,0.0,0.0,0.0,0.0,0.0,,,0.0,0.0,2025-10-31,61,5.0,4.0,5.0,0.0,0.0,0.0,0.0,0.0,195.0,0.0,293.4307692307692,0.0,0.0,20702.35,0.0,0.0,12_C,1525.54,0.0,,1,0,0,1
2824,Guha Mart,Modern Trade,2,26,38,Pune,C,0.0,0.0,0.0,0.0,0.0,,,0.0,0.0,2025-10-31,61,5.0,4.0,5.0,0.0,0.0,0.0,0.0,0.0,0.0,0.0,0.0,0.0,0.0,18450.32,0.0,0.0,2_C,1065.73,0.0,,1,0,0,1
2825,Tailor Traders,Convenience,12,10,16,Ranchi,C,3656.88,1.0,3656.88,2187.73,1.0,0.6715408208508363,0.0,-1469.15,0.0,2025-12-29,2,7.0,4.0,5.0,2.0,1.0,19.0,0.5,0.4666666666666667,0.0,0.0,0.0,0.0,3656.88,20263.3,18.04681369767017,1828.44,12_C,1525.54,2.3971052873081007,1.2599759962996815,0,0,0,1
2826,More Traders,General Trade,12,19,59,Patna,B,5095.46,2.0,2547.73,618.41,2.0,7.239614495237788,0.0,-4477.05,0.0,2025-12-04,27,13.0,5.0,9.0,2.0,1.0,20.5,0.5,0.4666666666666667,0.0,0.0,0.0,0.0,5095.46,35568.89,14.325608699062581,2547.73,12_B,6060.66,0.8407434173835853,7.3407348735355615,0,0,0,1
2827,Gill General Store,Modern Trade,12,10,46,Kolkata,B,12374.95,4.0,3093.7375,0.0,0.0,,,-12374.95,-4.0,2025-12-30,1,15.0,5.0,10.0,0.0,0.0,0.0,0.0,0.0,0.0,0.0,0.0,0.0,12374.95,40038.4,30.907703604539645,0.0,12_B,6060.66,2.04184857754766,,0,0,0,1
2828,Swaminathan General Store,General Trade,5,33,90,Jaipur,A,33447.2,5.0,6689.44,24645.17,6.0,0.35715030571913275,-0.16666666666666666,-8802.029999999999,1.0,2025-12-22,9,44.0,5.0,14.0,5.0,4.0,30.2,0.8,1.1666666666666667,0.0,0.0,0.0,0.0,33447.2,58728.43,56.95231423690365,6689.44,5_A,23936.755,1.397315550917407,0.35639133373284626,0,0,0,1
2829,Barad General Store,Modern Trade,12,8,50,Kolkata,A,25490.129999999997,4.0,6372.532499999999,26889.84,4.0,-0.052053489347649626,0.0,1399.7100000000028,0.0,2025-12-18,13,28.0,5.0,12.0,2.0,1.0,21.5,0.5,0.4666666666666667,0.0,0.0,0.0,0.0,25490.129999999997,63413.74,40.19654100199735,12745.064999999999,12_A,24540.835,1.038682261626387,-0.1817750109475872,0,0,0,1
2830,Chana Mart,Supermarket,3,18,67,Hyderabad,C,0.0,0.0,0.0,0.0,0.0,,,0.0,0.0,2025-10-20,72,15.0,4.0,8.0,0.0,0.0,0.0,0.0,0.0,0.0,0.0,0.0,0.0,0.0,16949.05,0.0,0.0,3_C,1975.87,0.0,,1,0,0,1
2831,Bhalla Supermarket,Modern Trade,6,21,80,Nashik,C,651.73,1.0,651.73,5517.04,2.0,-0.8818696257413394,-0.5,4865.3099999999995,1.0,2025-12-30,1,15.0,5.0,10.0,2.0,1.0,11.5,0.5,0.4666666666666667,0.0,0.0,0.0,0.0,651.73,21136.61,3.083417823387951,325.865,6_C,1535.8200000000002,0.42435311429724837,-0.37198628559298685,0,1,0,1
2832,Kaul Retail,General Trade,2,29,9,Pune,A,12128.880000000001,3.0,4042.9600000000005,20774.980000000003,4.0,-0.4161784993294819,-0.25,8646.100000000002,1.0,2025-12-29,2,30.0,5.0,13.0,0.0,0.0,0.0,0.0,0.0,0.0,0.0,0.0,0.0,12128.880000000001,69804.98,17.375379235120477,0.0,2_A,21794.730000000003,0.556505173498364,-0.5509521617101469,0,1,0,1
2833,Kanda General Store,Modern Trade,3,18,2,Hyderabad,C,781.38,1.0,781.38,9759.869999999999,5.0,-0.9199395073909796,-0.8,8978.49,4.0,2025-12-28,3,17.0,5.0,10.0,3.0,2.0,35.333333333333336,0.6666666666666666,0.7000000000000001,0.0,0.0,0.0,0.0,781.38,16453.47,4.7490286243570505,260.46,3_C,1975.87,0.39546123985889764,-0.5627577173024325,0,1,0,1
2834,Bahri Supermarket,Pharmacy,12,35,61,Patna,C,3860.24,3.0,1286.7466666666667,0.0,0.0,,,-3860.24,-3.0,2025-12-16,15,17.0,5.0,10.0,3.0,2.0,18.333333333333332,0.6666666666666666,0.7000000000000001,0.0,0.0,0.0,0.0,3860.24,17394.96,22.191715301443637,1286.7466666666667,12_C,1525.54,2.5304089043879543,,0,0,0,1
2835,Vyas Mart,Supermarket,12,10,30,Guwahati,C,1818.63,1.0,1818.63,0.0,0.0,,,-1818.63,-1.0,2025-12-03,28,4.0,2.0,3.0,2.0,2.0,34.5,1.0,0.4666666666666667,0.0,0.0,0.0,0.0,1818.63,21509.33,8.455075076722519,909.315,12_C,1525.54,1.1921221338018013,,0,0,0,1
2836,Sridhar Retail,Pharmacy,1,17,3,Delhi,C,765.54,1.0,765.54,2698.13,1.0,-0.7162701574794395,0.0,1932.5900000000001,0.0,2025-12-09,22,13.0,5.0,8.0,1.0,1.0,13.0,1.0,0.23333333333333334,0.0,0.0,0.0,0.0,765.54,19543.29,3.917150080667073,765.54,1_C,1475.75,0.5187464001355243,-0.08969783486787564,0,1,0,1
2837,Acharya Supermarket,Pharmacy,10,32,63,Nashik,C,2843.01,2.0,1421.505,3039.79,1.0,-0.06473473496524422,1.0,196.77999999999975,-1.0,2025-12-25,6,9.0,4.0,7.0,3.0,3.0,30.333333333333332,1.0,0.7000000000000001,0.0,0.0,0.0,0.0,2843.01,21013.24,13.529612758432302,947.6700000000001,10_C,1784.86,1.5928476183005953,0.11249996179273476,0,0,0,1
2838,Narula General Store,Modern Trade,4,1,32,Guwahati,B,6280.45,2.0,3140.225,4298.95,1.0,0.460926505309436,1.0,-1981.5,-1.0,2025-12-29,2,22.0,5.0,12.0,0.0,0.0,0.0,0.0,0.0,0.0,0.0,0.0,0.0,6280.45,35871.72,17.508081575123803,0.0,4_B,5210.49,1.205347289794242,0.6521784339203891,0,0,0,1
2839,Jaggi Mart,Modern Trade,12,10,64,Patna,C,805.65,1.0,805.65,0.0,0.0,,,-805.65,-1.0,2025-12-15,16,6.0,4.0,6.0,0.0,0.0,0.0,0.0,0.0,0.0,0.0,0.0,0.0,805.65,17201.78,4.683526937328579,0.0,12_C,1525.54,0.5281080797619203,,0,0,0,1
2840,De Retail,Modern Trade,6,25,65,Mumbai,B,5563.9400000000005,2.0,2781.9700000000003,0.0,0.0,,,-5563.9400000000005,-2.0,2025-12-29,2,15.0,5.0,11.0,6.0,5.0,25.0,0.8333333333333334,1.4000000000000001,0.0,0.0,0.0,0.0,5563.9400000000005,32892.07,16.91574899360241,927.3233333333334,6_B,5118.745000000001,1.0869734671291498,,0,0,0,1
2841,Oak Mart,Pharmacy,6,31,98,Nashik,B,16022.78,5.0,3204.556,9914.189999999999,4.0,0.6161461501141297,0.25,-6108.590000000002,-1.0,2025-12-29,2,34.0,5.0,13.0,2.0,0.0,27.5,0.0,0.4666666666666667,0.0,0.0,0.0,0.0,16916.7,32660.66,51.79534032686419,8011.39,6_B,5118.745000000001,3.1302164886119543,0.8854352108357404,0,0,0,1
2842,Goel Traders,Pharmacy,11,9,56,Hyderabad,C,0.0,0.0,0.0,194.86,1.0,-1.0,-1.0,194.86,1.0,2025-11-10,51,3.0,2.0,2.0,1.0,1.0,19.0,1.0,0.23333333333333334,0.0,0.0,0.0,0.0,0.0,16913.31,0.0,0.0,11_C,2316.54,0.0,-1.0621090660339043,1,1,0,1
2843,Naik Mart,General Trade,7,28,57,Bengaluru,A,11570.57,3.0,3856.8566666666666,24110.96,4.0,-0.520111600699433,-0.25,12540.39,1.0,2025-12-10,21,34.0,5.0,12.0,0.0,0.0,0.0,0.0,0.0,0.0,0.0,0.0,0.0,11570.57,62055.76,18.645440810007,0.0,7_A,22880.32,0.5056996580467406,-0.5161252849177905,0,1,0,1
2844,Bhargava Traders,Convenience,12,8,50,Patna,C,1256.23,1.0,1256.23,0.0,0.0,,,-1256.23,-1.0,2025-12-10,21,9.0,3.0,5.0,2.0,2.0,36.5,1.0,0.4666666666666667,0.0,0.0,0.0,0.0,1256.23,18671.8,6.727953384247903,628.115,12_C,1525.54,0.8234657891631816,,0,0,0,1
2845,Bains Traders,Supermarket,6,25,86,Mumbai,B,14951.11,4.0,3737.7775,4140.48,1.0,2.6109605649586527,3.0,-10810.630000000001,-3.0,2025-12-30,1,22.0,5.0,12.0,1.0,1.0,41.0,1.0,0.23333333333333334,0.0,0.0,0.0,0.0,14951.11,39386.92,37.959581505738456,14951.11,6_B,5118.745000000001,2.9208546235454196,2.880249625680263,0,0,0,1
2846,Divan Retail,General Trade,10,15,100,Pune,C,1972.6599999999999,2.0,986.3299999999999,2207.44,1.0,-0.10635849672018274,1.0,234.7800000000002,-1.0,2025-12-18,13,10.0,4.0,7.0,3.0,3.0,30.0,1.0,0.7000000000000001,0.0,0.0,0.0,0.0,1972.6599999999999,17814.55,11.073308054371287,657.5533333333333,10_C,1784.86,1.1052183364521586,0.07087620003779624,0,0,0,1
2847,Dhar Traders,General Trade,3,18,91,Kochi,C,3138.21,1.0,3138.21,6432.87,3.0,-0.5121602022114546,-0.6666666666666666,3294.66,2.0,2025-12-15,16,18.0,5.0,9.0,1.0,1.0,28.0,1.0,0.23333333333333334,0.0,0.0,0.0,0.0,3138.21,20969.55,14.965557200798301,3138.21,3_C,1975.87,1.5882674467449782,-0.15497841212290753,0,1,0,1
2848,Choudhry Traders,Modern Trade,1,34,99,Lucknow,C,3045.83,1.0,3045.83,2796.34,1.0,0.08922019496913815,0.0,-249.48999999999978,0.0,2025-12-31,0,11.0,4.0,6.0,1.0,0.0,32.0,0.0,0.23333333333333334,0.0,0.0,0.0,0.0,3045.83,18856.76,16.15245673169728,3045.83,1_C,1475.75,2.063920040657293,0.715792517580702,0,0,0,1
2849,Vora Traders,Supermarket,4,1,39,Kolkata,B,0.0,0.0,0.0,2449.44,1.0,-1.0,-1.0,2449.44,1.0,2025-11-13,48,9.0,3.0,7.0,5.0,5.0,17.2,1.0,1.1666666666666667,0.0,0.0,0.0,0.0,0.0,37683.09,0.0,0.0,4_B,5210.49,0.0,-0.8087480713890469,1,1,0,1
2850,Patla General Store,Modern Trade,3,23,88,Chennai,A,15329.81,3.0,5109.9366666666665,43654.93,7.0,-0.6488412648926479,-0.5714285714285714,28325.120000000003,4.0,2025-12-25,6,35.0,5.0,15.0,9.0,6.0,26.0,0.6666666666666666,2.1,0.0,0.0,0.0,0.0,19017.79,72203.98,26.338977435869882,1703.312222222222,3_A,19782.739999999998,0.7749083291798811,-0.6994491108651111,0,1,0,1
2851,Bora Mart,Supermarket,1,5,52,Lucknow,B,11141.5,2.0,5570.75,11156.720000000001,2.0,-0.0013642002308923377,0.0,15.220000000001164,0.0,2025-12-17,14,21.0,5.0,12.0,1.0,1.0,30.0,1.0,0.23333333333333334,0.0,0.0,0.0,0.0,11141.5,39582.16,28.147781727929953,11141.5,1_B,5467.655000000001,2.037710865078356,0.0006830380106066965,0,0,0,1
2852,Prakash Supermarket,General Trade,11,9,56,Coimbatore,C,5242.46,3.0,1747.4866666666667,0.0,0.0,,,-5242.46,-3.0,2025-12-28,3,9.0,4.0,7.0,0.0,0.0,0.0,0.0,0.0,0.0,0.0,0.0,0.0,5242.46,20712.14,25.31104946181322,0.0,11_C,2316.54,2.26305610954268,,0,0,0,1
2853,Randhawa Supermarket,Pharmacy,8,14,34,Guwahati,C,8584.85,4.0,2146.2125,7102.049999999999,2.0,0.2087847874909359,1.0,-1482.800000000001,-2.0,2025-12-18,13,19.0,5.0,13.0,2.0,1.0,30.5,0.5,0.4666666666666667,0.0,0.0,0.0,0.0,8584.85,18140.74,47.32359319410344,4292.425,8_C,1474.47,5.822329379370214,0.7665294564201587,0,0,0,1
2854,Chaudhuri Mart,Supermarket,3,18,89,Hyderabad,C,471.67,1.0,471.67,1374.45,1.0,-0.6568300047291643,0.0,902.78,0.0,2025-12-29,2,9.0,4.0,7.0,1.0,1.0,29.0,1.0,0.23333333333333334,0.0,0.0,0.0,0.0,471.67,17456.1,2.702035391639599,471.67,3_C,1975.87,0.23871509765318571,-0.2996482146406172,0,1,0,1
2855,Nayar Traders,Modern Trade,7,20,68,Coimbatore,C,1924.69,1.0,1924.69,1535.02,1.0,0.2538533699886647,0.0,-389.6700000000001,0.0,2025-12-14,17,12.0,4.0,7.0,4.0,1.0,26.75,0.25,0.9333333333333333,0.0,0.0,0.0,0.0,1924.69,21440.05,8.97707794524733,481.1725,7_C,1610.4699999999998,1.1951107440685018,0.7015677552521273,0,0,0,1
2856,Mittal Retail,General Trade,1,17,77,Lucknow,B,883.16,1.0,883.16,0.0,0.0,,,-883.16,-1.0,2025-12-18,13,2.0,2.0,2.0,4.0,4.0,21.5,1.0,0.9333333333333333,0.0,0.0,0.0,0.0,883.16,40399.83,2.186048802680605,220.79,1_B,5467.655000000001,0.1615244560968093,,0,0,0,1
2857,Naidu Traders,Convenience,12,19,53,Ranchi,A,21852.449999999997,4.0,5463.112499999999,1458.64,1.0,13.98138677123896,3.0,-20393.809999999998,-3.0,2025-12-26,5,36.0,5.0,14.0,0.0,0.0,0.0,0.0,0.0,195.0,1.0,58.18974358974359,0.005128205128205128,21852.449999999997,73001.38,29.93429713246516,0.0,12_A,24540.835,0.890452586474747,13.851665249639021,0,0,0,1
2858,Deshpande General Store,Convenience,6,21,45,Ahmedabad,A,14727.35,2.0,7363.675,18286.84,2.0,-0.19464762638050093,0.0,3559.49,0.0,2025-12-18,13,25.0,5.0,14.0,6.0,2.0,35.166666666666664,0.3333333333333333,1.4000000000000001,0.0,0.0,0.0,0.0,14727.35,70344.64,20.93599455480901,2454.5583333333334,6_A,21985.86,0.6698555344207595,-0.2700471321508293,0,1,0,1
2859,Dugar Traders,Modern Trade,8,14,34,Bhubaneswar,C,8019.64,2.0,4009.82,559.26,1.0,13.33973464935808,1.0,-7460.38,-1.0,2025-12-26,5,16.0,5.0,10.0,3.0,2.0,22.333333333333332,0.6666666666666666,0.7000000000000001,0.0,0.0,0.0,0.0,8019.64,19306.7,41.53811889136932,2673.2133333333336,8_C,1474.47,5.438998419771172,13.897479318287303,0,0,0,1
2860,Sarkar Mart,Modern Trade,12,19,59,Bhubaneswar,A,27724.48,4.0,6931.12,5685.57,2.0,3.876288569132031,1.0,-22038.91,-2.0,2025-12-27,4,29.0,5.0,12.0,5.0,5.0,23.4,1.0,1.1666666666666667,0.0,0.0,0.0,0.0,27724.48,61773.63,44.88076870340953,5544.896,12_A,24540.835,1.1297284709342612,3.7465670475320936,0,0,0,1
2861,Sur Retail,Pharmacy,6,31,14,Mumbai,C,719.8,1.0,719.8,0.0,0.0,,,-719.8,-1.0,2025-12-29,2,4.0,4.0,4.0,2.0,2.0,14.5,1.0,0.4666666666666667,0.0,0.0,0.0,0.0,719.8,21473.47,3.3520432421960678,359.9,6_C,1535.8200000000002,0.46867471448477027,,0,0,0,1
2862,Nadig Retail,Modern Trade,6,31,14,Surat,A,0.0,0.0,0.0,5168.8,1.0,-1.0,-1.0,5168.8,1.0,2025-11-13,48,7.0,4.0,6.0,2.0,2.0,19.0,1.0,0.4666666666666667,0.0,0.0,0.0,0.0,0.0,61255.13,0.0,0.0,6_A,21985.86,0.0,-1.0753995057703283,1,1,0,1
2863,Ghosh Traders,Convenience,2,29,37,Ahmedabad,C,483.62,1.0,483.62,8666.0,2.0,-0.9441933994922687,-0.5,8182.38,1.0,2025-12-26,5,23.0,5.0,14.0,3.0,2.0,22.333333333333332,0.6666666666666666,0.7000000000000001,0.0,0.0,0.0,0.0,483.62,19988.81,2.419453684336386,161.20666666666668,2_C,1065.73,0.45379223630750753,-0.510369334084652,0,1,0,1
2864,Parikh General Store,Modern Trade,6,31,14,Surat,C,0.0,0.0,0.0,6802.46,3.0,-1.0,-1.0,6802.46,3.0,2025-11-26,35,12.0,5.0,7.0,2.0,1.0,34.0,0.5,0.4666666666666667,0.0,0.0,0.0,0.0,0.0,17039.27,0.0,0.0,6_C,1535.8200000000002,0.0,-0.49011665985164743,1,1,0,1
2865,Kapoor Supermarket,Convenience,4,7,4,Bhubaneswar,C,6338.65,3.0,2112.883333333333,0.0,0.0,,,-6338.65,-3.0,2025-12-18,13,15.0,4.0,8.0,0.0,0.0,0.0,0.0,0.0,0.0,0.0,0.0,0.0,6338.65,20370.5,31.116811074838612,0.0,4_C,1263.49,5.016778921875123,,0,0,0,1
2866,Gill General Store,General Trade,7,28,24,Kochi,B,14253.99,5.0,2850.798,12021.59,4.0,0.18569922946964584,0.25,-2232.3999999999996,-1.0,2025-12-29,2,29.0,5.0,13.0,2.0,2.0,22.5,1.0,0.4666666666666667,0.0,0.0,0.0,0.0,19080.0,34309.41,55.61156545682364,7126.995,7_B,6107.09,2.3340068674278585,0.40562725224256185,0,0,0,1
2867,Radhakrishnan General Store,Modern Trade,4,1,58,Ranchi,C,0.0,0.0,0.0,400.7,1.0,-1.0,-1.0,400.7,1.0,2025-11-04,57,22.0,5.0,13.0,2.0,1.0,24.5,0.5,0.4666666666666667,0.0,0.0,0.0,0.0,0.0,16991.46,0.0,0.0,4_C,1263.49,0.0,-0.3515857436221601,1,1,0,1
2868,Mohanty General Store,General Trade,4,1,58,Kolkata,C,2856.33,2.0,1428.165,2548.52,1.0,0.1207799036303423,1.0,-307.80999999999995,-1.0,2025-12-25,6,16.0,5.0,12.0,1.0,1.0,40.0,1.0,0.23333333333333334,195.0,0.0,303.85128205128206,0.0,2856.33,17533.47,16.290728532344136,2856.33,4_C,1263.49,2.2606668829986782,0.7691941600081822,0,0,0,1
2869,Menon Retail,Pharmacy,12,19,53,Ranchi,A,0.0,0.0,0.0,6386.8099999999995,3.0,-1.0,-1.0,6386.8099999999995,3.0,2025-11-15,46,25.0,5.0,14.0,1.0,1.0,13.0,1.0,0.23333333333333334,0.0,0.0,0.0,0.0,0.0,55805.85,0.0,0.0,12_A,24540.835,0.0,-1.1297215215999374,1,1,0,1
2870,Datta Traders,Pharmacy,10,4,21,Nashik,B,3221.48,1.0,3221.48,1223.29,1.0,1.633455680991425,0.0,-1998.19,0.0,2025-12-18,13,17.0,5.0,12.0,0.0,0.0,0.0,0.0,0.0,195.0,0.0,215.16410256410256,0.0,3221.48,33233.9,9.69335527879665,0.0,10_B,6269.79,0.5138098724199694,1.8083662609940743,0,0,0,1
2871,Goel General Store,Pharmacy,8,36,70,Bhubaneswar,C,0.0,0.0,0.0,5550.45,3.0,-1.0,-1.0,5550.45,3.0,2025-12-01,30,16.0,5.0,9.0,2.0,0.0,22.5,0.0,0.4666666666666667,0.0,0.0,0.0,0.0,3006.94,16274.53,18.4763553847638,0.0,8_C,1474.47,0.0,-0.4422553310707772,0,1,0,1
2872,Agarwal Supermarket,Convenience,10,4,21,Ahmedabad,C,3327.29,1.0,3327.29,545.28,2.0,5.101984301643193,-0.5,-2782.01,1.0,2025-12-27,4,17.0,5.0,11.0,1.0,0.0,25.0,0.0,0.23333333333333334,0.0,0.0,0.0,0.0,3327.29,20116.2,16.540350563227648,3327.29,10_C,1784.86,1.8641742209473013,5.279218998401172,0,0,0,1
2873,Raman Traders,Modern Trade,9,3,95,Ludhiana,B,14916.15,4.0,3729.0375,9321.29,2.0,0.6002237887674343,1.0,-5594.859999999999,-2.0,2025-12-19,12,25.0,5.0,13.0,1.0,0.0,27.0,0.0,0.23333333333333334,0.0,0.0,0.0,0.0,14916.15,33703.11,44.257488403889134,14916.15,9_B,5894.43,2.530550027738051,0.7753700641718022,0,0,0,1
2874,Bali General Store,Pharmacy,4,13,12,Bhubaneswar,C,3238.9,1.0,3238.9,5546.79,1.0,-0.4160766857948471,0.0,2307.89,0.0,2025-12-25,6,17.0,5.0,12.0,3.0,2.0,24.0,0.6666666666666666,0.7000000000000001,195.0,0.0,306.92820512820515,0.0,3238.9,21294.2,15.210245043251213,1079.6333333333334,4_C,1263.49,2.563455191572549,0.23233757058299281,0,1,0,1
2875,Gopal General Store,Modern Trade,1,34,99,Ludhiana,C,1969.22,2.0,984.61,0.0,0.0,,,-1969.22,-2.0,2025-12-22,9,18.0,5.0,11.0,1.0,1.0,20.0,1.0,0.23333333333333334,0.0,0.0,0.0,0.0,1969.22,20486.64,9.612215570732927,1969.22,1_C,1475.75,1.334385905471794,,0,0,0,1
2876,Nadkarni Traders,Modern Trade,5,33,51,Chandigarh,C,5336.74,2.0,2668.37,0.0,0.0,,,-5336.74,-2.0,2025-12-21,10,13.0,5.0,10.0,2.0,0.0,24.5,0.0,0.4666666666666667,0.0,0.0,0.0,0.0,5336.74,18292.97,29.173720833741047,2668.37,5_C,1965.2,2.715621819662121,,0,0,0,1
2877,Kant Supermarket,Supermarket,8,36,76,Ranchi,B,0.0,0.0,0.0,0.0,0.0,,,0.0,0.0,2025-11-01,60,2.0,1.0,1.0,1.0,0.0,27.0,0.0,0.23333333333333334,0.0,0.0,0.0,0.0,0.0,38244.98,0.0,0.0,8_B,5652.47,0.0,,1,0,0,1
2878,Chawla General Store,Pharmacy,8,36,70,Ranchi,B,7634.03,4.0,1908.5075,4131.48,2.0,0.8477712587256868,1.0,-3502.55,-2.0,2025-12-27,4,21.0,5.0,12.0,1.0,1.0,9.0,1.0,0.23333333333333334,0.0,0.0,0.0,0.0,7634.03,37060.8,20.598664896602337,7634.03,8_B,5652.47,1.3505653280778136,1.0283795757155885,0,0,0,1
2879,Taneja General Store,General Trade,1,17,3,Jaipur,A,177.36,1.0,177.36,10793.44,2.0,-0.983567796735795,-0.5,10616.08,1.0,2025-12-21,10,22.0,5.0,13.0,4.0,3.0,32.25,0.75,0.9333333333333333,0.0,0.0,0.0,0.0,3187.0,57747.34,5.518868921061992,44.34,1_A,22934.37,0.007733371354870442,-1.0719002709382563,0,1,0,1
2880,Dhaliwal General Store,Supermarket,1,17,77,Delhi,A,8605.13,1.0,8605.13,17845.5,4.0,-0.517798324507579,-0.75,9240.37,3.0,2025-12-20,11,31.0,5.0,14.0,5.0,5.0,25.6,1.0,1.1666666666666667,0.0,0.0,0.0,0.0,8605.13,59788.84,14.392535463139943,1721.0259999999998,1_A,22934.37,0.3752067312073538,-0.6061307987100405,0,1,0,1
2881,Narula Supermarket,Convenience,6,21,80,Mumbai,B,3132.62,1.0,3132.62,7140.7,2.0,-0.5613007128152702,-0.5,4008.08,1.0,2025-12-20,11,22.0,5.0,12.0,0.0,0.0,0.0,0.0,0.0,0.0,0.0,0.0,0.0,3132.62,39092.43,8.013367293872497,0.0,6_B,5118.745000000001,0.6119898529815413,-0.2920116520936594,0,1,0,1
2882,Brahmbhatt Mart,Modern Trade,10,4,21,Ahmedabad,C,0.0,0.0,0.0,0.0,0.0,,,0.0,0.0,2025-10-07,85,1.0,1.0,1.0,1.0,1.0,32.0,1.0,0.23333333333333334,0.0,0.0,0.0,0.0,0.0,16758.82,0.0,0.0,10_C,1784.86,0.0,,1,0,0,1
2883,Khanna Retail,Supermarket,12,10,46,Kolkata,A,30473.86,4.0,7618.465,29475.82,5.0,0.0338596178155519,-0.2,-998.0400000000009,1.0,2025-12-22,9,37.0,5.0,14.0,1.0,1.0,35.0,1.0,0.23333333333333334,0.0,0.0,0.0,0.0,30473.86,70403.72,43.28444576508173,30473.86,12_A,24540.835,1.2417613337117503,-0.09586190378438565,0,0,0,1
2884,Palan Retail,Supermarket,6,21,80,Pune,C,537.62,1.0,537.62,173.27,1.0,2.102787556991978,0.0,-364.35,0.0,2025-12-27,4,15.0,5.0,10.0,0.0,0.0,0.0,0.0,0.0,0.0,0.0,0.0,0.0,537.62,21471.26,2.5039052202805054,0.0,6_C,1535.8200000000002,0.35005404279147295,2.6126708971403305,0,0,0,1
2885,Nagarajan Supermarket,Convenience,6,21,29,Surat,C,2259.62,1.0,2259.62,0.0,0.0,,,-2259.62,-1.0,2025-12-29,2,11.0,5.0,9.0,1.0,1.0,21.0,1.0,0.23333333333333334,0.0,0.0,0.0,0.0,2259.62,17244.49,13.103431878820421,2259.62,6_C,1535.8200000000002,1.471279186362985,,0,0,0,1
2886,Ganesh Mart,Supermarket,4,1,25,Bhubaneswar,A,11050.52,2.0,5525.26,29275.68,4.0,-0.6225358386209987,-0.5,18225.16,2.0,2025-12-30,1,27.0,5.0,13.0,6.0,5.0,33.5,0.8333333333333334,1.4000000000000001,0.0,0.0,0.0,0.0,11050.52,69323.12,15.94059817273083,1841.7533333333333,4_A,22237.399999999998,0.49693399408204203,-0.6914360815669839,0,1,0,1
2887,Chakrabarti Supermarket,General Trade,8,36,76,Ranchi,A,41490.14,6.0,6915.0233333333335,41458.55,8.0,0.000761965867112972,-0.25,-31.589999999996508,2.0,2025-12-26,5,51.0,5.0,14.0,4.0,2.0,22.75,0.5,0.9333333333333333,0.0,0.0,0.0,0.0,41490.14,57913.49,71.64158126198231,10372.535,8_A,21023.8,1.9734843367992465,0.01941754776135269,0,0,0,1
2888,Nayak Retail,Supermarket,3,18,83,Chennai,A,14534.509999999998,2.0,7267.254999999999,7062.76,4.0,1.057907956662834,-0.5,-7471.749999999998,2.0,2025-12-29,2,28.0,5.0,13.0,3.0,0.0,35.0,0.0,0.7000000000000001,0.0,0.0,0.0,0.0,14534.509999999998,68553.73,21.201632646392834,4844.836666666666,3_A,19782.739999999998,0.7347066179912388,1.0073001106903707,0,0,0,1
2889,Sekhon Traders,Supermarket,7,28,57,Hyderabad,C,1184.0500000000002,2.0,592.0250000000001,2143.82,1.0,-0.44769150395089136,1.0,959.77,-1.0,2025-12-10,21,14.0,5.0,10.0,6.0,2.0,19.5,0.3333333333333333,1.4000000000000001,0.0,0.0,0.0,0.0,1184.0500000000002,21021.18,5.632652401054556,197.3416666666667,7_C,1610.4699999999998,0.7352201531230016,2.288131257127679e-05,0,1,0,1
2890,Apte Mart,Pharmacy,12,8,18,Kolkata,A,0.0,0.0,0.0,23596.58,4.0,-1.0,-1.0,23596.58,4.0,2025-11-10,51,16.0,5.0,10.0,2.0,1.0,24.0,0.5,0.4666666666666667,0.0,0.0,0.0,0.0,0.0,69180.94,0.0,0.0,12_A,24540.835,0.0,-1.1297215215999374,1,1,0,1
2891,Lanka Mart,General Trade,2,29,40,Nashik,B,13699.880000000001,2.0,6849.9400000000005,11651.859999999999,3.0,0.175767645680604,-0.3333333333333333,-2048.0200000000023,1.0,2025-12-17,14,18.0,5.0,9.0,2.0,1.0,12.0,0.5,0.4666666666666667,0.0,0.0,0.0,0.0,13699.880000000001,35859.72,38.2040908294878,6849.9400000000005,2_B,7635.110000000001,1.7943264733579476,0.0,0,0,0,1
2892,Kadakia Supermarket,Modern Trade,10,15,100,Ahmedabad,C,6992.3099999999995,2.0,3496.1549999999997,2559.11,1.0,1.7323210022234288,1.0,-4433.199999999999,-1.0,2025-12-16,15,17.0,5.0,13.0,0.0,0.0,0.0,0.0,0.0,0.0,0.0,0.0,0.0,6992.3099999999995,20535.09,34.050544701776325,0.0,10_C,1784.86,3.917567764418498,1.9095556989814078,0,0,0,1
2893,Krish Traders,General Trade,8,36,76,Bhubaneswar,A,26246.870000000003,5.0,5249.374000000001,5550.22,2.0,3.7289783107696635,1.5,-20696.65,-3.0,2025-12-30,1,26.0,5.0,13.0,2.0,2.0,22.5,1.0,0.4666666666666667,0.0,0.0,0.0,0.0,26246.870000000003,57758.21,45.44266520724933,13123.435000000001,8_A,21023.8,1.24843605818168,3.7476338926639032,0,0,0,1
2894,Bir Traders,Supermarket,12,10,30,Ranchi,A,29527.14,5.0,5905.428,24490.97,3.0,0.20563374990863972,0.6666666666666666,-5036.169999999998,-2.0,2025-12-29,2,37.0,5.0,15.0,2.0,2.0,34.5,1.0,0.4666666666666667,0.0,0.0,0.0,0.0,29527.14,70962.78,41.60933379442012,14763.57,12_A,24540.835,1.2031839992404496,0.07591222830870217,0,0,0,1
2895,Palla General Store,Modern Trade,4,7,81,Ranchi,B,11472.6,2.0,5736.3,12954.050000000001,5.0,-0.11436191770141389,-0.6,1481.4500000000007,3.0,2025-12-24,7,24.0,5.0,11.0,3.0,1.0,19.0,0.3333333333333333,0.7000000000000001,0.0,0.0,0.0,0.0,11472.6,34979.5,32.79806743950028,3824.2000000000003,4_B,5210.49,2.2018274672823477,0.07689001090953916,0,0,0,1
2896,Kunda Mart,General Trade,12,10,16,Ranchi,C,1580.8600000000001,2.0,790.4300000000001,0.0,0.0,,,-1580.8600000000001,-2.0,2025-12-10,21,5.0,3.0,4.0,1.0,0.0,26.0,0.0,0.23333333333333334,0.0,0.0,0.0,0.0,1580.8600000000001,20101.0,7.864583851549675,1580.8600000000001,12_C,1525.54,1.0362625693197165,,0,0,0,1
2897,Chokshi Retail,Modern Trade,9,3,95,Ludhiana,C,2647.79,1.0,2647.79,5531.389999999999,4.0,-0.521315618678126,-0.75,2883.5999999999995,3.0,2025-12-25,6,19.0,5.0,11.0,4.0,3.0,35.75,0.75,0.9333333333333333,0.0,0.0,0.0,0.0,2647.79,21475.94,12.329099448033475,661.9475,9_C,1106.01,2.3940018625509714,-0.026419216795250944,0,1,0,1
2898,Agarwal Retail,Supermarket,2,29,9,Ahmedabad,C,3103.96,1.0,3103.96,0.0,0.0,,,-3103.96,-1.0,2025-12-12,19,9.0,4.0,7.0,3.0,1.0,30.333333333333332,0.3333333333333333,0.7000000000000001,0.0,0.0,0.0,0.0,3103.96,19907.53,15.591889099250386,1034.6533333333334,2_C,1065.73,2.9125200566747673,,0,0,0,1
2899,Bava General Store,Supermarket,9,3,93,Jaipur,A,26810.24,5.0,5362.048000000001,24152.35,5.0,0.11004684844331931,0.0,-2657.890000000003,0.0,2025-12-28,3,33.0,5.0,14.0,5.0,3.0,27.4,0.6,1.1666666666666667,195.0,1.0,68.87179487179488,0.005128205128205128,26810.24,59171.15,45.3096483674899,5362.048000000001,9_A,20504.7,1.307516813218433,0.0,0,0,0,1
2900,Raju Traders,Modern Trade,7,28,57,Kochi,C,2737.62,2.0,1368.81,0.0,0.0,,,-2737.62,-2.0,2025-12-30,1,8.0,4.0,5.0,1.0,1.0,33.0,1.0,0.23333333333333334,0.0,0.0,0.0,0.0,2737.62,21447.49,12.764290833099814,2737.62,7_C,1610.4699999999998,1.699888852322614,,0,0,0,1
2901,Sarma Mart,General Trade,4,13,48,Patna,C,0.0,0.0,0.0,3371.59,2.0,-1.0,-1.0,3371.59,2.0,2025-11-20,41,16.0,5.0,8.0,0.0,0.0,0.0,0.0,0.0,0.0,0.0,0.0,0.0,0.0,18915.63,0.0,0.0,4_C,1263.49,0.0,-0.3515857436221601,1,1,0,1
2902,Saini Supermarket,General Trade,4,7,81,Patna,C,0.0,0.0,0.0,9388.73,3.0,-1.0,-1.0,9388.73,3.0,2025-11-29,32,17.0,5.0,10.0,5.0,3.0,30.6,0.6,1.1666666666666667,0.0,0.0,0.0,0.0,0.0,18701.17,0.0,0.0,4_C,1263.49,0.0,-0.3515857436221601,1,1,0,1
2903,Ganesan General Store,Pharmacy,4,1,39,Guwahati,B,0.0,0.0,0.0,6687.83,2.0,-1.0,-1.0,6687.83,2.0,2025-11-15,46,14.0,5.0,9.0,0.0,0.0,0.0,0.0,0.0,0.0,0.0,0.0,0.0,0.0,41608.43,0.0,0.0,4_B,5210.49,0.0,-0.8087480713890469,1,1,0,1
2904,Sachdev Mart,Convenience,4,7,26,Bhubaneswar,C,0.0,0.0,0.0,0.0,0.0,,,0.0,0.0,2025-10-23,69,3.0,2.0,3.0,1.0,0.0,13.0,0.0,0.23333333333333334,0.0,0.0,0.0,0.0,0.0,17084.07,0.0,0.0,4_C,1263.49,0.0,,1,0,0,1
2905,Tailor General Store,Modern Trade,7,20,13,Hyderabad,C,4370.27,2.0,2185.135,0.0,0.0,,,-4370.27,-2.0,2025-12-24,7,21.0,5.0,10.0,1.0,0.0,36.0,0.0,0.23333333333333334,0.0,0.0,0.0,0.0,4370.27,17768.46,24.59565995027144,4370.27,7_C,1610.4699999999998,2.713661229330569,,0,0,0,1
2906,Radhakrishnan Supermarket,Supermarket,2,26,38,Surat,B,4670.92,2.0,2335.46,3199.26,1.0,0.46000012502891285,1.0,-1471.6599999999999,-1.0,2025-12-28,3,10.0,4.0,8.0,4.0,2.0,12.5,0.5,0.9333333333333333,0.0,0.0,0.0,0.0,4670.92,32940.42,14.179904202800087,1167.73,2_B,7635.110000000001,0.6117685272379835,0.28423247934830886,0,0,0,1
2907,Panchal Supermarket,Modern Trade,9,3,95,Ludhiana,B,3147.1000000000004,2.0,1573.5500000000002,14962.13,4.0,-0.7896623007553069,-0.5,11815.029999999999,2.0,2025-12-19,12,24.0,5.0,14.0,2.0,2.0,33.5,1.0,0.4666666666666667,0.0,0.0,0.0,0.0,3147.1000000000004,38246.97,8.228364233820352,1573.5500000000002,9_B,5894.43,0.5339108276796909,-0.614516025350939,0,1,0,1
2908,Prashad Mart,General Trade,3,18,91,Kochi,A,19298.95,3.0,6432.983333333334,40226.42,4.0,-0.5202419206083961,-0.25,20927.469999999998,1.0,2025-12-30,1,37.0,5.0,14.0,3.0,2.0,28.333333333333332,0.6666666666666666,0.7000000000000001,0.0,0.0,0.0,0.0,19298.95,63072.82,30.59788669667854,6432.983333333334,3_A,19782.739999999998,0.9755448436364226,-0.5708497665808593,0,1,0,1
2909,Chaudhuri Retail,Supermarket,5,22,17,Ludhiana,C,370.42,1.0,370.42,846.05,1.0,-0.5621771762898173,0.0,475.62999999999994,0.0,2025-12-22,9,7.0,4.0,5.0,2.0,2.0,15.0,1.0,0.4666666666666667,195.0,0.0,304.3076923076923,0.0,1216.47,17780.82,6.841473002932373,185.21,5_C,1965.2,0.18848972114797477,-0.1152701984356822,0,1,0,1
2910,Srinivas Supermarket,Pharmacy,4,2,41,Patna,A,50269.990000000005,9.0,5585.554444444445,44464.92,6.0,0.1305539288049997,0.5,-5805.070000000007,-3.0,2025-12-28,3,59.0,5.0,15.0,3.0,2.0,29.333333333333332,0.6666666666666666,0.7000000000000001,0.0,0.0,0.0,0.0,50269.990000000005,70819.94,70.98281924554017,16756.663333333334,4_A,22237.399999999998,2.260605556404976,0.061653685859014484,0,0,0,1
2911,Kar Supermarket,Modern Trade,6,21,45,Mumbai,C,2965.23,1.0,2965.23,0.0,0.0,,,-2965.23,-1.0,2025-12-10,21,6.0,4.0,4.0,2.0,0.0,18.0,0.0,0.4666666666666667,0.0,0.0,0.0,0.0,2965.23,20595.14,14.397717131323216,1482.615,6_C,1535.8200000000002,1.930714536859788,,0,0,0,1
2912,Gaba Retail,Pharmacy,1,5,52,Jaipur,C,9591.41,3.0,3197.1366666666668,2858.64,2.0,2.3552353566731035,0.5,-6732.77,-1.0,2025-12-25,6,22.0,5.0,11.0,1.0,0.0,38.0,0.0,0.23333333333333334,0.0,0.0,0.0,0.0,9591.41,20945.53,45.79215708554522,9591.41,1_C,1475.75,6.499346095205827,2.9818076792846675,0,0,0,1
2913,Seth General Store,General Trade,6,31,98,Ahmedabad,C,2426.81,1.0,2426.81,3969.98,1.0,-0.38870976679983277,0.0,1543.17,0.0,2025-12-30,1,11.0,5.0,8.0,4.0,2.0,30.5,0.5,0.9333333333333333,0.0,0.0,0.0,0.0,2426.81,17794.16,13.638238613118011,606.7025,6_C,1535.8200000000002,1.5801395996926721,0.1211735733485198,0,1,0,1
2914,Borah Supermarket,Convenience,4,1,32,Patna,A,7330.85,2.0,3665.425,19064.45,3.0,-0.6154701551841254,-0.3333333333333333,11733.6,1.0,2025-12-22,9,36.0,5.0,13.0,4.0,3.0,28.0,0.75,0.9333333333333333,0.0,0.0,0.0,0.0,7330.85,72635.78,10.092615512630278,1832.7125,4_A,22237.399999999998,0.32966309010945527,-0.6843703981301106,0,1,0,1
2915,Bandi Traders,General Trade,12,35,78,Ranchi,B,3753.24,3.0,1251.08,6570.32,2.0,-0.4287584166372414,0.5,2817.08,-1.0,2025-12-26,5,21.0,5.0,11.0,4.0,1.0,19.5,0.25,0.9333333333333333,0.0,0.0,0.0,0.0,3753.24,35474.4,10.580136661930856,938.31,12_B,6060.66,0.6192790884161131,-0.327638038339468,0,1,0,1
2916,Menon Retail,Pharmacy,7,20,44,Bengaluru,C,1645.52,1.0,1645.52,3071.75,2.0,-0.46430536339220313,-0.5,1426.23,1.0,2025-12-12,19,10.0,5.0,7.0,2.0,0.0,29.0,0.0,0.4666666666666667,0.0,0.0,0.0,0.0,1645.52,21315.66,7.719770347247048,822.76,7_C,1610.4699999999998,1.0217638329183407,-0.016590978128740497,0,1,0,1
2917,Bahri Mart,Convenience,3,18,83,Bengaluru,A,31629.07,5.0,6325.814,33891.85,5.0,-0.0667647236725053,0.0,2262.779999999999,0.0,2025-12-25,6,32.0,5.0,12.0,3.0,3.0,20.666666666666668,1.0,0.7000000000000001,0.0,0.0,0.0,0.0,31629.07,60908.24,51.929049337166866,10543.023333333333,3_A,19782.739999999998,1.5988214979320359,-0.11737256964496849,0,0,0,1
2918,Nagar Mart,Convenience,6,31,74,Pune,B,19677.58,6.0,3279.596666666667,8409.189999999999,2.0,1.3400089663808292,2.0,-11268.390000000003,-4.0,2025-12-29,2,35.0,5.0,14.0,3.0,2.0,26.666666666666668,0.6666666666666666,0.7000000000000001,0.0,0.0,0.0,0.0,19677.58,38634.63,50.93249242971915,6559.193333333334,6_B,5118.745000000001,3.8442196280533603,1.60929802710244,0,0,0,1
2919,Lal Supermarket,Modern Trade,4,2,60,Kolkata,A,32740.3,5.0,6548.0599999999995,19474.41,3.0,0.6811959900197233,0.6666666666666666,-13265.89,-2.0,2025-12-29,2,38.0,5.0,14.0,3.0,1.0,18.333333333333332,0.3333333333333333,0.7000000000000001,0.0,0.0,0.0,0.0,32740.3,56776.75,57.66497730144822,10913.433333333332,4_A,22237.399999999998,1.4723079136949464,0.6122957470737381,0,0,0,1
2920,Cheema Mart,Pharmacy,4,13,54,Kolkata,C,0.0,0.0,0.0,1052.46,1.0,-1.0,-1.0,1052.46,1.0,2025-11-09,52,4.0,3.0,3.0,2.0,2.0,22.0,1.0,0.4666666666666667,0.0,0.0,0.0,0.0,0.0,16378.57,0.0,0.0,4_C,1263.49,0.0,-0.3515857436221601,1,1,0,1
2921,Borah Traders,General Trade,12,19,36,Ranchi,A,21203.649999999998,5.0,4240.73,30659.04,5.0,-0.3084046336741138,0.0,9455.390000000003,0.0,2025-12-26,5,39.0,5.0,14.0,1.0,1.0,19.0,1.0,0.23333333333333334,0.0,0.0,0.0,0.0,21203.649999999998,55555.25,38.16677991728954,21203.649999999998,12_A,24540.835,0.8640150182338946,-0.43812615527405135,0,1,0,1
2922,Oommen Supermarket,Supermarket,5,33,51,Chandigarh,B,2689.01,1.0,2689.01,4285.9,1.0,-0.37259152103408844,0.0,1596.8899999999994,0.0,2025-12-13,18,23.0,5.0,10.0,1.0,1.0,34.0,1.0,0.23333333333333334,0.0,0.0,0.0,0.0,2689.01,41701.27,6.448268841692352,2689.01,5_B,6391.82,0.4206955139537722,-0.01987491346451753,0,1,0,1
2923,Garde Traders,General Trade,4,2,60,Bhubaneswar,A,38411.520000000004,6.0,6401.920000000001,35046.83,4.0,0.09600554458135022,0.5,-3364.6900000000023,-2.0,2025-12-31,0,55.0,5.0,15.0,8.0,3.0,23.5,0.375,1.8666666666666667,0.0,0.0,0.0,0.0,38411.520000000004,55753.38,68.89541046659414,4801.4400000000005,4_A,22237.399999999998,1.7273386277172695,0.02710530163536501,0,0,0,1
2924,Prashad Mart,Pharmacy,6,21,29,Mumbai,B,2624.71,1.0,2624.71,3601.28,2.0,-0.27117302736804694,-0.5,976.5700000000002,1.0,2025-12-12,19,13.0,5.0,11.0,1.0,1.0,36.0,1.0,0.23333333333333334,0.0,0.0,0.0,0.0,2624.71,43409.37,6.0464134816976145,2624.71,6_B,5118.745000000001,0.5127643592325852,-0.001883966646436197,0,1,0,1
2925,Dyal Traders,Supermarket,8,14,34,Patna,C,1242.19,1.0,1242.19,0.0,0.0,,,-1242.19,-1.0,2025-12-17,14,2.0,2.0,2.0,3.0,1.0,26.0,0.3333333333333333,0.7000000000000001,0.0,0.0,0.0,0.0,1242.19,17083.07,7.271468184582748,414.06333333333333,8_C,1474.47,0.8424654282555766,,0,0,0,1
2926,Borde Retail,General Trade,12,8,50,Patna,B,3847.9300000000003,2.0,1923.9650000000001,8405.09,3.0,-0.5421905059910126,-0.3333333333333333,4557.16,1.0,2025-12-26,5,16.0,5.0,9.0,5.0,2.0,28.8,0.4,1.1666666666666667,0.0,0.0,0.0,0.0,3847.9300000000003,36023.74,10.681650489371734,769.586,12_B,6060.66,0.6349027993650858,-0.44107012769323917,0,1,0,1
2927,Chander Traders,Convenience,4,2,60,Ranchi,C,704.12,1.0,704.12,0.0,0.0,,,-704.12,-1.0,2025-12-04,27,13.0,5.0,8.0,1.0,1.0,39.0,1.0,0.23333333333333334,0.0,0.0,0.0,0.0,704.12,17503.19,4.022809556429428,704.12,4_C,1263.49,0.55728181465623,,0,0,0,1
2928,Nigam Supermarket,Supermarket,8,36,55,Bhubaneswar,C,5112.41,1.0,5112.41,0.0,0.0,,,-5112.41,-1.0,2025-12-22,9,5.0,3.0,4.0,4.0,4.0,24.75,1.0,0.9333333333333333,0.0,0.0,0.0,0.0,5112.41,16158.62,31.638902332006076,1278.1025,8_C,1474.47,3.467286550421507,,0,0,0,1
2929,Subramanian Retail,General Trade,8,36,55,Kolkata,B,1898.53,1.0,1898.53,14635.689999999999,3.0,-0.8702807998802926,-0.6666666666666666,12737.159999999998,2.0,2025-12-27,4,12.0,5.0,9.0,1.0,0.0,31.0,0.0,0.23333333333333334,0.0,0.0,0.0,0.0,1898.53,42535.75,4.463374925797711,1898.53,8_B,5652.47,0.3358761744865519,-0.689672482890391,0,1,0,1
2930,Balasubramanian Mart,Modern Trade,12,10,64,Guwahati,C,0.0,0.0,0.0,814.49,1.0,-1.0,-1.0,814.49,1.0,2025-11-12,49,5.0,4.0,5.0,4.0,2.0,17.75,0.5,0.9333333333333333,0.0,0.0,0.0,0.0,0.0,18199.68,0.0,0.0,12_C,1525.54,0.0,-0.41156482455115484,1,1,0,1
2931,Sankar Retail,Supermarket,2,29,37,Nashik,B,10172.11,4.0,2543.0275,2832.06,2.0,2.5917706545765276,1.0,-7340.050000000001,-2.0,2025-12-29,2,27.0,5.0,13.0,3.0,2.0,21.666666666666668,0.6666666666666666,0.7000000000000001,0.0,0.0,0.0,0.0,10443.23,33846.16,30.854992117274154,3390.7033333333334,2_B,7635.110000000001,1.332280739897657,2.4160030088959235,0,0,0,1
2932,Gala Traders,Supermarket,4,2,22,Bhubaneswar,B,0.0,0.0,0.0,5394.73,1.0,-1.0,-1.0,5394.73,1.0,2025-11-15,46,8.0,4.0,7.0,0.0,0.0,0.0,0.0,0.0,0.0,0.0,0.0,0.0,0.0,36876.68,0.0,0.0,4_B,5210.49,0.0,-0.8087480713890469,1,1,0,1
2933,Saraf General Store,Modern Trade,6,31,74,Ahmedabad,B,10779.65,3.0,3593.2166666666667,15255.970000000001,3.0,-0.29341431583832434,0.0,4476.3200000000015,0.0,2025-12-25,6,29.0,5.0,13.0,3.0,2.0,26.333333333333332,0.6666666666666666,0.7000000000000001,0.0,0.0,0.0,0.0,10779.65,32940.16,32.72494729837378,3593.2166666666667,6_B,5118.745000000001,2.105916586975909,-0.024125255116713595,0,1,0,1
2934,Dugar Mart,Pharmacy,4,13,48,Bhubaneswar,B,6987.62,1.0,6987.62,6244.0,1.0,0.11909352978859704,0.0,-743.6199999999999,0.0,2025-12-28,3,12.0,5.0,10.0,1.0,1.0,29.0,1.0,0.23333333333333334,0.0,0.0,0.0,0.0,6987.62,40701.47,17.167979436614942,6987.62,4_B,5210.49,1.3410677306740826,0.3103454583995501,0,0,0,1
2935,Bera Traders,Supermarket,4,2,60,Bhubaneswar,A,19077.34,3.0,6359.113333333334,35860.07,6.0,-0.4680060579915209,-0.5,16782.73,3.0,2025-12-23,8,37.0,5.0,14.0,2.0,1.0,12.5,0.5,0.4666666666666667,0.0,0.0,0.0,0.0,19077.34,60895.64,31.327924298028563,9538.67,4_A,22237.399999999998,0.8578943581533813,-0.5369063009375061,0,1,0,1
2936,Chaudhuri Retail,Supermarket,1,17,77,Chandigarh,B,1448.37,1.0,1448.37,8381.67,2.0,-0.8271979211779992,-0.5,6933.3,1.0,2025-12-16,15,15.0,5.0,9.0,1.0,0.0,34.0,0.0,0.23333333333333334,0.0,0.0,0.0,0.0,1448.37,37210.9,3.89232724819878,1448.37,1_B,5467.655000000001,0.2648978401161009,-0.8251506829365002,0,1,0,1
2937,Narula Mart,Supermarket,4,13,12,Ranchi,C,0.0,0.0,0.0,4377.54,2.0,-1.0,-1.0,4377.54,2.0,2025-11-11,50,9.0,4.0,6.0,4.0,3.0,24.25,0.75,0.9333333333333333,0.0,0.0,0.0,0.0,0.0,21247.03,0.0,0.0,4_C,1263.49,0.0,-0.3515857436221601,1,1,0,1
2938,Jha General Store,Supermarket,2,26,75,Pune,B,12881.76,3.0,4293.92,12137.08,2.0,0.06135577914951539,0.5,-744.6800000000003,-1.0,2025-12-25,6,20.0,5.0,12.0,3.0,2.0,24.666666666666668,0.6666666666666666,0.7000000000000001,0.0,0.0,0.0,0.0,12881.76,41225.34,31.247189228760757,4293.92,2_B,7635.110000000001,1.6871741206086093,-0.11441186653108859,0,0,0,1
2939,Gupta Retail,Modern Trade,3,18,83,Kochi,C,4952.7,3.0,1650.8999999999999,1362.71,1.0,2.6344490023556,2.0,-3589.99,-2.0,2025-12-14,17,21.0,5.0,13.0,2.0,2.0,24.0,1.0,0.4666666666666667,0.0,0.0,0.0,0.0,4952.7,19771.31,25.04993346419635,2476.35,3_C,1975.87,2.506592032876657,2.9916307924441474,0,0,0,1
2940,Rout General Store,Pharmacy,8,14,34,Patna,B,912.52,1.0,912.52,9869.3,3.0,-0.9075395418114759,-0.6666666666666666,8956.779999999999,2.0,2025-12-09,22,20.0,5.0,12.0,4.0,3.0,26.0,0.75,0.9333333333333333,0.0,0.0,0.0,0.0,912.52,39141.39,2.3313428572669492,228.13,8_B,5652.47,0.161437389318298,-0.7269312248215742,0,1,0,1
2941,Zachariah Retail,Pharmacy,7,20,84,Hyderabad,C,2325.84,1.0,2325.84,3495.45,2.0,-0.3346092777753937,-0.5,1169.6099999999997,1.0,2025-12-10,21,14.0,5.0,9.0,1.0,0.0,42.0,0.0,0.23333333333333334,0.0,0.0,0.0,0.0,2325.84,21469.13,10.833415233873007,2325.84,7_C,1610.4699999999998,1.4441995193949595,0.11310510748806896,0,1,0,1
2942,Lanka General Store,Supermarket,8,14,97,Bhubaneswar,B,8550.410000000002,3.0,2850.136666666667,9351.52,3.0,-0.08566628740568365,0.0,801.1099999999988,0.0,2025-12-26,5,23.0,5.0,13.0,3.0,1.0,10.333333333333334,0.3333333333333333,0.7000000000000001,0.0,0.0,0.0,0.0,8550.410000000002,35160.82,24.31800509771957,2850.136666666667,8_B,5652.47,1.5126856047002464,0.094942029584218,0,0,0,1
2943,Manda Supermarket,Convenience,3,18,67,Hyderabad,C,0.0,0.0,0.0,1329.36,1.0,-1.0,-1.0,1329.36,1.0,2025-11-12,49,6.0,3.0,6.0,1.0,0.0,23.0,0.0,0.23333333333333334,0.0,0.0,0.0,0.0,0.0,16842.9,0.0,0.0,3_C,1975.87,0.0,-0.6428182099114529,1,1,0,1
2944,Mishra General Store,General Trade,12,35,61,Bhubaneswar,C,0.0,0.0,0.0,76.62,1.0,-1.0,-1.0,76.62,1.0,2025-11-25,36,1.0,1.0,1.0,2.0,0.0,30.0,0.0,0.4666666666666667,0.0,0.0,0.0,0.0,0.0,18598.35,0.0,0.0,12_C,1525.54,0.0,-0.41156482455115484,1,1,0,1
2945,Khanna Supermarket,Pharmacy,5,33,90,Lucknow,C,0.0,0.0,0.0,4596.62,2.0,-1.0,-1.0,4596.62,2.0,2025-11-28,33,11.0,4.0,7.0,4.0,3.0,24.75,0.75,0.9333333333333333,0.0,0.0,0.0,0.0,0.0,17320.03,0.0,0.0,5_C,1965.2,0.0,-0.5530930221458649,1,1,0,1
2946,Char General Store,Modern Trade,12,19,53,Ranchi,A,40945.1,4.0,10236.275,0.0,0.0,,,-40945.1,-4.0,2025-12-30,1,20.0,5.0,14.0,4.0,4.0,23.0,1.0,0.9333333333333333,195.0,0.0,60.712820512820514,0.0,40945.1,56484.34,72.48929526307646,10236.275,12_A,24540.835,1.6684477117424896,,0,0,0,1
2947,Bawa General Store,Pharmacy,8,36,76,Guwahati,B,0.0,0.0,0.0,0.0,0.0,,,0.0,0.0,2025-10-04,88,3.0,2.0,3.0,4.0,3.0,22.75,0.75,0.9333333333333333,0.0,0.0,0.0,0.0,0.0,37578.26,0.0,0.0,8_B,5652.47,0.0,,1,0,0,1
2948,Ramaswamy General Store,Convenience,1,17,3,Lucknow,B,18803.47,5.0,3760.6940000000004,5620.6,2.0,2.3454560011386683,1.5,-13182.87,-3.0,2025-12-23,8,24.0,5.0,12.0,3.0,2.0,27.333333333333332,0.6666666666666666,0.7000000000000001,0.0,0.0,0.0,0.0,18803.47,41257.51,45.57587212606868,6267.823333333334,1_B,5467.655000000001,3.4390373935443987,2.3475032393801674,0,0,0,1
2949,Swaminathan Traders,Convenience,4,13,54,Ranchi,C,580.52,1.0,580.52,4405.51,2.0,-0.8682286500314379,-0.5,3824.9900000000002,1.0,2025-12-02,29,9.0,4.0,7.0,1.0,0.0,25.0,0.0,0.23333333333333334,0.0,0.0,0.0,0.0,580.52,21326.01,2.722121953426825,580.52,4_C,1263.49,0.4594575342899429,-0.219814393653598,0,1,0,1
2950,Dube Supermarket,Pharmacy,1,17,3,Ludhiana,B,0.0,0.0,0.0,1348.63,1.0,-1.0,-1.0,1348.63,1.0,2025-11-04,57,9.0,4.0,8.0,0.0,0.0,0.0,0.0,0.0,0.0,0.0,0.0,0.0,0.0,32718.72,0.0,0.0,1_B,5467.655000000001,0.0,-0.997952761758501,1,1,0,1
2951,Bhagat General Store,Pharmacy,12,8,87,Guwahati,C,615.2,1.0,615.2,3715.21,1.0,-0.8344104370950768,0.0,3100.01,0.0,2025-12-17,14,11.0,5.0,8.0,1.0,1.0,26.0,1.0,0.23333333333333334,0.0,0.0,0.0,0.0,615.2,17779.82,3.4601025207229323,615.2,12_C,1525.54,0.4032670398678501,-0.24597526164623162,0,1,0,1
2952,Patel Mart,Convenience,1,34,27,Chandigarh,C,2139.91,1.0,2139.91,6270.92,2.0,-0.6587566098754251,-0.5,4131.01,1.0,2025-12-05,26,15.0,5.0,10.0,1.0,0.0,42.0,0.0,0.23333333333333334,0.0,0.0,0.0,0.0,2139.91,17973.51,11.905910420390898,2139.91,1_C,1475.75,1.4500491275622565,-0.032184287263861244,0,1,0,1
2953,Aggarwal General Store,Supermarket,8,14,97,Ranchi,C,0.0,0.0,0.0,2221.9,1.0,-1.0,-1.0,2221.9,1.0,2025-11-18,43,9.0,4.0,6.0,0.0,0.0,0.0,0.0,0.0,195.0,0.0,299.05128205128204,0.0,0.0,21559.34,0.0,0.0,8_C,1474.47,0.0,-0.4422553310707772,1,1,0,1
2954,Sane Mart,General Trade,6,25,86,Ahmedabad,C,7281.709999999999,2.0,3640.8549999999996,0.0,0.0,,,-7281.709999999999,-2.0,2025-12-24,7,17.0,5.0,11.0,5.0,3.0,20.8,0.6,1.1666666666666667,0.0,0.0,0.0,0.0,7281.709999999999,16995.75,42.84429931012164,1456.3419999999999,6_C,1535.8200000000002,4.741252230079045,,0,0,0,1
2955,Chahal General Store,Convenience,6,21,72,Surat,C,2975.87,3.0,991.9566666666666,3403.55,2.0,-0.1256570345668494,0.5,427.6800000000003,-1.0,2025-12-31,0,11.0,5.0,8.0,1.0,1.0,14.0,1.0,0.23333333333333334,0.0,0.0,0.0,0.0,2975.87,19252.23,15.45727430017198,2975.87,6_C,1535.8200000000002,1.9376424320558396,0.38422630558150317,0,0,0,1
2956,Menon Mart,General Trade,4,7,4,Ranchi,B,0.0,0.0,0.0,0.0,0.0,,,0.0,0.0,2025-10-16,76,19.0,5.0,12.0,2.0,2.0,25.5,1.0,0.4666666666666667,0.0,0.0,0.0,0.0,0.0,32663.53,0.0,0.0,4_B,5210.49,0.0,,1,0,0,1
2957,Srinivasan Supermarket,Convenience,6,31,74,Mumbai,B,7553.6900000000005,3.0,2517.896666666667,0.0,0.0,,,-7553.6900000000005,-3.0,2025-12-31,0,19.0,5.0,11.0,1.0,1.0,38.0,1.0,0.23333333333333334,0.0,0.0,0.0,0.0,7553.6900000000005,38838.31,19.44906974582571,7553.6900000000005,6_B,5118.745000000001,1.4756917955475413,,0,0,0,1
2958,Iyengar Mart,Pharmacy,3,18,11,Coimbatore,C,0.0,0.0,0.0,0.0,0.0,,,0.0,0.0,2025-10-15,77,6.0,5.0,5.0,1.0,0.0,21.0,0.0,0.23333333333333334,0.0,0.0,0.0,0.0,0.0,17105.27,0.0,0.0,3_C,1975.87,0.0,,1,0,0,1
2959,Chatterjee Mart,Pharmacy,1,34,99,Jaipur,C,2273.63,2.0,1136.815,0.0,0.0,,,-2273.63,-2.0,2025-12-14,17,12.0,5.0,10.0,0.0,0.0,0.0,0.0,0.0,0.0,0.0,0.0,0.0,2273.63,17707.93,12.839614794049897,0.0,1_C,1475.75,1.5406606810096561,,0,0,0,1
2960,Bal Retail,Convenience,8,14,69,Ranchi,C,457.5,1.0,457.5,4711.36,2.0,-0.9028942810568498,-0.5,4253.86,1.0,2025-12-19,12,11.0,5.0,9.0,0.0,0.0,0.0,0.0,0.0,0.0,0.0,0.0,0.0,3401.29,19790.65,17.186348098723386,0.0,8_C,1474.47,0.3102809823190706,-0.34514961212762696,0,1,0,1
2961,Jhaveri Supermarket,Convenience,10,4,21,Mumbai,B,10804.57,3.0,3601.523333333333,14189.400000000001,7.0,-0.23854637969188278,-0.5714285714285714,3384.8300000000017,4.0,2025-12-31,0,38.0,5.0,14.0,1.0,0.0,40.0,0.0,0.23333333333333334,195.0,0.0,200.69230769230768,0.0,10804.57,43201.28,25.009837671476397,10804.57,10_B,6269.79,1.723274623232995,-0.0636357996892333,0,1,0,1
2962,Garde Retail,Convenience,12,8,87,Bhubaneswar,C,6633.070000000001,3.0,2211.0233333333335,585.16,1.0,10.335480894114433,2.0,-6047.910000000001,-2.0,2025-12-29,2,18.0,5.0,11.0,1.0,1.0,12.0,1.0,0.23333333333333334,0.0,0.0,0.0,0.0,6633.070000000001,16326.01,40.62884930243214,6633.070000000001,12_C,1525.54,4.34801447356346,10.923916069563278,0,0,0,1
2963,Manne Traders,Pharmacy,10,15,100,Nashik,C,0.0,0.0,0.0,0.0,0.0,,,0.0,0.0,2025-10-19,73,2.0,2.0,2.0,4.0,3.0,26.0,0.75,0.9333333333333333,0.0,0.0,0.0,0.0,0.0,19351.69,0.0,0.0,10_C,1784.86,0.0,,1,0,0,1
2964,Bumb Supermarket,Pharmacy,2,29,9,Nashik,B,7635.110000000001,3.0,2545.036666666667,6421.96,3.0,0.18890650206479026,0.0,-1213.1500000000005,0.0,2025-12-31,0,23.0,5.0,12.0,0.0,0.0,0.0,0.0,0.0,0.0,0.0,0.0,0.0,10813.45,38380.34,28.174450773494975,0.0,2_B,7635.110000000001,1.0,0.01313885638418627,0,0,0,1
2965,Solanki Retail,Modern Trade,7,20,68,Chennai,C,3712.4,2.0,1856.2,1730.43,1.0,1.1453627133140318,1.0,-1981.97,-1.0,2025-12-31,0,13.0,4.0,10.0,4.0,1.0,21.0,0.25,0.9333333333333333,0.0,0.0,0.0,0.0,5442.83,20522.73,26.520984293999874,928.1,7_C,1610.4699999999998,2.305165572783101,1.5930770985774945,0,0,0,1
2966,D’Alia Mart,General Trade,9,11,85,Jaipur,C,0.0,0.0,0.0,3667.33,2.0,-1.0,-1.0,3667.33,2.0,2025-11-21,40,13.0,4.0,9.0,0.0,0.0,0.0,0.0,0.0,0.0,0.0,0.0,0.0,0.0,19385.06,0.0,0.0,9_C,1106.01,0.0,-0.5051035981171249,1,1,0,1
2967,Morar General Store,Pharmacy,12,35,61,Guwahati,C,0.0,0.0,0.0,3674.4700000000003,2.0,-1.0,-1.0,3674.4700000000003,2.0,2025-11-17,44,9.0,5.0,5.0,1.0,1.0,26.0,1.0,0.23333333333333334,0.0,0.0,0.0,0.0,0.0,20689.39,0.0,0.0,12_C,1525.54,0.0,-0.41156482455115484,1,1,0,1
2968,Rao Retail,Convenience,9,11,85,Jaipur,C,4505.53,1.0,4505.53,2844.44,1.0,0.5839778655904149,0.0,-1661.0899999999997,0.0,2025-12-24,7,13.0,5.0,10.0,2.0,1.0,23.5,0.5,0.4666666666666667,0.0,0.0,0.0,0.0,4505.53,18022.35,24.999680951707187,2252.765,9_C,1106.01,4.073679261489498,1.07887426747329,0,0,0,1
2969,Sinha Retail,Convenience,6,31,14,Surat,C,0.0,0.0,0.0,7038.42,2.0,-1.0,-1.0,7038.42,2.0,2025-11-23,38,22.0,5.0,10.0,0.0,0.0,0.0,0.0,0.0,195.0,0.0,278.87179487179486,0.0,0.0,16649.62,0.0,0.0,6_C,1535.8200000000002,0.0,-0.49011665985164743,1,1,0,1
2970,Suresh Mart,Pharmacy,12,35,66,Kolkata,B,0.0,0.0,0.0,11228.21,3.0,-1.0,-1.0,11228.21,3.0,2025-11-30,31,20.0,5.0,10.0,4.0,4.0,25.0,1.0,0.9333333333333333,0.0,0.0,0.0,0.0,0.0,37367.17,0.0,0.0,12_B,6060.66,0.0,-0.8988796217022266,1,1,0,1
2971,Lanka Retail,General Trade,1,17,77,Jaipur,B,5666.13,1.0,5666.13,10442.75,3.0,-0.4574101649469728,-0.6666666666666666,4776.62,2.0,2025-12-09,22,21.0,5.0,13.0,1.0,1.0,32.0,1.0,0.23333333333333334,0.0,0.0,0.0,0.0,5666.13,32650.08,17.354107555019773,5666.13,1_B,5467.655000000001,1.0362998396936163,-0.45536292670547374,0,1,0,1
2972,Chand General Store,Pharmacy,12,35,66,Guwahati,A,31333.2,3.0,10444.4,20746.2,4.0,0.5103103218902738,-0.25,-10587.0,1.0,2025-12-14,17,54.0,5.0,15.0,1.0,0.0,39.0,0.0,0.23333333333333334,0.0,0.0,0.0,0.0,31333.2,58288.4,53.755464209002135,31333.2,12_A,24540.835,1.2767780721397621,0.38058880029033626,0,0,0,1
2973,Ram Retail,Supermarket,1,17,77,Lucknow,C,3200.14,1.0,3200.14,1603.3000000000002,2.0,0.9959708102039541,-0.5,-1596.8399999999997,1.0,2025-12-12,19,13.0,4.0,9.0,1.0,0.0,8.0,0.0,0.23333333333333334,0.0,0.0,0.0,0.0,3200.14,18947.18,16.889795737413166,3200.14,1_C,1475.75,2.1684838217855327,1.622543132815518,0,0,0,1
2974,Goyal Supermarket,Convenience,9,11,85,Delhi,B,0.0,0.0,0.0,9683.9,2.0,-1.0,-1.0,9683.9,2.0,2025-11-19,42,16.0,5.0,9.0,4.0,4.0,22.25,1.0,0.9333333333333333,0.0,0.0,0.0,0.0,0.0,33676.84,0.0,0.0,9_B,5894.43,0.0,-0.8248537245956321,1,1,0,1
2975,Prabhakar General Store,General Trade,7,28,24,Kochi,C,7539.3099999999995,3.0,2513.103333333333,9387.099999999999,4.0,-0.1968435406035942,-0.25,1847.789999999999,1.0,2025-12-19,12,32.0,5.0,14.0,0.0,0.0,0.0,0.0,0.0,0.0,0.0,0.0,0.0,7539.3099999999995,19666.73,38.335351123445534,0.0,7_C,1610.4699999999998,4.68143461225605,0.2508708446598684,0,1,0,1
2976,Raj Traders,General Trade,3,23,88,Bengaluru,C,3805.0499999999997,2.0,1902.5249999999999,9039.43,3.0,-0.579060847863195,-0.3333333333333333,5234.380000000001,1.0,2025-12-29,2,28.0,5.0,10.0,1.0,0.0,41.0,0.0,0.23333333333333334,0.0,0.0,0.0,0.0,3805.0499999999997,17544.13,21.68845078097346,3805.0499999999997,3_C,1975.87,1.9257592857829715,-0.2218790577746479,0,1,0,1
2977,Pingle Supermarket,Modern Trade,5,22,17,Delhi,C,8601.310000000001,2.0,4300.655000000001,3749.63,2.0,1.2939089990212371,0.0,-4851.680000000001,0.0,2025-12-26,5,17.0,5.0,9.0,0.0,0.0,0.0,0.0,0.0,0.0,0.0,0.0,0.0,8601.310000000001,16940.98,50.772210344383865,0.0,5_C,1965.2,4.3768115204559335,1.7408159768753722,0,0,0,1
2978,Grover Mart,Pharmacy,12,19,59,Kolkata,C,0.0,0.0,0.0,1538.0,1.0,-1.0,-1.0,1538.0,1.0,2025-12-01,30,1.0,1.0,1.0,4.0,3.0,19.25,0.75,0.9333333333333333,0.0,0.0,0.0,0.0,1538.0,18592.09,8.27233517049455,0.0,12_C,1525.54,0.0,-0.41156482455115484,0,1,0,1
2979,Sehgal Supermarket,Pharmacy,12,19,36,Patna,B,6906.02,1.0,6906.02,0.0,0.0,,,-6906.02,-1.0,2025-12-29,2,14.0,5.0,7.0,0.0,0.0,0.0,0.0,0.0,0.0,0.0,0.0,0.0,6906.02,39234.26,17.60201415803433,0.0,12_B,6060.66,1.1394831585998886,,0,0,0,1
2980,Basu Traders,General Trade,10,32,43,Nashik,C,0.0,0.0,0.0,0.0,0.0,,,0.0,0.0,2025-08-07,146,0.0,0.0,0.0,0.0,0.0,0.0,0.0,0.0,0.0,0.0,0.0,0.0,0.0,17964.91,0.0,0.0,10_C,1784.86,0.0,,1,0,0,1
2981,Lall Retail,Modern Trade,9,11,85,Jaipur,B,0.0,0.0,0.0,4337.3099999999995,2.0,-1.0,-1.0,4337.3099999999995,2.0,2025-11-20,41,18.0,5.0,10.0,0.0,0.0,0.0,0.0,0.0,0.0,0.0,0.0,0.0,0.0,40085.33,0.0,0.0,9_B,5894.43,0.0,-0.8248537245956321,1,1,0,1
2982,Sarraf Mart,General Trade,3,23,20,Chennai,B,0.0,0.0,0.0,15821.460000000001,5.0,-1.0,-1.0,15821.460000000001,5.0,2025-11-16,45,21.0,5.0,12.0,3.0,2.0,27.0,0.6666666666666666,0.7000000000000001,195.0,0.0,219.85128205128206,0.0,0.0,38244.24,0.0,0.0,3_B,5507.8,0.0,-0.760649070703225,1,1,0,1
2983,Shroff General Store,Modern Trade,4,1,58,Ranchi,C,3664.3900000000003,2.0,1832.1950000000002,0.0,0.0,,,-3664.3900000000003,-2.0,2025-12-23,8,12.0,5.0,7.0,2.0,2.0,22.5,1.0,0.4666666666666667,0.0,0.0,0.0,0.0,3664.3900000000003,17218.18,21.282098340242698,1832.1950000000002,4_C,1263.49,2.9002129023577554,,0,0,0,1
2984,Lall Retail,Modern Trade,4,7,1,Bhubaneswar,C,6243.41,2.0,3121.705,2567.5,1.0,1.4317078870496591,1.0,-3675.91,-1.0,2025-12-29,2,17.0,5.0,11.0,0.0,0.0,0.0,0.0,0.0,0.0,0.0,0.0,0.0,6243.41,17742.08,35.18984245364692,0.0,4_C,1263.49,4.941400406809709,2.080122143427499,0,0,0,1
2985,Kara Traders,Supermarket,10,4,6,Ahmedabad,B,14172.970000000001,4.0,3543.2425000000003,3466.69,1.0,3.0883292131687576,3.0,-10706.28,-3.0,2025-12-26,5,24.0,5.0,13.0,2.0,0.0,23.0,0.0,0.4666666666666667,0.0,0.0,0.0,0.0,14172.970000000001,41153.26,34.439483044599626,7086.485000000001,10_B,6269.79,2.2605174973962447,3.263239793171407,0,0,0,1
2986,Luthra Retail,General Trade,7,28,57,Hyderabad,C,1003.77,2.0,501.885,683.43,1.0,0.4687239366138449,1.0,-320.34000000000003,-1.0,2025-12-23,8,7.0,4.0,6.0,0.0,0.0,0.0,0.0,0.0,0.0,0.0,0.0,0.0,1003.77,21014.88,4.776472670793266,0.0,7_C,1610.4699999999998,0.6232776767030743,0.9164383218773076,0,0,0,1
2987,Bhatia Retail,Convenience,12,35,66,Guwahati,A,17971.48,3.0,5990.493333333333,48367.79,6.0,-0.628441158878667,-0.5,30396.31,3.0,2025-12-19,12,34.0,5.0,14.0,5.0,5.0,21.4,1.0,1.1666666666666667,0.0,0.0,0.0,0.0,22172.13,65773.09,33.71003247680777,3594.296,12_A,24540.835,0.7323092307168847,-0.7581626804786046,0,1,0,1
2988,Dora Traders,Pharmacy,4,13,48,Patna,C,2602.71,1.0,2602.71,0.0,0.0,,,-2602.71,-1.0,2025-12-16,15,14.0,5.0,10.0,7.0,5.0,16.714285714285715,0.7142857142857143,1.6333333333333333,0.0,0.0,0.0,0.0,2602.71,20278.04,12.835116214387584,371.8157142857143,4_C,1263.49,2.059937158188826,,0,0,0,1
2989,Chatterjee Traders,Pharmacy,12,10,30,Ranchi,A,30901.7,6.0,5150.283333333334,39311.340000000004,5.0,-0.21392402294096316,0.2,8409.640000000003,-1.0,2025-12-30,1,51.0,5.0,14.0,1.0,0.0,22.0,0.0,0.23333333333333334,0.0,0.0,0.0,0.0,30901.7,68760.22,44.9412465521489,30901.7,12_A,24540.835,1.2591951333359277,-0.3436455445409007,0,1,0,1
2990,Chada Mart,Supermarket,12,19,53,Patna,C,0.0,0.0,0.0,2654.13,3.0,-1.0,-1.0,2654.13,3.0,2025-11-15,46,10.0,4.0,7.0,3.0,3.0,29.333333333333332,1.0,0.7000000000000001,0.0,0.0,0.0,0.0,0.0,17334.94,0.0,0.0,12_C,1525.54,0.0,-0.41156482455115484,1,1,0,1
2991,Padmanabhan General Store,Supermarket,6,25,86,Pune,A,46127.3,5.0,9225.460000000001,23166.63,4.0,0.9911096262166746,0.25,-22960.670000000002,-1.0,2025-12-31,0,35.0,5.0,13.0,0.0,0.0,0.0,0.0,0.0,0.0,0.0,0.0,0.0,46127.3,72436.79,63.679381706450556,0.0,6_A,21985.86,2.0980439245951716,0.9157101204463463,0,0,0,1
2992,Sachdev Mart,General Trade,4,2,22,Ranchi,C,0.0,0.0,0.0,2440.53,1.0,-1.0,-1.0,2440.53,1.0,2025-11-06,55,9.0,5.0,7.0,0.0,0.0,0.0,0.0,0.0,0.0,0.0,0.0,0.0,0.0,21079.99,0.0,0.0,4_C,1263.49,0.0,-0.3515857436221601,1,1,0,1
2993,Karan Mart,Supermarket,9,11,73,Ludhiana,B,0.0,0.0,0.0,16478.71,4.0,-1.0,-1.0,16478.71,4.0,2025-11-17,44,18.0,4.0,8.0,2.0,1.0,33.0,0.5,0.4666666666666667,0.0,0.0,0.0,0.0,0.0,42579.83,0.0,0.0,9_B,5894.43,0.0,-0.8248537245956321,1,1,0,1
2994,Bhat Supermarket,Convenience,9,11,85,Jaipur,C,7355.110000000001,3.0,2451.7033333333334,141.35,1.0,51.03473646975593,2.0,-7213.76,-2.0,2025-12-20,11,13.0,5.0,9.0,4.0,1.0,32.0,0.25,0.9333333333333333,0.0,0.0,0.0,0.0,7355.110000000001,16254.46,45.2497960559748,1838.7775000000001,9_C,1106.01,6.650129745662336,51.5296328716388,0,0,0,1
2995,Ram Traders,Convenience,9,3,95,Lucknow,C,949.71,1.0,949.71,23.37,1.0,39.63799743260591,0.0,-926.34,0.0,2025-12-17,14,18.0,5.0,11.0,2.0,2.0,34.5,1.0,0.4666666666666667,0.0,0.0,0.0,0.0,949.71,21375.35,4.4430149681759605,474.855,9_C,1106.01,0.858681205414056,40.13289383448878,0,0,0,1
2996,Virk Traders,General Trade,7,28,79,Chennai,B,4673.45,2.0,2336.725,8716.96,5.0,-0.46386699032690293,-0.6,4043.5099999999993,3.0,2025-12-18,13,16.0,5.0,11.0,0.0,0.0,0.0,0.0,0.0,0.0,0.0,0.0,0.0,4673.45,40745.53,11.469847121880608,0.0,7_B,6107.09,0.7652498980692932,-0.24393896755398692,0,1,0,1
2997,Sahota Retail,Convenience,1,17,23,Delhi,B,6007.82,1.0,6007.82,14735.98,3.0,-0.5923026497050078,-0.6666666666666666,8728.16,2.0,2025-12-02,29,24.0,5.0,13.0,3.0,0.0,19.333333333333332,0.0,0.7000000000000001,0.0,0.0,0.0,0.0,6007.82,36907.73,16.27794502669224,2002.6066666666666,1_B,5467.655000000001,1.098792809714585,-0.5902554114635088,0,1,0,1
2998,Wason Supermarket,General Trade,12,35,78,Guwahati,C,1448.86,1.0,1448.86,0.0,0.0,,,-1448.86,-1.0,2025-12-15,16,13.0,5.0,10.0,1.0,0.0,39.0,0.0,0.23333333333333334,0.0,0.0,0.0,0.0,1448.86,19405.47,7.466245342163832,1448.86,12_C,1525.54,0.9497358312466405,,0,0,0,1
2999,Soman Retail,Supermarket,4,7,4,Kolkata,C,2326.77,1.0,2326.77,0.0,0.0,,,-2326.77,-1.0,2025-12-06,25,10.0,4.0,7.0,2.0,1.0,28.5,0.5,0.4666666666666667,0.0,0.0,0.0,0.0,2326.77,20346.79,11.435563054417921,1163.385,4_C,1263.49,1.8415420778953533,,0,0,0,1
3000,Keer General Store,Supermarket,1,5,52,Jaipur,C,1099.83,1.0,1099.83,3972.0299999999997,2.0,-0.7231063209492375,-0.5,2872.2,1.0,2025-12-05,26,6.0,3.0,4.0,0.0,0.0,0.0,0.0,0.0,0.0,0.0,0.0,0.0,1099.83,16206.7,6.786267407923882,0.0,1_C,1475.75,0.7452685075385397,-0.09653399833767373,0,1,0,1
