global_rank,type_rank,opportunity_id,outlet_id,opportunity_type,priority_score,priority_band,action_urgency,score,priority,evidence,recommended_action,revenue_30d,revenue_previous_30d,revenue_per_visit_30d,target_achievement_pct,revenue_index_vs_peer,visits_30d,productive_visits_30d,ev_target_category,ev_territory_category_rank,ev_territory_category_orders_90d,ev_current_category_count_90d,ev_revenue_previous_30d,ev_revenue_30d,ev_revenue_growth_30d,ev_revenue_gap_vs_previous_30d,ev_orders_previous_30d,ev_orders_30d,ev_revenue_index_vs_peer,ev_days_since_last_order,ev_stockout_events_90d,ev_stockout_rate_90d,ev_avg_closing_stock_90d
1,1,OPP-000187,303,Cross-Sell,98.86,P1,Immediate,100.0,HIGH,"{""target_category"": ""Snacks"", ""territory_category_rank"": 1, ""territory_category_orders_90d"": 1879, ""current_category_count_90d"": 0}","Introduce Snacks during the next outlet visit and assess fit, expected demand, and an initial reorder quantity.",0.0,0.0,0.0,0.0,0.0,1.0,0.0,Snacks,1.0,1879.0,0.0,,,,,,,,,,,
2,2,OPP-000433,685,Cross-Sell,98.86,P1,Immediate,100.0,HIGH,"{""target_category"": ""Snacks"", ""territory_category_rank"": 1, ""territory_category_orders_90d"": 1879, ""current_category_count_90d"": 0}","Introduce Snacks during the next outlet visit and assess fit, expected demand, and an initial reorder quantity.",0.0,0.0,0.0,0.0,0.0,2.0,1.0,Snacks,1.0,1879.0,0.0,,,,,,,,,,,
3,3,OPP-000783,1208,Cross-Sell,98.86,P1,Immediate,100.0,HIGH,"{""target_category"": ""Snacks"", ""territory_category_rank"": 1, ""territory_category_orders_90d"": 1879, ""current_category_count_90d"": 0}","Introduce Snacks during the next outlet visit and assess fit, expected demand, and an initial reorder quantity.",0.0,0.0,0.0,0.0,0.0,2.0,2.0,Snacks,1.0,1879.0,0.0,,,,,,,,,,,
4,4,OPP-001230,1855,Cross-Sell,98.86,P1,Immediate,100.0,HIGH,"{""target_category"": ""Snacks"", ""territory_category_rank"": 1, ""territory_category_orders_90d"": 1879, ""current_category_count_90d"": 0}","Introduce Snacks during the next outlet visit and assess fit, expected demand, and an initial reorder quantity.",0.0,0.0,0.0,0.0,0.0,2.0,1.0,Snacks,1.0,1879.0,0.0,,,,,,,,,,,
5,5,OPP-001316,1982,Cross-Sell,98.86,P1,Immediate,100.0,HIGH,"{""target_category"": ""Snacks"", ""territory_category_rank"": 1, ""territory_category_orders_90d"": 1879, ""current_category_count_90d"": 0}","Introduce Snacks during the next outlet visit and assess fit, expected demand, and an initial reorder quantity.",0.0,0.0,0.0,0.0,0.0,1.0,1.0,Snacks,1.0,1879.0,0.0,,,,,,,,,,,
6,6,OPP-001433,2143,Cross-Sell,98.86,P1,Immediate,100.0,HIGH,"{""target_category"": ""Snacks"", ""territory_category_rank"": 1, ""territory_category_orders_90d"": 1879, ""current_category_count_90d"": 0}","Introduce Snacks during the next outlet visit and assess fit, expected demand, and an initial reorder quantity.",0.0,0.0,0.0,0.0,0.0,1.0,1.0,Snacks,1.0,1879.0,0.0,,,,,,,,,,,
7,1,OPP-001244,1872,Revenue Recovery,97.4,P1,Immediate,96.78,HIGH,"{""revenue_previous_30d"": 43698.89, ""revenue_30d"": 674.71, ""revenue_growth_30d"": -0.9846, ""revenue_gap_vs_previous_30d"": 43024.18, ""orders_previous_30d"": 9, ""orders_30d"": 1, ""revenue_index_vs_peer"": 0.031}","Review the outlet's recent order decline, identify the lost SKU/category demand, and schedule a recovery visit with a targeted reorder proposal.",674.71,43698.89,168.6775,1.1018132536682066,0.031415928482445,4.0,4.0,,,,,43698.89,674.71,-0.9846,43024.18,9.0,1.0,0.031,,,,
8,7,OPP-001016,1559,Cross-Sell,96.46,P1,Immediate,100.0,HIGH,"{""target_category"": ""Snacks"", ""territory_category_rank"": 1, ""territory_category_orders_90d"": 1872, ""current_category_count_90d"": 0}","Introduce Snacks during the next outlet visit and assess fit, expected demand, and an initial reorder quantity.",0.0,0.0,0.0,0.0,0.0,4.0,2.0,Snacks,1.0,1872.0,0.0,,,,,,,,,,,
9,8,OPP-001045,1596,Cross-Sell,96.46,P1,Immediate,100.0,HIGH,"{""target_category"": ""Snacks"", ""territory_category_rank"": 1, ""territory_category_orders_90d"": 1872, ""current_category_count_90d"": 0}","Introduce Snacks during the next outlet visit and assess fit, expected demand, and an initial reorder quantity.",0.0,0.0,0.0,0.0,0.0,4.0,2.0,Snacks,1.0,1872.0,0.0,,,,,,,,,,,
10,9,OPP-001074,1643,Cross-Sell,96.46,P1,Immediate,100.0,HIGH,"{""target_category"": ""Snacks"", ""territory_category_rank"": 1, ""territory_category_orders_90d"": 1872, ""current_category_count_90d"": 0}","Introduce Snacks during the next outlet visit and assess fit, expected demand, and an initial reorder quantity.",0.0,0.0,0.0,0.0,0.0,3.0,3.0,Snacks,1.0,1872.0,0.0,,,,,,,,,,,
11,10,OPP-001144,1740,Cross-Sell,96.46,P1,Immediate,100.0,HIGH,"{""target_category"": ""Snacks"", ""territory_category_rank"": 1, ""territory_category_orders_90d"": 1872, ""current_category_count_90d"": 0}","Introduce Snacks during the next outlet visit and assess fit, expected demand, and an initial reorder quantity.",0.0,0.0,0.0,0.0,0.0,1.0,1.0,Snacks,1.0,1872.0,0.0,,,,,,,,,,,
12,11,OPP-001469,2188,Cross-Sell,96.46,P1,Immediate,100.0,HIGH,"{""target_category"": ""Snacks"", ""territory_category_rank"": 1, ""territory_category_orders_90d"": 1872, ""current_category_count_90d"": 0}","Introduce Snacks during the next outlet visit and assess fit, expected demand, and an initial reorder quantity.",0.0,0.0,0.0,0.0,0.0,0.0,0.0,Snacks,1.0,1872.0,0.0,,,,,,,,,,,
13,2,OPP-001605,2381,Revenue Recovery,95.17,P1,Immediate,93.49,HIGH,"{""revenue_previous_30d"": 49261.97, ""revenue_30d"": 2017.44, ""revenue_growth_30d"": -0.959, ""revenue_gap_vs_previous_30d"": 47244.53, ""orders_previous_30d"": 7, ""orders_30d"": 1, ""revenue_index_vs_peer"": 0.1}","Review the outlet's recent order decline, identify the lost SKU/category demand, and schedule a recovery visit with a targeted reorder proposal.",2017.44,49261.97,0.0,3.3755404162503937,0.0997329006749411,0.0,0.0,,,,,49261.97,2017.44,-0.959,47244.53,7.0,1.0,0.1,,,,
14,3,OPP-001694,2512,Revenue Recovery,95.06,P1,Immediate,93.96,HIGH,"{""revenue_previous_30d"": 40001.08, ""revenue_30d"": 1654.67, ""revenue_growth_30d"": -0.9586, ""revenue_gap_vs_previous_30d"": 38346.41, ""orders_previous_30d"": 7, ""orders_30d"": 1, ""revenue_index_vs_peer"": 0.067}","Review the outlet's recent order decline, identify the lost SKU/category demand, and schedule a recovery visit with a targeted reorder proposal.",1654.67,40001.08,551.5566666666667,2.8633522681061385,0.0669163488011698,3.0,3.0,,,,,40001.08,1654.67,-0.9586,38346.41,7.0,1.0,0.067,,,,
15,4,OPP-001602,2377,Revenue Recovery,93.94,P1,Immediate,92.09,HIGH,"{""revenue_previous_30d"": 75011.89, ""revenue_30d"": 2940.07, ""revenue_growth_30d"": -0.9608, ""revenue_gap_vs_previous_30d"": 72071.82, ""orders_previous_30d"": 10, ""orders_30d"": 2, ""revenue_index_vs_peer"": 0.144}","Review the outlet's recent order decline, identify the lost SKU/category demand, and schedule a recovery visit with a targeted reorder proposal.",2940.075,75011.89,980.025,4.336003053412147,0.1444993948627843,3.0,2.0,,,,,75011.89,2940.07,-0.9608,72071.82,10.0,2.0,0.144,,,,
16,12,OPP-000035,58,Cross-Sell,93.86,P1,Immediate,98.0,HIGH,"{""target_category"": ""Snacks"", ""territory_category_rank"": 1, ""territory_category_orders_90d"": 1879, ""current_category_count_90d"": 1}","Introduce Snacks during the next outlet visit and assess fit, expected demand, and an initial reorder quantity.",153.0,0.0,153.0,0.904197070046906,0.1257365449569784,1.0,0.0,Snacks,1.0,1879.0,1.0,,,,,,,,,,,
17,13,OPP-000331,532,Cross-Sell,93.86,P1,Immediate,98.0,HIGH,"{""target_category"": ""Snacks"", ""territory_category_rank"": 1, ""territory_category_orders_90d"": 1879, ""current_category_count_90d"": 1}","Introduce Snacks during the next outlet visit and assess fit, expected demand, and an initial reorder quantity.",333.54,0.0,333.54,0.7765116064668792,0.0727145885905199,1.0,0.0,Snacks,1.0,1879.0,1.0,,,,,,,,,,,
18,14,OPP-000554,873,Cross-Sell,93.86,P1,Immediate,98.0,HIGH,"{""target_category"": ""Snacks"", ""territory_category_rank"": 1, ""territory_category_orders_90d"": 1879, ""current_category_count_90d"": 1}","Introduce Snacks during the next outlet visit and assess fit, expected demand, and an initial reorder quantity.",0.0,285.55,0.0,0.0,0.0,2.0,0.0,Snacks,1.0,1879.0,1.0,,,,,,,,,,,
19,15,OPP-000574,898,Cross-Sell,93.86,P1,Immediate,98.0,HIGH,"{""target_category"": ""Snacks"", ""territory_category_rank"": 1, ""territory_category_orders_90d"": 1879, ""current_category_count_90d"": 1}","Introduce Snacks during the next outlet visit and assess fit, expected demand, and an initial reorder quantity.",1263.49,0.0,1263.49,6.090714034012822,1.0383455371744617,1.0,0.0,Snacks,1.0,1879.0,1.0,,,,,,,,,,,
20,16,OPP-000623,972,Cross-Sell,93.86,P1,Immediate,98.0,HIGH,"{""target_category"": ""Snacks"", ""territory_category_rank"": 1, ""territory_category_orders_90d"": 1879, ""current_category_count_90d"": 1}","Introduce Snacks during the next outlet visit and assess fit, expected demand, and an initial reorder quantity.",0.0,0.0,0.0,0.0,0.0,5.0,3.0,Snacks,1.0,1879.0,1.0,,,,,,,,,,,
21,17,OPP-000693,1079,Cross-Sell,93.86,P1,Immediate,98.0,HIGH,"{""target_category"": ""Snacks"", ""territory_category_rank"": 1, ""territory_category_orders_90d"": 1879, ""current_category_count_90d"": 1}","Introduce Snacks during the next outlet visit and assess fit, expected demand, and an initial reorder quantity.",313.27,0.0,313.27,1.598278000476519,0.2574476303181217,1.0,0.0,Snacks,1.0,1879.0,1.0,,,,,,,,,,,
22,18,OPP-001832,2687,Cross-Sell,93.86,P1,Immediate,98.0,HIGH,"{""target_category"": ""Snacks"", ""territory_category_rank"": 1, ""territory_category_orders_90d"": 1879, ""current_category_count_90d"": 1}","Introduce Snacks during the next outlet visit and assess fit, expected demand, and an initial reorder quantity.",303.11,0.0,101.03666666666668,1.8687330765322985,0.2490980662869916,3.0,2.0,Snacks,1.0,1879.0,1.0,,,,,,,,,,,
23,5,OPP-001115,1704,Revenue Recovery,93.5,P1,Immediate,91.58,HIGH,"{""revenue_previous_30d"": 45336.37, ""revenue_30d"": 2734.97, ""revenue_growth_30d"": -0.9397, ""revenue_gap_vs_previous_30d"": 42601.4, ""orders_previous_30d"": 7, ""orders_30d"": 1, ""revenue_index_vs_peer"": 0.137}","Review the outlet's recent order decline, identify the lost SKU/category demand, and schedule a recovery visit with a targeted reorder proposal.",2734.97,45336.37,1367.485,3.80462831503614,0.1369368223649573,2.0,1.0,,,,,45336.37,2734.97,-0.9397,42601.4,7.0,1.0,0.137,,,,
24,6,OPP-000341,547,Revenue Recovery,93.47,P1,Immediate,91.94,HIGH,"{""revenue_previous_30d"": 41641.45, ""revenue_30d"": 2258.6, ""revenue_growth_30d"": -0.9458, ""revenue_gap_vs_previous_30d"": 39382.85, ""orders_previous_30d"": 6, ""orders_30d"": 1, ""revenue_index_vs_peer"": 0.118}","Review the outlet's recent order decline, identify the lost SKU/category demand, and schedule a recovery visit with a targeted reorder proposal.",2258.6,41641.45,0.0,3.767946165715226,0.1177684889253768,0.0,0.0,,,,,41641.45,2258.6,-0.9458,39382.85,6.0,1.0,0.118,,,,
25,7,OPP-000004,6,Revenue Recovery,93.41,P1,Immediate,91.89,HIGH,"{""revenue_previous_30d"": 40232.18, ""revenue_30d"": 2260.19, ""revenue_growth_30d"": -0.9438, ""revenue_gap_vs_previous_30d"": 37971.99, ""orders_previous_30d"": 6, ""orders_30d"": 1, ""revenue_index_vs_peer"": 0.112}","Review the outlet's recent order decline, identify the lost SKU/category demand, and schedule a recovery visit with a targeted reorder proposal.",2260.19,40232.18,753.3966666666666,13.825366360407427,0.1117333376836462,3.0,2.0,,,,,40232.18,2260.19,-0.9438,37971.99,6.0,1.0,0.112,,,,
26,1,OPP-001421,2129,Stock Risk,92.22,P1,Immediate,76.67,MEDIUM,"{""stockout_events_90d"": 46, ""stockout_rate_90d"": 0.2359, ""avg_closing_stock_90d"": 0.933}",Review recent stockout frequency and replenish at-risk SKUs; coordinate with the distributor before the next sales visit.,12919.27,16904.57,3229.8175,18.19212960061936,0.6015486095735911,4.0,4.0,,,,,,,,,,,,,46.0,0.2359,0.933
27,1,OPP-000347,553,Inactive Outlet,91.92,P1,Immediate,84.0,HIGH,"{""revenue_previous_30d"": 27905.91, ""revenue_30d"": 0.0, ""orders_previous_30d"": 4, ""orders_30d"": 0, ""days_since_last_order"": 52}","Prioritize a win-back visit, diagnose the reason for inactivity, and attempt a targeted reorder based on the outlet's prior mix.",0.0,27905.91,0.0,0.0,0.0,3.0,1.0,,,,,27905.91,0.0,,,4.0,0.0,,52.0,,,
28,8,OPP-001950,2850,Revenue Recovery,91.76,P1,Immediate,89.24,HIGH,"{""revenue_previous_30d"": 43654.93, ""revenue_30d"": 2711.81, ""revenue_growth_30d"": -0.9379, ""revenue_gap_vs_previous_30d"": 40943.12, ""orders_previous_30d"": 7, ""orders_30d"": 2, ""revenue_index_vs_peer"": 0.141}","Review the outlet's recent order decline, identify the lost SKU/category demand, and schedule a recovery visit with a targeted reorder proposal.",2711.8125,43654.93,301.3125,8.863489935042363,0.1414000090206094,9.0,6.0,,,,,43654.93,2711.81,-0.9379,40943.12,7.0,2.0,0.141,,,,
29,2,OPP-000417,656,Stock Risk,91.54,P1,Immediate,65.0,MEDIUM,"{""stockout_events_90d"": 13, ""stockout_rate_90d"": 0.0667, ""avg_closing_stock_90d"": 0.933}",Review recent stockout frequency and replenish at-risk SKUs; coordinate with the distributor before the next sales visit.,1886.17,27378.19,628.7233333333334,3.3488022453062407,0.0944383763771126,3.0,3.0,,,,,,,,,,,,,13.0,0.0667,0.933
30,19,OPP-000405,636,Cross-Sell,91.46,P1,Immediate,98.0,HIGH,"{""target_category"": ""Snacks"", ""territory_category_rank"": 1, ""territory_category_orders_90d"": 1872, ""current_category_count_90d"": 1}","Introduce Snacks during the next outlet visit and assess fit, expected demand, and an initial reorder quantity.",0.0,0.0,0.0,0.0,0.0,1.0,1.0,Snacks,1.0,1872.0,1.0,,,,,,,,,,,
31,20,OPP-000425,669,Cross-Sell,91.46,P1,Immediate,98.0,HIGH,"{""target_category"": ""Snacks"", ""territory_category_rank"": 1, ""territory_category_orders_90d"": 1872, ""current_category_count_90d"": 1}","Introduce Snacks during the next outlet visit and assess fit, expected demand, and an initial reorder quantity.",268.5,0.0,44.75,1.437450043926546,0.1991618143381671,6.0,4.0,Snacks,1.0,1872.0,1.0,,,,,,,,,,,
32,21,OPP-000716,1111,Cross-Sell,91.46,P1,Immediate,98.0,HIGH,"{""target_category"": ""Snacks"", ""territory_category_rank"": 1, ""territory_category_orders_90d"": 1872, ""current_category_count_90d"": 1}","Introduce Snacks during the next outlet visit and assess fit, expected demand, and an initial reorder quantity.",0.0,0.0,0.0,0.0,0.0,3.0,1.0,Snacks,1.0,1872.0,1.0,,,,,,,,,,,
33,22,OPP-001237,1862,Cross-Sell,91.46,P1,Immediate,98.0,HIGH,"{""target_category"": ""Snacks"", ""territory_category_rank"": 1, ""territory_category_orders_90d"": 1872, ""current_category_count_90d"": 1}","Introduce Snacks during the next outlet visit and assess fit, expected demand, and an initial reorder quantity.",0.0,0.0,0.0,0.0,0.0,1.0,1.0,Snacks,1.0,1872.0,1.0,,,,,,,,,,,
34,23,OPP-002017,2944,Cross-Sell,91.46,P1,Immediate,98.0,HIGH,"{""target_category"": ""Snacks"", ""territory_category_rank"": 1, ""territory_category_orders_90d"": 1872, ""current_category_count_90d"": 1}","Introduce Snacks during the next outlet visit and assess fit, expected demand, and an initial reorder quantity.",0.0,76.62,0.0,0.0,0.0,2.0,0.0,Snacks,1.0,1872.0,1.0,,,,,,,,,,,
35,24,OPP-002044,2978,Cross-Sell,91.46,P1,Immediate,98.0,HIGH,"{""target_category"": ""Snacks"", ""territory_category_rank"": 1, ""territory_category_orders_90d"": 1872, ""current_category_count_90d"": 1}","Introduce Snacks during the next outlet visit and assess fit, expected demand, and an initial reorder quantity.",0.0,1538.0,0.0,8.27233517049455,0.0,4.0,3.0,Snacks,1.0,1872.0,1.0,,,,,,,,,,,
36,9,OPP-000416,656,Revenue Recovery,90.9,P1,Immediate,90.76,HIGH,"{""revenue_previous_30d"": 27378.19, ""revenue_30d"": 1886.17, ""revenue_growth_30d"": -0.9311, ""revenue_gap_vs_previous_30d"": 25492.02, ""orders_previous_30d"": 5, ""orders_30d"": 1, ""revenue_index_vs_peer"": 0.094}","Review the outlet's recent order decline, identify the lost SKU/category demand, and schedule a recovery visit with a targeted reorder proposal.",1886.17,27378.19,628.7233333333334,3.3488022453062407,0.0944383763771126,3.0,3.0,,,,,27378.19,1886.17,-0.9311,25492.02,5.0,1.0,0.094,,,,
37,10,OPP-000323,519,Revenue Recovery,90.56,P1,Immediate,87.93,HIGH,"{""revenue_previous_30d"": 37674.81, ""revenue_30d"": 2710.14, ""revenue_growth_30d"": -0.9281, ""revenue_gap_vs_previous_30d"": 34964.67, ""orders_previous_30d"": 6, ""orders_30d"": 2, ""revenue_index_vs_peer"": 0.136}","Review the outlet's recent order decline, identify the lost SKU/category demand, and schedule a recovery visit with a targeted reorder proposal.",2710.143,37674.81,903.381,4.6783590701432,0.1356937628473558,3.0,3.0,,,,,37674.81,2710.14,-0.9281,34964.67,6.0,2.0,0.136,,,,
38,2,OPP-001973,2890,Inactive Outlet,90.46,P1,Immediate,82.0,HIGH,"{""revenue_previous_30d"": 23596.58, ""revenue_30d"": 0.0, ""orders_previous_30d"": 4, ""orders_30d"": 0, ""days_since_last_order"": 51}","Prioritize a win-back visit, diagnose the reason for inactivity, and attempt a targeted reorder based on the outlet's prior mix.",0.0,23596.58,0.0,0.0,0.0,2.0,1.0,,,,,23596.58,0.0,,,4.0,0.0,,51.0,,,
39,11,OPP-001537,2286,Revenue Recovery,90.24,P1,Immediate,88.06,HIGH,"{""revenue_previous_30d"": 34492.35, ""revenue_30d"": 2723.04, ""revenue_growth_30d"": -0.9211, ""revenue_gap_vs_previous_30d"": 31769.31, ""orders_previous_30d"": 7, ""orders_30d"": 2, ""revenue_index_vs_peer"": 0.142}","Review the outlet's recent order decline, identify the lost SKU/category demand, and schedule a recovery visit with a targeted reorder proposal.",2723.0445,34492.35,2723.0445,3.92172647045777,0.1419856707879033,1.0,1.0,,,,,34492.35,2723.04,-0.9211,31769.31,7.0,2.0,0.142,,,,
40,3,OPP-000159,256,Stock Risk,90.09,P1,Immediate,65.0,MEDIUM,"{""stockout_events_90d"": 11, ""stockout_rate_90d"": 0.0564, ""avg_closing_stock_90d"": 0.944}",Review recent stockout frequency and replenish at-risk SKUs; coordinate with the distributor before the next sales visit.,4597.05,416.29,1532.35,6.402307312422235,0.2397005366219799,3.0,3.0,,,,,,,,,,,,,11.0,0.0564,0.944
41,4,OPP-000573,895,Stock Risk,90.09,P1,Immediate,65.0,MEDIUM,"{""stockout_events_90d"": 11, ""stockout_rate_90d"": 0.0564, ""avg_closing_stock_90d"": 0.944}",Review recent stockout frequency and replenish at-risk SKUs; coordinate with the distributor before the next sales visit.,33471.92,33581.59,33471.92,54.8783964819506,1.6546968795897654,1.0,0.0,,,,,,,,,,,,,11.0,0.0564,0.944
42,5,OPP-001977,2899,Stock Risk,90.09,P1,Immediate,65.0,MEDIUM,"{""stockout_events_90d"": 11, ""stockout_rate_90d"": 0.0564, ""avg_closing_stock_90d"": 0.944}",Review recent stockout frequency and replenish at-risk SKUs; coordinate with the distributor before the next sales visit.,26810.24,24152.35,5362.048000000001,45.3096483674899,1.307516813218433,5.0,3.0,,,,,,,,,,,,,11.0,0.0564,0.944
43,12,OPP-001904,2787,Revenue Recovery,90.03,P1,Immediate,86.43,HIGH,"{""revenue_previous_30d"": 48265.7, ""revenue_30d"": 4763.97, ""revenue_growth_30d"": -0.9013, ""revenue_gap_vs_previous_30d"": 43501.73, ""orders_previous_30d"": 9, ""orders_30d"": 2, ""revenue_index_vs_peer"": 0.222}","Review the outlet's recent order decline, identify the lost SKU/category demand, and schedule a recovery visit with a targeted reorder proposal.",4763.9745,48265.7,1587.9915,6.699605868683648,0.2218207558568746,3.0,1.0,,,,,48265.7,4763.97,-0.9013,43501.73,9.0,2.0,0.222,,,,
44,3,OPP-001263,1900,Inactive Outlet,89.5,P1,Immediate,80.0,HIGH,"{""revenue_previous_30d"": 23017.92, ""revenue_30d"": 0.0, ""orders_previous_30d"": 4, ""orders_30d"": 0, ""days_since_last_order"": 50}","Prioritize a win-back visit, diagnose the reason for inactivity, and attempt a targeted reorder based on the outlet's prior mix.",0.0,23017.92,0.0,0.0,0.0,5.0,5.0,,,,,23017.92,0.0,,,4.0,0.0,,50.0,,,
45,13,OPP-000358,575,Revenue Recovery,89.37,P1,Immediate,86.7,HIGH,"{""revenue_previous_30d"": 51461.97, ""revenue_30d"": 4608.18, ""revenue_growth_30d"": -0.9105, ""revenue_gap_vs_previous_30d"": 46853.79, ""orders_previous_30d"": 6, ""orders_30d"": 1, ""revenue_index_vs_peer"": 0.302}","Review the outlet's recent order decline, identify the lost SKU/category demand, and schedule a recovery visit with a targeted reorder proposal.",4608.18,51461.97,1152.045,25.43074795485325,0.3024478415991305,4.0,2.0,,,,,51461.97,4608.18,-0.9105,46853.79,6.0,1.0,0.302,,,,
46,14,OPP-001923,2813,Revenue Recovery,89.37,P1,Immediate,86.37,HIGH,"{""revenue_previous_30d"": 35954.42, ""revenue_30d"": 2843.08, ""revenue_growth_30d"": -0.9209, ""revenue_gap_vs_previous_30d"": 33111.34, ""orders_previous_30d"": 5, ""orders_30d"": 2, ""revenue_index_vs_peer"": 0.14}","Review the outlet's recent order decline, identify the lost SKU/category demand, and schedule a recovery visit with a targeted reorder proposal.",2843.0820000000003,35954.42,1421.5410000000002,4.765740360633607,0.139732363475515,2.0,1.0,,,,,35954.42,2843.08,-0.9209,33111.34,5.0,2.0,0.14,,,,
47,25,OPP-000124,212,Cross-Sell,88.86,P1,Immediate,96.0,HIGH,"{""target_category"": ""Snacks"", ""territory_category_rank"": 1, ""territory_category_orders_90d"": 1879, ""current_category_count_90d"": 2}","Introduce Snacks during the next outlet visit and assess fit, expected demand, and an initial reorder quantity.",0.0,1311.9,0.0,0.0,0.0,0.0,0.0,Snacks,1.0,1879.0,2.0,,,,,,,,,,,
48,26,OPP-000189,310,Cross-Sell,88.86,P1,Immediate,96.0,HIGH,"{""target_category"": ""Snacks"", ""territory_category_rank"": 1, ""territory_category_orders_90d"": 1879, ""current_category_count_90d"": 2}","Introduce Snacks during the next outlet visit and assess fit, expected demand, and an initial reorder quantity.",1943.75,0.0,647.9166666666666,10.448555478805895,1.5973882958178218,3.0,3.0,Snacks,1.0,1879.0,2.0,,,,,,,,,,,
49,27,OPP-000292,465,Cross-Sell,88.86,P1,Immediate,96.0,HIGH,"{""target_category"": ""Snacks"", ""territory_category_rank"": 1, ""territory_category_orders_90d"": 1879, ""current_category_count_90d"": 2}","Introduce Snacks during the next outlet visit and assess fit, expected demand, and an initial reorder quantity.",0.0,153.74,0.0,0.0,0.0,3.0,1.0,Snacks,1.0,1879.0,2.0,,,,,,,,,,,
50,28,OPP-000530,836,Cross-Sell,88.86,P1,Immediate,96.0,HIGH,"{""target_category"": ""Snacks"", ""territory_category_rank"": 1, ""territory_category_orders_90d"": 1879, ""current_category_count_90d"": 2}","Introduce Snacks during the next outlet visit and assess fit, expected demand, and an initial reorder quantity.",0.0,0.0,0.0,0.0,0.0,0.0,0.0,Snacks,1.0,1879.0,2.0,,,,,,,,,,,
51,29,OPP-001033,1582,Cross-Sell,88.86,P1,Immediate,96.0,HIGH,"{""target_category"": ""Snacks"", ""territory_category_rank"": 1, ""territory_category_orders_90d"": 1879, ""current_category_count_90d"": 2}","Introduce Snacks during the next outlet visit and assess fit, expected demand, and an initial reorder quantity.",0.0,0.0,0.0,0.0,0.0,2.0,0.0,Snacks,1.0,1879.0,2.0,,,,,,,,,,,
52,30,OPP-001152,1751,Cross-Sell,88.86,P1,Immediate,96.0,HIGH,"{""target_category"": ""Snacks"", ""territory_category_rank"": 1, ""territory_category_orders_90d"": 1879, ""current_category_count_90d"": 2}","Introduce Snacks during the next outlet visit and assess fit, expected demand, and an initial reorder quantity.",2258.19,0.0,1129.095,11.28526222783717,1.855797440891497,2.0,1.0,Snacks,1.0,1879.0,2.0,,,,,,,,,,,
53,31,OPP-001710,2531,Cross-Sell,88.86,P1,Immediate,96.0,HIGH,"{""target_category"": ""Snacks"", ""territory_category_rank"": 1, ""territory_category_orders_90d"": 1879, ""current_category_count_90d"": 2}","Introduce Snacks during the next outlet visit and assess fit, expected demand, and an initial reorder quantity.",0.0,1175.31,0.0,0.0,0.0,6.0,3.0,Snacks,1.0,1879.0,2.0,,,,,,,,,,,
54,15,OPP-000247,405,Revenue Recovery,88.55,P1,Immediate,84.45,HIGH,"{""revenue_previous_30d"": 48080.09, ""revenue_30d"": 5229.27, ""revenue_growth_30d"": -0.8912, ""revenue_gap_vs_previous_30d"": 42850.82, ""orders_previous_30d"": 7, ""orders_30d"": 2, ""revenue_index_vs_peer"": 0.243}","Review the outlet's recent order decline, identify the lost SKU/category demand, and schedule a recovery visit with a targeted reorder proposal.",5229.2745,48080.09,1307.318625,16.38282916743777,0.2434861106357895,4.0,3.0,,,,,48080.09,5229.27,-0.8912,42850.82,7.0,2.0,0.243,,,,
55,4,OPP-001619,2397,Inactive Outlet,88.51,P1,Immediate,90.0,HIGH,"{""revenue_previous_30d"": 14795.42, ""revenue_30d"": 0.0, ""orders_previous_30d"": 3, ""orders_30d"": 0, ""days_since_last_order"": 55}","Prioritize a win-back visit, diagnose the reason for inactivity, and attempt a targeted reorder based on the outlet's prior mix.",0.0,14795.419999999998,0.0,0.0,0.0,1.0,1.0,,,,,14795.42,0.0,,,3.0,0.0,,55.0,,,
56,16,OPP-000698,1088,Revenue Recovery,88.48,P1,Immediate,84.44,HIGH,"{""revenue_previous_30d"": 46698.39, ""revenue_30d"": 5169.4, ""revenue_growth_30d"": -0.8893, ""revenue_gap_vs_previous_30d"": 41528.99, ""orders_previous_30d"": 7, ""orders_30d"": 2, ""revenue_index_vs_peer"": 0.235}","Review the outlet's recent order decline, identify the lost SKU/category demand, and schedule a recovery visit with a targeted reorder proposal.",5169.402,46698.39,1292.3505,6.951586483100244,0.2347730476612627,4.0,1.0,,,,,46698.39,5169.4,-0.8893,41528.99,7.0,2.0,0.235,,,,
57,17,OPP-000487,767,Revenue Recovery,88.43,P1,Immediate,87.53,HIGH,"{""revenue_previous_30d"": 26397.91, ""revenue_30d"": 2200.08, ""revenue_growth_30d"": -0.9167, ""revenue_gap_vs_previous_30d"": 24197.83, ""orders_previous_30d"": 3, ""orders_30d"": 1, ""revenue_index_vs_peer"": 0.109}","Review the outlet's recent order decline, identify the lost SKU/category demand, and schedule a recovery visit with a targeted reorder proposal.",2200.08,26397.91,2200.08,39.014003658204366,0.108761777359884,1.0,1.0,,,,,26397.91,2200.08,-0.9167,24197.83,3.0,1.0,0.109,,,,
58,18,OPP-001242,1868,Revenue Recovery,88.28,P1,Immediate,85.38,HIGH,"{""revenue_previous_30d"": 32842.03, ""revenue_30d"": 2531.54, ""revenue_growth_30d"": -0.9229, ""revenue_gap_vs_previous_30d"": 30310.49, ""orders_previous_30d"": 6, ""orders_30d"": 3, ""revenue_index_vs_peer"": 0.115}","Review the outlet's recent order decline, identify the lost SKU/category demand, and schedule a recovery visit with a targeted reorder proposal.",2531.54,32842.03,1265.77,3.8469569023026655,0.1149721691360805,2.0,1.0,,,,,32842.03,2531.54,-0.9229,30310.49,6.0,3.0,0.115,,,,
59,19,OPP-000274,439,Revenue Recovery,88.18,P1,Immediate,91.02,HIGH,"{""revenue_previous_30d"": 23625.46, ""revenue_30d"": 1068.89, ""revenue_growth_30d"": -0.9548, ""revenue_gap_vs_previous_30d"": 22556.57, ""orders_previous_30d"": 6, ""orders_30d"": 1, ""revenue_index_vs_peer"": 0.221}","Review the outlet's recent order decline, identify the lost SKU/category demand, and schedule a recovery visit with a targeted reorder proposal.",1068.89,23625.46,356.2966666666667,20.25554795644032,0.2210459922243361,3.0,3.0,,,,,23625.46,1068.89,-0.9548,22556.57,6.0,1.0,0.221,,,,
60,20,OPP-000317,511,Revenue Recovery,88.06,P1,Immediate,83.99,HIGH,"{""revenue_previous_30d"": 47407.02, ""revenue_30d"": 4972.7, ""revenue_growth_30d"": -0.8951, ""revenue_gap_vs_previous_30d"": 42434.32, ""orders_previous_30d"": 6, ""orders_30d"": 2, ""revenue_index_vs_peer"": 0.244}","Review the outlet's recent order decline, identify the lost SKU/category demand, and schedule a recovery visit with a targeted reorder proposal.",4972.698,47407.02,4972.698,7.48654620720098,0.2443991571083656,1.0,1.0,,,,,47407.02,4972.7,-0.8951,42434.32,6.0,2.0,0.244,,,,
61,21,OPP-000881,1366,Revenue Recovery,88.03,P1,Immediate,91.98,HIGH,"{""revenue_previous_30d"": 21544.69, ""revenue_30d"": 825.79, ""revenue_growth_30d"": -0.9617, ""revenue_gap_vs_previous_30d"": 20718.9, ""orders_previous_30d"": 6, ""orders_30d"": 1, ""revenue_index_vs_peer"": 0.189}","Review the outlet's recent order decline, identify the lost SKU/category demand, and schedule a recovery visit with a targeted reorder proposal.",825.79,21544.69,165.158,1.951713300290728,0.1889904519530927,5.0,3.0,,,,,21544.69,825.79,-0.9617,20718.9,6.0,1.0,0.189,,,,
62,5,OPP-000129,215,Inactive Outlet,88.0,P1,Immediate,74.0,MEDIUM,"{""revenue_previous_30d"": 32175.46, ""revenue_30d"": 0.0, ""orders_previous_30d"": 4, ""orders_30d"": 0, ""days_since_last_order"": 47}","Prioritize a win-back visit, diagnose the reason for inactivity, and attempt a targeted reorder based on the outlet's prior mix.",0.0,32175.46,0.0,0.0,0.0,1.0,0.0,,,,,32175.46,0.0,,,4.0,0.0,,47.0,,,
63,22,OPP-000058,100,Revenue Recovery,87.81,P1,Immediate,85.06,HIGH,"{""revenue_previous_30d"": 32760.65, ""revenue_30d"": 3970.33, ""revenue_growth_30d"": -0.8788, ""revenue_gap_vs_previous_30d"": 28790.32, ""orders_previous_30d"": 8, ""orders_30d"": 2, ""revenue_index_vs_peer"": 0.18}","Review the outlet's recent order decline, identify the lost SKU/category demand, and schedule a recovery visit with a targeted reorder proposal.",3970.332,32760.65,3970.332,6.390220207566612,0.1803162036666981,1.0,0.0,,,,,32760.65,3970.33,-0.8788,28790.32,8.0,2.0,0.18,,,,
64,23,OPP-001823,2665,Revenue Recovery,87.58,P1,Immediate,85.27,HIGH,"{""revenue_previous_30d"": 30287.87, ""revenue_30d"": 3898.54, ""revenue_growth_30d"": -0.8713, ""revenue_gap_vs_previous_30d"": 26389.33, ""orders_previous_30d"": 5, ""orders_30d"": 1, ""revenue_index_vs_peer"": 0.182}","Review the outlet's recent order decline, identify the lost SKU/category demand, and schedule a recovery visit with a targeted reorder proposal.",3898.54,30287.87,1299.513333333333,6.734861659915175,0.1815242901779301,3.0,2.0,,,,,30287.87,3898.54,-0.8713,26389.33,5.0,1.0,0.182,,,,
65,24,OPP-001330,2003,Revenue Recovery,87.2,P1,Immediate,84.02,HIGH,"{""revenue_previous_30d"": 33123.33, ""revenue_30d"": 3395.54, ""revenue_growth_30d"": -0.8975, ""revenue_gap_vs_previous_30d"": 29727.79, ""orders_previous_30d"": 7, ""orders_30d"": 3, ""revenue_index_vs_peer"": 0.158}","Review the outlet's recent order decline, identify the lost SKU/category demand, and schedule a recovery visit with a targeted reorder proposal.",3395.5425000000005,33123.33,3395.5425000000005,4.806899679822445,0.1581036598525331,1.0,1.0,,,,,33123.33,3395.54,-0.8975,29727.79,7.0,3.0,0.158,,,,
66,25,OPP-001684,2491,Revenue Recovery,86.6,P1,Immediate,87.56,HIGH,"{""revenue_previous_30d"": 22593.87, ""revenue_30d"": 2288.45, ""revenue_growth_30d"": -0.8987, ""revenue_gap_vs_previous_30d"": 20305.42, ""orders_previous_30d"": 4, ""orders_30d"": 1, ""revenue_index_vs_peer"": 0.107}","Review the outlet's recent order decline, identify the lost SKU/category demand, and schedule a recovery visit with a targeted reorder proposal.",2288.45,22593.87,457.69,3.272822806631654,0.1065550852005325,5.0,5.0,,,,,22593.87,2288.45,-0.8987,20305.42,4.0,1.0,0.107,,,,
67,26,OPP-000687,1071,Revenue Recovery,86.52,P1,Immediate,85.97,HIGH,"{""revenue_previous_30d"": 25015.84, ""revenue_30d"": 2904.69, ""revenue_growth_30d"": -0.8839, ""revenue_gap_vs_previous_30d"": 22111.15, ""orders_previous_30d"": 4, ""orders_30d"": 1, ""revenue_index_vs_peer"": 0.144}","Review the outlet's recent order decline, identify the lost SKU/category demand, and schedule a recovery visit with a targeted reorder proposal.",2904.69,25015.84,726.1725,3.9149936537986423,0.1435944361475408,4.0,3.0,,,,,25015.84,2904.69,-0.8839,22111.15,4.0,1.0,0.144,,,,
68,32,OPP-000419,661,Cross-Sell,86.46,P1,Immediate,96.0,HIGH,"{""target_category"": ""Snacks"", ""territory_category_rank"": 1, ""territory_category_orders_90d"": 1872, ""current_category_count_90d"": 2}","Introduce Snacks during the next outlet visit and assess fit, expected demand, and an initial reorder quantity.",0.0,1794.05,0.0,5.243440548085014,0.0,1.0,0.0,Snacks,1.0,1872.0,2.0,,,,,,,,,,,
69,33,OPP-000548,863,Cross-Sell,86.46,P1,Immediate,96.0,HIGH,"{""target_category"": ""Snacks"", ""territory_category_rank"": 1, ""territory_category_orders_90d"": 1872, ""current_category_count_90d"": 2}","Introduce Snacks during the next outlet visit and assess fit, expected demand, and an initial reorder quantity.",446.37,0.0,111.5925,2.659663527568157,0.3310981715684456,4.0,4.0,Snacks,1.0,1872.0,2.0,,,,,,,,,,,
70,34,OPP-000697,1087,Cross-Sell,86.46,P1,Immediate,96.0,HIGH,"{""target_category"": ""Snacks"", ""territory_category_rank"": 1, ""territory_category_orders_90d"": 1872, ""current_category_count_90d"": 2}","Introduce Snacks during the next outlet visit and assess fit, expected demand, and an initial reorder quantity.",2470.94,477.43,2470.94,6.96000029294116,0.4368481814051259,1.0,1.0,Snacks,1.0,1872.0,2.0,,,,,,,,,,,
71,35,OPP-000814,1251,Cross-Sell,86.46,P1,Immediate,96.0,HIGH,"{""target_category"": ""Snacks"", ""territory_category_rank"": 1, ""territory_category_orders_90d"": 1872, ""current_category_count_90d"": 2}","Introduce Snacks during the next outlet visit and assess fit, expected demand, and an initial reorder quantity.",0.0,165.07,0.0,0.0,0.0,1.0,0.0,Snacks,1.0,1872.0,2.0,,,,,,,,,,,
72,36,OPP-000835,1287,Cross-Sell,86.46,P1,Immediate,96.0,HIGH,"{""target_category"": ""Snacks"", ""territory_category_rank"": 1, ""territory_category_orders_90d"": 1872, ""current_category_count_90d"": 2}","Introduce Snacks during the next outlet visit and assess fit, expected demand, and an initial reorder quantity.",2859.3100000000004,0.0,714.8275000000001,13.484340949422938,2.1209138448985647,4.0,4.0,Snacks,1.0,1872.0,2.0,,,,,,,,,,,
73,37,OPP-001217,1839,Cross-Sell,86.46,P1,Immediate,96.0,HIGH,"{""target_category"": ""Snacks"", ""territory_category_rank"": 1, ""territory_category_orders_90d"": 1872, ""current_category_count_90d"": 2}","Introduce Snacks during the next outlet visit and assess fit, expected demand, and an initial reorder quantity.",0.0,3236.3,0.0,0.0,0.0,4.0,4.0,Snacks,1.0,1872.0,2.0,,,,,,,,,,,
74,38,OPP-001413,2121,Cross-Sell,86.46,P1,Immediate,96.0,HIGH,"{""target_category"": ""Snacks"", ""territory_category_rank"": 1, ""territory_category_orders_90d"": 1872, ""current_category_count_90d"": 2}","Introduce Snacks during the next outlet visit and assess fit, expected demand, and an initial reorder quantity.",2921.9,0.0,0.0,17.640094735742696,2.167340429477432,0.0,0.0,Snacks,1.0,1872.0,2.0,,,,,,,,,,,
75,39,OPP-001930,2825,Cross-Sell,86.46,P1,Immediate,96.0,HIGH,"{""target_category"": ""Snacks"", ""territory_category_rank"": 1, ""territory_category_orders_90d"": 1872, ""current_category_count_90d"": 2}","Introduce Snacks during the next outlet visit and assess fit, expected demand, and an initial reorder quantity.",0.0,2187.73,0.0,0.0,0.0,2.0,0.0,Snacks,1.0,1872.0,2.0,,,,,,,,,,,
76,40,OPP-001936,2835,Cross-Sell,86.46,P1,Immediate,96.0,HIGH,"{""target_category"": ""Snacks"", ""territory_category_rank"": 1, ""territory_category_orders_90d"": 1872, ""current_category_count_90d"": 2}","Introduce Snacks during the next outlet visit and assess fit, expected demand, and an initial reorder quantity.",1818.63,0.0,909.315,8.455075076722519,1.3489819382116233,2.0,2.0,Snacks,1.0,1872.0,2.0,,,,,,,,,,,
77,27,OPP-001497,2229,Revenue Recovery,86.37,P1,Immediate,84.95,HIGH,"{""revenue_previous_30d"": 26669.37, ""revenue_30d"": 3358.14, ""revenue_growth_30d"": -0.8741, ""revenue_gap_vs_previous_30d"": 23311.23, ""orders_previous_30d"": 4, ""orders_30d"": 1, ""revenue_index_vs_peer"": 0.166}","Review the outlet's recent order decline, identify the lost SKU/category demand, and schedule a recovery visit with a targeted reorder proposal.",3358.14,26669.370000000003,3358.14,4.970574478540684,0.1660109064321848,1.0,0.0,,,,,26669.37,3358.14,-0.8741,23311.23,4.0,1.0,0.166,,,,
78,28,OPP-001068,1638,Revenue Recovery,86.23,P1,Immediate,82.29,HIGH,"{""revenue_previous_30d"": 36725.28, ""revenue_30d"": 5071.09, ""revenue_growth_30d"": -0.8619, ""revenue_gap_vs_previous_30d"": 31654.19, ""orders_previous_30d"": 7, ""orders_30d"": 2, ""revenue_index_vs_peer"": 0.251}","Review the outlet's recent order decline, identify the lost SKU/category demand, and schedule a recovery visit with a targeted reorder proposal.",5071.086,36725.28,1267.7715,13.500009420817708,0.2506910323737433,4.0,3.0,,,,,36725.28,5071.09,-0.8619,31654.19,7.0,2.0,0.251,,,,
79,29,OPP-001324,1993,Revenue Recovery,86.14,P1,Immediate,89.66,HIGH,"{""revenue_previous_30d"": 19171.63, ""revenue_30d"": 1670.12, ""revenue_growth_30d"": -0.9129, ""revenue_gap_vs_previous_30d"": 17501.51, ""orders_previous_30d"": 5, ""orders_30d"": 1, ""revenue_index_vs_peer"": 0.083}","Review the outlet's recent order decline, identify the lost SKU/category demand, and schedule a recovery visit with a targeted reorder proposal.",1670.12,19171.63,0.0,2.698769481857331,0.0825630066198909,0.0,0.0,,,,,19171.63,1670.12,-0.9129,17501.51,5.0,1.0,0.083,,,,
80,30,OPP-001153,1752,Revenue Recovery,86.02,P1,Immediate,88.73,HIGH,"{""revenue_previous_30d"": 24238.03, ""revenue_30d"": 1481.71, ""revenue_growth_30d"": -0.9389, ""revenue_gap_vs_previous_30d"": 22756.32, ""orders_previous_30d"": 7, ""orders_30d"": 1, ""revenue_index_vs_peer"": 0.323}","Review the outlet's recent order decline, identify the lost SKU/category demand, and schedule a recovery visit with a targeted reorder proposal.",1481.71,24238.03,740.855,3.853735382784372,0.3230255233568964,2.0,1.0,,,,,24238.03,1481.71,-0.9389,22756.32,7.0,1.0,0.323,,,,
81,31,OPP-001344,2023,Revenue Recovery,85.76,P1,Immediate,83.1,HIGH,"{""revenue_previous_30d"": 27912.83, ""revenue_30d"": 2893.38, ""revenue_growth_30d"": -0.8963, ""revenue_gap_vs_previous_30d"": 25019.45, ""orders_previous_30d"": 4, ""orders_30d"": 2, ""revenue_index_vs_peer"": 0.143}","Review the outlet's recent order decline, identify the lost SKU/category demand, and schedule a recovery visit with a targeted reorder proposal.",2893.383,27912.83,723.34575,5.104402347961252,0.1430354703751106,4.0,4.0,,,,,27912.83,2893.38,-0.8963,25019.45,4.0,2.0,0.143,,,,
82,32,OPP-001147,1744,Revenue Recovery,85.58,P1,Immediate,79.74,MEDIUM,"{""revenue_previous_30d"": 49398.08, ""revenue_30d"": 4851.63, ""revenue_growth_30d"": -0.9018, ""revenue_gap_vs_previous_30d"": 44546.45, ""orders_previous_30d"": 6, ""orders_30d"": 4, ""revenue_index_vs_peer"": 0.226}","Review the outlet's recent order decline, identify the lost SKU/category demand, and schedule a recovery visit with a targeted reorder proposal.",4851.6345,49398.08,4851.6345,7.027072925423409,0.2259023913606779,1.0,1.0,,,,,49398.08,4851.63,-0.9018,44546.45,6.0,4.0,0.226,,,,
83,33,OPP-000967,1495,Revenue Recovery,84.79,P1,Immediate,86.58,HIGH,"{""revenue_previous_30d"": 20343.64, ""revenue_30d"": 1775.29, ""revenue_growth_30d"": -0.9127, ""revenue_gap_vs_previous_30d"": 18568.35, ""orders_previous_30d"": 5, ""orders_30d"": 2, ""revenue_index_vs_peer"": 0.088}","Review the outlet's recent order decline, identify the lost SKU/category demand, and schedule a recovery visit with a targeted reorder proposal.",1775.29,20343.64,591.7633333333333,2.46824169912975,0.0877621248905624,3.0,2.0,,,,,20343.64,1775.29,-0.9127,18568.35,5.0,2.0,0.088,,,,
84,34,OPP-000649,1022,Revenue Recovery,84.78,P1,Immediate,88.72,HIGH,"{""revenue_previous_30d"": 18944.99, ""revenue_30d"": 843.68, ""revenue_growth_30d"": -0.9555, ""revenue_gap_vs_previous_30d"": 18101.31, ""orders_previous_30d"": 5, ""orders_30d"": 2, ""revenue_index_vs_peer"": 0.144}","Review the outlet's recent order decline, identify the lost SKU/category demand, and schedule a recovery visit with a targeted reorder proposal.",843.6780000000001,18944.99,0.0,12.273826165965898,0.144145033811836,0.0,0.0,,,,,18944.99,843.68,-0.9555,18101.31,5.0,2.0,0.144,,,,
85,35,OPP-000672,1049,Revenue Recovery,84.41,P1,Immediate,84.24,HIGH,"{""revenue_previous_30d"": 23366.39, ""revenue_30d"": 3214.34, ""revenue_growth_30d"": -0.8624, ""revenue_gap_vs_previous_30d"": 20152.05, ""orders_previous_30d"": 4, ""orders_30d"": 1, ""revenue_index_vs_peer"": 0.159}","Review the outlet's recent order decline, identify the lost SKU/category demand, and schedule a recovery visit with a targeted reorder proposal.",3214.34,23366.39,803.585,5.599241900335676,0.1589020996686347,4.0,3.0,,,,,23366.39,3214.34,-0.8624,20152.05,4.0,1.0,0.159,,,,
86,6,OPP-000535,843,Inactive Outlet,84.25,P1,Immediate,86.0,HIGH,"{""revenue_previous_30d"": 16502.73, ""revenue_30d"": 0.0, ""orders_previous_30d"": 2, ""orders_30d"": 0, ""days_since_last_order"": 53}","Prioritize a win-back visit, diagnose the reason for inactivity, and attempt a targeted reorder based on the outlet's prior mix.",0.0,16502.73,0.0,0.0,0.0,2.0,2.0,,,,,16502.73,0.0,,,2.0,0.0,,53.0,,,
87,36,OPP-001227,1852,Revenue Recovery,84.02,P1,Immediate,79.51,MEDIUM,"{""revenue_previous_30d"": 35201.55, ""revenue_30d"": 5307.04, ""revenue_growth_30d"": -0.8492, ""revenue_gap_vs_previous_30d"": 29894.51, ""orders_previous_30d"": 5, ""orders_30d"": 2, ""revenue_index_vs_peer"": 0.262}","Review the outlet's recent order decline, identify the lost SKU/category demand, and schedule a recovery visit with a targeted reorder proposal.",5307.04,35201.55,1769.013333333333,7.251887430566469,0.2623555065815784,3.0,3.0,,,,,35201.55,5307.04,-0.8492,29894.51,5.0,2.0,0.262,,,,
88,7,OPP-002048,2982,Inactive Outlet,83.93,P1,Immediate,70.0,MEDIUM,"{""revenue_previous_30d"": 15821.46, ""revenue_30d"": 0.0, ""orders_previous_30d"": 5, ""orders_30d"": 0, ""days_since_last_order"": 45}","Prioritize a win-back visit, diagnose the reason for inactivity, and attempt a targeted reorder based on the outlet's prior mix.",0.0,15821.46,0.0,0.0,0.0,3.0,2.0,,,,,15821.46,0.0,,,5.0,0.0,,45.0,,,
89,41,OPP-000261,425,Cross-Sell,83.86,P1,Immediate,94.0,HIGH,"{""target_category"": ""Snacks"", ""territory_category_rank"": 1, ""territory_category_orders_90d"": 1879, ""current_category_count_90d"": 3}","Introduce Snacks during the next outlet visit and assess fit, expected demand, and an initial reorder quantity.",2530.49,874.76,843.4966666666666,15.345649926167148,2.079575618615583,3.0,1.0,Snacks,1.0,1879.0,3.0,,,,,,,,,,,
90,42,OPP-000637,999,Cross-Sell,83.86,P1,Immediate,94.0,HIGH,"{""target_category"": ""Snacks"", ""territory_category_rank"": 1, ""territory_category_orders_90d"": 1879, ""current_category_count_90d"": 3}","Introduce Snacks during the next outlet visit and assess fit, expected demand, and an initial reorder quantity.",0.0,0.0,0.0,0.0,0.0,2.0,1.0,Snacks,1.0,1879.0,3.0,,,,,,,,,,,
91,43,OPP-000715,1110,Cross-Sell,83.86,P1,Immediate,94.0,HIGH,"{""target_category"": ""Snacks"", ""territory_category_rank"": 1, ""territory_category_orders_90d"": 1879, ""current_category_count_90d"": 3}","Introduce Snacks during the next outlet visit and assess fit, expected demand, and an initial reorder quantity.",0.0,824.91,0.0,0.0,0.0,3.0,1.0,Snacks,1.0,1879.0,3.0,,,,,,,,,,,
92,44,OPP-000980,1514,Cross-Sell,83.86,P1,Immediate,94.0,HIGH,"{""target_category"": ""Snacks"", ""territory_category_rank"": 1, ""territory_category_orders_90d"": 1879, ""current_category_count_90d"": 3}","Introduce Snacks during the next outlet visit and assess fit, expected demand, and an initial reorder quantity.",1533.16,0.0,766.58,7.20376154043858,1.2599623612172617,2.0,2.0,Snacks,1.0,1879.0,3.0,,,,,,,,,,,
93,45,OPP-001061,1625,Cross-Sell,83.86,P1,Immediate,94.0,HIGH,"{""target_category"": ""Snacks"", ""territory_category_rank"": 1, ""territory_category_orders_90d"": 1879, ""current_category_count_90d"": 3}","Introduce Snacks during the next outlet visit and assess fit, expected demand, and an initial reorder quantity.",0.0,0.0,0.0,0.0,0.0,3.0,2.0,Snacks,1.0,1879.0,3.0,,,,,,,,,,,
94,46,OPP-001180,1784,Cross-Sell,83.86,P1,Immediate,94.0,HIGH,"{""target_category"": ""Snacks"", ""territory_category_rank"": 1, ""territory_category_orders_90d"": 1879, ""current_category_count_90d"": 3}","Introduce Snacks during the next outlet visit and assess fit, expected demand, and an initial reorder quantity.",0.0,0.0,0.0,0.0,0.0,1.0,0.0,Snacks,1.0,1879.0,3.0,,,,,,,,,,,
95,47,OPP-001304,1960,Cross-Sell,83.86,P1,Immediate,94.0,HIGH,"{""target_category"": ""Snacks"", ""territory_category_rank"": 1, ""territory_category_orders_90d"": 1879, ""current_category_count_90d"": 3}","Introduce Snacks during the next outlet visit and assess fit, expected demand, and an initial reorder quantity.",0.0,498.56,0.0,0.0,0.0,0.0,0.0,Snacks,1.0,1879.0,3.0,,,,,,,,,,,
96,48,OPP-001351,2037,Cross-Sell,83.86,P1,Immediate,94.0,HIGH,"{""target_category"": ""Snacks"", ""territory_category_rank"": 1, ""territory_category_orders_90d"": 1879, ""current_category_count_90d"": 3}","Introduce Snacks during the next outlet visit and assess fit, expected demand, and an initial reorder quantity.",302.42,4430.31,100.80666666666669,1.5059137064937238,0.2485310191234601,3.0,0.0,Snacks,1.0,1879.0,3.0,,,,,,,,,,,
97,49,OPP-001670,2469,Cross-Sell,83.86,P1,Immediate,94.0,HIGH,"{""target_category"": ""Snacks"", ""territory_category_rank"": 1, ""territory_category_orders_90d"": 1879, ""current_category_count_90d"": 3}","Introduce Snacks during the next outlet visit and assess fit, expected demand, and an initial reorder quantity.",0.0,1791.69,0.0,9.121218137666665,0.0,1.0,1.0,Snacks,1.0,1879.0,3.0,,,,,,,,,,,
98,50,OPP-001926,2822,Cross-Sell,83.86,P1,Immediate,94.0,HIGH,"{""target_category"": ""Snacks"", ""territory_category_rank"": 1, ""territory_category_orders_90d"": 1879, ""current_category_count_90d"": 3}","Introduce Snacks during the next outlet visit and assess fit, expected demand, and an initial reorder quantity.",0.0,0.0,0.0,0.0,0.0,3.0,0.0,Snacks,1.0,1879.0,3.0,,,,,,,,,,,
99,51,OPP-001994,2920,Cross-Sell,83.86,P1,Immediate,94.0,HIGH,"{""target_category"": ""Snacks"", ""territory_category_rank"": 1, ""territory_category_orders_90d"": 1879, ""current_category_count_90d"": 3}","Introduce Snacks during the next outlet visit and assess fit, expected demand, and an initial reorder quantity.",0.0,1052.46,0.0,0.0,0.0,2.0,2.0,Snacks,1.0,1879.0,3.0,,,,,,,,,,,
100,52,OPP-000795,1226,Cross-Sell,83.81,P1,Immediate,100.0,HIGH,"{""target_category"": ""Snacks"", ""territory_category_rank"": 1, ""territory_category_orders_90d"": 1105, ""current_category_count_90d"": 0}","Introduce Snacks during the next outlet visit and assess fit, expected demand, and an initial reorder quantity.",0.0,0.0,0.0,0.0,0.0,2.0,2.0,Snacks,1.0,1105.0,0.0,,,,,,,,,,,
101,37,OPP-000207,342,Revenue Recovery,83.78,P1,Immediate,78.47,MEDIUM,"{""revenue_previous_30d"": 40846.41, ""revenue_30d"": 7738.02, ""revenue_growth_30d"": -0.8106, ""revenue_gap_vs_previous_30d"": 33108.39, ""orders_previous_30d"": 5, ""orders_30d"": 1, ""revenue_index_vs_peer"": 0.351}","Review the outlet's recent order decline, identify the lost SKU/category demand, and schedule a recovery visit with a targeted reorder proposal.",7738.02,40846.41,3869.01,13.744179875290277,0.3514291475617111,2.0,0.0,,,,,40846.41,7738.02,-0.8106,33108.39,5.0,1.0,0.351,,,,
102,38,OPP-001784,2613,Revenue Recovery,83.75,P1,Immediate,78.16,MEDIUM,"{""revenue_previous_30d"": 57896.08, ""revenue_30d"": 8830.63, ""revenue_growth_30d"": -0.8475, ""revenue_gap_vs_previous_30d"": 49065.45, ""orders_previous_30d"": 6, ""orders_30d"": 2, ""revenue_index_vs_peer"": 0.411}","Review the outlet's recent order decline, identify the lost SKU/category demand, and schedule a recovery visit with a targeted reorder proposal.",8830.63,57896.08,0.0,14.793119663109476,0.4111728602435618,0.0,0.0,,,,,57896.08,8830.63,-0.8475,49065.45,6.0,2.0,0.411,,,,
103,8,OPP-001545,2293,Inactive Outlet,83.6,P1,Immediate,74.0,MEDIUM,"{""revenue_previous_30d"": 16885.9, ""revenue_30d"": 0.0, ""orders_previous_30d"": 3, ""orders_30d"": 0, ""days_since_last_order"": 47}","Prioritize a win-back visit, diagnose the reason for inactivity, and attempt a targeted reorder based on the outlet's prior mix.",0.0,16885.9,0.0,0.0,0.0,1.0,0.0,,,,,16885.9,0.0,,,3.0,0.0,,47.0,,,
104,39,OPP-001914,2797,Revenue Recovery,83.53,P1,Immediate,88.11,HIGH,"{""revenue_previous_30d"": 18819.57, ""revenue_30d"": 1277.91, ""revenue_growth_30d"": -0.9321, ""revenue_gap_vs_previous_30d"": 17541.66, ""orders_previous_30d"": 4, ""orders_30d"": 1, ""revenue_index_vs_peer"": 0.226}","Review the outlet's recent order decline, identify the lost SKU/category demand, and schedule a recovery visit with a targeted reorder proposal.",1277.91,18819.57,0.0,3.746780708173835,0.2259272420614926,0.0,0.0,,,,,18819.57,1277.91,-0.9321,17541.66,4.0,1.0,0.226,,,,
105,40,OPP-000962,1487,Revenue Recovery,83.24,P1,Immediate,88.01,HIGH,"{""revenue_previous_30d"": 18922.4, ""revenue_30d"": 1170.81, ""revenue_growth_30d"": -0.9381, ""revenue_gap_vs_previous_30d"": 17751.59, ""orders_previous_30d"": 4, ""orders_30d"": 1, ""revenue_index_vs_peer"": 0.261}","Review the outlet's recent order decline, identify the lost SKU/category demand, and schedule a recovery visit with a targeted reorder proposal.",1170.81,18922.4,1170.81,3.467749435621787,0.2605679567355841,1.0,1.0,,,,,18922.4,1170.81,-0.9381,17751.59,4.0,1.0,0.261,,,,
106,41,OPP-001854,2723,Revenue Recovery,82.86,P1,Immediate,92.86,HIGH,"{""revenue_previous_30d"": 11207.58, ""revenue_30d"": 232.14, ""revenue_growth_30d"": -0.9793, ""revenue_gap_vs_previous_30d"": 10975.44, ""orders_previous_30d"": 3, ""orders_30d"": 1, ""revenue_index_vs_peer"": 0.046}","Review the outlet's recent order decline, identify the lost SKU/category demand, and schedule a recovery visit with a targeted reorder proposal.",232.14,11207.58,0.0,0.6806061833895618,0.0461030655936956,0.0,0.0,,,,,11207.58,232.14,-0.9793,10975.44,3.0,1.0,0.046,,,,
107,9,OPP-002055,2993,Inactive Outlet,82.86,P1,Immediate,70.0,MEDIUM,"{""revenue_previous_30d"": 16478.71, ""revenue_30d"": 0.0, ""orders_previous_30d"": 4, ""orders_30d"": 0, ""days_since_last_order"": 44}","Prioritize a win-back visit, diagnose the reason for inactivity, and attempt a targeted reorder based on the outlet's prior mix.",0.0,16478.71,0.0,0.0,0.0,2.0,1.0,,,,,16478.71,0.0,,,4.0,0.0,,44.0,,,
108,10,OPP-000751,1164,Inactive Outlet,82.69,P1,Immediate,70.0,MEDIUM,"{""revenue_previous_30d"": 14954.54, ""revenue_30d"": 0.0, ""orders_previous_30d"": 4, ""orders_30d"": 0, ""days_since_last_order"": 45}","Prioritize a win-back visit, diagnose the reason for inactivity, and attempt a targeted reorder based on the outlet's prior mix.",0.0,14954.54,0.0,0.0,0.0,2.0,0.0,,,,,14954.54,0.0,,,4.0,0.0,,45.0,,,
109,42,OPP-000175,282,Revenue Recovery,82.59,P1,Immediate,89.07,HIGH,"{""revenue_previous_30d"": 15967.29, ""revenue_30d"": 1133.52, ""revenue_growth_30d"": -0.929, ""revenue_gap_vs_previous_30d"": 14833.77, ""orders_previous_30d"": 6, ""orders_30d"": 1, ""revenue_index_vs_peer"": 0.231}","Review the outlet's recent order decline, identify the lost SKU/category demand, and schedule a recovery visit with a targeted reorder proposal.",1133.52,15967.29,1133.52,2.6652339474510254,0.2306919721220742,1.0,0.0,,,,,15967.29,1133.52,-0.929,14833.77,6.0,1.0,0.231,,,,
110,53,OPP-001224,1850,Cross-Sell,82.49,P1,Immediate,91.0,HIGH,"{""target_category"": ""Beverages"", ""territory_category_rank"": 2, ""territory_category_orders_90d"": 1822, ""current_category_count_90d"": 1}","Introduce Beverages during the next outlet visit and assess fit, expected demand, and an initial reorder quantity.",0.0,1228.43,0.0,0.0,0.0,0.0,0.0,Beverages,2.0,1822.0,1.0,,,,,,,,,,,
111,11,OPP-000349,555,Inactive Outlet,82.45,P1,Immediate,80.0,HIGH,"{""revenue_previous_30d"": 11341.5, ""revenue_30d"": 0.0, ""orders_previous_30d"": 4, ""orders_30d"": 0, ""days_since_last_order"": 50}","Prioritize a win-back visit, diagnose the reason for inactivity, and attempt a targeted reorder based on the outlet's prior mix.",0.0,11341.5,0.0,0.0,0.0,4.0,0.0,,,,,11341.5,0.0,,,4.0,0.0,,50.0,,,
112,43,OPP-000851,1312,Revenue Recovery,82.39,P1,Immediate,84.23,HIGH,"{""revenue_previous_30d"": 23603.68, ""revenue_30d"": 1527.3, ""revenue_growth_30d"": -0.9353, ""revenue_gap_vs_previous_30d"": 22076.38, ""orders_previous_30d"": 5, ""orders_30d"": 2, ""revenue_index_vs_peer"": 0.35}","Review the outlet's recent order decline, identify the lost SKU/category demand, and schedule a recovery visit with a targeted reorder proposal.",1527.3,23603.68,0.0,4.65875596299716,0.3495381601472028,0.0,0.0,,,,,23603.68,1527.3,-0.9353,22076.38,5.0,2.0,0.35,,,,
113,44,OPP-001473,2193,Revenue Recovery,82.32,P1,Immediate,80.97,HIGH,"{""revenue_previous_30d"": 23636.66, ""revenue_30d"": 3577.14, ""revenue_growth_30d"": -0.8487, ""revenue_gap_vs_previous_30d"": 20059.52, ""orders_previous_30d"": 5, ""orders_30d"": 2, ""revenue_index_vs_peer"": 0.162}","Review the outlet's recent order decline, identify the lost SKU/category demand, and schedule a recovery visit with a targeted reorder proposal.",3577.1355000000003,23636.66,0.0,5.129440698483768,0.1624588304860591,0.0,0.0,,,,,23636.66,3577.14,-0.8487,20059.52,5.0,2.0,0.162,,,,
114,45,OPP-000507,794,Revenue Recovery,82.21,P1,Immediate,77.4,MEDIUM,"{""revenue_previous_30d"": 29600.49, ""revenue_30d"": 3658.83, ""revenue_growth_30d"": -0.8764, ""revenue_gap_vs_previous_30d"": 25941.66, ""orders_previous_30d"": 4, ""orders_30d"": 3, ""revenue_index_vs_peer"": 0.18}","Review the outlet's recent order decline, identify the lost SKU/category demand, and schedule a recovery visit with a targeted reorder proposal.",3658.833,29600.49,1219.611,6.271266330846936,0.1798250569811946,3.0,3.0,,,,,29600.49,3658.83,-0.8764,25941.66,4.0,3.0,0.18,,,,
115,12,OPP-000122,210,Inactive Outlet,81.87,P1,Immediate,70.0,MEDIUM,"{""revenue_previous_30d"": 22021.73, ""revenue_30d"": 0.0, ""orders_previous_30d"": 4, ""orders_30d"": 0, ""days_since_last_order"": 41}","Prioritize a win-back visit, diagnose the reason for inactivity, and attempt a targeted reorder based on the outlet's prior mix.",0.0,22021.73,0.0,0.0,0.0,3.0,0.0,,,,,22021.73,0.0,,,4.0,0.0,,41.0,,,
117,47,OPP-001968,2879,Revenue Recovery,81.65,P1,Immediate,91.18,HIGH,"{""revenue_previous_30d"": 10793.44, ""revenue_30d"": 177.36, ""revenue_growth_30d"": -0.9836, ""revenue_gap_vs_previous_30d"": 10616.08, ""orders_previous_30d"": 2, ""orders_30d"": 1, ""revenue_index_vs_peer"": 0.012}","Review the outlet's recent order decline, identify the lost SKU/category demand, and schedule a recovery visit with a targeted reorder proposal.",177.36,10793.44,44.34,5.518868921061992,0.0116406366908457,4.0,3.0,,,,,10793.44,177.36,-0.9836,10616.08,2.0,1.0,0.012,,,,
116,46,OPP-000273,437,Revenue Recovery,81.65,P1,Immediate,90.02,HIGH,"{""revenue_previous_30d"": 12284.42, ""revenue_30d"": 443.3, ""revenue_growth_30d"": -0.9639, ""revenue_gap_vs_previous_30d"": 11841.12, ""orders_previous_30d"": 5, ""orders_30d"": 2, ""revenue_index_vs_peer"": 0.097}","Review the outlet's recent order decline, identify the lost SKU/category demand, and schedule a recovery visit with a targeted reorder proposal.",443.304,12284.42,221.652,1.332296277418067,0.0966440846091378,2.0,0.0,,,,,12284.42,443.3,-0.9639,11841.12,5.0,2.0,0.097,,,,
118,13,OPP-000681,1063,Inactive Outlet,81.57,P1,Immediate,70.0,MEDIUM,"{""revenue_previous_30d"": 34818.02, ""revenue_30d"": 0.0, ""orders_previous_30d"": 6, ""orders_30d"": 0, ""days_since_last_order"": 38}","Prioritize a win-back visit, diagnose the reason for inactivity, and attempt a targeted reorder based on the outlet's prior mix.",0.0,34818.020000000004,0.0,0.0,0.0,1.0,0.0,,,,,34818.02,0.0,,,6.0,0.0,,38.0,,,
119,54,OPP-000208,344,Cross-Sell,81.46,P1,Immediate,94.0,HIGH,"{""target_category"": ""Snacks"", ""territory_category_rank"": 1, ""territory_category_orders_90d"": 1872, ""current_category_count_90d"": 3}","Introduce Snacks during the next outlet visit and assess fit, expected demand, and an initial reorder quantity.",0.0,2060.74,0.0,0.0,0.0,1.0,1.0,Snacks,1.0,1872.0,3.0,,,,,,,,,,,
120,55,OPP-000391,618,Cross-Sell,81.46,P1,Immediate,94.0,HIGH,"{""target_category"": ""Snacks"", ""territory_category_rank"": 1, ""territory_category_orders_90d"": 1872, ""current_category_count_90d"": 3}","Introduce Snacks during the next outlet visit and assess fit, expected demand, and an initial reorder quantity.",0.0,2535.17,0.0,0.0,0.0,0.0,0.0,Snacks,1.0,1872.0,3.0,,,,,,,,,,,
121,56,OPP-000599,929,Cross-Sell,81.46,P1,Immediate,94.0,HIGH,"{""target_category"": ""Snacks"", ""territory_category_rank"": 1, ""territory_category_orders_90d"": 1872, ""current_category_count_90d"": 3}","Introduce Snacks during the next outlet visit and assess fit, expected demand, and an initial reorder quantity.",0.0,6601.1900000000005,0.0,0.0,0.0,0.0,0.0,Snacks,1.0,1872.0,3.0,,,,,,,,,,,
122,57,OPP-000607,942,Cross-Sell,81.46,P1,Immediate,94.0,HIGH,"{""target_category"": ""Snacks"", ""territory_category_rank"": 1, ""territory_category_orders_90d"": 1872, ""current_category_count_90d"": 3}","Introduce Snacks during the next outlet visit and assess fit, expected demand, and an initial reorder quantity.",0.0,1678.69,0.0,0.0,0.0,2.0,1.0,Snacks,1.0,1872.0,3.0,,,,,,,,,,,
123,58,OPP-000801,1233,Cross-Sell,81.46,P1,Immediate,94.0,HIGH,"{""target_category"": ""Snacks"", ""territory_category_rank"": 1, ""territory_category_orders_90d"": 1872, ""current_category_count_90d"": 3}","Introduce Snacks during the next outlet visit and assess fit, expected demand, and an initial reorder quantity.",4612.91,0.0,0.0,21.32584333035453,3.42165931090754,0.0,0.0,Snacks,1.0,1872.0,3.0,,,,,,,,,,,
124,59,OPP-000907,1408,Cross-Sell,81.46,P1,Immediate,94.0,HIGH,"{""target_category"": ""Snacks"", ""territory_category_rank"": 1, ""territory_category_orders_90d"": 1872, ""current_category_count_90d"": 3}","Introduce Snacks during the next outlet visit and assess fit, expected demand, and an initial reorder quantity.",0.0,2334.86,0.0,0.0,0.0,2.0,0.0,Snacks,1.0,1872.0,3.0,,,,,,,,,,,
125,60,OPP-001208,1821,Cross-Sell,81.46,P1,Immediate,94.0,HIGH,"{""target_category"": ""Snacks"", ""territory_category_rank"": 1, ""territory_category_orders_90d"": 1872, ""current_category_count_90d"": 3}","Introduce Snacks during the next outlet visit and assess fit, expected demand, and an initial reorder quantity.",0.0,44.0,0.0,0.0,0.0,1.0,0.0,Snacks,1.0,1872.0,3.0,,,,,,,,,,,
126,61,OPP-001457,2177,Cross-Sell,81.46,P1,Immediate,94.0,HIGH,"{""target_category"": ""Snacks"", ""territory_category_rank"": 1, ""territory_category_orders_90d"": 1872, ""current_category_count_90d"": 3}","Introduce Snacks during the next outlet visit and assess fit, expected demand, and an initial reorder quantity.",0.0,709.18,0.0,0.0,0.0,1.0,0.0,Snacks,1.0,1872.0,3.0,,,,,,,,,,,
127,62,OPP-001495,2228,Cross-Sell,81.46,P1,Immediate,94.0,HIGH,"{""target_category"": ""Snacks"", ""territory_category_rank"": 1, ""territory_category_orders_90d"": 1872, ""current_category_count_90d"": 3}","Introduce Snacks during the next outlet visit and assess fit, expected demand, and an initial reorder quantity.",0.0,1674.43,0.0,0.0,0.0,2.0,1.0,Snacks,1.0,1872.0,3.0,,,,,,,,,,,
128,63,OPP-001505,2237,Cross-Sell,81.46,P1,Immediate,94.0,HIGH,"{""target_category"": ""Snacks"", ""territory_category_rank"": 1, ""territory_category_orders_90d"": 1872, ""current_category_count_90d"": 3}","Introduce Snacks during the next outlet visit and assess fit, expected demand, and an initial reorder quantity.",3469.4,0.0,1156.4666666666667,18.76866032966064,2.5734525089938063,3.0,2.0,Snacks,1.0,1872.0,3.0,,,,,,,,,,,
129,64,OPP-001657,2447,Cross-Sell,81.46,P1,Immediate,94.0,HIGH,"{""target_category"": ""Snacks"", ""territory_category_rank"": 1, ""territory_category_orders_90d"": 1872, ""current_category_count_90d"": 3}","Introduce Snacks during the next outlet visit and assess fit, expected demand, and an initial reorder quantity.",2794.66,0.0,0.0,15.183269966935017,2.0729592404406034,0.0,0.0,Snacks,1.0,1872.0,3.0,,,,,,,,,,,
130,65,OPP-001974,2896,Cross-Sell,81.46,P1,Immediate,94.0,HIGH,"{""target_category"": ""Snacks"", ""territory_category_rank"": 1, ""territory_category_orders_90d"": 1872, ""current_category_count_90d"": 3}","Introduce Snacks during the next outlet visit and assess fit, expected demand, and an initial reorder quantity.",1580.86,0.0,1580.86,7.864583851549675,1.1726143233319737,1.0,0.0,Snacks,1.0,1872.0,3.0,,,,,,,,,,,
131,14,OPP-001302,1952,Inactive Outlet,81.34,P1,Immediate,74.0,MEDIUM,"{""revenue_previous_30d"": 12397.81, ""revenue_30d"": 0.0, ""orders_previous_30d"": 4, ""orders_30d"": 0, ""days_since_last_order"": 47}","Prioritize a win-back visit, diagnose the reason for inactivity, and attempt a targeted reorder based on the outlet's prior mix.",0.0,12397.81,0.0,0.0,0.0,1.0,1.0,,,,,12397.81,0.0,,,4.0,0.0,,47.0,,,
132,48,OPP-001821,2662,Revenue Recovery,81.31,P1,Immediate,83.49,HIGH,"{""revenue_previous_30d"": 23679.88, ""revenue_30d"": 2497.9, ""revenue_growth_30d"": -0.8945, ""revenue_gap_vs_previous_30d"": 21181.98, ""orders_previous_30d"": 6, ""orders_30d"": 1, ""revenue_index_vs_peer"": 0.442}","Review the outlet's recent order decline, identify the lost SKU/category demand, and schedule a recovery visit with a targeted reorder proposal.",2497.9,23679.88,0.0,6.50508682737496,0.4416145565379427,0.0,0.0,,,,,23679.88,2497.9,-0.8945,21181.98,6.0,1.0,0.442,,,,
133,49,OPP-001492,2225,Revenue Recovery,81.26,P1,Immediate,80.27,HIGH,"{""revenue_previous_30d"": 22589.67, ""revenue_30d"": 3584.91, ""revenue_growth_30d"": -0.8413, ""revenue_gap_vs_previous_30d"": 19004.76, ""orders_previous_30d"": 5, ""orders_30d"": 2, ""revenue_index_vs_peer"": 0.175}","Review the outlet's recent order decline, identify the lost SKU/category demand, and schedule a recovery visit with a targeted reorder proposal.",3584.91,22589.67,1792.455,6.272925844805844,0.1748335747414007,2.0,2.0,,,,,22589.67,3584.91,-0.8413,19004.76,5.0,2.0,0.175,,,,
134,50,OPP-000399,628,Revenue Recovery,81.16,P1,Immediate,86.11,HIGH,"{""revenue_previous_30d"": 14207.77, ""revenue_30d"": 1564.83, ""revenue_growth_30d"": -0.8899, ""revenue_gap_vs_previous_30d"": 12642.94, ""orders_previous_30d"": 3, ""orders_30d"": 1, ""revenue_index_vs_peer"": 0.079}","Review the outlet's recent order decline, identify the lost SKU/category demand, and schedule a recovery visit with a targeted reorder proposal.",1564.83,14207.77,195.60375,2.759311306875981,0.0786878964364841,8.0,5.0,,,,,14207.77,1564.83,-0.8899,12642.94,3.0,1.0,0.079,,,,
135,15,OPP-000400,629,Inactive Outlet,81.05,P1,Immediate,70.0,MEDIUM,"{""revenue_previous_30d"": 14964.73, ""revenue_30d"": 0.0, ""orders_previous_30d"": 5, ""orders_30d"": 0, ""days_since_last_order"": 42}","Prioritize a win-back visit, diagnose the reason for inactivity, and attempt a targeted reorder based on the outlet's prior mix.",0.0,14964.73,0.0,0.0,0.0,5.0,0.0,,,,,14964.73,0.0,,,5.0,0.0,,42.0,,,
136,51,OPP-000085,140,Revenue Recovery,80.97,P1,Immediate,80.19,HIGH,"{""revenue_previous_30d"": 21755.75, ""revenue_30d"": 3143.82, ""revenue_growth_30d"": -0.8555, ""revenue_gap_vs_previous_30d"": 18611.93, ""orders_previous_30d"": 4, ""orders_30d"": 2, ""revenue_index_vs_peer"": 0.146}","Review the outlet's recent order decline, identify the lost SKU/category demand, and schedule a recovery visit with a targeted reorder proposal.",3143.82,21755.75,523.97,5.335988807360285,0.1463829264153197,6.0,6.0,,,,,21755.75,3143.82,-0.8555,18611.93,4.0,2.0,0.146,,,,
137,52,OPP-001915,2799,Revenue Recovery,80.96,P1,Immediate,76.01,MEDIUM,"{""revenue_previous_30d"": 34078.28, ""revenue_30d"": 7401.46, ""revenue_growth_30d"": -0.7828, ""revenue_gap_vs_previous_30d"": 26676.82, ""orders_previous_30d"": 5, ""orders_30d"": 1, ""revenue_index_vs_peer"": 0.386}","Review the outlet's recent order decline, identify the lost SKU/category demand, and schedule a recovery visit with a targeted reorder proposal.",7401.46,34078.28,7401.46,11.59310646966659,0.3859287877630479,1.0,1.0,,,,,34078.28,7401.46,-0.7828,26676.82,5.0,1.0,0.386,,,,
138,53,OPP-000342,548,Revenue Recovery,80.87,P1,Immediate,77.58,MEDIUM,"{""revenue_previous_30d"": 30533.09, ""revenue_30d"": 6187.98, ""revenue_growth_30d"": -0.7973, ""revenue_gap_vs_previous_30d"": 24345.11, ""orders_previous_30d"": 7, ""orders_30d"": 1, ""revenue_index_vs_peer"": 0.406}","Review the outlet's recent order decline, identify the lost SKU/category demand, and schedule a recovery visit with a targeted reorder proposal.",6187.98,30533.09,2062.66,10.965146916255105,0.4061345682804464,3.0,2.0,,,,,30533.09,6187.98,-0.7973,24345.11,7.0,1.0,0.406,,,,
139,16,OPP-001234,1858,Inactive Outlet,80.83,P1,Immediate,70.0,MEDIUM,"{""revenue_previous_30d"": 24992.29, ""revenue_30d"": 0.0, ""orders_previous_30d"": 4, ""orders_30d"": 0, ""days_since_last_order"": 39}","Prioritize a win-back visit, diagnose the reason for inactivity, and attempt a targeted reorder based on the outlet's prior mix.",0.0,24992.29,0.0,0.0,0.0,1.0,0.0,,,,,24992.29,0.0,,,4.0,0.0,,39.0,,,
140,66,OPP-001751,2573,Cross-Sell,80.8,P1,Immediate,91.0,HIGH,"{""target_category"": ""Beverages"", ""territory_category_rank"": 2, ""territory_category_orders_90d"": 1790, ""current_category_count_90d"": 1}","Introduce Beverages during the next outlet visit and assess fit, expected demand, and an initial reorder quantity.",1478.91,0.0,0.0,3.9311958979102792,0.3224150992756664,0.0,0.0,Beverages,2.0,1790.0,1.0,,,,,,,,,,,
141,67,OPP-001897,2778,Cross-Sell,80.8,P1,Immediate,91.0,HIGH,"{""target_category"": ""Beverages"", ""territory_category_rank"": 2, ""territory_category_orders_90d"": 1790, ""current_category_count_90d"": 1}","Introduce Beverages during the next outlet visit and assess fit, expected demand, and an initial reorder quantity.",770.92,0.0,770.92,4.664874749335292,0.6335478250864952,1.0,0.0,Beverages,2.0,1790.0,1.0,,,,,,,,,,,
142,17,OPP-000088,147,Inactive Outlet,80.79,P1,Immediate,70.0,MEDIUM,"{""revenue_previous_30d"": 19114.76, ""revenue_30d"": 0.0, ""orders_previous_30d"": 4, ""orders_30d"": 0, ""days_since_last_order"": 40}","Prioritize a win-back visit, diagnose the reason for inactivity, and attempt a targeted reorder based on the outlet's prior mix.",0.0,19114.76,0.0,0.0,0.0,1.0,0.0,,,,,19114.76,0.0,,,4.0,0.0,,40.0,,,
143,54,OPP-001095,1677,Revenue Recovery,80.61,P1,Immediate,73.64,MEDIUM,"{""revenue_previous_30d"": 39978.77, ""revenue_30d"": 6062.54, ""revenue_growth_30d"": -0.8484, ""revenue_gap_vs_previous_30d"": 33916.23, ""orders_previous_30d"": 4, ""orders_30d"": 3, ""revenue_index_vs_peer"": 0.3}","Review the outlet's recent order decline, identify the lost SKU/category demand, and schedule a recovery visit with a targeted reorder proposal.",6062.544,39978.77,6062.544,9.420697724830603,0.2997041292873446,1.0,1.0,,,,,39978.77,6062.54,-0.8484,33916.23,4.0,3.0,0.3,,,,
144,55,OPP-001934,2832,Revenue Recovery,80.56,P1,Immediate,80.13,HIGH,"{""revenue_previous_30d"": 20774.98, ""revenue_30d"": 3048.33, ""revenue_growth_30d"": -0.8533, ""revenue_gap_vs_previous_30d"": 17726.65, ""orders_previous_30d"": 4, ""orders_30d"": 2, ""revenue_index_vs_peer"": 0.14}","Review the outlet's recent order decline, identify the lost SKU/category demand, and schedule a recovery visit with a targeted reorder proposal.",3048.3315,20774.980000000003,0.0,4.366925540269477,0.1398655317134004,0.0,0.0,,,,,20774.98,3048.33,-0.8533,17726.65,4.0,2.0,0.14,,,,
145,56,OPP-001745,2565,Revenue Recovery,80.49,P1,Immediate,76.88,MEDIUM,"{""revenue_previous_30d"": 27210.39, ""revenue_30d"": 5172.48, ""revenue_growth_30d"": -0.8099, ""revenue_gap_vs_previous_30d"": 22037.91, ""orders_previous_30d"": 5, ""orders_30d"": 2, ""revenue_index_vs_peer"": 0.254}","Review the outlet's recent order decline, identify the lost SKU/category demand, and schedule a recovery visit with a targeted reorder proposal.",5172.48,27210.39,2586.24,8.174972428623404,0.2542180828515785,2.0,2.0,,,,,27210.39,5172.48,-0.8099,22037.91,5.0,2.0,0.254,,,,
146,68,OPP-000415,655,Cross-Sell,80.44,P1,Immediate,100.0,HIGH,"{""target_category"": ""Snacks"", ""territory_category_rank"": 1, ""territory_category_orders_90d"": 910, ""current_category_count_90d"": 0}","Introduce Snacks during the next outlet visit and assess fit, expected demand, and an initial reorder quantity.",0.0,0.0,0.0,0.0,0.0,2.0,1.0,Snacks,1.0,910.0,0.0,,,,,,,,,,,
147,69,OPP-001029,1576,Cross-Sell,80.44,P1,Immediate,100.0,HIGH,"{""target_category"": ""Snacks"", ""territory_category_rank"": 1, ""territory_category_orders_90d"": 910, ""current_category_count_90d"": 0}","Introduce Snacks during the next outlet visit and assess fit, expected demand, and an initial reorder quantity.",0.0,0.0,0.0,0.0,0.0,0.0,0.0,Snacks,1.0,910.0,0.0,,,,,,,,,,,
148,57,OPP-000213,353,Revenue Recovery,80.32,P1,Immediate,88.45,HIGH,"{""revenue_previous_30d"": 12672.57, ""revenue_30d"": 1045.99, ""revenue_growth_30d"": -0.9175, ""revenue_gap_vs_previous_30d"": 11626.58, ""orders_previous_30d"": 5, ""orders_30d"": 1, ""revenue_index_vs_peer"": 0.185}","Review the outlet's recent order decline, identify the lost SKU/category demand, and schedule a recovery visit with a targeted reorder proposal.",1045.99,12672.57,522.995,3.2132273183457065,0.184925101082158,2.0,2.0,,,,,12672.57,1045.99,-0.9175,11626.58,5.0,1.0,0.185,,,,
149,18,OPP-000986,1523,Inactive Outlet,79.94,P2,Planned,94.23,HIGH,"{""revenue_previous_30d"": 9057.49, ""revenue_30d"": 0.0, ""orders_previous_30d"": 2, ""orders_30d"": 0, ""days_since_last_order"": 59}","Prioritize a win-back visit, diagnose the reason for inactivity, and attempt a targeted reorder based on the outlet's prior mix.",0.0,9057.49,0.0,0.0,0.0,3.0,2.0,,,,,9057.49,0.0,,,2.0,0.0,,59.0,,,
151,59,OPP-000769,1187,Revenue Recovery,79.91,P2,Planned,73.04,MEDIUM,"{""revenue_previous_30d"": 42426.79, ""revenue_30d"": 7382.78, ""revenue_growth_30d"": -0.826, ""revenue_gap_vs_previous_30d"": 35044.01, ""orders_previous_30d"": 5, ""orders_30d"": 3, ""revenue_index_vs_peer"": 0.385}","Review the outlet's recent order decline, identify the lost SKU/category demand, and schedule a recovery visit with a targeted reorder proposal.",7382.78,42426.79,3691.39,37.64103841778646,0.3849547705076126,2.0,1.0,,,,,42426.79,7382.78,-0.826,35044.01,5.0,3.0,0.385,,,,
150,58,OPP-000586,913,Revenue Recovery,79.91,P2,Planned,72.44,MEDIUM,"{""revenue_previous_30d"": 39504.51, ""revenue_30d"": 9063.73, ""revenue_growth_30d"": -0.7706, ""revenue_gap_vs_previous_30d"": 30440.78, ""orders_previous_30d"": 5, ""orders_30d"": 2, ""revenue_index_vs_peer"": 0.367}","Review the outlet's recent order decline, identify the lost SKU/category demand, and schedule a recovery visit with a targeted reorder proposal.",9063.73,39504.51,9063.73,16.272563504206325,0.3665454248397731,1.0,1.0,,,,,39504.51,9063.73,-0.7706,30440.78,5.0,2.0,0.367,,,,
152,19,OPP-000692,1078,Inactive Outlet,79.81,P2,Planned,70.0,MEDIUM,"{""revenue_previous_30d"": 18790.31, ""revenue_30d"": 0.0, ""orders_previous_30d"": 6, ""orders_30d"": 0, ""days_since_last_order"": 38}","Prioritize a win-back visit, diagnose the reason for inactivity, and attempt a targeted reorder based on the outlet's prior mix.",0.0,18790.31,0.0,0.0,0.0,3.0,0.0,,,,,18790.31,0.0,,,6.0,0.0,,38.0,,,
153,20,OPP-001136,1727,Inactive Outlet,79.8,P2,Planned,70.0,MEDIUM,"{""revenue_previous_30d"": 14451.55, ""revenue_30d"": 0.0, ""orders_previous_30d"": 3, ""orders_30d"": 0, ""days_since_last_order"": 45}","Prioritize a win-back visit, diagnose the reason for inactivity, and attempt a targeted reorder based on the outlet's prior mix.",0.0,14451.55,0.0,0.0,0.0,3.0,1.0,,,,,14451.55,0.0,,,3.0,0.0,,45.0,,,
154,60,OPP-000617,960,Revenue Recovery,79.68,P2,Planned,73.78,MEDIUM,"{""revenue_previous_30d"": 68388.96, ""revenue_30d"": 12930.07, ""revenue_growth_30d"": -0.8109, ""revenue_gap_vs_previous_30d"": 55458.89, ""orders_previous_30d"": 11, ""orders_30d"": 3, ""revenue_index_vs_peer"": 0.593}","Review the outlet's recent order decline, identify the lost SKU/category demand, and schedule a recovery visit with a targeted reorder proposal.",12930.07,68388.96,4310.0233333333335,22.302491207553484,0.5932658950122345,3.0,2.0,,,,,68388.96,12930.07,-0.8109,55458.89,11.0,3.0,0.593,,,,
155,21,OPP-001134,1725,Inactive Outlet,79.64,P2,Planned,70.0,MEDIUM,"{""revenue_previous_30d"": 16007.97, ""revenue_30d"": 0.0, ""orders_previous_30d"": 3, ""orders_30d"": 0, ""days_since_last_order"": 43}","Prioritize a win-back visit, diagnose the reason for inactivity, and attempt a targeted reorder based on the outlet's prior mix.",0.0,16007.97,0.0,0.0,0.0,3.0,3.0,,,,,16007.97,0.0,,,3.0,0.0,,43.0,,,
156,70,OPP-000473,751,Cross-Sell,79.58,P2,Planned,100.0,HIGH,"{""target_category"": ""Snacks"", ""territory_category_rank"": 1, ""territory_category_orders_90d"": 901, ""current_category_count_90d"": 0}","Introduce Snacks during the next outlet visit and assess fit, expected demand, and an initial reorder quantity.",0.0,0.0,0.0,0.0,0.0,0.0,0.0,Snacks,1.0,901.0,0.0,,,,,,,,,,,
157,71,OPP-000732,1129,Cross-Sell,79.58,P2,Planned,100.0,HIGH,"{""target_category"": ""Snacks"", ""territory_category_rank"": 1, ""territory_category_orders_90d"": 901, ""current_category_count_90d"": 0}","Introduce Snacks during the next outlet visit and assess fit, expected demand, and an initial reorder quantity.",0.0,0.0,0.0,0.0,0.0,0.0,0.0,Snacks,1.0,901.0,0.0,,,,,,,,,,,
158,72,OPP-001683,2489,Cross-Sell,79.58,P2,Planned,100.0,HIGH,"{""target_category"": ""Snacks"", ""territory_category_rank"": 1, ""territory_category_orders_90d"": 901, ""current_category_count_90d"": 0}","Introduce Snacks during the next outlet visit and assess fit, expected demand, and an initial reorder quantity.",0.0,0.0,0.0,0.0,0.0,1.0,0.0,Snacks,1.0,901.0,0.0,,,,,,,,,,,
159,73,OPP-001804,2633,Cross-Sell,79.58,P2,Planned,100.0,HIGH,"{""target_category"": ""Snacks"", ""territory_category_rank"": 1, ""territory_category_orders_90d"": 901, ""current_category_count_90d"": 0}","Introduce Snacks during the next outlet visit and assess fit, expected demand, and an initial reorder quantity.",0.0,0.0,0.0,0.0,0.0,0.0,0.0,Snacks,1.0,901.0,0.0,,,,,,,,,,,
160,61,OPP-001942,2843,Revenue Recovery,79.39,P2,Planned,76.78,MEDIUM,"{""revenue_previous_30d"": 24110.96, ""revenue_30d"": 4301.83, ""revenue_growth_30d"": -0.8216, ""revenue_gap_vs_previous_30d"": 19809.13, ""orders_previous_30d"": 4, ""orders_30d"": 2, ""revenue_index_vs_peer"": 0.215}","Review the outlet's recent order decline, identify the lost SKU/category demand, and schedule a recovery visit with a targeted reorder proposal.",4301.829,24110.96,0.0,6.932199363926893,0.2153876618820031,0.0,0.0,,,,,24110.96,4301.83,-0.8216,19809.13,4.0,2.0,0.215,,,,
161,22,OPP-001377,2078,Inactive Outlet,79.36,P2,Planned,80.0,HIGH,"{""revenue_previous_30d"": 13639.48, ""revenue_30d"": 0.0, ""orders_previous_30d"": 2, ""orders_30d"": 0, ""days_since_last_order"": 50}","Prioritize a win-back visit, diagnose the reason for inactivity, and attempt a targeted reorder based on the outlet's prior mix.",0.0,13639.48,0.0,0.0,0.0,1.0,1.0,,,,,13639.48,0.0,,,2.0,0.0,,50.0,,,
162,23,OPP-001114,1703,Inactive Outlet,79.28,P2,Planned,70.0,MEDIUM,"{""revenue_previous_30d"": 24088.86, ""revenue_30d"": 0.0, ""orders_previous_30d"": 3, ""orders_30d"": 0, ""days_since_last_order"": 40}","Prioritize a win-back visit, diagnose the reason for inactivity, and attempt a targeted reorder based on the outlet's prior mix.",0.0,24088.86,0.0,0.0,0.0,5.0,0.0,,,,,24088.86,0.0,,,3.0,0.0,,40.0,,,
163,24,OPP-000492,775,Inactive Outlet,79.25,P2,Planned,70.0,MEDIUM,"{""revenue_previous_30d"": 19578.41, ""revenue_30d"": 0.0, ""orders_previous_30d"": 4, ""orders_30d"": 0, ""days_since_last_order"": 38}","Prioritize a win-back visit, diagnose the reason for inactivity, and attempt a targeted reorder based on the outlet's prior mix.",0.0,19578.41,0.0,0.0,0.0,3.0,2.0,,,,,19578.41,0.0,,,4.0,0.0,,38.0,,,
164,62,OPP-001501,2233,Revenue Recovery,79.18,P2,Planned,82.73,HIGH,"{""revenue_previous_30d"": 15506.77, ""revenue_30d"": 2595.83, ""revenue_growth_30d"": -0.8326, ""revenue_gap_vs_previous_30d"": 12910.94, ""orders_previous_30d"": 5, ""orders_30d"": 1, ""revenue_index_vs_peer"": 0.17}","Review the outlet's recent order decline, identify the lost SKU/category demand, and schedule a recovery visit with a targeted reorder proposal.",2595.83,15506.77,865.2766666666666,4.276789680201714,0.1703716392715282,3.0,0.0,,,,,15506.77,2595.83,-0.8326,12910.94,5.0,1.0,0.17,,,,
165,63,OPP-000396,625,Revenue Recovery,79.11,P2,Planned,73.64,MEDIUM,"{""revenue_previous_30d"": 30219.46, ""revenue_30d"": 6175.81, ""revenue_growth_30d"": -0.7956, ""revenue_gap_vs_previous_30d"": 24043.65, ""orders_previous_30d"": 6, ""orders_30d"": 3, ""revenue_index_vs_peer"": 0.304}","Review the outlet's recent order decline, identify the lost SKU/category demand, and schedule a recovery visit with a targeted reorder proposal.",6175.809,30219.46,0.0,10.989345734690554,0.3035298974645672,0.0,0.0,,,,,30219.46,6175.81,-0.7956,24043.65,6.0,3.0,0.304,,,,
166,64,OPP-000395,622,Revenue Recovery,79.06,P2,Planned,89.2,HIGH,"{""revenue_previous_30d"": 10531.72, ""revenue_30d"": 602.5, ""revenue_growth_30d"": -0.9428, ""revenue_gap_vs_previous_30d"": 9929.22, ""orders_previous_30d"": 3, ""orders_30d"": 1, ""revenue_index_vs_peer"": 0.12}","Review the outlet's recent order decline, identify the lost SKU/category demand, and schedule a recovery visit with a targeted reorder proposal.",602.5,10531.72,0.0,1.8187597597969267,0.1196566598612975,0.0,0.0,,,,,10531.72,602.5,-0.9428,9929.22,3.0,1.0,0.12,,,,
167,65,OPP-000991,1526,Revenue Recovery,78.93,P2,Planned,72.01,MEDIUM,"{""revenue_previous_30d"": 39825.28, ""revenue_30d"": 7475.93, ""revenue_growth_30d"": -0.8123, ""revenue_gap_vs_previous_30d"": 32349.35, ""orders_previous_30d"": 5, ""orders_30d"": 3, ""revenue_index_vs_peer"": 0.39}","Review the outlet's recent order decline, identify the lost SKU/category demand, and schedule a recovery visit with a targeted reorder proposal.",7475.9265,39825.28,3737.96325,11.261413477947611,0.3898116387240686,2.0,1.0,,,,,39825.28,7475.93,-0.8123,32349.35,5.0,3.0,0.39,,,,
168,74,OPP-000091,151,Cross-Sell,78.86,P2,Planned,92.0,HIGH,"{""target_category"": ""Snacks"", ""territory_category_rank"": 1, ""territory_category_orders_90d"": 1879, ""current_category_count_90d"": 4}","Introduce Snacks during the next outlet visit and assess fit, expected demand, and an initial reorder quantity.",4248.28,9079.99,4248.28,10.064638772460338,0.9261615770742154,1.0,1.0,Snacks,1.0,1879.0,4.0,,,,,,,,,,,
169,75,OPP-000096,159,Cross-Sell,78.86,P2,Planned,92.0,HIGH,"{""target_category"": ""Snacks"", ""territory_category_rank"": 1, ""territory_category_orders_90d"": 1879, ""current_category_count_90d"": 4}","Introduce Snacks during the next outlet visit and assess fit, expected demand, and an initial reorder quantity.",0.0,903.55,0.0,0.0,0.0,1.0,0.0,Snacks,1.0,1879.0,4.0,,,,,,,,,,,
170,76,OPP-000337,540,Cross-Sell,78.86,P2,Planned,92.0,HIGH,"{""target_category"": ""Snacks"", ""territory_category_rank"": 1, ""territory_category_orders_90d"": 1879, ""current_category_count_90d"": 4}","Introduce Snacks during the next outlet visit and assess fit, expected demand, and an initial reorder quantity.",0.0,0.0,0.0,0.0,0.0,0.0,0.0,Snacks,1.0,1879.0,4.0,,,,,,,,,,,
171,77,OPP-000556,876,Cross-Sell,78.86,P2,Planned,92.0,HIGH,"{""target_category"": ""Snacks"", ""territory_category_rank"": 1, ""territory_category_orders_90d"": 1879, ""current_category_count_90d"": 4}","Introduce Snacks during the next outlet visit and assess fit, expected demand, and an initial reorder quantity.",0.0,6760.49,0.0,0.0,0.0,1.0,0.0,Snacks,1.0,1879.0,4.0,,,,,,,,,,,
172,78,OPP-000566,889,Cross-Sell,78.86,P2,Planned,92.0,HIGH,"{""target_category"": ""Snacks"", ""territory_category_rank"": 1, ""territory_category_orders_90d"": 1879, ""current_category_count_90d"": 4}","Introduce Snacks during the next outlet visit and assess fit, expected demand, and an initial reorder quantity.",1237.13,1736.45,618.565,7.306953102205087,1.0166826919125926,2.0,1.0,Snacks,1.0,1879.0,4.0,,,,,,,,,,,
173,79,OPP-000606,941,Cross-Sell,78.86,P2,Planned,92.0,HIGH,"{""target_category"": ""Snacks"", ""territory_category_rank"": 1, ""territory_category_orders_90d"": 1879, ""current_category_count_90d"": 4}","Introduce Snacks during the next outlet visit and assess fit, expected demand, and an initial reorder quantity.",1124.89,1537.32,1124.89,5.935064571902821,0.92444301997814,1.0,1.0,Snacks,1.0,1879.0,4.0,,,,,,,,,,,
174,80,OPP-000665,1037,Cross-Sell,78.86,P2,Planned,92.0,HIGH,"{""target_category"": ""Snacks"", ""territory_category_rank"": 1, ""territory_category_orders_90d"": 1879, ""current_category_count_90d"": 4}","Introduce Snacks during the next outlet visit and assess fit, expected demand, and an initial reorder quantity.",2919.57,3446.4,973.19,6.844193370375562,0.6364913695845301,3.0,2.0,Snacks,1.0,1879.0,4.0,,,,,,,,,,,
175,81,OPP-000999,1542,Cross-Sell,78.86,P2,Planned,92.0,HIGH,"{""target_category"": ""Snacks"", ""territory_category_rank"": 1, ""territory_category_orders_90d"": 1879, ""current_category_count_90d"": 4}","Introduce Snacks during the next outlet visit and assess fit, expected demand, and an initial reorder quantity.",0.0,7599.209999999999,0.0,0.0,0.0,2.0,2.0,Snacks,1.0,1879.0,4.0,,,,,,,,,,,
176,82,OPP-001658,2452,Cross-Sell,78.86,P2,Planned,92.0,HIGH,"{""target_category"": ""Snacks"", ""territory_category_rank"": 1, ""territory_category_orders_90d"": 1879, ""current_category_count_90d"": 4}","Introduce Snacks during the next outlet visit and assess fit, expected demand, and an initial reorder quantity.",0.0,7250.65,0.0,6.52439322166333,0.0,1.0,1.0,Snacks,1.0,1879.0,4.0,,,,,,,,,,,
177,83,OPP-001962,2865,Cross-Sell,78.86,P2,Planned,92.0,HIGH,"{""target_category"": ""Snacks"", ""territory_category_rank"": 1, ""territory_category_orders_90d"": 1879, ""current_category_count_90d"": 4}","Introduce Snacks during the next outlet visit and assess fit, expected demand, and an initial reorder quantity.",6338.65,0.0,0.0,31.11681107483861,5.209150004519941,0.0,0.0,Snacks,1.0,1879.0,4.0,,,,,,,,,,,
178,84,OPP-000603,935,Cross-Sell,78.81,P2,Planned,98.0,HIGH,"{""target_category"": ""Snacks"", ""territory_category_rank"": 1, ""territory_category_orders_90d"": 1105, ""current_category_count_90d"": 1}","Introduce Snacks during the next outlet visit and assess fit, expected demand, and an initial reorder quantity.",0.0,0.0,0.0,0.0,0.0,2.0,0.0,Snacks,1.0,1105.0,1.0,,,,,,,,,,,
179,66,OPP-000740,1149,Revenue Recovery,78.77,P2,Planned,72.15,MEDIUM,"{""revenue_previous_30d"": 36538.26, ""revenue_30d"": 7669.99, ""revenue_growth_30d"": -0.7901, ""revenue_gap_vs_previous_30d"": 28868.27, ""orders_previous_30d"": 4, ""orders_30d"": 2, ""revenue_index_vs_peer"": 0.377}","Review the outlet's recent order decline, identify the lost SKU/category demand, and schedule a recovery visit with a targeted reorder proposal.",7669.989,36538.26,2556.663,11.175628236583872,0.3769661553205998,3.0,2.0,,,,,36538.26,7669.99,-0.7901,28868.27,4.0,2.0,0.377,,,,
180,25,OPP-000738,1142,Inactive Outlet,78.76,P2,Planned,70.0,MEDIUM,"{""revenue_previous_30d"": 14952.51, ""revenue_30d"": 0.0, ""orders_previous_30d"": 3, ""orders_30d"": 0, ""days_since_last_order"": 43}","Prioritize a win-back visit, diagnose the reason for inactivity, and attempt a targeted reorder based on the outlet's prior mix.",0.0,14952.51,0.0,0.0,0.0,0.0,0.0,,,,,14952.51,0.0,,,3.0,0.0,,43.0,,,
181,67,OPP-000739,1144,Revenue Recovery,78.74,P2,Planned,80.79,HIGH,"{""revenue_previous_30d"": 15829.85, ""revenue_30d"": 1768.93, ""revenue_growth_30d"": -0.8883, ""revenue_gap_vs_previous_30d"": 14060.92, ""orders_previous_30d"": 3, ""orders_30d"": 2, ""revenue_index_vs_peer"": 0.092}","Review the outlet's recent order decline, identify the lost SKU/category demand, and schedule a recovery visit with a targeted reorder proposal.",1768.9275,15829.85,589.6425,2.609288533351585,0.0922358623454992,3.0,1.0,,,,,15829.85,1768.93,-0.8883,14060.92,3.0,2.0,0.092,,,,
182,68,OPP-001397,2103,Revenue Recovery,78.59,P2,Planned,90.05,HIGH,"{""revenue_previous_30d"": 9426.28, ""revenue_30d"": 490.45, ""revenue_growth_30d"": -0.948, ""revenue_gap_vs_previous_30d"": 8935.83, ""orders_previous_30d"": 3, ""orders_30d"": 1, ""revenue_index_vs_peer"": 0.087}","Review the outlet's recent order decline, identify the lost SKU/category demand, and schedule a recovery visit with a targeted reorder proposal.",490.45,9426.28,163.48333333333332,1.15491605223814,0.0870149155753949,3.0,2.0,,,,,9426.28,490.45,-0.948,8935.83,3.0,1.0,0.087,,,,
183,69,OPP-000093,152,Revenue Recovery,78.58,P2,Planned,72.09,MEDIUM,"{""revenue_previous_30d"": 35958.23, ""revenue_30d"": 8536.28, ""revenue_growth_30d"": -0.7626, ""revenue_gap_vs_previous_30d"": 27421.95, ""orders_previous_30d"": 6, ""orders_30d"": 2, ""revenue_index_vs_peer"": 0.42}","Review the outlet's recent order decline, identify the lost SKU/category demand, and schedule a recovery visit with a targeted reorder proposal.",8536.28,35958.23,4268.14,14.833440317344582,0.419542798867134,2.0,2.0,,,,,35958.23,8536.28,-0.7626,27421.95,6.0,2.0,0.42,,,,
184,26,OPP-000644,1012,Inactive Outlet,78.49,P2,Planned,70.0,MEDIUM,"{""revenue_previous_30d"": 18015.62, ""revenue_30d"": 0.0, ""orders_previous_30d"": 4, ""orders_30d"": 0, ""days_since_last_order"": 38}","Prioritize a win-back visit, diagnose the reason for inactivity, and attempt a targeted reorder based on the outlet's prior mix.",0.0,18015.62,0.0,0.0,0.0,0.0,0.0,,,,,18015.62,0.0,,,4.0,0.0,,38.0,,,
185,85,OPP-000300,476,Cross-Sell,78.41,P2,Planned,100.0,HIGH,"{""target_category"": ""Snacks"", ""territory_category_rank"": 1, ""territory_category_orders_90d"": 899, ""current_category_count_90d"": 0}","Introduce Snacks during the next outlet visit and assess fit, expected demand, and an initial reorder quantity.",0.0,0.0,0.0,0.0,0.0,0.0,0.0,Snacks,1.0,899.0,0.0,,,,,,,,,,,
186,86,OPP-001292,1942,Cross-Sell,78.41,P2,Planned,100.0,HIGH,"{""target_category"": ""Snacks"", ""territory_category_rank"": 1, ""territory_category_orders_90d"": 899, ""current_category_count_90d"": 0}","Introduce Snacks during the next outlet visit and assess fit, expected demand, and an initial reorder quantity.",0.0,0.0,0.0,0.0,0.0,3.0,1.0,Snacks,1.0,899.0,0.0,,,,,,,,,,,
187,87,OPP-001758,2580,Cross-Sell,78.41,P2,Planned,100.0,HIGH,"{""target_category"": ""Snacks"", ""territory_category_rank"": 1, ""territory_category_orders_90d"": 899, ""current_category_count_90d"": 0}","Introduce Snacks during the next outlet visit and assess fit, expected demand, and an initial reorder quantity.",0.0,0.0,0.0,0.0,0.0,3.0,1.0,Snacks,1.0,899.0,0.0,,,,,,,,,,,
188,70,OPP-000756,1173,Revenue Recovery,78.34,P2,Planned,83.66,HIGH,"{""revenue_previous_30d"": 15652.41, ""revenue_30d"": 1308.58, ""revenue_growth_30d"": -0.9164, ""revenue_gap_vs_previous_30d"": 14343.83, ""orders_previous_30d"": 5, ""orders_30d"": 2, ""revenue_index_vs_peer"": 0.299}","Review the outlet's recent order decline, identify the lost SKU/category demand, and schedule a recovery visit with a targeted reorder proposal.",1308.582,15652.41,1308.582,3.1709340135693416,0.2994823182621272,1.0,1.0,,,,,15652.41,1308.58,-0.9164,14343.83,5.0,2.0,0.299,,,,
189,71,OPP-000969,1498,Revenue Recovery,78.29,P2,Planned,75.47,MEDIUM,"{""revenue_previous_30d"": 24029.51, ""revenue_30d"": 4647.22, ""revenue_growth_30d"": -0.8066, ""revenue_gap_vs_previous_30d"": 19382.29, ""orders_previous_30d"": 4, ""orders_30d"": 2, ""revenue_index_vs_peer"": 0.233}","Review the outlet's recent order decline, identify the lost SKU/category demand, and schedule a recovery visit with a targeted reorder proposal.",4647.22,24029.51,2323.61,8.034709963640639,0.232680994537738,2.0,2.0,,,,,24029.51,4647.22,-0.8066,19382.29,4.0,2.0,0.233,,,,
190,72,OPP-001043,1592,Revenue Recovery,78.23,P2,Planned,74.71,MEDIUM,"{""revenue_previous_30d"": 26783.48, ""revenue_30d"": 6988.11, ""revenue_growth_30d"": -0.7391, ""revenue_gap_vs_previous_30d"": 19795.37, ""orders_previous_30d"": 7, ""orders_30d"": 1, ""revenue_index_vs_peer"": 0.325}","Review the outlet's recent order decline, identify the lost SKU/category demand, and schedule a recovery visit with a targeted reorder proposal.",6988.11,26783.48,3494.055,10.267311747732537,0.3253812215432689,2.0,1.0,,,,,26783.48,6988.11,-0.7391,19795.37,7.0,1.0,0.325,,,,
191,27,OPP-001229,1854,Inactive Outlet,78.13,P2,Planned,70.0,MEDIUM,"{""revenue_previous_30d"": 14686.93, ""revenue_30d"": 0.0, ""orders_previous_30d"": 6, ""orders_30d"": 0, ""days_since_last_order"": 39}","Prioritize a win-back visit, diagnose the reason for inactivity, and attempt a targeted reorder based on the outlet's prior mix.",0.0,14686.93,0.0,0.0,0.0,1.0,0.0,,,,,14686.93,0.0,,,6.0,0.0,,39.0,,,
192,73,OPP-000503,789,Revenue Recovery,78.12,P2,Planned,78.18,MEDIUM,"{""revenue_previous_30d"": 18355.15, ""revenue_30d"": 3116.54, ""revenue_growth_30d"": -0.8302, ""revenue_gap_vs_previous_30d"": 15238.61, ""orders_previous_30d"": 4, ""orders_30d"": 2, ""revenue_index_vs_peer"": 0.163}","Review the outlet's recent order decline, identify the lost SKU/category demand, and schedule a recovery visit with a targeted reorder proposal.",3116.5425000000005,18355.15,1038.8475,5.358676527253568,0.1625035424142019,3.0,2.0,,,,,18355.15,3116.54,-0.8302,15238.61,4.0,2.0,0.163,,,,
193,28,OPP-000880,1365,Inactive Outlet,77.99,P2,Planned,70.0,MEDIUM,"{""revenue_previous_30d"": 32126.05, ""revenue_30d"": 0.0, ""orders_previous_30d"": 6, ""orders_30d"": 0, ""days_since_last_order"": 34}","Prioritize a win-back visit, diagnose the reason for inactivity, and attempt a targeted reorder based on the outlet's prior mix.",0.0,32126.05,0.0,0.0,0.0,2.0,2.0,,,,,32126.05,0.0,,,6.0,0.0,,34.0,,,
194,74,OPP-000502,788,Revenue Recovery,77.95,P2,Planned,71.71,MEDIUM,"{""revenue_previous_30d"": 36239.08, ""revenue_30d"": 9043.37, ""revenue_growth_30d"": -0.7505, ""revenue_gap_vs_previous_30d"": 27195.71, ""orders_previous_30d"": 4, ""orders_30d"": 1, ""revenue_index_vs_peer"": 0.472}","Review the outlet's recent order decline, identify the lost SKU/category demand, and schedule a recovery visit with a targeted reorder proposal.",9043.37,36239.08,4521.685,12.87227434373018,0.4715416716962213,2.0,1.0,,,,,36239.08,9043.37,-0.7505,27195.71,4.0,1.0,0.472,,,,
195,29,OPP-001418,2125,Inactive Outlet,77.91,P2,Planned,70.0,MEDIUM,"{""revenue_previous_30d"": 12505.67, ""revenue_30d"": 0.0, ""orders_previous_30d"": 3, ""orders_30d"": 0, ""days_since_last_order"": 45}","Prioritize a win-back visit, diagnose the reason for inactivity, and attempt a targeted reorder based on the outlet's prior mix.",0.0,12505.67,0.0,0.0,0.0,2.0,2.0,,,,,12505.67,0.0,,,3.0,0.0,,45.0,,,
196,30,OPP-001615,2394,Inactive Outlet,77.89,P2,Planned,70.0,MEDIUM,"{""revenue_previous_30d"": 17044.54, ""revenue_30d"": 0.0, ""orders_previous_30d"": 3, ""orders_30d"": 0, ""days_since_last_order"": 40}","Prioritize a win-back visit, diagnose the reason for inactivity, and attempt a targeted reorder based on the outlet's prior mix.",0.0,17044.54,0.0,0.0,0.0,4.0,3.0,,,,,17044.54,0.0,,,3.0,0.0,,40.0,,,
197,75,OPP-000702,1091,Revenue Recovery,77.79,P2,Planned,70.27,MEDIUM,"{""revenue_previous_30d"": 43111.33, ""revenue_30d"": 9416.23, ""revenue_growth_30d"": -0.7816, ""revenue_gap_vs_previous_30d"": 33695.1, ""orders_previous_30d"": 4, ""orders_30d"": 2, ""revenue_index_vs_peer"": 0.463}","Review the outlet's recent order decline, identify the lost SKU/category demand, and schedule a recovery visit with a targeted reorder proposal.",9416.23,43111.33,3138.7433333333333,17.013456129807906,0.4627907576809421,3.0,3.0,,,,,43111.33,9416.23,-0.7816,33695.1,4.0,2.0,0.463,,,,
198,31,OPP-001822,2664,Inactive Outlet,77.78,P2,Planned,70.0,MEDIUM,"{""revenue_previous_30d"": 12446.5, ""revenue_30d"": 0.0, ""orders_previous_30d"": 3, ""orders_30d"": 0, ""days_since_last_order"": 45}","Prioritize a win-back visit, diagnose the reason for inactivity, and attempt a targeted reorder based on the outlet's prior mix.",0.0,12446.5,0.0,0.0,0.0,3.0,2.0,,,,,12446.5,0.0,,,3.0,0.0,,45.0,,,
199,32,OPP-000490,772,Inactive Outlet,77.66,P2,Planned,72.0,MEDIUM,"{""revenue_previous_30d"": 15584.98, ""revenue_30d"": 0.0, ""orders_previous_30d"": 2, ""orders_30d"": 0, ""days_since_last_order"": 46}","Prioritize a win-back visit, diagnose the reason for inactivity, and attempt a targeted reorder based on the outlet's prior mix.",0.0,15584.98,0.0,0.0,0.0,4.0,0.0,,,,,15584.98,0.0,,,2.0,0.0,,46.0,,,
200,88,OPP-000633,991,Cross-Sell,77.49,P2,Planned,89.0,HIGH,"{""target_category"": ""Beverages"", ""territory_category_rank"": 2, ""territory_category_orders_90d"": 1822, ""current_category_count_90d"": 2}","Introduce Beverages during the next outlet visit and assess fit, expected demand, and an initial reorder quantity.",0.0,0.0,0.0,0.0,0.0,2.0,1.0,Beverages,2.0,1822.0,2.0,,,,,,,,,,,
201,89,OPP-001898,2779,Cross-Sell,77.49,P2,Planned,89.0,HIGH,"{""target_category"": ""Beverages"", ""territory_category_rank"": 2, ""territory_category_orders_90d"": 1822, ""current_category_count_90d"": 2}","Introduce Beverages during the next outlet visit and assess fit, expected demand, and an initial reorder quantity.",0.0,0.0,0.0,0.0,0.0,0.0,0.0,Beverages,2.0,1822.0,2.0,,,,,,,,,,,
202,33,OPP-001828,2678,Inactive Outlet,77.36,P2,Planned,72.0,MEDIUM,"{""revenue_previous_30d"": 11641.41, ""revenue_30d"": 0.0, ""orders_previous_30d"": 3, ""orders_30d"": 0, ""days_since_last_order"": 46}","Prioritize a win-back visit, diagnose the reason for inactivity, and attempt a targeted reorder based on the outlet's prior mix.",0.0,11641.41,0.0,0.0,0.0,1.0,0.0,,,,,11641.41,0.0,,,3.0,0.0,,46.0,,,
203,76,OPP-001486,2218,Revenue Recovery,77.25,P2,Planned,70.83,MEDIUM,"{""revenue_previous_30d"": 29248.04, ""revenue_30d"": 5829.73, ""revenue_growth_30d"": -0.8007, ""revenue_gap_vs_previous_30d"": 23418.31, ""orders_previous_30d"": 4, ""orders_30d"": 3, ""revenue_index_vs_peer"": 0.265}","Review the outlet's recent order decline, identify the lost SKU/category demand, and schedule a recovery visit with a targeted reorder proposal.",5829.73,29248.04,1943.243333333333,8.138491430734879,0.2647624385068705,3.0,3.0,,,,,29248.04,5829.73,-0.8007,23418.31,4.0,3.0,0.265,,,,
204,77,OPP-000095,158,Revenue Recovery,77.03,P2,Planned,87.64,HIGH,"{""revenue_previous_30d"": 9491.09, ""revenue_30d"": 465.65, ""revenue_growth_30d"": -0.9509, ""revenue_gap_vs_previous_30d"": 9025.44, ""orders_previous_30d"": 2, ""orders_30d"": 1, ""revenue_index_vs_peer"": 0.095}","Review the outlet's recent order decline, identify the lost SKU/category demand, and schedule a recovery visit with a targeted reorder proposal.",465.65,9491.09,93.13,1.221599740805209,0.0947682588914566,5.0,4.0,,,,,9491.09,465.65,-0.9509,9025.44,2.0,1.0,0.095,,,,
205,78,OPP-001167,1764,Revenue Recovery,77.03,P2,Planned,87.63,HIGH,"{""revenue_previous_30d"": 10212.23, ""revenue_30d"": 716.8, ""revenue_growth_30d"": -0.9298, ""revenue_gap_vs_previous_30d"": 9495.43, ""orders_previous_30d"": 3, ""orders_30d"": 1, ""revenue_index_vs_peer"": 0.164}","Review the outlet's recent order decline, identify the lost SKU/category demand, and schedule a recovery visit with a targeted reorder proposal.",716.8,10212.23,358.4,20.708371317416187,0.1640469804187225,2.0,0.0,,,,,10212.23,716.8,-0.9298,9495.43,3.0,1.0,0.164,,,,
206,79,OPP-001502,2235,Revenue Recovery,77.03,P2,Planned,70.91,MEDIUM,"{""revenue_previous_30d"": 36879.24, ""revenue_30d"": 6968.31, ""revenue_growth_30d"": -0.8111, ""revenue_gap_vs_previous_30d"": 29910.93, ""orders_previous_30d"": 5, ""orders_30d"": 3, ""revenue_index_vs_peer"": 0.457}","Review the outlet's recent order decline, identify the lost SKU/category demand, and schedule a recovery visit with a targeted reorder proposal.",6968.313,36879.24,0.0,11.157116136711444,0.457350022446424,0.0,0.0,,,,,36879.24,6968.31,-0.8111,29910.93,5.0,3.0,0.457,,,,
208,35,OPP-001544,2292,Inactive Outlet,76.95,P2,Planned,84.9,HIGH,"{""revenue_previous_30d"": 9725.29, ""revenue_30d"": 0.0, ""orders_previous_30d"": 2, ""orders_30d"": 0, ""days_since_last_order"": 53}","Prioritize a win-back visit, diagnose the reason for inactivity, and attempt a targeted reorder based on the outlet's prior mix.",0.0,9725.29,0.0,0.0,0.0,0.0,0.0,,,,,9725.29,0.0,,,2.0,0.0,,53.0,,,
207,34,OPP-000941,1455,Inactive Outlet,76.95,P2,Planned,70.0,MEDIUM,"{""revenue_previous_30d"": 18127.62, ""revenue_30d"": 0.0, ""orders_previous_30d"": 4, ""orders_30d"": 0, ""days_since_last_order"": 36}","Prioritize a win-back visit, diagnose the reason for inactivity, and attempt a targeted reorder based on the outlet's prior mix.",0.0,18127.62,0.0,0.0,0.0,2.0,0.0,,,,,18127.62,0.0,,,4.0,0.0,,36.0,,,
209,80,OPP-001996,2921,Revenue Recovery,76.91,P2,Planned,69.83,MEDIUM,"{""revenue_previous_30d"": 30659.04, ""revenue_30d"": 6092.75, ""revenue_growth_30d"": -0.8013, ""revenue_gap_vs_previous_30d"": 24566.29, ""orders_previous_30d"": 5, ""orders_30d"": 4, ""revenue_index_vs_peer"": 0.284}","Review the outlet's recent order decline, identify the lost SKU/category demand, and schedule a recovery visit with a targeted reorder proposal.",6092.7525,30659.04,6092.7525,10.967014818581502,0.283691477525512,1.0,1.0,,,,,30659.04,6092.75,-0.8013,24566.29,5.0,4.0,0.284,,,,
210,36,OPP-001183,1790,Inactive Outlet,76.87,P2,Planned,76.97,MEDIUM,"{""revenue_previous_30d"": 8742.17, ""revenue_30d"": 0.0, ""orders_previous_30d"": 3, ""orders_30d"": 0, ""days_since_last_order"": 51}","Prioritize a win-back visit, diagnose the reason for inactivity, and attempt a targeted reorder based on the outlet's prior mix.",0.0,8742.17,0.0,0.0,0.0,1.0,1.0,,,,,8742.17,0.0,,,3.0,0.0,,51.0,,,
211,81,OPP-001991,2914,Revenue Recovery,76.65,P2,Planned,75.44,MEDIUM,"{""revenue_previous_30d"": 19064.45, ""revenue_30d"": 3298.88, ""revenue_growth_30d"": -0.827, ""revenue_gap_vs_previous_30d"": 15765.57, ""orders_previous_30d"": 3, ""orders_30d"": 2, ""revenue_index_vs_peer"": 0.163}","Review the outlet's recent order decline, identify the lost SKU/category demand, and schedule a recovery visit with a targeted reorder proposal.",3298.8825,19064.45,824.720625,4.541676980683625,0.163081489764653,4.0,3.0,,,,,19064.45,3298.88,-0.827,15765.57,3.0,2.0,0.163,,,,
212,82,OPP-001720,2540,Revenue Recovery,76.62,P2,Planned,81.85,HIGH,"{""revenue_previous_30d"": 14871.97, ""revenue_30d"": 1809.32, ""revenue_growth_30d"": -0.8783, ""revenue_gap_vs_previous_30d"": 13062.65, ""orders_previous_30d"": 3, ""orders_30d"": 1, ""revenue_index_vs_peer"": 0.309}","Review the outlet's recent order decline, identify the lost SKU/category demand, and schedule a recovery visit with a targeted reorder proposal.",1809.32,14871.97,1809.32,5.175079235642411,0.3091279997539714,1.0,1.0,,,,,14871.97,1809.32,-0.8783,13062.65,3.0,1.0,0.309,,,,
213,90,OPP-000547,861,Cross-Sell,76.46,P2,Planned,92.0,HIGH,"{""target_category"": ""Snacks"", ""territory_category_rank"": 1, ""territory_category_orders_90d"": 1872, ""current_category_count_90d"": 4}","Introduce Snacks during the next outlet visit and assess fit, expected demand, and an initial reorder quantity.",1612.99,421.78,806.495,9.858671130905996,1.196446982902496,2.0,0.0,Snacks,1.0,1872.0,4.0,,,,,,,,,,,
214,91,OPP-000647,1019,Cross-Sell,76.46,P2,Planned,92.0,HIGH,"{""target_category"": ""Snacks"", ""territory_category_rank"": 1, ""territory_category_orders_90d"": 1872, ""current_category_count_90d"": 4}","Introduce Snacks during the next outlet visit and assess fit, expected demand, and an initial reorder quantity.",0.0,5762.52,0.0,0.0,0.0,0.0,0.0,Snacks,1.0,1872.0,4.0,,,,,,,,,,,
215,92,OPP-000759,1176,Cross-Sell,76.46,P2,Planned,92.0,HIGH,"{""target_category"": ""Snacks"", ""territory_category_rank"": 1, ""territory_category_orders_90d"": 1872, ""current_category_count_90d"": 4}","Introduce Snacks during the next outlet visit and assess fit, expected demand, and an initial reorder quantity.",0.0,1428.72,0.0,0.0,0.0,3.0,0.0,Snacks,1.0,1872.0,4.0,,,,,,,,,,,
216,93,OPP-000843,1300,Cross-Sell,76.46,P2,Planned,92.0,HIGH,"{""target_category"": ""Snacks"", ""territory_category_rank"": 1, ""territory_category_orders_90d"": 1872, ""current_category_count_90d"": 4}","Introduce Snacks during the next outlet visit and assess fit, expected demand, and an initial reorder quantity.",3277.4,0.0,1638.7,18.916560272799263,2.4310351222045026,2.0,2.0,Snacks,1.0,1872.0,4.0,,,,,,,,,,,
217,94,OPP-001024,1570,Cross-Sell,76.46,P2,Planned,92.0,HIGH,"{""target_category"": ""Snacks"", ""territory_category_rank"": 1, ""territory_category_orders_90d"": 1872, ""current_category_count_90d"": 4}","Introduce Snacks during the next outlet visit and assess fit, expected demand, and an initial reorder quantity.",0.0,8931.48,0.0,0.0,0.0,0.0,0.0,Snacks,1.0,1872.0,4.0,,,,,,,,,,,
218,95,OPP-001249,1876,Cross-Sell,76.46,P2,Planned,92.0,HIGH,"{""target_category"": ""Snacks"", ""territory_category_rank"": 1, ""territory_category_orders_90d"": 1872, ""current_category_count_90d"": 4}","Introduce Snacks during the next outlet visit and assess fit, expected demand, and an initial reorder quantity.",6466.46,0.0,3233.23,16.16533365065064,1.1432334622163995,2.0,0.0,Snacks,1.0,1872.0,4.0,,,,,,,,,,,
219,96,OPP-001339,2014,Cross-Sell,76.46,P2,Planned,92.0,HIGH,"{""target_category"": ""Snacks"", ""territory_category_rank"": 1, ""territory_category_orders_90d"": 1872, ""current_category_count_90d"": 4}","Introduce Snacks during the next outlet visit and assess fit, expected demand, and an initial reorder quantity.",2633.17,756.34,2633.17,13.857476660105888,1.953172866520788,1.0,1.0,Snacks,1.0,1872.0,4.0,,,,,,,,,,,
220,97,OPP-001665,2463,Cross-Sell,76.46,P2,Planned,92.0,HIGH,"{""target_category"": ""Snacks"", ""territory_category_rank"": 1, ""territory_category_orders_90d"": 1872, ""current_category_count_90d"": 4}","Introduce Snacks during the next outlet visit and assess fit, expected demand, and an initial reorder quantity.",3194.7200000000003,0.0,1597.36,14.861229538433488,2.3697066350183587,2.0,0.0,Snacks,1.0,1872.0,4.0,,,,,,,,,,,
221,98,OPP-001891,2774,Cross-Sell,76.46,P2,Planned,92.0,HIGH,"{""target_category"": ""Snacks"", ""territory_category_rank"": 1, ""territory_category_orders_90d"": 1872, ""current_category_count_90d"": 4}","Introduce Snacks during the next outlet visit and assess fit, expected demand, and an initial reorder quantity.",0.0,7917.42,0.0,0.0,0.0,4.0,1.0,Snacks,1.0,1872.0,4.0,,,,,,,,,,,
222,99,OPP-001940,2839,Cross-Sell,76.46,P2,Planned,92.0,HIGH,"{""target_category"": ""Snacks"", ""territory_category_rank"": 1, ""territory_category_orders_90d"": 1872, ""current_category_count_90d"": 4}","Introduce Snacks during the next outlet visit and assess fit, expected demand, and an initial reorder quantity.",805.65,0.0,0.0,4.683526937328579,0.5975967065979304,0.0,0.0,Snacks,1.0,1872.0,4.0,,,,,,,,,,,
223,100,OPP-002002,2930,Cross-Sell,76.46,P2,Planned,92.0,HIGH,"{""target_category"": ""Snacks"", ""territory_category_rank"": 1, ""territory_category_orders_90d"": 1872, ""current_category_count_90d"": 4}","Introduce Snacks during the next outlet visit and assess fit, expected demand, and an initial reorder quantity.",0.0,814.49,0.0,0.0,0.0,4.0,2.0,Snacks,1.0,1872.0,4.0,,,,,,,,,,,
224,37,OPP-001818,2660,Inactive Outlet,76.43,P2,Planned,76.0,MEDIUM,"{""revenue_previous_30d"": 12655.88, ""revenue_30d"": 0.0, ""orders_previous_30d"": 2, ""orders_30d"": 0, ""days_since_last_order"": 48}","Prioritize a win-back visit, diagnose the reason for inactivity, and attempt a targeted reorder based on the outlet's prior mix.",0.0,12655.88,0.0,0.0,0.0,0.0,0.0,,,,,12655.88,0.0,,,2.0,0.0,,48.0,,,
225,83,OPP-001903,2786,Revenue Recovery,76.22,P2,Planned,85.15,HIGH,"{""revenue_previous_30d"": 10708.37, ""revenue_30d"": 744.17, ""revenue_growth_30d"": -0.9305, ""revenue_gap_vs_previous_30d"": 9964.2, ""orders_previous_30d"": 2, ""orders_30d"": 1, ""revenue_index_vs_peer"": 0.166}","Review the outlet's recent order decline, identify the lost SKU/category demand, and schedule a recovery visit with a targeted reorder proposal.",744.17,10708.37,0.0,1.9662822635088264,0.1656176974606636,0.0,0.0,,,,,10708.37,744.17,-0.9305,9964.2,2.0,1.0,0.166,,,,
226,38,OPP-000206,338,Inactive Outlet,75.9,P2,Planned,72.0,MEDIUM,"{""revenue_previous_30d"": 13494.02, ""revenue_30d"": 0.0, ""orders_previous_30d"": 2, ""orders_30d"": 0, ""days_since_last_order"": 46}","Prioritize a win-back visit, diagnose the reason for inactivity, and attempt a targeted reorder based on the outlet's prior mix.",0.0,13494.02,0.0,0.0,0.0,7.0,6.0,,,,,13494.02,0.0,,,2.0,0.0,,46.0,,,
228,101,OPP-000903,1405,Cross-Sell,75.8,P2,Planned,89.0,HIGH,"{""target_category"": ""Beverages"", ""territory_category_rank"": 2, ""territory_category_orders_90d"": 1790, ""current_category_count_90d"": 2}","Introduce Beverages during the next outlet visit and assess fit, expected demand, and an initial reorder quantity.",1302.95,0.0,651.475,6.804410346234009,1.0707740604685947,2.0,1.0,Beverages,2.0,1790.0,2.0,,,,,,,,,,,
229,102,OPP-001035,1584,Cross-Sell,75.8,P2,Planned,89.0,HIGH,"{""target_category"": ""Beverages"", ""territory_category_rank"": 2, ""territory_category_orders_90d"": 1790, ""current_category_count_90d"": 2}","Introduce Beverages during the next outlet visit and assess fit, expected demand, and an initial reorder quantity.",0.0,760.17,0.0,0.0,0.0,0.0,0.0,Beverages,2.0,1790.0,2.0,,,,,,,,,,,
230,103,OPP-001191,1803,Cross-Sell,75.8,P2,Planned,89.0,HIGH,"{""target_category"": ""Beverages"", ""territory_category_rank"": 2, ""territory_category_orders_90d"": 1790, ""current_category_count_90d"": 2}","Introduce Beverages during the next outlet visit and assess fit, expected demand, and an initial reorder quantity.",2016.33,0.0,2016.33,10.894075694950969,1.6570350829614655,1.0,1.0,Beverages,2.0,1790.0,2.0,,,,,,,,,,,
231,104,OPP-001417,2124,Cross-Sell,75.8,P2,Planned,89.0,HIGH,"{""target_category"": ""Beverages"", ""territory_category_rank"": 2, ""territory_category_orders_90d"": 1790, ""current_category_count_90d"": 2}","Introduce Beverages during the next outlet visit and assess fit, expected demand, and an initial reorder quantity.",0.0,0.0,0.0,0.0,0.0,0.0,0.0,Beverages,2.0,1790.0,2.0,,,,,,,,,,,
232,105,OPP-001434,2144,Cross-Sell,75.8,P2,Planned,89.0,HIGH,"{""target_category"": ""Beverages"", ""territory_category_rank"": 2, ""territory_category_orders_90d"": 1790, ""current_category_count_90d"": 2}","Introduce Beverages during the next outlet visit and assess fit, expected demand, and an initial reorder quantity.",2867.4,819.56,716.85,14.376232739145127,2.356450777840783,4.0,3.0,Beverages,2.0,1790.0,2.0,,,,,,,,,,,
233,106,OPP-001585,2354,Cross-Sell,75.8,P2,Planned,89.0,HIGH,"{""target_category"": ""Beverages"", ""territory_category_rank"": 2, ""territory_category_orders_90d"": 1790, ""current_category_count_90d"": 2}","Introduce Beverages during the next outlet visit and assess fit, expected demand, and an initial reorder quantity.",0.0,0.0,0.0,0.0,0.0,7.0,6.0,Beverages,2.0,1790.0,2.0,,,,,,,,,,,
234,107,OPP-001708,2529,Cross-Sell,75.8,P2,Planned,89.0,HIGH,"{""target_category"": ""Beverages"", ""territory_category_rank"": 2, ""territory_category_orders_90d"": 1790, ""current_category_count_90d"": 2}","Introduce Beverages during the next outlet visit and assess fit, expected demand, and an initial reorder quantity.",369.62,0.0,123.20666666666666,1.985974278296453,0.3037564820065251,3.0,2.0,Beverages,2.0,1790.0,2.0,,,,,,,,,,,
235,108,OPP-001766,2587,Cross-Sell,75.8,P2,Planned,89.0,HIGH,"{""target_category"": ""Beverages"", ""territory_category_rank"": 2, ""territory_category_orders_90d"": 1790, ""current_category_count_90d"": 2}","Introduce Beverages during the next outlet visit and assess fit, expected demand, and an initial reorder quantity.",0.0,433.02,0.0,0.0,0.0,1.0,1.0,Beverages,2.0,1790.0,2.0,,,,,,,,,,,
236,109,OPP-001889,2771,Cross-Sell,75.8,P2,Planned,89.0,HIGH,"{""target_category"": ""Beverages"", ""territory_category_rank"": 2, ""territory_category_orders_90d"": 1790, ""current_category_count_90d"": 2}","Introduce Beverages during the next outlet visit and assess fit, expected demand, and an initial reorder quantity.",0.0,0.0,0.0,0.0,0.0,1.0,0.0,Beverages,2.0,1790.0,2.0,,,,,,,,,,,
237,110,OPP-001899,2780,Cross-Sell,75.8,P2,Planned,89.0,HIGH,"{""target_category"": ""Beverages"", ""territory_category_rank"": 2, ""territory_category_orders_90d"": 1790, ""current_category_count_90d"": 2}","Introduce Beverages during the next outlet visit and assess fit, expected demand, and an initial reorder quantity.",4048.51,0.0,0.0,12.20229017296858,0.8826099989644591,0.0,0.0,Beverages,2.0,1790.0,2.0,,,,,,,,,,,
238,111,OPP-001982,2904,Cross-Sell,75.8,P2,Planned,89.0,HIGH,"{""target_category"": ""Beverages"", ""territory_category_rank"": 2, ""territory_category_orders_90d"": 1790, ""current_category_count_90d"": 2}","Introduce Beverages during the next outlet visit and assess fit, expected demand, and an initial reorder quantity.",0.0,0.0,0.0,0.0,0.0,1.0,0.0,Beverages,2.0,1790.0,2.0,,,,,,,,,,,
227,84,OPP-000531,837,Revenue Recovery,75.8,P2,Planned,87.49,HIGH,"{""revenue_previous_30d"": 8773.37, ""revenue_30d"": 480.85, ""revenue_growth_30d"": -0.9452, ""revenue_gap_vs_previous_30d"": 8292.52, ""orders_previous_30d"": 2, ""orders_30d"": 1, ""revenue_index_vs_peer"": 0.078}","Review the outlet's recent order decline, identify the lost SKU/category demand, and schedule a recovery visit with a targeted reorder proposal.",480.85,8773.37,0.0,1.424292563347474,0.0784488707832814,0.0,0.0,,,,,8773.37,480.85,-0.9452,8292.52,2.0,1.0,0.078,,,,
239,85,OPP-000777,1201,Revenue Recovery,75.72,P2,Planned,66.55,MEDIUM,"{""revenue_previous_30d"": 49081.36, ""revenue_30d"": 13502.41, ""revenue_growth_30d"": -0.7249, ""revenue_gap_vs_previous_30d"": 35578.95, ""orders_previous_30d"": 10, ""orders_30d"": 4, ""revenue_index_vs_peer"": 0.546}","Review the outlet's recent order decline, identify the lost SKU/category demand, and schedule a recovery visit with a targeted reorder proposal.",13502.41,49081.36,3375.6025,22.22738573747097,0.5460496517229443,4.0,3.0,,,,,49081.36,13502.41,-0.7249,35578.95,10.0,4.0,0.546,,,,
240,39,OPP-000318,512,Inactive Outlet,75.66,P2,Planned,70.0,MEDIUM,"{""revenue_previous_30d"": 18876.38, ""revenue_30d"": 0.0, ""orders_previous_30d"": 4, ""orders_30d"": 0, ""days_since_last_order"": 34}","Prioritize a win-back visit, diagnose the reason for inactivity, and attempt a targeted reorder based on the outlet's prior mix.",0.0,18876.38,0.0,0.0,0.0,1.0,0.0,,,,,18876.38,0.0,,,4.0,0.0,,34.0,,,
241,40,OPP-000708,1101,Inactive Outlet,75.6,P2,Planned,70.0,MEDIUM,"{""revenue_previous_30d"": 16229.96, ""revenue_30d"": 0.0, ""orders_previous_30d"": 3, ""orders_30d"": 0, ""days_since_last_order"": 38}","Prioritize a win-back visit, diagnose the reason for inactivity, and attempt a targeted reorder based on the outlet's prior mix.",0.0,16229.96,0.0,0.0,0.0,2.0,0.0,,,,,16229.96,0.0,,,3.0,0.0,,38.0,,,
243,86,OPP-002005,2933,Revenue Recovery,75.52,P2,Planned,79.75,MEDIUM,"{""revenue_previous_30d"": 15255.97, ""revenue_30d"": 1277.49, ""revenue_growth_30d"": -0.9163, ""revenue_gap_vs_previous_30d"": 13978.48, ""orders_previous_30d"": 3, ""orders_30d"": 2, ""revenue_index_vs_peer"": 0.292}","Review the outlet's recent order decline, identify the lost SKU/category demand, and schedule a recovery visit with a targeted reorder proposal.",1277.4915,15255.97,425.8305,3.878218867182187,0.2923669406885945,3.0,2.0,,,,,15255.97,1277.49,-0.9163,13978.48,3.0,2.0,0.292,,,,
242,41,OPP-001925,2821,Inactive Outlet,75.52,P2,Planned,70.0,MEDIUM,"{""revenue_previous_30d"": 18405.9, ""revenue_30d"": 0.0, ""orders_previous_30d"": 6, ""orders_30d"": 0, ""days_since_last_order"": 33}","Prioritize a win-back visit, diagnose the reason for inactivity, and attempt a targeted reorder based on the outlet's prior mix.",0.0,18405.9,0.0,0.0,0.0,1.0,1.0,,,,,18405.9,0.0,,,6.0,0.0,,33.0,,,
244,42,OPP-000840,1294,Inactive Outlet,75.5,P2,Planned,78.0,MEDIUM,"{""revenue_previous_30d"": 11378.44, ""revenue_30d"": 0.0, ""orders_previous_30d"": 2, ""orders_30d"": 0, ""days_since_last_order"": 49}","Prioritize a win-back visit, diagnose the reason for inactivity, and attempt a targeted reorder based on the outlet's prior mix.",0.0,11378.44,0.0,0.0,0.0,1.0,0.0,,,,,11378.44,0.0,,,2.0,0.0,,49.0,,,
245,87,OPP-001528,2272,Revenue Recovery,75.45,P2,Planned,67.85,MEDIUM,"{""revenue_previous_30d"": 41963.36, ""revenue_30d"": 11563.92, ""revenue_growth_30d"": -0.7244, ""revenue_gap_vs_previous_30d"": 30399.44, ""orders_previous_30d"": 7, ""orders_30d"": 2, ""revenue_index_vs_peer"": 0.572}","Review the outlet's recent order decline, identify the lost SKU/category demand, and schedule a recovery visit with a targeted reorder proposal.",11563.92,41963.36,11563.92,19.77814257259248,0.5716667086867344,1.0,1.0,,,,,41963.36,11563.92,-0.7244,30399.44,7.0,2.0,0.572,,,,
246,88,OPP-000827,1266,Revenue Recovery,75.31,P2,Planned,82.35,HIGH,"{""revenue_previous_30d"": 12368.86, ""revenue_30d"": 1136.91, ""revenue_growth_30d"": -0.9081, ""revenue_gap_vs_previous_30d"": 11231.95, ""orders_previous_30d"": 4, ""orders_30d"": 2, ""revenue_index_vs_peer"": 0.248}","Review the outlet's recent order decline, identify the lost SKU/category demand, and schedule a recovery visit with a targeted reorder proposal.",1136.9115,12368.86,378.9705,3.1720515759376275,0.2478564849383308,3.0,2.0,,,,,12368.86,1136.91,-0.9081,11231.95,4.0,2.0,0.248,,,,
247,89,OPP-000310,496,Revenue Recovery,75.27,P2,Planned,70.12,MEDIUM,"{""revenue_previous_30d"": 33969.01, ""revenue_30d"": 7338.83, ""revenue_growth_30d"": -0.784, ""revenue_gap_vs_previous_30d"": 26630.18, ""orders_previous_30d"": 7, ""orders_30d"": 3, ""revenue_index_vs_peer"": 0.555}","Review the outlet's recent order decline, identify the lost SKU/category demand, and schedule a recovery visit with a targeted reorder proposal.",7338.8295,33969.009999999995,1834.707375,12.205326162863312,0.5553961395968675,4.0,3.0,,,,,33969.01,7338.83,-0.784,26630.18,7.0,3.0,0.555,,,,
248,90,OPP-000119,206,Revenue Recovery,75.24,P2,Planned,67.68,MEDIUM,"{""revenue_previous_30d"": 42737.11, ""revenue_30d"": 12322.57, ""revenue_growth_30d"": -0.7117, ""revenue_gap_vs_previous_30d"": 30414.54, ""orders_previous_30d"": 5, ""orders_30d"": 1, ""revenue_index_vs_peer"": 0.609}","Review the outlet's recent order decline, identify the lost SKU/category demand, and schedule a recovery visit with a targeted reorder proposal.",12322.57,42737.11,0.0,42.66379903480405,0.6091708550787184,0.0,0.0,,,,,42737.11,12322.57,-0.7117,30414.54,5.0,1.0,0.609,,,,
249,43,OPP-000734,1132,Inactive Outlet,75.2,P2,Planned,70.0,MEDIUM,"{""revenue_previous_30d"": 11383.96, ""revenue_30d"": 0.0, ""orders_previous_30d"": 4, ""orders_30d"": 0, ""days_since_last_order"": 41}","Prioritize a win-back visit, diagnose the reason for inactivity, and attempt a targeted reorder based on the outlet's prior mix.",0.0,11383.96,0.0,0.0,0.0,1.0,0.0,,,,,11383.96,0.0,,,4.0,0.0,,41.0,,,
250,91,OPP-000782,1207,Revenue Recovery,75.2,P2,Planned,69.19,MEDIUM,"{""revenue_previous_30d"": 29944.64, ""revenue_30d"": 8943.03, ""revenue_growth_30d"": -0.7013, ""revenue_gap_vs_previous_30d"": 21001.61, ""orders_previous_30d"": 8, ""orders_30d"": 2, ""revenue_index_vs_peer"": 0.41}","Review the outlet's recent order decline, identify the lost SKU/category demand, and schedule a recovery visit with a targeted reorder proposal.",8943.03,29944.64,4471.515,14.195657505315618,0.4103299283817693,2.0,1.0,,,,,29944.64,8943.03,-0.7013,21001.61,8.0,2.0,0.41,,,,
251,92,OPP-000027,46,Revenue Recovery,75.16,P2,Planned,72.14,MEDIUM,"{""revenue_previous_30d"": 22863.67, ""revenue_30d"": 5335.91, ""revenue_growth_30d"": -0.7666, ""revenue_gap_vs_previous_30d"": 17527.76, ""orders_previous_30d"": 6, ""orders_30d"": 3, ""revenue_index_vs_peer"": 0.268}","Review the outlet's recent order decline, identify the lost SKU/category demand, and schedule a recovery visit with a targeted reorder proposal.",5335.911,22863.67,2667.9555,9.409430254432698,0.2683177164051665,2.0,2.0,,,,,22863.67,5335.91,-0.7666,17527.76,6.0,3.0,0.268,,,,
252,44,OPP-001223,1846,Inactive Outlet,75.14,P2,Planned,72.0,MEDIUM,"{""revenue_previous_30d"": 12886.74, ""revenue_30d"": 0.0, ""orders_previous_30d"": 2, ""orders_30d"": 0, ""days_since_last_order"": 46}","Prioritize a win-back visit, diagnose the reason for inactivity, and attempt a targeted reorder based on the outlet's prior mix.",0.0,12886.74,0.0,0.0,0.0,2.0,1.0,,,,,12886.74,0.0,,,2.0,0.0,,46.0,,,
253,93,OPP-001705,2527,Revenue Recovery,75.13,P2,Planned,69.37,MEDIUM,"{""revenue_previous_30d"": 25233.45, ""revenue_30d"": 4501.02, ""revenue_growth_30d"": -0.8216, ""revenue_gap_vs_previous_30d"": 20732.43, ""orders_previous_30d"": 3, ""orders_30d"": 3, ""revenue_index_vs_peer"": 0.21}","Review the outlet's recent order decline, identify the lost SKU/category demand, and schedule a recovery visit with a targeted reorder proposal.",4501.0215,25233.45,1125.255375,7.80387504497046,0.2095771065227245,4.0,2.0,,,,,25233.45,4501.02,-0.8216,20732.43,3.0,3.0,0.21,,,,
254,94,OPP-002012,2940,Revenue Recovery,75.12,P2,Planned,85.48,HIGH,"{""revenue_previous_30d"": 9869.3, ""revenue_30d"": 912.52, ""revenue_growth_30d"": -0.9075, ""revenue_gap_vs_previous_30d"": 8956.78, ""orders_previous_30d"": 3, ""orders_30d"": 1, ""revenue_index_vs_peer"": 0.203}","Review the outlet's recent order decline, identify the lost SKU/category demand, and schedule a recovery visit with a targeted reorder proposal.",912.52,9869.3,228.13,2.331342857266949,0.2030845926156722,4.0,3.0,,,,,9869.3,912.52,-0.9075,8956.78,3.0,1.0,0.203,,,,
255,45,OPP-001185,1793,Inactive Outlet,75.03,P2,Planned,70.0,MEDIUM,"{""revenue_previous_30d"": 26162.78, ""revenue_30d"": 0.0, ""orders_previous_30d"": 5, ""orders_30d"": 0, ""days_since_last_order"": 31}","Prioritize a win-back visit, diagnose the reason for inactivity, and attempt a targeted reorder based on the outlet's prior mix.",0.0,26162.78,0.0,0.0,0.0,1.0,0.0,,,,,26162.78,0.0,,,5.0,0.0,,31.0,,,
256,95,OPP-001210,1828,Revenue Recovery,75.01,P2,Planned,80.0,MEDIUM,"{""revenue_previous_30d"": 17713.65, ""revenue_30d"": 2369.95, ""revenue_growth_30d"": -0.8662, ""revenue_gap_vs_previous_30d"": 15343.7, ""orders_previous_30d"": 6, ""orders_30d"": 1, ""revenue_index_vs_peer"": 0.542}","Review the outlet's recent order decline, identify the lost SKU/category demand, and schedule a recovery visit with a targeted reorder proposal.",2369.95,17713.65,1184.975,34.34800885371773,0.5423871948149436,2.0,1.0,,,,,17713.65,2369.95,-0.8662,15343.7,6.0,1.0,0.542,,,,
257,46,OPP-000418,658,Inactive Outlet,75.0,P2,Planned,78.0,MEDIUM,"{""revenue_previous_30d"": 11022.09, ""revenue_30d"": 0.0, ""orders_previous_30d"": 2, ""orders_30d"": 0, ""days_since_last_order"": 49}","Prioritize a win-back visit, diagnose the reason for inactivity, and attempt a targeted reorder based on the outlet's prior mix.",0.0,11022.09,0.0,0.0,0.0,2.0,2.0,,,,,11022.09,0.0,,,2.0,0.0,,49.0,,,
258,47,OPP-001538,2288,Inactive Outlet,74.94,P2,Planned,70.0,MEDIUM,"{""revenue_previous_30d"": 14945.83, ""revenue_30d"": 0.0, ""orders_previous_30d"": 4, ""orders_30d"": 0, ""days_since_last_order"": 36}","Prioritize a win-back visit, diagnose the reason for inactivity, and attempt a targeted reorder based on the outlet's prior mix.",0.0,14945.829999999998,0.0,0.0,0.0,0.0,0.0,,,,,14945.83,0.0,,,4.0,0.0,,36.0,,,
259,96,OPP-000901,1403,Revenue Recovery,74.87,P2,Planned,67.6,MEDIUM,"{""revenue_previous_30d"": 55435.13, ""revenue_30d"": 14533.2, ""revenue_growth_30d"": -0.7378, ""revenue_gap_vs_previous_30d"": 40901.93, ""orders_previous_30d"": 9, ""orders_30d"": 2, ""revenue_index_vs_peer"": 0.714}","Review the outlet's recent order decline, identify the lost SKU/category demand, and schedule a recovery visit with a targeted reorder proposal.",14533.2,55435.13,2422.2000000000003,25.081931948074264,0.7142806239364022,6.0,4.0,,,,,55435.13,14533.2,-0.7378,40901.93,9.0,2.0,0.714,,,,
260,97,OPP-000311,498,Revenue Recovery,74.66,P2,Planned,74.74,MEDIUM,"{""revenue_previous_30d"": 22450.89, ""revenue_30d"": 2741.64, ""revenue_growth_30d"": -0.8779, ""revenue_gap_vs_previous_30d"": 19709.25, ""orders_previous_30d"": 6, ""orders_30d"": 4, ""revenue_index_vs_peer"": 0.447}","Review the outlet's recent order decline, identify the lost SKU/category demand, and schedule a recovery visit with a targeted reorder proposal.",2741.643,22450.890000000003,2741.643,7.155302816769078,0.4472887541663471,1.0,0.0,,,,,22450.89,2741.64,-0.8779,19709.25,6.0,4.0,0.447,,,,
261,48,OPP-000589,918,Inactive Outlet,74.62,P2,Planned,70.0,MEDIUM,"{""revenue_previous_30d"": 13257.28, ""revenue_30d"": 0.0, ""orders_previous_30d"": 3, ""orders_30d"": 0, ""days_since_last_order"": 40}","Prioritize a win-back visit, diagnose the reason for inactivity, and attempt a targeted reorder based on the outlet's prior mix.",0.0,13257.28,0.0,0.0,0.0,0.0,0.0,,,,,13257.28,0.0,,,3.0,0.0,,40.0,,,
262,98,OPP-001383,2087,Revenue Recovery,74.59,P2,Planned,68.72,MEDIUM,"{""revenue_previous_30d"": 26908.75, ""revenue_30d"": 6449.5, ""revenue_growth_30d"": -0.7603, ""revenue_gap_vs_previous_30d"": 20459.25, ""orders_previous_30d"": 3, ""orders_30d"": 2, ""revenue_index_vs_peer"": 0.3}","Review the outlet's recent order decline, identify the lost SKU/category demand, and schedule a recovery visit with a targeted reorder proposal.",6449.499,26908.75,6449.499,10.064613596492189,0.3003023511310055,1.0,1.0,,,,,26908.75,6449.5,-0.7603,20459.25,3.0,2.0,0.3,,,,
263,112,OPP-000842,1299,Cross-Sell,74.58,P2,Planned,98.0,HIGH,"{""target_category"": ""Snacks"", ""territory_category_rank"": 1, ""territory_category_orders_90d"": 901, ""current_category_count_90d"": 1}","Introduce Snacks during the next outlet visit and assess fit, expected demand, and an initial reorder quantity.",0.0,296.88,0.0,0.0,0.0,0.0,0.0,Snacks,1.0,901.0,1.0,,,,,,,,,,,
264,113,OPP-000930,1438,Cross-Sell,74.58,P2,Planned,98.0,HIGH,"{""target_category"": ""Snacks"", ""territory_category_rank"": 1, ""territory_category_orders_90d"": 901, ""current_category_count_90d"": 1}","Introduce Snacks during the next outlet visit and assess fit, expected demand, and an initial reorder quantity.",0.0,1065.2,0.0,0.0,0.0,2.0,1.0,Snacks,1.0,901.0,1.0,,,,,,,,,,,
265,114,OPP-001262,1898,Cross-Sell,74.58,P2,Planned,98.0,HIGH,"{""target_category"": ""Snacks"", ""territory_category_rank"": 1, ""territory_category_orders_90d"": 901, ""current_category_count_90d"": 1}","Introduce Snacks during the next outlet visit and assess fit, expected demand, and an initial reorder quantity.",0.0,0.0,0.0,0.0,0.0,1.0,0.0,Snacks,1.0,901.0,1.0,,,,,,,,,,,
266,115,OPP-001902,2783,Cross-Sell,74.58,P2,Planned,98.0,HIGH,"{""target_category"": ""Snacks"", ""territory_category_rank"": 1, ""territory_category_orders_90d"": 901, ""current_category_count_90d"": 1}","Introduce Snacks during the next outlet visit and assess fit, expected demand, and an initial reorder quantity.",113.21,0.0,113.21,0.6523906391365232,0.0649192022295367,1.0,0.0,Snacks,1.0,901.0,1.0,,,,,,,,,,,
267,49,OPP-000833,1284,Inactive Outlet,74.56,P2,Planned,70.0,MEDIUM,"{""revenue_previous_30d"": 14569.08, ""revenue_30d"": 0.0, ""orders_previous_30d"": 4, ""orders_30d"": 0, ""days_since_last_order"": 36}","Prioritize a win-back visit, diagnose the reason for inactivity, and attempt a targeted reorder based on the outlet's prior mix.",0.0,14569.08,0.0,0.0,0.0,2.0,0.0,,,,,14569.08,0.0,,,4.0,0.0,,36.0,,,
268,99,OPP-000640,1002,Revenue Recovery,74.52,P2,Planned,85.01,HIGH,"{""revenue_previous_30d"": 9396.31, ""revenue_30d"": 747.57, ""revenue_growth_30d"": -0.9204, ""revenue_gap_vs_previous_30d"": 8648.74, ""orders_previous_30d"": 2, ""orders_30d"": 1, ""revenue_index_vs_peer"": 0.128}","Review the outlet's recent order decline, identify the lost SKU/category demand, and schedule a recovery visit with a targeted reorder proposal.",747.57,9396.31,747.57,1.8147735192652643,0.1277246804192052,1.0,0.0,,,,,9396.31,747.57,-0.9204,8648.74,2.0,1.0,0.128,,,,
269,100,OPP-000581,907,Revenue Recovery,74.42,P2,Planned,74.06,MEDIUM,"{""revenue_previous_30d"": 16826.28, ""revenue_30d"": 3794.96, ""revenue_growth_30d"": -0.7745, ""revenue_gap_vs_previous_30d"": 13031.32, ""orders_previous_30d"": 4, ""orders_30d"": 2, ""revenue_index_vs_peer"": 0.177}","Review the outlet's recent order decline, identify the lost SKU/category demand, and schedule a recovery visit with a targeted reorder proposal.",3794.96,16826.28,542.1371428571429,6.104660889349884,0.1767013857119942,7.0,3.0,,,,,16826.28,3794.96,-0.7745,13031.32,4.0,2.0,0.177,,,,
270,50,OPP-000871,1345,Inactive Outlet,74.34,P2,Planned,70.0,MEDIUM,"{""revenue_previous_30d"": 13251.68, ""revenue_30d"": 0.0, ""orders_previous_30d"": 7, ""orders_30d"": 0, ""days_since_last_order"": 36}","Prioritize a win-back visit, diagnose the reason for inactivity, and attempt a targeted reorder based on the outlet's prior mix.",0.0,13251.68,0.0,0.0,0.0,0.0,0.0,,,,,13251.68,0.0,,,7.0,0.0,,36.0,,,
271,101,OPP-001743,2563,Revenue Recovery,74.3,P2,Planned,66.52,MEDIUM,"{""revenue_previous_30d"": 33545.66, ""revenue_30d"": 8616.53, ""revenue_growth_30d"": -0.7431, ""revenue_gap_vs_previous_30d"": 24929.13, ""orders_previous_30d"": 5, ""orders_30d"": 3, ""revenue_index_vs_peer"": 0.433}","Review the outlet's recent order decline, identify the lost SKU/category demand, and schedule a recovery visit with a targeted reorder proposal.",8616.53,33545.66,4308.265,15.050589122006905,0.4332845230995437,2.0,2.0,,,,,33545.66,8616.53,-0.7431,24929.13,5.0,3.0,0.433,,,,
272,51,OPP-001803,2632,Inactive Outlet,74.18,P2,Planned,70.0,MEDIUM,"{""revenue_previous_30d"": 14391.92, ""revenue_30d"": 0.0, ""orders_previous_30d"": 4, ""orders_30d"": 0, ""days_since_last_order"": 36}","Prioritize a win-back visit, diagnose the reason for inactivity, and attempt a targeted reorder based on the outlet's prior mix.",0.0,14391.92,0.0,0.0,0.0,1.0,0.0,,,,,14391.92,0.0,,,4.0,0.0,,36.0,,,
273,52,OPP-000940,1452,Inactive Outlet,74.14,P2,Planned,70.0,MEDIUM,"{""revenue_previous_30d"": 15086.46, ""revenue_30d"": 0.0, ""orders_previous_30d"": 3, ""orders_30d"": 0, ""days_since_last_order"": 37}","Prioritize a win-back visit, diagnose the reason for inactivity, and attempt a targeted reorder based on the outlet's prior mix.",0.0,15086.46,0.0,0.0,0.0,3.0,2.0,,,,,15086.46,0.0,,,3.0,0.0,,37.0,,,
274,102,OPP-000979,1513,Revenue Recovery,73.89,P2,Planned,65.06,MEDIUM,"{""revenue_previous_30d"": 44023.36, ""revenue_30d"": 13180.68, ""revenue_growth_30d"": -0.7006, ""revenue_gap_vs_previous_30d"": 30842.68, ""orders_previous_30d"": 6, ""orders_30d"": 2, ""revenue_index_vs_peer"": 0.599}","Review the outlet's recent order decline, identify the lost SKU/category demand, and schedule a recovery visit with a targeted reorder proposal.",13180.68,44023.36,4393.56,21.7153732627362,0.598612453403286,3.0,3.0,,,,,44023.36,13180.68,-0.7006,30842.68,6.0,2.0,0.599,,,,
275,103,OPP-000725,1119,Revenue Recovery,73.87,P2,Planned,85.64,HIGH,"{""revenue_previous_30d"": 8694.69, ""revenue_30d"": 640.26, ""revenue_growth_30d"": -0.9264, ""revenue_gap_vs_previous_30d"": 8054.43, ""orders_previous_30d"": 2, ""orders_30d"": 1, ""revenue_index_vs_peer"": 0.114}","Review the outlet's recent order decline, identify the lost SKU/category demand, and schedule a recovery visit with a targeted reorder proposal.",640.26,8694.69,128.052,1.7391512205377715,0.1135939848023291,5.0,4.0,,,,,8694.69,640.26,-0.9264,8054.43,2.0,1.0,0.114,,,,
276,104,OPP-000271,436,Revenue Recovery,73.82,P2,Planned,76.65,MEDIUM,"{""revenue_previous_30d"": 22605.43, ""revenue_30d"": 3310.05, ""revenue_growth_30d"": -0.8536, ""revenue_gap_vs_previous_30d"": 19295.38, ""orders_previous_30d"": 5, ""orders_30d"": 1, ""revenue_index_vs_peer"": 0.674}","Review the outlet's recent order decline, identify the lost SKU/category demand, and schedule a recovery visit with a targeted reorder proposal.",3310.05,22605.43,3310.05,12.940222838195853,0.6736554823229162,1.0,1.0,,,,,22605.43,3310.05,-0.8536,19295.38,5.0,1.0,0.674,,,,
277,116,OPP-000230,377,Cross-Sell,73.81,P2,Planned,96.0,HIGH,"{""target_category"": ""Snacks"", ""territory_category_rank"": 1, ""territory_category_orders_90d"": 1105, ""current_category_count_90d"": 2}","Introduce Snacks during the next outlet visit and assess fit, expected demand, and an initial reorder quantity.",386.81,374.82,128.93666666666667,2.079444778943747,0.2652017414555552,3.0,3.0,Snacks,1.0,1105.0,2.0,,,,,,,,,,,
278,117,OPP-001190,1802,Cross-Sell,73.81,P2,Planned,96.0,HIGH,"{""target_category"": ""Snacks"", ""territory_category_rank"": 1, ""territory_category_orders_90d"": 1105, ""current_category_count_90d"": 2}","Introduce Snacks during the next outlet visit and assess fit, expected demand, and an initial reorder quantity.",1592.92,0.0,796.46,7.759829733088397,1.0921257413184329,2.0,1.0,Snacks,1.0,1105.0,2.0,,,,,,,,,,,
279,118,OPP-001729,2551,Cross-Sell,73.81,P2,Planned,96.0,HIGH,"{""target_category"": ""Snacks"", ""territory_category_rank"": 1, ""territory_category_orders_90d"": 1105, ""current_category_count_90d"": 2}","Introduce Snacks during the next outlet visit and assess fit, expected demand, and an initial reorder quantity.",0.0,1380.94,0.0,0.0,0.0,0.0,0.0,Snacks,1.0,1105.0,2.0,,,,,,,,,,,
280,105,OPP-002001,2929,Revenue Recovery,73.8,P2,Planned,79.58,MEDIUM,"{""revenue_previous_30d"": 14635.69, ""revenue_30d"": 1898.53, ""revenue_growth_30d"": -0.8703, ""revenue_gap_vs_previous_30d"": 12737.16, ""orders_previous_30d"": 3, ""orders_30d"": 1, ""revenue_index_vs_peer"": 0.423}","Review the outlet's recent order decline, identify the lost SKU/category demand, and schedule a recovery visit with a targeted reorder proposal.",1898.53,14635.69,1898.53,4.463374925797711,0.42252464780896,1.0,0.0,,,,,14635.69,1898.53,-0.8703,12737.16,3.0,1.0,0.423,,,,
281,106,OPP-000079,131,Revenue Recovery,73.69,P2,Planned,65.48,MEDIUM,"{""revenue_previous_30d"": 34904.6, ""revenue_30d"": 9256.88, ""revenue_growth_30d"": -0.7348, ""revenue_gap_vs_previous_30d"": 25647.72, ""orders_previous_30d"": 5, ""orders_30d"": 3, ""revenue_index_vs_peer"": 0.463}","Review the outlet's recent order decline, identify the lost SKU/category demand, and schedule a recovery visit with a targeted reorder proposal.",9256.878,34904.6,4628.439,13.580821403316248,0.4634813026614852,2.0,1.0,,,,,34904.6,9256.88,-0.7348,25647.72,5.0,3.0,0.463,,,,
282,53,OPP-000613,953,Inactive Outlet,73.68,P2,Planned,70.0,MEDIUM,"{""revenue_previous_30d"": 15832.28, ""revenue_30d"": 0.0, ""orders_previous_30d"": 3, ""orders_30d"": 0, ""days_since_last_order"": 36}","Prioritize a win-back visit, diagnose the reason for inactivity, and attempt a targeted reorder based on the outlet's prior mix.",0.0,15832.28,0.0,0.0,0.0,4.0,3.0,,,,,15832.28,0.0,,,3.0,0.0,,36.0,,,
283,107,OPP-000038,63,Revenue Recovery,73.57,P2,Planned,67.09,MEDIUM,"{""revenue_previous_30d"": 29764.37, ""revenue_30d"": 8180.79, ""revenue_growth_30d"": -0.7251, ""revenue_gap_vs_previous_30d"": 21583.58, ""orders_previous_30d"": 4, ""orders_30d"": 2, ""revenue_index_vs_peer"": 0.411}","Review the outlet's recent order decline, identify the lost SKU/category demand, and schedule a recovery visit with a targeted reorder proposal.",8180.790000000001,29764.37,8180.790000000001,17.772982682956528,0.4113732202786407,1.0,0.0,,,,,29764.37,8180.79,-0.7251,21583.58,4.0,2.0,0.411,,,,
284,119,OPP-001092,1672,Cross-Sell,73.41,P2,Planned,98.0,HIGH,"{""target_category"": ""Snacks"", ""territory_category_rank"": 1, ""territory_category_orders_90d"": 899, ""current_category_count_90d"": 1}","Introduce Snacks during the next outlet visit and assess fit, expected demand, and an initial reorder quantity.",0.0,0.0,0.0,0.0,0.0,2.0,1.0,Snacks,1.0,899.0,1.0,,,,,,,,,,,
285,120,OPP-001422,2130,Cross-Sell,73.41,P2,Planned,98.0,HIGH,"{""target_category"": ""Snacks"", ""territory_category_rank"": 1, ""territory_category_orders_90d"": 899, ""current_category_count_90d"": 1}","Introduce Snacks during the next outlet visit and assess fit, expected demand, and an initial reorder quantity.",0.0,134.02,0.0,0.0,0.0,3.0,1.0,Snacks,1.0,899.0,1.0,,,,,,,,,,,
286,108,OPP-000822,1261,Revenue Recovery,73.34,P2,Planned,69.33,MEDIUM,"{""revenue_previous_30d"": 23894.52, ""revenue_30d"": 6242.88, ""revenue_growth_30d"": -0.7387, ""revenue_gap_vs_previous_30d"": 17651.64, ""orders_previous_30d"": 4, ""orders_30d"": 2, ""revenue_index_vs_peer"": 0.326}","Review the outlet's recent order decline, identify the lost SKU/category demand, and schedule a recovery visit with a targeted reorder proposal.",6242.8815,23894.52,3121.44075,8.36419982175328,0.3255178963938679,2.0,1.0,,,,,23894.52,6242.88,-0.7387,17651.64,4.0,2.0,0.326,,,,
287,109,OPP-001305,1962,Revenue Recovery,73.26,P2,Planned,82.75,HIGH,"{""revenue_previous_30d"": 9793.47, ""revenue_30d"": 1005.53, ""revenue_growth_30d"": -0.8973, ""revenue_gap_vs_previous_30d"": 8787.94, ""orders_previous_30d"": 2, ""orders_30d"": 1, ""revenue_index_vs_peer"": 0.171}","Review the outlet's recent order decline, identify the lost SKU/category demand, and schedule a recovery visit with a targeted reorder proposal.",1005.53,9793.47,502.765,2.525010797834406,0.1708472445226019,2.0,1.0,,,,,9793.47,1005.53,-0.8973,8787.94,2.0,1.0,0.171,,,,
288,110,OPP-000130,216,Revenue Recovery,73.2,P2,Planned,70.85,MEDIUM,"{""revenue_previous_30d"": 22440.48, ""revenue_30d"": 5276.7, ""revenue_growth_30d"": -0.7649, ""revenue_gap_vs_previous_30d"": 17163.78, ""orders_previous_30d"": 4, ""orders_30d"": 2, ""revenue_index_vs_peer"": 0.346}","Review the outlet's recent order decline, identify the lost SKU/category demand, and schedule a recovery visit with a targeted reorder proposal.",5276.700000000001,22440.480000000003,5276.700000000001,7.488327294695418,0.3463246934291048,1.0,1.0,,,,,22440.48,5276.7,-0.7649,17163.78,4.0,2.0,0.346,,,,
289,111,OPP-001775,2597,Revenue Recovery,73.02,P2,Planned,79.32,MEDIUM,"{""revenue_previous_30d"": 12212.74, ""revenue_30d"": 1572.28, ""revenue_growth_30d"": -0.8713, ""revenue_gap_vs_previous_30d"": 10640.46, ""orders_previous_30d"": 4, ""orders_30d"": 2, ""revenue_index_vs_peer"": 0.278}","Review the outlet's recent order decline, identify the lost SKU/category demand, and schedule a recovery visit with a targeted reorder proposal.",1572.2775,12212.74,786.1387500000001,3.7154783802995306,0.2779697469542757,2.0,1.0,,,,,12212.74,1572.28,-0.8713,10640.46,4.0,2.0,0.278,,,,
290,112,OPP-001805,2635,Revenue Recovery,72.93,P2,Planned,66.98,MEDIUM,"{""revenue_previous_30d"": 27032.6, ""revenue_30d"": 6885.59, ""revenue_growth_30d"": -0.7453, ""revenue_gap_vs_previous_30d"": 20147.01, ""orders_previous_30d"": 6, ""orders_30d"": 4, ""revenue_index_vs_peer"": 0.346}","Review the outlet's recent order decline, identify the lost SKU/category demand, and schedule a recovery visit with a targeted reorder proposal.",6885.594,27032.6,1377.1188,12.16305674967568,0.3462439418822983,5.0,4.0,,,,,27032.6,6885.59,-0.7453,20147.01,6.0,4.0,0.346,,,,
291,113,OPP-000371,595,Revenue Recovery,72.89,P2,Planned,77.9,MEDIUM,"{""revenue_previous_30d"": 13485.95, ""revenue_30d"": 1911.53, ""revenue_growth_30d"": -0.8583, ""revenue_gap_vs_previous_30d"": 11574.42, ""orders_previous_30d"": 4, ""orders_30d"": 2, ""revenue_index_vs_peer"": 0.312}","Review the outlet's recent order decline, identify the lost SKU/category demand, and schedule a recovery visit with a targeted reorder proposal.",1911.528,13485.95,955.764,5.210739499825403,0.3118586109402607,2.0,1.0,,,,,13485.95,1911.53,-0.8583,11574.42,4.0,2.0,0.312,,,,
292,114,OPP-000218,362,Revenue Recovery,72.82,P2,Planned,68.56,MEDIUM,"{""revenue_previous_30d"": 24591.74, ""revenue_30d"": 7089.72, ""revenue_growth_30d"": -0.7117, ""revenue_gap_vs_previous_30d"": 17502.02, ""orders_previous_30d"": 5, ""orders_30d"": 2, ""revenue_index_vs_peer"": 0.35}","Review the outlet's recent order decline, identify the lost SKU/category demand, and schedule a recovery visit with a targeted reorder proposal.",7089.72,24591.74,1181.62,11.487100319399367,0.3504829588850939,6.0,3.0,,,,,24591.74,7089.72,-0.7117,17502.02,5.0,2.0,0.35,,,,
293,115,OPP-000890,1378,Revenue Recovery,72.74,P2,Planned,74.03,MEDIUM,"{""revenue_previous_30d"": 14741.18, ""revenue_30d"": 4275.31, ""revenue_growth_30d"": -0.71, ""revenue_gap_vs_previous_30d"": 10465.87, ""orders_previous_30d"": 6, ""orders_30d"": 1, ""revenue_index_vs_peer"": 0.211}","Review the outlet's recent order decline, identify the lost SKU/category demand, and schedule a recovery visit with a targeted reorder proposal.",4275.31,14741.18,1425.1033333333337,6.257024922081906,0.2113515482911921,3.0,3.0,,,,,14741.18,4275.31,-0.71,10465.87,6.0,1.0,0.211,,,,
294,54,OPP-001555,2311,Inactive Outlet,72.74,P2,Planned,70.0,MEDIUM,"{""revenue_previous_30d"": 24904.97, ""revenue_30d"": 0.0, ""orders_previous_30d"": 3, ""orders_30d"": 0, ""days_since_last_order"": 32}","Prioritize a win-back visit, diagnose the reason for inactivity, and attempt a targeted reorder based on the outlet's prior mix.",0.0,24904.97,0.0,0.0,0.0,1.0,1.0,,,,,24904.97,0.0,,,3.0,0.0,,32.0,,,
295,116,OPP-001643,2428,Revenue Recovery,72.57,P2,Planned,85.71,HIGH,"{""revenue_previous_30d"": 8240.53, ""revenue_30d"": 832.87, ""revenue_growth_30d"": -0.8989, ""revenue_gap_vs_previous_30d"": 7407.66, ""orders_previous_30d"": 3, ""orders_30d"": 1, ""revenue_index_vs_peer"": 0.148}","Review the outlet's recent order decline, identify the lost SKU/category demand, and schedule a recovery visit with a targeted reorder proposal.",832.87,8240.529999999999,832.87,1.957638367051259,0.1477665668983161,1.0,0.0,,,,,8240.53,832.87,-0.8989,7407.66,3.0,1.0,0.148,,,,
296,117,OPP-001935,2833,Revenue Recovery,72.52,P2,Planned,85.08,HIGH,"{""revenue_previous_30d"": 9759.87, ""revenue_30d"": 781.38, ""revenue_growth_30d"": -0.9199, ""revenue_gap_vs_previous_30d"": 8978.49, ""orders_previous_30d"": 5, ""orders_30d"": 1, ""revenue_index_vs_peer"": 0.421}","Review the outlet's recent order decline, identify the lost SKU/category demand, and schedule a recovery visit with a targeted reorder proposal.",781.38,9759.87,260.46,4.7490286243570505,0.4208660993213401,3.0,2.0,,,,,9759.87,781.38,-0.9199,8978.49,5.0,1.0,0.421,,,,
297,118,OPP-001715,2535,Revenue Recovery,72.5,P2,Planned,69.91,MEDIUM,"{""revenue_previous_30d"": 19413.6, ""revenue_30d"": 5185.41, ""revenue_growth_30d"": -0.7329, ""revenue_gap_vs_previous_30d"": 14228.19, ""orders_previous_30d"": 2, ""orders_30d"": 1, ""revenue_index_vs_peer"": 0.26}","Review the outlet's recent order decline, identify the lost SKU/category demand, and schedule a recovery visit with a targeted reorder proposal.",5185.41,19413.6,0.0,7.035889834682553,0.2596275527919771,0.0,0.0,,,,,19413.6,5185.41,-0.7329,14228.19,2.0,1.0,0.26,,,,
298,121,OPP-000120,207,Cross-Sell,72.49,P2,Planned,87.0,HIGH,"{""target_category"": ""Beverages"", ""territory_category_rank"": 2, ""territory_category_orders_90d"": 1822, ""current_category_count_90d"": 3}","Introduce Beverages during the next outlet visit and assess fit, expected demand, and an initial reorder quantity.",0.0,0.0,0.0,0.0,0.0,2.0,0.0,Beverages,2.0,1822.0,3.0,,,,,,,,,,,
299,122,OPP-000143,240,Cross-Sell,72.49,P2,Planned,87.0,HIGH,"{""target_category"": ""Beverages"", ""territory_category_rank"": 2, ""territory_category_orders_90d"": 1822, ""current_category_count_90d"": 3}","Introduce Beverages during the next outlet visit and assess fit, expected demand, and an initial reorder quantity.",0.0,3080.0,0.0,6.123025414209704,0.0,4.0,3.0,Beverages,2.0,1822.0,3.0,,,,,,,,,,,
300,123,OPP-000266,431,Cross-Sell,72.49,P2,Planned,87.0,HIGH,"{""target_category"": ""Beverages"", ""territory_category_rank"": 2, ""territory_category_orders_90d"": 1822, ""current_category_count_90d"": 3}","Introduce Beverages during the next outlet visit and assess fit, expected demand, and an initial reorder quantity.",2075.05,0.0,1037.525,12.21036390715169,1.53918332529763,2.0,1.0,Beverages,2.0,1822.0,3.0,,,,,,,,,,,
301,124,OPP-000319,513,Cross-Sell,72.49,P2,Planned,87.0,HIGH,"{""target_category"": ""Beverages"", ""territory_category_rank"": 2, ""territory_category_orders_90d"": 1822, ""current_category_count_90d"": 3}","Introduce Beverages during the next outlet visit and assess fit, expected demand, and an initial reorder quantity.",1707.39,1232.24,1707.39,8.437438846247359,1.2664688647405704,1.0,0.0,Beverages,2.0,1822.0,3.0,,,,,,,,,,,
302,125,OPP-000329,527,Cross-Sell,72.49,P2,Planned,87.0,HIGH,"{""target_category"": ""Beverages"", ""territory_category_rank"": 2, ""territory_category_orders_90d"": 1822, ""current_category_count_90d"": 3}","Introduce Beverages during the next outlet visit and assess fit, expected demand, and an initial reorder quantity.",0.0,2165.03,0.0,0.0,0.0,0.0,0.0,Beverages,2.0,1822.0,3.0,,,,,,,,,,,
303,126,OPP-001265,1902,Cross-Sell,72.49,P2,Planned,87.0,HIGH,"{""target_category"": ""Beverages"", ""territory_category_rank"": 2, ""territory_category_orders_90d"": 1822, ""current_category_count_90d"": 3}","Introduce Beverages during the next outlet visit and assess fit, expected demand, and an initial reorder quantity.",1934.57,1764.92,483.6425,4.90946183637428,0.342021006702273,4.0,2.0,Beverages,2.0,1822.0,3.0,,,,,,,,,,,
304,127,OPP-001312,1974,Cross-Sell,72.49,P2,Planned,87.0,HIGH,"{""target_category"": ""Beverages"", ""territory_category_rank"": 2, ""territory_category_orders_90d"": 1822, ""current_category_count_90d"": 3}","Introduce Beverages during the next outlet visit and assess fit, expected demand, and an initial reorder quantity.",0.0,0.0,0.0,0.0,0.0,1.0,0.0,Beverages,2.0,1822.0,3.0,,,,,,,,,,,
305,128,OPP-001419,2128,Cross-Sell,72.49,P2,Planned,87.0,HIGH,"{""target_category"": ""Beverages"", ""territory_category_rank"": 2, ""territory_category_orders_90d"": 1822, ""current_category_count_90d"": 3}","Introduce Beverages during the next outlet visit and assess fit, expected demand, and an initial reorder quantity.",0.0,2576.82,0.0,0.0,0.0,0.0,0.0,Beverages,2.0,1822.0,3.0,,,,,,,,,,,
306,129,OPP-001540,2290,Cross-Sell,72.49,P2,Planned,87.0,HIGH,"{""target_category"": ""Beverages"", ""territory_category_rank"": 2, ""territory_category_orders_90d"": 1822, ""current_category_count_90d"": 3}","Introduce Beverages during the next outlet visit and assess fit, expected demand, and an initial reorder quantity.",334.32,1540.04,167.16,0.9605154927368056,0.0591058803562052,2.0,1.0,Beverages,2.0,1822.0,3.0,,,,,,,,,,,
307,130,OPP-001943,2844,Cross-Sell,72.49,P2,Planned,87.0,HIGH,"{""target_category"": ""Beverages"", ""territory_category_rank"": 2, ""territory_category_orders_90d"": 1822, ""current_category_count_90d"": 3}","Introduce Beverages during the next outlet visit and assess fit, expected demand, and an initial reorder quantity.",1256.23,0.0,628.115,6.727953384247903,0.9318176760746208,2.0,2.0,Beverages,2.0,1822.0,3.0,,,,,,,,,,,
308,55,OPP-000639,1001,Inactive Outlet,72.47,P2,Planned,77.72,MEDIUM,"{""revenue_previous_30d"": 8429.88, ""revenue_30d"": 0.0, ""orders_previous_30d"": 2, ""orders_30d"": 0, ""days_since_last_order"": 52}","Prioritize a win-back visit, diagnose the reason for inactivity, and attempt a targeted reorder based on the outlet's prior mix.",0.0,8429.880000000001,0.0,0.0,0.0,1.0,1.0,,,,,8429.88,0.0,,,2.0,0.0,,52.0,,,
309,56,OPP-000158,255,Inactive Outlet,72.33,P2,Planned,74.0,MEDIUM,"{""revenue_previous_30d"": 10320.24, ""revenue_30d"": 0.0, ""orders_previous_30d"": 2, ""orders_30d"": 0, ""days_since_last_order"": 47}","Prioritize a win-back visit, diagnose the reason for inactivity, and attempt a targeted reorder based on the outlet's prior mix.",0.0,10320.24,0.0,0.0,0.0,3.0,2.0,,,,,10320.24,0.0,,,2.0,0.0,,47.0,,,
310,119,OPP-001647,2433,Revenue Recovery,72.1,P2,Planned,66.58,MEDIUM,"{""revenue_previous_30d"": 27209.37, ""revenue_30d"": 8584.98, ""revenue_growth_30d"": -0.6845, ""revenue_gap_vs_previous_30d"": 18624.39, ""orders_previous_30d"": 6, ""orders_30d"": 2, ""revenue_index_vs_peer"": 0.422}","Review the outlet's recent order decline, identify the lost SKU/category demand, and schedule a recovery visit with a targeted reorder proposal.",8584.98,27209.37,4292.49,14.838391649414223,0.4219363162195204,2.0,1.0,,,,,27209.37,8584.98,-0.6845,18624.39,6.0,2.0,0.422,,,,
311,120,OPP-001079,1649,Revenue Recovery,71.92,P2,Planned,81.56,HIGH,"{""revenue_previous_30d"": 9833.31, ""revenue_30d"": 1388.47, ""revenue_growth_30d"": -0.8588, ""revenue_gap_vs_previous_30d"": 8444.84, ""orders_previous_30d"": 3, ""orders_30d"": 1, ""revenue_index_vs_peer"": 0.237}","Review the outlet's recent order decline, identify the lost SKU/category demand, and schedule a recovery visit with a targeted reorder proposal.",1388.47,9833.31,231.41166666666663,4.128207011235447,0.2372244566015943,6.0,4.0,,,,,9833.31,1388.47,-0.8588,8444.84,3.0,1.0,0.237,,,,
312,121,OPP-001124,1715,Revenue Recovery,71.9,P2,Planned,73.87,MEDIUM,"{""revenue_previous_30d"": 20667.79, ""revenue_30d"": 2892.36, ""revenue_growth_30d"": -0.8601, ""revenue_gap_vs_previous_30d"": 17775.43, ""orders_previous_30d"": 4, ""orders_30d"": 2, ""revenue_index_vs_peer"": 0.589}","Review the outlet's recent order decline, identify the lost SKU/category demand, and schedule a recovery visit with a targeted reorder proposal.",2892.3615,20667.79,0.0,7.050249908896904,0.5886482625140809,0.0,0.0,,,,,20667.79,2892.36,-0.8601,17775.43,4.0,2.0,0.589,,,,
313,57,OPP-001211,1829,Inactive Outlet,71.89,P2,Planned,70.0,MEDIUM,"{""revenue_previous_30d"": 13332.52, ""revenue_30d"": 0.0, ""orders_previous_30d"": 4, ""orders_30d"": 0, ""days_since_last_order"": 34}","Prioritize a win-back visit, diagnose the reason for inactivity, and attempt a targeted reorder based on the outlet's prior mix.",0.0,13332.52,0.0,0.0,0.0,2.0,2.0,,,,,13332.52,0.0,,,4.0,0.0,,34.0,,,
314,122,OPP-000333,535,Revenue Recovery,71.77,P2,Planned,62.5,MEDIUM,"{""revenue_previous_30d"": 41719.61, ""revenue_30d"": 13351.29, ""revenue_growth_30d"": -0.68, ""revenue_gap_vs_previous_30d"": 28368.32, ""orders_previous_30d"": 5, ""orders_30d"": 2, ""revenue_index_vs_peer"": 0.606}","Review the outlet's recent order decline, identify the lost SKU/category demand, and schedule a recovery visit with a targeted reorder proposal.",13351.29,41719.61,4450.43,19.0268323670014,0.6063608602134911,3.0,2.0,,,,,41719.61,13351.29,-0.68,28368.32,5.0,2.0,0.606,,,,
315,123,OPP-001685,2493,Revenue Recovery,71.76,P2,Planned,64.91,MEDIUM,"{""revenue_previous_30d"": 26292.83, ""revenue_30d"": 5901.49, ""revenue_growth_30d"": -0.7755, ""revenue_gap_vs_previous_30d"": 20391.34, ""orders_previous_30d"": 3, ""orders_30d"": 3, ""revenue_index_vs_peer"": 0.292}","Review the outlet's recent order decline, identify the lost SKU/category demand, and schedule a recovery visit with a targeted reorder proposal.",5901.4935000000005,26292.83,983.58225,8.365067897239461,0.2917425376067248,6.0,3.0,,,,,26292.83,5901.49,-0.7755,20391.34,3.0,3.0,0.292,,,,
316,58,OPP-000660,1031,Inactive Outlet,71.75,P2,Planned,88.08,HIGH,"{""revenue_previous_30d"": 8520.97, ""revenue_30d"": 0.0, ""orders_previous_30d"": 1, ""orders_30d"": 0, ""days_since_last_order"": 57}","Prioritize a win-back visit, diagnose the reason for inactivity, and attempt a targeted reorder based on the outlet's prior mix.",0.0,8520.97,0.0,0.0,0.0,6.0,4.0,,,,,8520.97,0.0,,,1.0,0.0,,57.0,,,
317,59,OPP-000445,702,Inactive Outlet,71.68,P2,Planned,74.64,MEDIUM,"{""revenue_previous_30d"": 8660.99, ""revenue_30d"": 0.0, ""orders_previous_30d"": 2, ""orders_30d"": 0, ""days_since_last_order"": 50}","Prioritize a win-back visit, diagnose the reason for inactivity, and attempt a targeted reorder based on the outlet's prior mix.",0.0,8660.99,0.0,0.0,0.0,1.0,1.0,,,,,8660.99,0.0,,,2.0,0.0,,50.0,,,
318,60,OPP-001625,2403,Inactive Outlet,71.68,P2,Planned,70.0,MEDIUM,"{""revenue_previous_30d"": 12828.82, ""revenue_30d"": 0.0, ""orders_previous_30d"": 2, ""orders_30d"": 0, ""days_since_last_order"": 42}","Prioritize a win-back visit, diagnose the reason for inactivity, and attempt a targeted reorder based on the outlet's prior mix.",0.0,12828.82,0.0,0.0,0.0,1.0,0.0,,,,,12828.82,0.0,,,2.0,0.0,,42.0,,,
319,124,OPP-001001,1543,Revenue Recovery,71.59,P2,Planned,78.91,MEDIUM,"{""revenue_previous_30d"": 10815.68, ""revenue_30d"": 1215.27, ""revenue_growth_30d"": -0.8876, ""revenue_gap_vs_previous_30d"": 9600.41, ""orders_previous_30d"": 3, ""orders_30d"": 2, ""revenue_index_vs_peer"": 0.215}","Review the outlet's recent order decline, identify the lost SKU/category demand, and schedule a recovery visit with a targeted reorder proposal.",1215.27,10815.68,0.0,2.932195910169757,0.2148528452395474,0.0,0.0,,,,,10815.68,1215.27,-0.8876,9600.41,3.0,2.0,0.215,,,,
320,125,OPP-001815,2649,Revenue Recovery,71.59,P2,Planned,66.03,MEDIUM,"{""revenue_previous_30d"": 23073.18, ""revenue_30d"": 5081.97, ""revenue_growth_30d"": -0.7797, ""revenue_gap_vs_previous_30d"": 17991.21, ""orders_previous_30d"": 3, ""orders_30d"": 4, ""revenue_index_vs_peer"": 0.237}","Review the outlet's recent order decline, identify the lost SKU/category demand, and schedule a recovery visit with a targeted reorder proposal.",5081.969999999999,23073.18,1270.4924999999998,8.692293061655096,0.2366273007216895,4.0,4.0,,,,,23073.18,5081.97,-0.7797,17991.21,3.0,4.0,0.237,,,,
321,61,OPP-001520,2261,Inactive Outlet,71.45,P2,Planned,70.0,MEDIUM,"{""revenue_previous_30d"": 16509.48, ""revenue_30d"": 0.0, ""orders_previous_30d"": 4, ""orders_30d"": 0, ""days_since_last_order"": 30}","Prioritize a win-back visit, diagnose the reason for inactivity, and attempt a targeted reorder based on the outlet's prior mix.",0.0,16509.48,0.0,18.516837441512084,0.0,3.0,1.0,,,,,16509.48,0.0,,,4.0,0.0,,30.0,,,
322,62,OPP-001350,2036,Inactive Outlet,71.24,P2,Planned,70.0,MEDIUM,"{""revenue_previous_30d"": 7748.6, ""revenue_30d"": 0.0, ""orders_previous_30d"": 4, ""orders_30d"": 0, ""days_since_last_order"": 45}","Prioritize a win-back visit, diagnose the reason for inactivity, and attempt a targeted reorder based on the outlet's prior mix.",0.0,7748.6,0.0,0.0,0.0,0.0,0.0,,,,,7748.6,0.0,,,4.0,0.0,,45.0,,,
323,126,OPP-001606,2383,Revenue Recovery,71.23,P2,Planned,67.21,MEDIUM,"{""revenue_previous_30d"": 19790.67, ""revenue_30d"": 4157.62, ""revenue_growth_30d"": -0.7899, ""revenue_gap_vs_previous_30d"": 15633.05, ""orders_previous_30d"": 3, ""orders_30d"": 4, ""revenue_index_vs_peer"": 0.206}","Review the outlet's recent order decline, identify the lost SKU/category demand, and schedule a recovery visit with a targeted reorder proposal.",4157.6175,19790.67,2078.80875,5.886783676902231,0.2055333755511426,2.0,0.0,,,,,19790.67,4157.62,-0.7899,15633.05,3.0,4.0,0.206,,,,
324,63,OPP-000031,51,Inactive Outlet,71.18,P2,Planned,70.0,MEDIUM,"{""revenue_previous_30d"": 13458.65, ""revenue_30d"": 0.0, ""orders_previous_30d"": 4, ""orders_30d"": 0, ""days_since_last_order"": 33}","Prioritize a win-back visit, diagnose the reason for inactivity, and attempt a targeted reorder based on the outlet's prior mix.",0.0,13458.65,0.0,0.0,0.0,0.0,0.0,,,,,13458.65,0.0,,,4.0,0.0,,33.0,,,
325,127,OPP-000181,295,Revenue Recovery,70.92,P2,Planned,85.0,HIGH,"{""revenue_previous_30d"": 7471.08, ""revenue_30d"": 634.67, ""revenue_growth_30d"": -0.915, ""revenue_gap_vs_previous_30d"": 6836.41, ""orders_previous_30d"": 2, ""orders_30d"": 1, ""revenue_index_vs_peer"": 0.104}","Review the outlet's recent order decline, identify the lost SKU/category demand, and schedule a recovery visit with a targeted reorder proposal.",634.67,7471.08,317.335,1.6807962271266372,0.1035440258293131,2.0,1.0,,,,,7471.08,634.67,-0.915,6836.41,2.0,1.0,0.104,,,,
326,128,OPP-001251,1879,Revenue Recovery,70.91,P2,Planned,82.43,HIGH,"{""revenue_previous_30d"": 9056.62, ""revenue_30d"": 1142.76, ""revenue_growth_30d"": -0.8738, ""revenue_gap_vs_previous_30d"": 7913.86, ""orders_previous_30d"": 3, ""orders_30d"": 1, ""revenue_index_vs_peer"": 0.249}","Review the outlet's recent order decline, identify the lost SKU/category demand, and schedule a recovery visit with a targeted reorder proposal.",1142.76,9056.62,1142.76,3.0099665831442817,0.2491315082379999,1.0,0.0,,,,,9056.62,1142.76,-0.8738,7913.86,3.0,1.0,0.249,,,,
327,131,OPP-000465,739,Cross-Sell,70.85,P2,Planned,100.0,HIGH,"{""target_category"": ""Snacks"", ""territory_category_rank"": 1, ""territory_category_orders_90d"": 756, ""current_category_count_90d"": 0}","Introduce Snacks during the next outlet visit and assess fit, expected demand, and an initial reorder quantity.",0.0,0.0,0.0,0.0,0.0,1.0,1.0,Snacks,1.0,756.0,0.0,,,,,,,,,,,
328,132,OPP-000916,1415,Cross-Sell,70.85,P2,Planned,100.0,HIGH,"{""target_category"": ""Snacks"", ""territory_category_rank"": 1, ""territory_category_orders_90d"": 756, ""current_category_count_90d"": 0}","Introduce Snacks during the next outlet visit and assess fit, expected demand, and an initial reorder quantity.",0.0,0.0,0.0,0.0,0.0,1.0,0.0,Snacks,1.0,756.0,0.0,,,,,,,,,,,
329,133,OPP-001813,2646,Cross-Sell,70.85,P2,Planned,100.0,HIGH,"{""target_category"": ""Snacks"", ""territory_category_rank"": 1, ""territory_category_orders_90d"": 756, ""current_category_count_90d"": 0}","Introduce Snacks during the next outlet visit and assess fit, expected demand, and an initial reorder quantity.",0.0,0.0,0.0,0.0,0.0,2.0,0.0,Snacks,1.0,756.0,0.0,,,,,,,,,,,
330,129,OPP-001160,1759,Revenue Recovery,70.82,P2,Planned,64.46,MEDIUM,"{""revenue_previous_30d"": 27294.67, ""revenue_30d"": 8003.21, ""revenue_growth_30d"": -0.7068, ""revenue_gap_vs_previous_30d"": 19291.46, ""orders_previous_30d"": 5, ""orders_30d"": 3, ""revenue_index_vs_peer"": 0.401}","Review the outlet's recent order decline, identify the lost SKU/category demand, and schedule a recovery visit with a targeted reorder proposal.",8003.2095,27294.67,2000.802375,13.156411383951506,0.4007115535640388,4.0,3.0,,,,,27294.67,8003.21,-0.7068,19291.46,5.0,3.0,0.401,,,,
331,134,OPP-000169,267,Cross-Sell,70.8,P2,Planned,87.0,HIGH,"{""target_category"": ""Beverages"", ""territory_category_rank"": 2, ""territory_category_orders_90d"": 1790, ""current_category_count_90d"": 3}","Introduce Beverages during the next outlet visit and assess fit, expected demand, and an initial reorder quantity.",4080.86,0.0,4080.86,20.963684474680125,3.3536812866217964,1.0,0.0,Beverages,2.0,1790.0,3.0,,,,,,,,,,,
332,135,OPP-000353,567,Cross-Sell,70.8,P2,Planned,87.0,HIGH,"{""target_category"": ""Beverages"", ""territory_category_rank"": 2, ""territory_category_orders_90d"": 1790, ""current_category_count_90d"": 3}","Introduce Beverages during the next outlet visit and assess fit, expected demand, and an initial reorder quantity.",4668.01,370.54,2334.005,22.515118570688543,3.836205550487743,2.0,1.0,Beverages,2.0,1790.0,3.0,,,,,,,,,,,
333,136,OPP-000937,1450,Cross-Sell,70.8,P2,Planned,87.0,HIGH,"{""target_category"": ""Beverages"", ""territory_category_rank"": 2, ""territory_category_orders_90d"": 1790, ""current_category_count_90d"": 3}","Introduce Beverages during the next outlet visit and assess fit, expected demand, and an initial reorder quantity.",0.0,0.0,0.0,0.0,0.0,0.0,0.0,Beverages,2.0,1790.0,3.0,,,,,,,,,,,
334,137,OPP-001506,2239,Cross-Sell,70.8,P2,Planned,87.0,HIGH,"{""target_category"": ""Beverages"", ""territory_category_rank"": 2, ""territory_category_orders_90d"": 1790, ""current_category_count_90d"": 3}","Introduce Beverages during the next outlet visit and assess fit, expected demand, and an initial reorder quantity.",257.51,0.0,257.51,1.3932940520828263,0.2116236450449118,1.0,0.0,Beverages,2.0,1790.0,3.0,,,,,,,,,,,
335,138,OPP-001691,2509,Cross-Sell,70.8,P2,Planned,87.0,HIGH,"{""target_category"": ""Beverages"", ""territory_category_rank"": 2, ""territory_category_orders_90d"": 1790, ""current_category_count_90d"": 3}","Introduce Beverages during the next outlet visit and assess fit, expected demand, and an initial reorder quantity.",979.38,5377.55,326.46,5.901098841507613,0.8048618130716699,3.0,3.0,Beverages,2.0,1790.0,3.0,,,,,,,,,,,
336,64,OPP-000571,893,Inactive Outlet,70.64,P2,Planned,70.0,MEDIUM,"{""revenue_previous_30d"": 11009.18, ""revenue_30d"": 0.0, ""orders_previous_30d"": 3, ""orders_30d"": 0, ""days_since_last_order"": 39}","Prioritize a win-back visit, diagnose the reason for inactivity, and attempt a targeted reorder based on the outlet's prior mix.",0.0,11009.18,0.0,0.0,0.0,3.0,0.0,,,,,11009.18,0.0,,,3.0,0.0,,39.0,,,
337,130,OPP-001027,1572,Revenue Recovery,70.55,P2,Planned,64.77,MEDIUM,"{""revenue_previous_30d"": 23018.02, ""revenue_30d"": 5408.87, ""revenue_growth_30d"": -0.765, ""revenue_gap_vs_previous_30d"": 17609.15, ""orders_previous_30d"": 3, ""orders_30d"": 3, ""revenue_index_vs_peer"": 0.252}","Review the outlet's recent order decline, identify the lost SKU/category demand, and schedule a recovery visit with a targeted reorder proposal.",5408.87,23018.02,2704.435,7.722352414431737,0.251848457990607,2.0,0.0,,,,,23018.02,5408.87,-0.765,17609.15,3.0,3.0,0.252,,,,
338,65,OPP-000146,243,Inactive Outlet,70.5,P2,Planned,70.0,MEDIUM,"{""revenue_previous_30d"": 9305.94, ""revenue_30d"": 0.0, ""orders_previous_30d"": 3, ""orders_30d"": 0, ""days_since_last_order"": 42}","Prioritize a win-back visit, diagnose the reason for inactivity, and attempt a targeted reorder based on the outlet's prior mix.",0.0,9305.94,0.0,0.0,0.0,4.0,0.0,,,,,9305.94,0.0,,,3.0,0.0,,42.0,,,
339,131,OPP-001450,2169,Revenue Recovery,70.49,P2,Planned,88.46,HIGH,"{""revenue_previous_30d"": 6563.41, ""revenue_30d"": 339.57, ""revenue_growth_30d"": -0.9483, ""revenue_gap_vs_previous_30d"": 6223.84, ""orders_previous_30d"": 3, ""orders_30d"": 1, ""revenue_index_vs_peer"": 0.195}","Review the outlet's recent order decline, identify the lost SKU/category demand, and schedule a recovery visit with a targeted reorder proposal.",339.57,6563.41,339.57,1.618210575625861,0.1947232002569013,1.0,0.0,,,,,6563.41,339.57,-0.9483,6223.84,3.0,1.0,0.195,,,,
340,132,OPP-001824,2669,Revenue Recovery,70.28,P2,Planned,71.86,MEDIUM,"{""revenue_previous_30d"": 13131.34, ""revenue_30d"": 3423.02, ""revenue_growth_30d"": -0.7393, ""revenue_gap_vs_previous_30d"": 9708.32, ""orders_previous_30d"": 4, ""orders_30d"": 2, ""revenue_index_vs_peer"": 0.159}","Review the outlet's recent order decline, identify the lost SKU/category demand, and schedule a recovery visit with a targeted reorder proposal.",3423.02,13131.34,3423.02,4.795408314794372,0.1593830705250833,1.0,1.0,,,,,13131.34,3423.02,-0.7393,9708.32,4.0,2.0,0.159,,,,
341,133,OPP-001221,1844,Revenue Recovery,70.26,P2,Planned,79.57,MEDIUM,"{""revenue_previous_30d"": 10167.0, ""revenue_30d"": 1747.76, ""revenue_growth_30d"": -0.8281, ""revenue_gap_vs_previous_30d"": 8419.24, ""orders_previous_30d"": 4, ""orders_30d"": 1, ""revenue_index_vs_peer"": 0.31}","Review the outlet's recent order decline, identify the lost SKU/category demand, and schedule a recovery visit with a targeted reorder proposal.",1747.76,10167.0,1747.76,5.3005310357167765,0.3100850012153169,1.0,0.0,,,,,10167.0,1747.76,-0.8281,8419.24,4.0,1.0,0.31,,,,
342,134,OPP-000718,1113,Revenue Recovery,70.14,P2,Planned,86.78,HIGH,"{""revenue_previous_30d"": 6412.02, ""revenue_30d"": 424.88, ""revenue_growth_30d"": -0.9337, ""revenue_gap_vs_previous_30d"": 5987.14, ""orders_previous_30d"": 2, ""orders_30d"": 1, ""revenue_index_vs_peer"": 0.072}","Review the outlet's recent order decline, identify the lost SKU/category demand, and schedule a recovery visit with a targeted reorder proposal.",424.88,6412.02,0.0,1.2995879295662984,0.0721903645368742,0.0,0.0,,,,,6412.02,424.88,-0.9337,5987.14,2.0,1.0,0.072,,,,
343,135,OPP-000778,1203,Revenue Recovery,70.04,P2,Planned,77.91,MEDIUM,"{""revenue_previous_30d"": 11481.6, ""revenue_30d"": 1824.52, ""revenue_growth_30d"": -0.8411, ""revenue_gap_vs_previous_30d"": 9657.08, ""orders_previous_30d"": 3, ""orders_30d"": 1, ""revenue_index_vs_peer"": 0.398}","Review the outlet's recent order decline, identify the lost SKU/category demand, and schedule a recovery visit with a targeted reorder proposal.",1824.52,11481.6,608.1733333333333,5.607175630980897,0.3977610516734884,3.0,3.0,,,,,11481.6,1824.52,-0.8411,9657.08,3.0,1.0,0.398,,,,
344,136,OPP-001112,1701,Revenue Recovery,70.02,P2,Planned,66.35,MEDIUM,"{""revenue_previous_30d"": 19415.16, ""revenue_30d"": 6090.27, ""revenue_growth_30d"": -0.6863, ""revenue_gap_vs_previous_30d"": 13324.89, ""orders_previous_30d"": 4, ""orders_30d"": 2, ""revenue_index_vs_peer"": 0.279}","Review the outlet's recent order decline, identify the lost SKU/category demand, and schedule a recovery visit with a targeted reorder proposal.",6090.27,19415.16,2030.09,25.477964149614696,0.2794377356360917,3.0,3.0,,,,,19415.16,6090.27,-0.6863,13324.89,4.0,2.0,0.279,,,,
345,137,OPP-001119,1709,Revenue Recovery,70.0,P2,Planned,65.24,MEDIUM,"{""revenue_previous_30d"": 22160.18, ""revenue_30d"": 6988.28, ""revenue_growth_30d"": -0.6846, ""revenue_gap_vs_previous_30d"": 15171.9, ""orders_previous_30d"": 4, ""orders_30d"": 2, ""revenue_index_vs_peer"": 0.345}","Review the outlet's recent order decline, identify the lost SKU/category demand, and schedule a recovery visit with a targeted reorder proposal.",6988.284000000001,22160.18,1164.7140000000002,11.445746369751046,0.3454684323004801,6.0,5.0,,,,,22160.18,6988.28,-0.6846,15171.9,4.0,2.0,0.345,,,,
346,66,OPP-000276,441,Inactive Outlet,69.95,P2,Planned,74.08,MEDIUM,"{""revenue_previous_30d"": 7521.19, ""revenue_30d"": 0.0, ""orders_previous_30d"": 2, ""orders_30d"": 0, ""days_since_last_order"": 52}","Prioritize a win-back visit, diagnose the reason for inactivity, and attempt a targeted reorder based on the outlet's prior mix.",0.0,7521.19,0.0,0.0,0.0,4.0,1.0,,,,,7521.19,0.0,,,2.0,0.0,,52.0,,,
347,138,OPP-000848,1310,Revenue Recovery,69.94,P2,Planned,62.47,MEDIUM,"{""revenue_previous_30d"": 31091.04, ""revenue_30d"": 7890.54, ""revenue_growth_30d"": -0.7462, ""revenue_gap_vs_previous_30d"": 23200.5, ""orders_previous_30d"": 5, ""orders_30d"": 4, ""revenue_index_vs_peer"": 0.518}","Review the outlet's recent order decline, identify the lost SKU/category demand, and schedule a recovery visit with a targeted reorder proposal.",7890.538500000001,31091.04,1315.08975,11.294194106894183,0.5178782813127615,6.0,5.0,,,,,31091.04,7890.54,-0.7462,23200.5,5.0,4.0,0.518,,,,
348,139,OPP-000587,914,Revenue Recovery,69.88,P2,Planned,92.23,HIGH,"{""revenue_previous_30d"": 5279.3, ""revenue_30d"": 170.04, ""revenue_growth_30d"": -0.9678, ""revenue_gap_vs_previous_30d"": 5109.26, ""orders_previous_30d"": 4, ""orders_30d"": 1, ""revenue_index_vs_peer"": 0.118}","Review the outlet's recent order decline, identify the lost SKU/category demand, and schedule a recovery visit with a targeted reorder proposal.",170.04,5279.3,0.0,0.8531035378912126,0.1177537862786784,0.0,0.0,,,,,5279.3,170.04,-0.9678,5109.26,4.0,1.0,0.118,,,,
349,140,OPP-001040,1590,Revenue Recovery,69.74,P2,Planned,85.37,HIGH,"{""revenue_previous_30d"": 6680.59, ""revenue_30d"": 542.84, ""revenue_growth_30d"": -0.9187, ""revenue_gap_vs_previous_30d"": 6137.75, ""orders_previous_30d"": 2, ""orders_30d"": 1, ""revenue_index_vs_peer"": 0.096}","Review the outlet's recent order decline, identify the lost SKU/category demand, and schedule a recovery visit with a targeted reorder proposal.",542.84,6680.59,0.0,6.767361255440512,0.095971034016997,0.0,0.0,,,,,6680.59,542.84,-0.9187,6137.75,2.0,1.0,0.096,,,,
350,141,OPP-001851,2719,Revenue Recovery,69.73,P2,Planned,70.33,MEDIUM,"{""revenue_previous_30d"": 26838.03, ""revenue_30d"": 4926.67, ""revenue_growth_30d"": -0.8164, ""revenue_gap_vs_previous_30d"": 21911.36, ""orders_previous_30d"": 8, ""orders_30d"": 2, ""revenue_index_vs_peer"": 0.871}","Review the outlet's recent order decline, identify the lost SKU/category demand, and schedule a recovery visit with a targeted reorder proposal.",4926.67,26838.03,0.0,11.859385971479238,0.8710073210531991,0.0,0.0,,,,,26838.03,4926.67,-0.8164,21911.36,8.0,2.0,0.871,,,,
351,67,OPP-000661,1032,Inactive Outlet,69.7,P2,Planned,70.0,MEDIUM,"{""revenue_previous_30d"": 10094.56, ""revenue_30d"": 0.0, ""orders_previous_30d"": 2, ""orders_30d"": 0, ""days_since_last_order"": 44}","Prioritize a win-back visit, diagnose the reason for inactivity, and attempt a targeted reorder based on the outlet's prior mix.",0.0,10094.56,0.0,0.0,0.0,1.0,0.0,,,,,10094.56,0.0,,,2.0,0.0,,44.0,,,
352,68,OPP-001192,1805,Inactive Outlet,69.61,P2,Planned,78.0,MEDIUM,"{""revenue_previous_30d"": 10830.67, ""revenue_30d"": 0.0, ""orders_previous_30d"": 1, ""orders_30d"": 0, ""days_since_last_order"": 49}","Prioritize a win-back visit, diagnose the reason for inactivity, and attempt a targeted reorder based on the outlet's prior mix.",0.0,10830.67,0.0,0.0,0.0,0.0,0.0,,,,,10830.67,0.0,,,1.0,0.0,,49.0,,,
353,139,OPP-000572,894,Cross-Sell,69.58,P2,Planned,96.0,HIGH,"{""target_category"": ""Snacks"", ""territory_category_rank"": 1, ""territory_category_orders_90d"": 901, ""current_category_count_90d"": 2}","Introduce Snacks during the next outlet visit and assess fit, expected demand, and an initial reorder quantity.",1219.83,34.68,406.61,6.067954645169185,0.699499959859163,3.0,2.0,Snacks,1.0,901.0,2.0,,,,,,,,,,,
354,142,OPP-000413,652,Revenue Recovery,69.55,P2,Planned,60.0,MEDIUM,"{""revenue_previous_30d"": 46111.48, ""revenue_30d"": 13679.18, ""revenue_growth_30d"": -0.7033, ""revenue_gap_vs_previous_30d"": 32432.3, ""orders_previous_30d"": 7, ""orders_30d"": 4, ""revenue_index_vs_peer"": 0.713}","Review the outlet's recent order decline, identify the lost SKU/category demand, and schedule a recovery visit with a targeted reorder proposal.",13679.18,46111.48,6839.59,18.74395375337288,0.713263241980978,2.0,2.0,,,,,46111.48,13679.18,-0.7033,32432.3,7.0,4.0,0.713,,,,
355,69,OPP-001663,2460,Inactive Outlet,69.54,P2,Planned,70.0,MEDIUM,"{""revenue_previous_30d"": 9296.96, ""revenue_30d"": 0.0, ""orders_previous_30d"": 3, ""orders_30d"": 0, ""days_since_last_order"": 41}","Prioritize a win-back visit, diagnose the reason for inactivity, and attempt a targeted reorder based on the outlet's prior mix.",0.0,9296.96,0.0,0.0,0.0,0.0,0.0,,,,,9296.96,0.0,,,3.0,0.0,,41.0,,,
356,143,OPP-000356,570,Revenue Recovery,69.51,P2,Planned,91.18,HIGH,"{""revenue_previous_30d"": 5084.42, ""revenue_30d"": 78.67, ""revenue_growth_30d"": -0.9845, ""revenue_gap_vs_previous_30d"": 5005.75, ""orders_previous_30d"": 2, ""orders_30d"": 1, ""revenue_index_vs_peer"": 0.016}","Review the outlet's recent order decline, identify the lost SKU/category demand, and schedule a recovery visit with a targeted reorder proposal.",78.67,5084.42,26.223333333333333,0.222582488781752,0.0160107783249025,3.0,2.0,,,,,5084.42,78.67,-0.9845,5005.75,2.0,1.0,0.016,,,,
357,144,OPP-001099,1684,Revenue Recovery,69.33,P2,Planned,63.21,MEDIUM,"{""revenue_previous_30d"": 27715.14, ""revenue_30d"": 9308.21, ""revenue_growth_30d"": -0.6641, ""revenue_gap_vs_previous_30d"": 18406.93, ""orders_previous_30d"": 5, ""orders_30d"": 2, ""revenue_index_vs_peer"": 0.485}","Review the outlet's recent order decline, identify the lost SKU/category demand, and schedule a recovery visit with a targeted reorder proposal.",9308.214,27715.14,9308.214,15.348818112112392,0.4853512341158408,1.0,0.0,,,,,27715.14,9308.21,-0.6641,18406.93,5.0,2.0,0.485,,,,
358,70,OPP-001799,2626,Inactive Outlet,69.32,P2,Planned,70.0,MEDIUM,"{""revenue_previous_30d"": 12243.39, ""revenue_30d"": 0.0, ""orders_previous_30d"": 5, ""orders_30d"": 0, ""days_since_last_order"": 32}","Prioritize a win-back visit, diagnose the reason for inactivity, and attempt a targeted reorder based on the outlet's prior mix.",0.0,12243.39,0.0,0.0,0.0,1.0,1.0,,,,,12243.39,0.0,,,5.0,0.0,,32.0,,,
359,145,OPP-001696,2515,Revenue Recovery,69.3,P2,Planned,66.13,MEDIUM,"{""revenue_previous_30d"": 19412.01, ""revenue_30d"": 7014.58, ""revenue_growth_30d"": -0.6386, ""revenue_gap_vs_previous_30d"": 12397.43, ""orders_previous_30d"": 4, ""orders_30d"": 1, ""revenue_index_vs_peer"": 0.322}","Review the outlet's recent order decline, identify the lost SKU/category demand, and schedule a recovery visit with a targeted reorder proposal.",7014.58,19412.01,3507.29,17.567021322553668,0.3218475291962781,2.0,2.0,,,,,19412.01,7014.58,-0.6386,12397.43,4.0,1.0,0.322,,,,
360,146,OPP-000733,1130,Revenue Recovery,69.28,P2,Planned,76.07,MEDIUM,"{""revenue_previous_30d"": 12671.45, ""revenue_30d"": 2294.32, ""revenue_growth_30d"": -0.8189, ""revenue_gap_vs_previous_30d"": 10377.13, ""orders_previous_30d"": 4, ""orders_30d"": 1, ""revenue_index_vs_peer"": 0.5}","Review the outlet's recent order decline, identify the lost SKU/category demand, and schedule a recovery visit with a targeted reorder proposal.",2294.32,12671.45,0.0,6.3131397904021735,0.5001814921598657,0.0,0.0,,,,,12671.45,2294.32,-0.8189,10377.13,4.0,1.0,0.5,,,,
361,147,OPP-001499,2231,Revenue Recovery,69.06,P2,Planned,63.5,MEDIUM,"{""revenue_previous_30d"": 22166.28, ""revenue_30d"": 6481.92, ""revenue_growth_30d"": -0.7076, ""revenue_gap_vs_previous_30d"": 15684.36, ""orders_previous_30d"": 4, ""orders_30d"": 3, ""revenue_index_vs_peer"": 0.319}","Review the outlet's recent order decline, identify the lost SKU/category demand, and schedule a recovery visit with a targeted reorder proposal.",6481.92,22166.28,3240.96,24.17025542523237,0.318574702192624,2.0,2.0,,,,,22166.28,6481.92,-0.7076,15684.36,4.0,3.0,0.319,,,,
362,148,OPP-001371,2063,Revenue Recovery,68.98,P2,Planned,70.46,MEDIUM,"{""revenue_previous_30d"": 21122.78, ""revenue_30d"": 3693.65, ""revenue_growth_30d"": -0.8251, ""revenue_gap_vs_previous_30d"": 17429.13, ""orders_previous_30d"": 4, ""orders_30d"": 2, ""revenue_index_vs_peer"": 0.653}","Review the outlet's recent order decline, identify the lost SKU/category demand, and schedule a recovery visit with a targeted reorder proposal.",3693.654,21122.78,3693.654,9.144697571575598,0.6530170836360936,1.0,1.0,,,,,21122.78,3693.65,-0.8251,17429.13,4.0,2.0,0.653,,,,
363,149,OPP-000755,1170,Revenue Recovery,68.95,P2,Planned,70.28,MEDIUM,"{""revenue_previous_30d"": 12841.7, ""revenue_30d"": 3215.95, ""revenue_growth_30d"": -0.7496, ""revenue_gap_vs_previous_30d"": 9625.75, ""orders_previous_30d"": 3, ""orders_30d"": 2, ""revenue_index_vs_peer"": 0.146}","Review the outlet's recent order decline, identify the lost SKU/category demand, and schedule a recovery visit with a targeted reorder proposal.",3215.95,12841.7,1071.9833333333331,5.128331473965339,0.1460552657011851,3.0,1.0,,,,,12841.7,3215.95,-0.7496,9625.75,3.0,2.0,0.146,,,,
364,71,OPP-001165,1763,Inactive Outlet,68.84,P2,Planned,70.0,MEDIUM,"{""revenue_previous_30d"": 14394.37, ""revenue_30d"": 0.0, ""orders_previous_30d"": 3, ""orders_30d"": 0, ""days_since_last_order"": 32}","Prioritize a win-back visit, diagnose the reason for inactivity, and attempt a targeted reorder based on the outlet's prior mix.",0.0,14394.37,0.0,0.0,0.0,3.0,3.0,,,,,14394.37,0.0,,,3.0,0.0,,32.0,,,
365,140,OPP-000204,337,Cross-Sell,68.81,P2,Planned,94.0,HIGH,"{""target_category"": ""Snacks"", ""territory_category_rank"": 1, ""territory_category_orders_90d"": 1105, ""current_category_count_90d"": 3}","Introduce Snacks during the next outlet visit and assess fit, expected demand, and an initial reorder quantity.",0.0,6947.72,0.0,0.0,0.0,5.0,2.0,Snacks,1.0,1105.0,3.0,,,,,,,,,,,
366,141,OPP-000255,414,Cross-Sell,68.81,P2,Planned,94.0,HIGH,"{""target_category"": ""Snacks"", ""territory_category_rank"": 1, ""territory_category_orders_90d"": 1105, ""current_category_count_90d"": 3}","Introduce Snacks during the next outlet visit and assess fit, expected demand, and an initial reorder quantity.",0.0,1503.46,0.0,0.0,0.0,3.0,1.0,Snacks,1.0,1105.0,3.0,,,,,,,,,,,
367,142,OPP-000893,1387,Cross-Sell,68.81,P2,Planned,94.0,HIGH,"{""target_category"": ""Snacks"", ""territory_category_rank"": 1, ""territory_category_orders_90d"": 1105, ""current_category_count_90d"": 3}","Introduce Snacks during the next outlet visit and assess fit, expected demand, and an initial reorder quantity.",0.0,1164.87,0.0,1.5547309048427085,0.0,1.0,1.0,Snacks,1.0,1105.0,3.0,,,,,,,,,,,
368,143,OPP-000954,1475,Cross-Sell,68.81,P2,Planned,94.0,HIGH,"{""target_category"": ""Snacks"", ""territory_category_rank"": 1, ""territory_category_orders_90d"": 1105, ""current_category_count_90d"": 3}","Introduce Snacks during the next outlet visit and assess fit, expected demand, and an initial reorder quantity.",5140.0,0.0,5140.0,25.24513319017935,3.5240478557471464,1.0,1.0,Snacks,1.0,1105.0,3.0,,,,,,,,,,,
369,144,OPP-001111,1700,Cross-Sell,68.81,P2,Planned,94.0,HIGH,"{""target_category"": ""Snacks"", ""territory_category_rank"": 1, ""territory_category_orders_90d"": 1105, ""current_category_count_90d"": 3}","Introduce Snacks during the next outlet visit and assess fit, expected demand, and an initial reorder quantity.",273.5,0.0,136.75,1.3659039412446556,0.1875149977717596,2.0,1.0,Snacks,1.0,1105.0,3.0,,,,,,,,,,,
370,145,OPP-001319,1987,Cross-Sell,68.81,P2,Planned,94.0,HIGH,"{""target_category"": ""Snacks"", ""territory_category_rank"": 1, ""territory_category_orders_90d"": 1105, ""current_category_count_90d"": 3}","Introduce Snacks during the next outlet visit and assess fit, expected demand, and an initial reorder quantity.",0.0,1933.05,0.0,0.0,0.0,1.0,1.0,Snacks,1.0,1105.0,3.0,,,,,,,,,,,
371,146,OPP-001487,2220,Cross-Sell,68.81,P2,Planned,94.0,HIGH,"{""target_category"": ""Snacks"", ""territory_category_rank"": 1, ""territory_category_orders_90d"": 1105, ""current_category_count_90d"": 3}","Introduce Snacks during the next outlet visit and assess fit, expected demand, and an initial reorder quantity.",0.0,1787.06,0.0,0.0,0.0,0.0,0.0,Snacks,1.0,1105.0,3.0,,,,,,,,,,,
372,72,OPP-001782,2611,Inactive Outlet,68.79,P2,Planned,70.64,MEDIUM,"{""revenue_previous_30d"": 7659.34, ""revenue_30d"": 0.0, ""orders_previous_30d"": 2, ""orders_30d"": 0, ""days_since_last_order"": 50}","Prioritize a win-back visit, diagnose the reason for inactivity, and attempt a targeted reorder based on the outlet's prior mix.",0.0,7659.34,0.0,0.0,0.0,1.0,1.0,,,,,7659.34,0.0,,,2.0,0.0,,50.0,,,
373,150,OPP-001287,1934,Revenue Recovery,68.74,P2,Planned,73.1,MEDIUM,"{""revenue_previous_30d"": 16766.75, ""revenue_30d"": 3109.56, ""revenue_growth_30d"": -0.8145, ""revenue_gap_vs_previous_30d"": 13657.19, ""orders_previous_30d"": 4, ""orders_30d"": 1, ""revenue_index_vs_peer"": 0.678}","Review the outlet's recent order decline, identify the lost SKU/category demand, and schedule a recovery visit with a targeted reorder proposal.",3109.56,16766.75,1036.52,8.955025300806152,0.6779108235819903,3.0,2.0,,,,,16766.75,3109.56,-0.8145,13657.19,4.0,1.0,0.678,,,,
374,73,OPP-000024,41,Inactive Outlet,68.49,P2,Planned,70.0,MEDIUM,"{""revenue_previous_30d"": 12443.49, ""revenue_30d"": 0.0, ""orders_previous_30d"": 3, ""orders_30d"": 0, ""days_since_last_order"": 34}","Prioritize a win-back visit, diagnose the reason for inactivity, and attempt a targeted reorder based on the outlet's prior mix.",0.0,12443.49,0.0,0.0,0.0,1.0,1.0,,,,,12443.49,0.0,,,3.0,0.0,,34.0,,,
375,151,OPP-001687,2499,Revenue Recovery,68.47,P2,Planned,60.0,MEDIUM,"{""revenue_previous_30d"": 40050.04, ""revenue_30d"": 14616.72, ""revenue_growth_30d"": -0.635, ""revenue_gap_vs_previous_30d"": 25433.32, ""orders_previous_30d"": 8, ""orders_30d"": 3, ""revenue_index_vs_peer"": 0.681}","Review the outlet's recent order decline, identify the lost SKU/category demand, and schedule a recovery visit with a targeted reorder proposal.",14616.72,40050.04,7308.36,25.53938280768408,0.6805854814185709,2.0,1.0,,,,,40050.04,14616.72,-0.635,25433.32,8.0,3.0,0.681,,,,
376,74,OPP-000244,396,Inactive Outlet,68.46,P2,Planned,70.0,MEDIUM,"{""revenue_previous_30d"": 9239.66, ""revenue_30d"": 0.0, ""orders_previous_30d"": 3, ""orders_30d"": 0, ""days_since_last_order"": 40}","Prioritize a win-back visit, diagnose the reason for inactivity, and attempt a targeted reorder based on the outlet's prior mix.",0.0,9239.66,0.0,0.0,0.0,6.0,3.0,,,,,9239.66,0.0,,,3.0,0.0,,40.0,,,
377,75,OPP-000174,276,Inactive Outlet,68.43,P2,Planned,70.0,MEDIUM,"{""revenue_previous_30d"": 7406.53, ""revenue_30d"": 0.0, ""orders_previous_30d"": 3, ""orders_30d"": 0, ""days_since_last_order"": 46}","Prioritize a win-back visit, diagnose the reason for inactivity, and attempt a targeted reorder based on the outlet's prior mix.",0.0,7406.530000000001,0.0,0.0,0.0,0.0,0.0,,,,,7406.53,0.0,,,3.0,0.0,,46.0,,,
378,152,OPP-001008,1550,Revenue Recovery,68.42,P2,Planned,76.2,MEDIUM,"{""revenue_previous_30d"": 10912.57, ""revenue_30d"": 2262.98, ""revenue_growth_30d"": -0.7926, ""revenue_gap_vs_previous_30d"": 8649.59, ""orders_previous_30d"": 4, ""orders_30d"": 1, ""revenue_index_vs_peer"": 0.369}","Review the outlet's recent order decline, identify the lost SKU/category demand, and schedule a recovery visit with a targeted reorder proposal.",2262.98,10912.57,2262.98,5.269312445280629,0.3691966842157642,1.0,0.0,,,,,10912.57,2262.98,-0.7926,8649.59,4.0,1.0,0.369,,,,
379,147,OPP-000259,419,Cross-Sell,68.41,P2,Planned,96.0,HIGH,"{""target_category"": ""Snacks"", ""territory_category_rank"": 1, ""territory_category_orders_90d"": 899, ""current_category_count_90d"": 2}","Introduce Snacks during the next outlet visit and assess fit, expected demand, and an initial reorder quantity.",1724.37,0.0,1724.37,10.53381030747972,1.1941372409160471,1.0,1.0,Snacks,1.0,899.0,2.0,,,,,,,,,,,
380,148,OPP-000375,598,Cross-Sell,68.41,P2,Planned,96.0,HIGH,"{""target_category"": ""Snacks"", ""territory_category_rank"": 1, ""territory_category_orders_90d"": 899, ""current_category_count_90d"": 2}","Introduce Snacks during the next outlet visit and assess fit, expected demand, and an initial reorder quantity.",0.0,337.01,0.0,0.0,0.0,1.0,1.0,Snacks,1.0,899.0,2.0,,,,,,,,,,,
381,149,OPP-000458,725,Cross-Sell,68.41,P2,Planned,96.0,HIGH,"{""target_category"": ""Snacks"", ""territory_category_rank"": 1, ""territory_category_orders_90d"": 899, ""current_category_count_90d"": 2}","Introduce Snacks during the next outlet visit and assess fit, expected demand, and an initial reorder quantity.",762.57,0.0,190.6425,3.6877183412448793,0.5280845965804035,4.0,2.0,Snacks,1.0,899.0,2.0,,,,,,,,,,,
382,150,OPP-001378,2080,Cross-Sell,68.41,P2,Planned,96.0,HIGH,"{""target_category"": ""Snacks"", ""territory_category_rank"": 1, ""territory_category_orders_90d"": 899, ""current_category_count_90d"": 2}","Introduce Snacks during the next outlet visit and assess fit, expected demand, and an initial reorder quantity.",0.0,898.49,0.0,0.0,0.0,1.0,1.0,Snacks,1.0,899.0,2.0,,,,,,,,,,,
383,151,OPP-001382,2085,Cross-Sell,68.41,P2,Planned,96.0,HIGH,"{""target_category"": ""Snacks"", ""territory_category_rank"": 1, ""territory_category_orders_90d"": 899, ""current_category_count_90d"": 2}","Introduce Snacks during the next outlet visit and assess fit, expected demand, and an initial reorder quantity.",0.0,492.14,0.0,0.0,0.0,0.0,0.0,Snacks,1.0,899.0,2.0,,,,,,,,,,,
384,76,OPP-000062,110,Inactive Outlet,68.36,P2,Planned,70.0,MEDIUM,"{""revenue_previous_30d"": 6693.57, ""revenue_30d"": 0.0, ""orders_previous_30d"": 3, ""orders_30d"": 0, ""days_since_last_order"": 50}","Prioritize a win-back visit, diagnose the reason for inactivity, and attempt a targeted reorder based on the outlet's prior mix.",0.0,6693.57,0.0,0.0,0.0,0.0,0.0,,,,,6693.57,0.0,,,3.0,0.0,,50.0,,,
385,77,OPP-001102,1689,Inactive Outlet,68.33,P2,Planned,70.0,MEDIUM,"{""revenue_previous_30d"": 8930.57, ""revenue_30d"": 0.0, ""orders_previous_30d"": 5, ""orders_30d"": 0, ""days_since_last_order"": 37}","Prioritize a win-back visit, diagnose the reason for inactivity, and attempt a targeted reorder based on the outlet's prior mix.",0.0,8930.57,0.0,0.0,0.0,3.0,1.0,,,,,8930.57,0.0,,,5.0,0.0,,37.0,,,
386,153,OPP-000357,571,Revenue Recovery,68.28,P2,Planned,75.69,MEDIUM,"{""revenue_previous_30d"": 11274.43, ""revenue_30d"": 2462.4, ""revenue_growth_30d"": -0.7816, ""revenue_gap_vs_previous_30d"": 8812.03, ""orders_previous_30d"": 5, ""orders_30d"": 1, ""revenue_index_vs_peer"": 0.402}","Review the outlet's recent order decline, identify the lost SKU/category demand, and schedule a recovery visit with a targeted reorder proposal.",2462.4,11274.43,2462.4,5.799921094315847,0.4017313079271127,1.0,1.0,,,,,11274.43,2462.4,-0.7816,8812.03,5.0,1.0,0.402,,,,
387,154,OPP-001333,2006,Revenue Recovery,68.28,P2,Planned,60.0,MEDIUM,"{""revenue_previous_30d"": 28731.92, ""revenue_30d"": 9284.14, ""revenue_growth_30d"": -0.6769, ""revenue_gap_vs_previous_30d"": 19447.78, ""orders_previous_30d"": 6, ""orders_30d"": 5, ""revenue_index_vs_peer"": 0.375}","Review the outlet's recent order decline, identify the lost SKU/category demand, and schedule a recovery visit with a targeted reorder proposal.",9284.139,28731.92,2321.03475,15.485199546592671,0.3754589638070095,4.0,4.0,,,,,28731.92,9284.14,-0.6769,19447.78,6.0,5.0,0.375,,,,
388,78,OPP-000934,1443,Inactive Outlet,68.24,P2,Planned,70.0,MEDIUM,"{""revenue_previous_30d"": 8380.63, ""revenue_30d"": 0.0, ""orders_previous_30d"": 5, ""orders_30d"": 0, ""days_since_last_order"": 39}","Prioritize a win-back visit, diagnose the reason for inactivity, and attempt a targeted reorder based on the outlet's prior mix.",0.0,8380.630000000001,0.0,0.0,0.0,2.0,0.0,,,,,8380.63,0.0,,,5.0,0.0,,39.0,,,
389,79,OPP-001848,2714,Inactive Outlet,68.19,P2,Planned,70.0,MEDIUM,"{""revenue_previous_30d"": 8069.51, ""revenue_30d"": 0.0, ""orders_previous_30d"": 3, ""orders_30d"": 0, ""days_since_last_order"": 43}","Prioritize a win-back visit, diagnose the reason for inactivity, and attempt a targeted reorder based on the outlet's prior mix.",0.0,8069.51,0.0,0.0,0.0,1.0,1.0,,,,,8069.51,0.0,,,3.0,0.0,,43.0,,,
391,155,OPP-001874,2755,Revenue Recovery,68.08,P2,Planned,76.1,MEDIUM,"{""revenue_previous_30d"": 9271.82, ""revenue_30d"": 845.41, ""revenue_growth_30d"": -0.9088, ""revenue_gap_vs_previous_30d"": 8426.4, ""orders_previous_30d"": 2, ""orders_30d"": 2, ""revenue_index_vs_peer"": 0.168}","Review the outlet's recent order decline, identify the lost SKU/category demand, and schedule a recovery visit with a targeted reorder proposal.",845.415,9271.82,211.35375,2.195600255135961,0.1678996433139234,4.0,0.0,,,,,9271.82,845.41,-0.9088,8426.4,2.0,2.0,0.168,,,,
390,80,OPP-001621,2399,Inactive Outlet,68.08,P2,Planned,70.0,MEDIUM,"{""revenue_previous_30d"": 8224.36, ""revenue_30d"": 0.0, ""orders_previous_30d"": 4, ""orders_30d"": 0, ""days_since_last_order"": 40}","Prioritize a win-back visit, diagnose the reason for inactivity, and attempt a targeted reorder based on the outlet's prior mix.",0.0,8224.36,0.0,0.0,0.0,3.0,1.0,,,,,8224.36,0.0,,,4.0,0.0,,40.0,,,
392,156,OPP-000194,320,Revenue Recovery,67.98,P2,Planned,61.47,MEDIUM,"{""revenue_previous_30d"": 21878.91, ""revenue_30d"": 6970.76, ""revenue_growth_30d"": -0.6814, ""revenue_gap_vs_previous_30d"": 14908.15, ""orders_previous_30d"": 5, ""orders_30d"": 4, ""revenue_index_vs_peer"": 0.282}","Review the outlet's recent order decline, identify the lost SKU/category demand, and schedule a recovery visit with a targeted reorder proposal.",6970.761,21878.91,0.0,12.22055500858326,0.281903868738535,0.0,0.0,,,,,21878.91,6970.76,-0.6814,14908.15,5.0,4.0,0.282,,,,
393,81,OPP-001459,2179,Inactive Outlet,67.92,P2,Planned,70.0,MEDIUM,"{""revenue_previous_30d"": 9574.63, ""revenue_30d"": 0.0, ""orders_previous_30d"": 3, ""orders_30d"": 0, ""days_since_last_order"": 38}","Prioritize a win-back visit, diagnose the reason for inactivity, and attempt a targeted reorder based on the outlet's prior mix.",0.0,9574.63,0.0,0.0,0.0,1.0,0.0,,,,,9574.63,0.0,,,3.0,0.0,,38.0,,,
394,157,OPP-000135,224,Revenue Recovery,67.83,P2,Planned,60.0,MEDIUM,"{""revenue_previous_30d"": 33811.12, ""revenue_30d"": 11668.67, ""revenue_growth_30d"": -0.6549, ""revenue_gap_vs_previous_30d"": 22142.45, ""orders_previous_30d"": 6, ""orders_30d"": 4, ""revenue_index_vs_peer"": 0.53}","Review the outlet's recent order decline, identify the lost SKU/category demand, and schedule a recovery visit with a targeted reorder proposal.",11668.6665,33811.12,5834.33325,16.613069986319346,0.5299429985030919,2.0,0.0,,,,,33811.12,11668.67,-0.6549,22142.45,6.0,4.0,0.53,,,,
395,82,OPP-000137,230,Inactive Outlet,67.8,P2,Planned,70.0,MEDIUM,"{""revenue_previous_30d"": 12760.77, ""revenue_30d"": 0.0, ""orders_previous_30d"": 4, ""orders_30d"": 0, ""days_since_last_order"": 30}","Prioritize a win-back visit, diagnose the reason for inactivity, and attempt a targeted reorder based on the outlet's prior mix.",0.0,12760.77,0.0,9.3664281587758,0.0,0.0,0.0,,,,,12760.77,0.0,,,4.0,0.0,,30.0,,,
396,83,OPP-001309,1966,Inactive Outlet,67.78,P2,Planned,70.0,MEDIUM,"{""revenue_previous_30d"": 12341.17, ""revenue_30d"": 0.0, ""orders_previous_30d"": 5, ""orders_30d"": 0, ""days_since_last_order"": 30}","Prioritize a win-back visit, diagnose the reason for inactivity, and attempt a targeted reorder based on the outlet's prior mix.",0.0,12341.17,0.0,15.86364461659505,0.0,3.0,2.0,,,,,12341.17,0.0,,,5.0,0.0,,30.0,,,
397,158,OPP-001960,2863,Revenue Recovery,67.72,P2,Planned,81.79,HIGH,"{""revenue_previous_30d"": 8666.0, ""revenue_30d"": 483.62, ""revenue_growth_30d"": -0.9442, ""revenue_gap_vs_previous_30d"": 8182.38, ""orders_previous_30d"": 2, ""orders_30d"": 1, ""revenue_index_vs_peer"": 0.454}","Review the outlet's recent order decline, identify the lost SKU/category demand, and schedule a recovery visit with a targeted reorder proposal.",483.62,8666.0,161.20666666666668,2.419453684336386,0.4537922363075075,3.0,2.0,,,,,8666.0,483.62,-0.9442,8182.38,2.0,1.0,0.454,,,,
398,84,OPP-002041,2974,Inactive Outlet,67.66,P2,Planned,70.0,MEDIUM,"{""revenue_previous_30d"": 9683.9, ""revenue_30d"": 0.0, ""orders_previous_30d"": 2, ""orders_30d"": 0, ""days_since_last_order"": 42}","Prioritize a win-back visit, diagnose the reason for inactivity, and attempt a targeted reorder based on the outlet's prior mix.",0.0,9683.9,0.0,0.0,0.0,4.0,4.0,,,,,9683.9,0.0,,,2.0,0.0,,42.0,,,
399,159,OPP-000549,864,Revenue Recovery,67.65,P2,Planned,60.8,MEDIUM,"{""revenue_previous_30d"": 23916.76, ""revenue_30d"": 8093.72, ""revenue_growth_30d"": -0.6616, ""revenue_gap_vs_previous_30d"": 15823.04, ""orders_previous_30d"": 3, ""orders_30d"": 2, ""revenue_index_vs_peer"": 0.368}","Review the outlet's recent order decline, identify the lost SKU/category demand, and schedule a recovery visit with a targeted reorder proposal.",8093.722500000001,23916.76,0.0,12.43789865761674,0.3675836969633112,0.0,0.0,,,,,23916.76,8093.72,-0.6616,15823.04,3.0,2.0,0.368,,,,
400,85,OPP-001313,1976,Inactive Outlet,67.58,P2,Planned,70.0,MEDIUM,"{""revenue_previous_30d"": 10578.61, ""revenue_30d"": 0.0, ""orders_previous_30d"": 2, ""orders_30d"": 0, ""days_since_last_order"": 41}","Prioritize a win-back visit, diagnose the reason for inactivity, and attempt a targeted reorder based on the outlet's prior mix.",0.0,10578.61,0.0,0.0,0.0,3.0,0.0,,,,,10578.61,0.0,,,2.0,0.0,,41.0,,,
401,86,OPP-001586,2355,Inactive Outlet,67.55,P2,Planned,70.0,MEDIUM,"{""revenue_previous_30d"": 7219.66, ""revenue_30d"": 0.0, ""orders_previous_30d"": 3, ""orders_30d"": 0, ""days_since_last_order"": 46}","Prioritize a win-back visit, diagnose the reason for inactivity, and attempt a targeted reorder based on the outlet's prior mix.",0.0,7219.66,0.0,0.0,0.0,0.0,0.0,,,,,7219.66,0.0,,,3.0,0.0,,46.0,,,
402,152,OPP-000067,119,Cross-Sell,67.49,P2,Planned,85.0,HIGH,"{""target_category"": ""Beverages"", ""territory_category_rank"": 2, ""territory_category_orders_90d"": 1822, ""current_category_count_90d"": 4}","Introduce Beverages during the next outlet visit and assess fit, expected demand, and an initial reorder quantity.",0.0,7301.14,0.0,0.0,0.0,1.0,0.0,Beverages,2.0,1822.0,4.0,,,,,,,,,,,
403,153,OPP-000100,170,Cross-Sell,67.49,P2,Planned,85.0,HIGH,"{""target_category"": ""Beverages"", ""territory_category_rank"": 2, ""territory_category_orders_90d"": 1822, ""current_category_count_90d"": 4}","Introduce Beverages during the next outlet visit and assess fit, expected demand, and an initial reorder quantity.",6124.25,553.28,2041.4166666666667,16.90728565493042,1.0827326745976602,3.0,1.0,Beverages,2.0,1822.0,4.0,,,,,,,,,,,
404,154,OPP-000264,428,Cross-Sell,67.49,P2,Planned,85.0,HIGH,"{""target_category"": ""Beverages"", ""territory_category_rank"": 2, ""territory_category_orders_90d"": 1822, ""current_category_count_90d"": 4}","Introduce Beverages during the next outlet visit and assess fit, expected demand, and an initial reorder quantity.",0.0,0.0,0.0,0.0,0.0,1.0,1.0,Beverages,2.0,1822.0,4.0,,,,,,,,,,,
405,155,OPP-000315,507,Cross-Sell,67.49,P2,Planned,85.0,HIGH,"{""target_category"": ""Beverages"", ""territory_category_rank"": 2, ""territory_category_orders_90d"": 1822, ""current_category_count_90d"": 4}","Introduce Beverages during the next outlet visit and assess fit, expected demand, and an initial reorder quantity.",0.0,0.0,0.0,0.0,0.0,3.0,0.0,Beverages,2.0,1822.0,4.0,,,,,,,,,,,
406,156,OPP-000498,785,Cross-Sell,67.49,P2,Planned,85.0,HIGH,"{""target_category"": ""Beverages"", ""territory_category_rank"": 2, ""territory_category_orders_90d"": 1822, ""current_category_count_90d"": 4}","Introduce Beverages during the next outlet visit and assess fit, expected demand, and an initial reorder quantity.",0.0,4126.8,0.0,0.0,0.0,2.0,1.0,Beverages,2.0,1822.0,4.0,,,,,,,,,,,
407,157,OPP-000585,912,Cross-Sell,67.49,P2,Planned,85.0,HIGH,"{""target_category"": ""Beverages"", ""territory_category_rank"": 2, ""territory_category_orders_90d"": 1822, ""current_category_count_90d"": 4}","Introduce Beverages during the next outlet visit and assess fit, expected demand, and an initial reorder quantity.",2977.78,954.32,744.445,16.4831229245811,2.2087898230909024,4.0,3.0,Beverages,2.0,1822.0,4.0,,,,,,,,,,,
408,158,OPP-000643,1011,Cross-Sell,67.49,P2,Planned,85.0,HIGH,"{""target_category"": ""Beverages"", ""territory_category_rank"": 2, ""territory_category_orders_90d"": 1822, ""current_category_count_90d"": 4}","Introduce Beverages during the next outlet visit and assess fit, expected demand, and an initial reorder quantity.",4697.95,0.0,2348.975,24.695871676824428,3.484738345139635,2.0,0.0,Beverages,2.0,1822.0,4.0,,,,,,,,,,,
409,159,OPP-000958,1481,Cross-Sell,67.49,P2,Planned,85.0,HIGH,"{""target_category"": ""Beverages"", ""territory_category_rank"": 2, ""territory_category_orders_90d"": 1822, ""current_category_count_90d"": 4}","Introduce Beverages during the next outlet visit and assess fit, expected demand, and an initial reorder quantity.",2040.72,3693.55,0.0,11.354181677366803,1.5137187998368131,0.0,0.0,Beverages,2.0,1822.0,4.0,,,,,,,,,,,
410,160,OPP-001130,1721,Cross-Sell,67.49,P2,Planned,85.0,HIGH,"{""target_category"": ""Beverages"", ""territory_category_rank"": 2, ""territory_category_orders_90d"": 1822, ""current_category_count_90d"": 4}","Introduce Beverages during the next outlet visit and assess fit, expected demand, and an initial reorder quantity.",583.31,0.0,116.662,3.0458620743672613,0.4326744056670251,5.0,3.0,Beverages,2.0,1822.0,4.0,,,,,,,,,,,
411,161,OPP-001583,2353,Cross-Sell,67.49,P2,Planned,85.0,HIGH,"{""target_category"": ""Beverages"", ""territory_category_rank"": 2, ""territory_category_orders_90d"": 1822, ""current_category_count_90d"": 4}","Introduce Beverages during the next outlet visit and assess fit, expected demand, and an initial reorder quantity.",0.0,2626.6,0.0,0.0,0.0,0.0,0.0,Beverages,2.0,1822.0,4.0,,,,,,,,,,,
412,162,OPP-001779,2604,Cross-Sell,67.49,P2,Planned,85.0,HIGH,"{""target_category"": ""Beverages"", ""territory_category_rank"": 2, ""territory_category_orders_90d"": 1822, ""current_category_count_90d"": 4}","Introduce Beverages during the next outlet visit and assess fit, expected demand, and an initial reorder quantity.",5997.07,782.6800000000001,5997.07,16.230954832895108,1.0602479717270503,1.0,0.0,Beverages,2.0,1822.0,4.0,,,,,,,,,,,
413,163,OPP-001826,2673,Cross-Sell,67.49,P2,Planned,85.0,HIGH,"{""target_category"": ""Beverages"", ""territory_category_rank"": 2, ""territory_category_orders_90d"": 1822, ""current_category_count_90d"": 4}","Introduce Beverages during the next outlet visit and assess fit, expected demand, and an initial reorder quantity.",3612.34,0.0,0.0,8.925643440763716,0.6386412294984873,0.0,0.0,Beverages,2.0,1822.0,4.0,,,,,,,,,,,
414,164,OPP-001885,2766,Cross-Sell,67.49,P2,Planned,85.0,HIGH,"{""target_category"": ""Beverages"", ""territory_category_rank"": 2, ""territory_category_orders_90d"": 1822, ""current_category_count_90d"": 4}","Introduce Beverages during the next outlet visit and assess fit, expected demand, and an initial reorder quantity.",0.0,203.56,0.0,0.0,0.0,4.0,0.0,Beverages,2.0,1822.0,4.0,,,,,,,,,,,
415,160,OPP-000291,464,Revenue Recovery,67.46,P2,Planned,64.15,MEDIUM,"{""revenue_previous_30d"": 17369.11, ""revenue_30d"": 5203.44, ""revenue_growth_30d"": -0.7004, ""revenue_gap_vs_previous_30d"": 12165.67, ""orders_previous_30d"": 4, ""orders_30d"": 3, ""revenue_index_vs_peer"": 0.242}","Review the outlet's recent order decline, identify the lost SKU/category demand, and schedule a recovery visit with a targeted reorder proposal.",5203.4355000000005,17369.11,1040.6871,9.13579023326533,0.2422829919980668,5.0,3.0,,,,,17369.11,5203.44,-0.7004,12165.67,4.0,3.0,0.242,,,,
416,161,OPP-000616,958,Revenue Recovery,67.41,P2,Planned,63.18,MEDIUM,"{""revenue_previous_30d"": 17587.41, ""revenue_30d"": 4674.47, ""revenue_growth_30d"": -0.7342, ""revenue_gap_vs_previous_30d"": 12912.94, ""orders_previous_30d"": 3, ""orders_30d"": 3, ""revenue_index_vs_peer"": 0.214}","Review the outlet's recent order decline, identify the lost SKU/category demand, and schedule a recovery visit with a targeted reorder proposal.",4674.4695,17587.41,0.0,6.6297751676743415,0.2144770547742504,0.0,0.0,,,,,17587.41,4674.47,-0.7342,12912.94,3.0,3.0,0.214,,,,
417,162,OPP-000618,961,Revenue Recovery,67.4,P2,Planned,67.13,MEDIUM,"{""revenue_previous_30d"": 29007.15, ""revenue_30d"": 6515.72, ""revenue_growth_30d"": -0.7754, ""revenue_gap_vs_previous_30d"": 22491.43, ""orders_previous_30d"": 7, ""orders_30d"": 1, ""revenue_index_vs_peer"": 1.326}","Review the outlet's recent order decline, identify the lost SKU/category demand, and schedule a recovery visit with a targeted reorder proposal.",6515.72,29007.15,2171.9066666666668,18.54509788965022,1.3260677328986183,3.0,1.0,,,,,29007.15,6515.72,-0.7754,22491.43,7.0,1.0,1.326,,,,
418,87,OPP-000704,1095,Inactive Outlet,67.39,P2,Planned,73.32,MEDIUM,"{""revenue_previous_30d"": 6830.58, ""revenue_30d"": 0.0, ""orders_previous_30d"": 2, ""orders_30d"": 0, ""days_since_last_order"": 53}","Prioritize a win-back visit, diagnose the reason for inactivity, and attempt a targeted reorder based on the outlet's prior mix.",0.0,6830.58,0.0,0.0,0.0,0.0,0.0,,,,,6830.58,0.0,,,2.0,0.0,,53.0,,,
419,163,OPP-000304,486,Revenue Recovery,67.36,P2,Planned,77.54,MEDIUM,"{""revenue_previous_30d"": 9262.19, ""revenue_30d"": 1419.92, ""revenue_growth_30d"": -0.8467, ""revenue_gap_vs_previous_30d"": 7842.27, ""orders_previous_30d"": 2, ""orders_30d"": 1, ""revenue_index_vs_peer"": 0.282}","Review the outlet's recent order decline, identify the lost SKU/category demand, and schedule a recovery visit with a targeted reorder proposal.",1419.92,9262.19,354.98,3.347937766346992,0.281996488747309,4.0,2.0,,,,,9262.19,1419.92,-0.8467,7842.27,2.0,1.0,0.282,,,,
420,164,OPP-001840,2699,Revenue Recovery,67.33,P2,Planned,86.96,HIGH,"{""revenue_previous_30d"": 5800.42, ""revenue_30d"": 211.74, ""revenue_growth_30d"": -0.9635, ""revenue_gap_vs_previous_30d"": 5588.68, ""orders_previous_30d"": 2, ""orders_30d"": 1, ""revenue_index_vs_peer"": 0.199}","Review the outlet's recent order decline, identify the lost SKU/category demand, and schedule a recovery visit with a targeted reorder proposal.",211.74,5800.42,0.0,1.3024751579960068,0.1986807165041802,0.0,0.0,,,,,5800.42,211.74,-0.9635,5588.68,2.0,1.0,0.199,,,,
421,165,OPP-000611,948,Revenue Recovery,67.24,P2,Planned,60.0,MEDIUM,"{""revenue_previous_30d"": 36943.96, ""revenue_30d"": 13188.4, ""revenue_growth_30d"": -0.643, ""revenue_gap_vs_previous_30d"": 23755.56, ""orders_previous_30d"": 8, ""orders_30d"": 4, ""revenue_index_vs_peer"": 0.66}","Review the outlet's recent order decline, identify the lost SKU/category demand, and schedule a recovery visit with a targeted reorder proposal.",13188.3975,36943.96,6594.1987500000005,19.606218706516184,0.6603279910697186,2.0,2.0,,,,,36943.96,13188.4,-0.643,23755.56,8.0,4.0,0.66,,,,
422,165,OPP-000455,721,Cross-Sell,67.23,P2,Planned,82.0,HIGH,"{""target_category"": ""Home Care"", ""territory_category_rank"": 3, ""territory_category_orders_90d"": 1772, ""current_category_count_90d"": 2}","Introduce Home Care during the next outlet visit and assess fit, expected demand, and an initial reorder quantity.",0.0,1644.54,0.0,0.0,0.0,0.0,0.0,Home Care,3.0,1772.0,2.0,,,,,,,,,,,
423,166,OPP-001553,2307,Revenue Recovery,67.23,P2,Planned,60.0,MEDIUM,"{""revenue_previous_30d"": 31194.57, ""revenue_30d"": 12198.38, ""revenue_growth_30d"": -0.609, ""revenue_gap_vs_previous_30d"": 18996.19, ""orders_previous_30d"": 4, ""orders_30d"": 1, ""revenue_index_vs_peer"": 0.6}","Review the outlet's recent order decline, identify the lost SKU/category demand, and schedule a recovery visit with a targeted reorder proposal.",12198.38,31194.57,12198.38,26.15556761370529,0.5995284230185596,1.0,1.0,,,,,31194.57,12198.38,-0.609,18996.19,4.0,1.0,0.6,,,,
424,88,OPP-000212,349,Inactive Outlet,67.2,P2,Planned,70.0,MEDIUM,"{""revenue_previous_30d"": 8566.16, ""revenue_30d"": 0.0, ""orders_previous_30d"": 3, ""orders_30d"": 0, ""days_since_last_order"": 40}","Prioritize a win-back visit, diagnose the reason for inactivity, and attempt a targeted reorder based on the outlet's prior mix.",0.0,8566.16,0.0,0.0,0.0,1.0,0.0,,,,,8566.16,0.0,,,3.0,0.0,,40.0,,,
425,89,OPP-001523,2266,Inactive Outlet,67.15,P2,Planned,70.0,MEDIUM,"{""revenue_previous_30d"": 12192.54, ""revenue_30d"": 0.0, ""orders_previous_30d"": 3, ""orders_30d"": 0, ""days_since_last_order"": 33}","Prioritize a win-back visit, diagnose the reason for inactivity, and attempt a targeted reorder based on the outlet's prior mix.",0.0,12192.54,0.0,0.0,0.0,0.0,0.0,,,,,12192.54,0.0,,,3.0,0.0,,33.0,,,
426,90,OPP-000290,463,Inactive Outlet,67.12,P2,Planned,70.0,MEDIUM,"{""revenue_previous_30d"": 11672.74, ""revenue_30d"": 0.0, ""orders_previous_30d"": 4, ""orders_30d"": 0, ""days_since_last_order"": 31}","Prioritize a win-back visit, diagnose the reason for inactivity, and attempt a targeted reorder based on the outlet's prior mix.",0.0,11672.74,0.0,0.0,0.0,3.0,0.0,,,,,11672.74,0.0,,,4.0,0.0,,31.0,,,
427,167,OPP-000245,400,Revenue Recovery,67.08,P2,Planned,79.97,MEDIUM,"{""revenue_previous_30d"": 7542.04, ""revenue_30d"": 1048.9, ""revenue_growth_30d"": -0.8609, ""revenue_gap_vs_previous_30d"": 6493.14, ""orders_previous_30d"": 2, ""orders_30d"": 1, ""revenue_index_vs_peer"": 0.186}","Review the outlet's recent order decline, identify the lost SKU/category demand, and schedule a recovery visit with a targeted reorder proposal.",1048.9,7542.04,1048.9,2.5585229499923288,0.1860942908492847,1.0,0.0,,,,,7542.04,1048.9,-0.8609,6493.14,2.0,1.0,0.186,,,,
428,91,OPP-001765,2586,Inactive Outlet,67.0,P2,Planned,70.0,MEDIUM,"{""revenue_previous_30d"": 10724.14, ""revenue_30d"": 0.0, ""orders_previous_30d"": 2, ""orders_30d"": 0, ""days_since_last_order"": 40}","Prioritize a win-back visit, diagnose the reason for inactivity, and attempt a targeted reorder based on the outlet's prior mix.",0.0,10724.14,0.0,0.0,0.0,2.0,0.0,,,,,10724.14,0.0,,,2.0,0.0,,40.0,,,
429,92,OPP-001175,1776,Inactive Outlet,66.98,P2,Planned,70.22,MEDIUM,"{""revenue_previous_30d"": 7056.06, ""revenue_30d"": 0.0, ""orders_previous_30d"": 2, ""orders_30d"": 0, ""days_since_last_order"": 51}","Prioritize a win-back visit, diagnose the reason for inactivity, and attempt a targeted reorder based on the outlet's prior mix.",0.0,7056.06,0.0,0.0,0.0,5.0,3.0,,,,,7056.06,0.0,,,2.0,0.0,,51.0,,,
430,93,OPP-000924,1425,Inactive Outlet,66.92,P2,Planned,70.0,MEDIUM,"{""revenue_previous_30d"": 13818.77, ""revenue_30d"": 0.0, ""orders_previous_30d"": 3, ""orders_30d"": 0, ""days_since_last_order"": 30}","Prioritize a win-back visit, diagnose the reason for inactivity, and attempt a targeted reorder based on the outlet's prior mix.",0.0,13818.77,0.0,13.64810816339371,0.0,1.0,1.0,,,,,13818.77,0.0,,,3.0,0.0,,30.0,,,
431,94,OPP-001592,2363,Inactive Outlet,66.9,P2,Planned,77.92,MEDIUM,"{""revenue_previous_30d"": 7981.24, ""revenue_30d"": 0.0, ""orders_previous_30d"": 1, ""orders_30d"": 0, ""days_since_last_order"": 53}","Prioritize a win-back visit, diagnose the reason for inactivity, and attempt a targeted reorder based on the outlet's prior mix.",0.0,7981.24,0.0,0.0,0.0,2.0,1.0,,,,,7981.24,0.0,,,1.0,0.0,,53.0,,,
432,95,OPP-001689,2506,Inactive Outlet,66.9,P2,Planned,70.0,MEDIUM,"{""revenue_previous_30d"": 7225.51, ""revenue_30d"": 0.0, ""orders_previous_30d"": 2, ""orders_30d"": 0, ""days_since_last_order"": 50}","Prioritize a win-back visit, diagnose the reason for inactivity, and attempt a targeted reorder based on the outlet's prior mix.",0.0,7225.51,0.0,0.0,0.0,1.0,1.0,,,,,7225.51,0.0,,,2.0,0.0,,50.0,,,
433,168,OPP-000650,1025,Revenue Recovery,66.8,P2,Planned,61.23,MEDIUM,"{""revenue_previous_30d"": 20268.37, ""revenue_30d"": 6773.12, ""revenue_growth_30d"": -0.6658, ""revenue_gap_vs_previous_30d"": 13495.25, ""orders_previous_30d"": 7, ""orders_30d"": 5, ""revenue_index_vs_peer"": 0.311}","Review the outlet's recent order decline, identify the lost SKU/category demand, and schedule a recovery visit with a targeted reorder proposal.",6773.12,20268.37,1693.28,9.93582244282529,0.3107687041775694,4.0,3.0,,,,,20268.37,6773.12,-0.6658,13495.25,7.0,5.0,0.311,,,,
434,96,OPP-001226,1851,Inactive Outlet,66.78,P2,Planned,70.0,MEDIUM,"{""revenue_previous_30d"": 12066.5, ""revenue_30d"": 0.0, ""orders_previous_30d"": 3, ""orders_30d"": 0, ""days_since_last_order"": 33}","Prioritize a win-back visit, diagnose the reason for inactivity, and attempt a targeted reorder based on the outlet's prior mix.",0.0,12066.5,0.0,0.0,0.0,2.0,0.0,,,,,12066.5,0.0,,,3.0,0.0,,33.0,,,
435,97,OPP-000180,294,Inactive Outlet,66.73,P2,Planned,70.0,MEDIUM,"{""revenue_previous_30d"": 7870.4, ""revenue_30d"": 0.0, ""orders_previous_30d"": 3, ""orders_30d"": 0, ""days_since_last_order"": 42}","Prioritize a win-back visit, diagnose the reason for inactivity, and attempt a targeted reorder based on the outlet's prior mix.",0.0,7870.400000000001,0.0,0.0,0.0,0.0,0.0,,,,,7870.4,0.0,,,3.0,0.0,,42.0,,,
436,169,OPP-000847,1309,Revenue Recovery,66.68,P2,Planned,80.96,HIGH,"{""revenue_previous_30d"": 7308.48, ""revenue_30d"": 1079.21, ""revenue_growth_30d"": -0.8523, ""revenue_gap_vs_previous_30d"": 6229.27, ""orders_previous_30d"": 3, ""orders_30d"": 1, ""revenue_index_vs_peer"": 0.247}","Review the outlet's recent order decline, identify the lost SKU/category demand, and schedule a recovery visit with a targeted reorder proposal.",1079.21,7308.48,1079.21,3.003877560279487,0.246988199968875,1.0,0.0,,,,,7308.48,1079.21,-0.8523,6229.27,3.0,1.0,0.247,,,,
437,170,OPP-001984,2907,Revenue Recovery,66.6,P2,Planned,69.76,MEDIUM,"{""revenue_previous_30d"": 14962.13, ""revenue_30d"": 3147.1, ""revenue_growth_30d"": -0.7897, ""revenue_gap_vs_previous_30d"": 11815.03, ""orders_previous_30d"": 4, ""orders_30d"": 2, ""revenue_index_vs_peer"": 0.535}","Review the outlet's recent order decline, identify the lost SKU/category demand, and schedule a recovery visit with a targeted reorder proposal.",3147.1000000000004,14962.13,1573.5500000000002,8.228364233820352,0.5347163816465751,2.0,2.0,,,,,14962.13,3147.1,-0.7897,11815.03,4.0,2.0,0.535,,,,
438,171,OPP-000567,890,Revenue Recovery,66.59,P2,Planned,60.0,MEDIUM,"{""revenue_previous_30d"": 36891.95, ""revenue_30d"": 12742.0, ""revenue_growth_30d"": -0.6546, ""revenue_gap_vs_previous_30d"": 24149.95, ""orders_previous_30d"": 6, ""orders_30d"": 4, ""revenue_index_vs_peer"": 0.638}","Review the outlet's recent order decline, identify the lost SKU/category demand, and schedule a recovery visit with a targeted reorder proposal.",12742.002,36891.95,0.0,30.554891572848742,0.6379774785273447,0.0,0.0,,,,,36891.95,12742.0,-0.6546,24149.95,6.0,4.0,0.638,,,,
439,172,OPP-001566,2328,Revenue Recovery,66.37,P2,Planned,60.0,MEDIUM,"{""revenue_previous_30d"": 31981.84, ""revenue_30d"": 12509.31, ""revenue_growth_30d"": -0.6089, ""revenue_gap_vs_previous_30d"": 19472.53, ""orders_previous_30d"": 7, ""orders_30d"": 3, ""revenue_index_vs_peer"": 0.574}","Review the outlet's recent order decline, identify the lost SKU/category demand, and schedule a recovery visit with a targeted reorder proposal.",12509.31,31981.840000000004,2084.885,22.450099613230385,0.5739603105888441,6.0,3.0,,,,,31981.84,12509.31,-0.6089,19472.53,7.0,3.0,0.574,,,,
440,98,OPP-000966,1494,Inactive Outlet,66.19,P2,Planned,70.0,MEDIUM,"{""revenue_previous_30d"": 10514.98, ""revenue_30d"": 0.0, ""orders_previous_30d"": 4, ""orders_30d"": 0, ""days_since_last_order"": 32}","Prioritize a win-back visit, diagnose the reason for inactivity, and attempt a targeted reorder based on the outlet's prior mix.",0.0,10514.98,0.0,0.0,0.0,1.0,1.0,,,,,10514.98,0.0,,,4.0,0.0,,32.0,,,
441,166,OPP-000070,122,Cross-Sell,66.18,P2,Planned,82.0,HIGH,"{""target_category"": ""Home Care"", ""territory_category_rank"": 3, ""territory_category_orders_90d"": 1743, ""current_category_count_90d"": 2}","Introduce Home Care during the next outlet visit and assess fit, expected demand, and an initial reorder quantity.",1884.01,2653.96,942.005,10.831042384564352,1.5482935167607637,2.0,2.0,Home Care,3.0,1743.0,2.0,,,,,,,,,,,
442,167,OPP-001432,2142,Cross-Sell,66.18,P2,Planned,82.0,HIGH,"{""target_category"": ""Home Care"", ""territory_category_rank"": 3, ""territory_category_orders_90d"": 1743, ""current_category_count_90d"": 2}","Introduce Home Care during the next outlet visit and assess fit, expected demand, and an initial reorder quantity.",0.0,594.95,0.0,0.0,0.0,1.0,0.0,Home Care,3.0,1743.0,2.0,,,,,,,,,,,
443,168,OPP-001819,2661,Cross-Sell,66.18,P2,Planned,82.0,HIGH,"{""target_category"": ""Home Care"", ""territory_category_rank"": 3, ""territory_category_orders_90d"": 1743, ""current_category_count_90d"": 2}","Introduce Home Care during the next outlet visit and assess fit, expected demand, and an initial reorder quantity.",0.0,3214.48,0.0,0.0,0.0,3.0,1.0,Home Care,3.0,1743.0,2.0,,,,,,,,,,,
444,173,OPP-000674,1051,Revenue Recovery,66.14,P2,Planned,87.44,HIGH,"{""revenue_previous_30d"": 5479.1, ""revenue_30d"": 300.98, ""revenue_growth_30d"": -0.9451, ""revenue_gap_vs_previous_30d"": 5178.12, ""orders_previous_30d"": 3, ""orders_30d"": 1, ""revenue_index_vs_peer"": 0.247}","Review the outlet's recent order decline, identify the lost SKU/category demand, and schedule a recovery visit with a targeted reorder proposal.",300.98,5479.1,75.245,1.486526532063693,0.2473476163473945,4.0,3.0,,,,,5479.1,300.98,-0.9451,5178.12,3.0,1.0,0.247,,,,
445,99,OPP-000322,517,Inactive Outlet,66.13,P2,Planned,70.0,MEDIUM,"{""revenue_previous_30d"": 9550.68, ""revenue_30d"": 0.0, ""orders_previous_30d"": 3, ""orders_30d"": 0, ""days_since_last_order"": 36}","Prioritize a win-back visit, diagnose the reason for inactivity, and attempt a targeted reorder based on the outlet's prior mix.",0.0,9550.68,0.0,0.0,0.0,1.0,0.0,,,,,9550.68,0.0,,,3.0,0.0,,36.0,,,
446,174,OPP-000025,42,Revenue Recovery,66.07,P2,Planned,78.24,MEDIUM,"{""revenue_previous_30d"": 11083.23, ""revenue_30d"": 1032.53, ""revenue_growth_30d"": -0.9068, ""revenue_gap_vs_previous_30d"": 10050.7, ""orders_previous_30d"": 4, ""orders_30d"": 1, ""revenue_index_vs_peer"": 0.766}","Review the outlet's recent order decline, identify the lost SKU/category demand, and schedule a recovery visit with a targeted reorder proposal.",1032.53,11083.23,1032.53,5.027831219757804,0.7658865853206245,1.0,1.0,,,,,11083.23,1032.53,-0.9068,10050.7,4.0,1.0,0.766,,,,
447,100,OPP-001284,1930,Inactive Outlet,66.04,P2,Planned,70.0,MEDIUM,"{""revenue_previous_30d"": 12943.95, ""revenue_30d"": 0.0, ""orders_previous_30d"": 3, ""orders_30d"": 0, ""days_since_last_order"": 30}","Prioritize a win-back visit, diagnose the reason for inactivity, and attempt a targeted reorder based on the outlet's prior mix.",0.0,12943.95,0.0,20.4026049509374,0.0,1.0,0.0,,,,,12943.95,0.0,,,3.0,0.0,,30.0,,,
448,175,OPP-000278,447,Revenue Recovery,65.95,P2,Planned,76.94,MEDIUM,"{""revenue_previous_30d"": 7768.42, ""revenue_30d"": 652.78, ""revenue_growth_30d"": -0.916, ""revenue_gap_vs_previous_30d"": 7115.64, ""orders_previous_30d"": 1, ""orders_30d"": 1, ""revenue_index_vs_peer"": 0.145}","Review the outlet's recent order decline, identify the lost SKU/category demand, and schedule a recovery visit with a targeted reorder proposal.",652.78,7768.42,326.39,1.8624612403321947,0.1452785258050875,2.0,1.0,,,,,7768.42,652.78,-0.916,7115.64,1.0,1.0,0.145,,,,
449,101,OPP-000065,117,Inactive Outlet,65.9,P2,Planned,70.0,MEDIUM,"{""revenue_previous_30d"": 9157.53, ""revenue_30d"": 0.0, ""orders_previous_30d"": 2, ""orders_30d"": 0, ""days_since_last_order"": 42}","Prioritize a win-back visit, diagnose the reason for inactivity, and attempt a targeted reorder based on the outlet's prior mix.",0.0,9157.53,0.0,0.0,0.0,2.0,2.0,,,,,9157.53,0.0,,,2.0,0.0,,42.0,,,
450,102,OPP-000320,515,Inactive Outlet,65.86,P2,Planned,70.0,MEDIUM,"{""revenue_previous_30d"": 9634.99, ""revenue_30d"": 0.0, ""orders_previous_30d"": 2, ""orders_30d"": 0, ""days_since_last_order"": 40}","Prioritize a win-back visit, diagnose the reason for inactivity, and attempt a targeted reorder based on the outlet's prior mix.",0.0,9634.99,0.0,0.0,0.0,2.0,0.0,,,,,9634.99,0.0,,,2.0,0.0,,40.0,,,
451,169,OPP-000140,237,Cross-Sell,65.85,P2,Planned,98.0,HIGH,"{""target_category"": ""Snacks"", ""territory_category_rank"": 1, ""territory_category_orders_90d"": 756, ""current_category_count_90d"": 1}","Introduce Snacks during the next outlet visit and assess fit, expected demand, and an initial reorder quantity.",1454.92,0.0,1454.92,7.479404801990507,1.1488810625562629,1.0,0.0,Snacks,1.0,756.0,1.0,,,,,,,,,,,
453,170,OPP-001698,2517,Cross-Sell,65.85,P2,Planned,98.0,HIGH,"{""target_category"": ""Snacks"", ""territory_category_rank"": 1, ""territory_category_orders_90d"": 756, ""current_category_count_90d"": 1}","Introduce Snacks during the next outlet visit and assess fit, expected demand, and an initial reorder quantity.",0.0,0.0,0.0,0.0,0.0,0.0,0.0,Snacks,1.0,756.0,1.0,,,,,,,,,,,
454,171,OPP-001967,2877,Cross-Sell,65.85,P2,Planned,98.0,HIGH,"{""target_category"": ""Snacks"", ""territory_category_rank"": 1, ""territory_category_orders_90d"": 756, ""current_category_count_90d"": 1}","Introduce Snacks during the next outlet visit and assess fit, expected demand, and an initial reorder quantity.",0.0,0.0,0.0,0.0,0.0,1.0,0.0,Snacks,1.0,756.0,1.0,,,,,,,,,,,
452,176,OPP-000192,317,Revenue Recovery,65.85,P2,Planned,67.98,MEDIUM,"{""revenue_previous_30d"": 23562.56, ""revenue_30d"": 4329.58, ""revenue_growth_30d"": -0.8163, ""revenue_gap_vs_previous_30d"": 19232.98, ""orders_previous_30d"": 6, ""orders_30d"": 2, ""revenue_index_vs_peer"": 0.944}","Review the outlet's recent order decline, identify the lost SKU/category demand, and schedule a recovery visit with a targeted reorder proposal.",4329.58,23562.56,1443.1933333333334,10.58462371924019,0.9438856762899296,3.0,2.0,,,,,23562.56,4329.58,-0.8163,19232.98,6.0,2.0,0.944,,,,
455,177,OPP-001972,2886,Revenue Recovery,65.81,P2,Planned,60.0,MEDIUM,"{""revenue_previous_30d"": 29275.68, ""revenue_30d"": 11050.52, ""revenue_growth_30d"": -0.6225, ""revenue_gap_vs_previous_30d"": 18225.16, ""orders_previous_30d"": 4, ""orders_30d"": 2, ""revenue_index_vs_peer"": 0.546}","Review the outlet's recent order decline, identify the lost SKU/category demand, and schedule a recovery visit with a targeted reorder proposal.",11050.52,29275.68,1841.753333333333,15.94059817273083,0.5462865877381488,6.0,5.0,,,,,29275.68,11050.52,-0.6225,18225.16,4.0,2.0,0.546,,,,
456,172,OPP-000074,126,Cross-Sell,65.8,P2,Planned,85.0,HIGH,"{""target_category"": ""Beverages"", ""territory_category_rank"": 2, ""territory_category_orders_90d"": 1790, ""current_category_count_90d"": 4}","Introduce Beverages during the next outlet visit and assess fit, expected demand, and an initial reorder quantity.",1647.4,0.0,549.1333333333333,10.188771199806046,1.353845648118472,3.0,3.0,Beverages,2.0,1790.0,4.0,,,,,,,,,,,
457,173,OPP-000403,631,Cross-Sell,65.8,P2,Planned,85.0,HIGH,"{""target_category"": ""Beverages"", ""territory_category_rank"": 2, ""territory_category_orders_90d"": 1790, ""current_category_count_90d"": 4}","Introduce Beverages during the next outlet visit and assess fit, expected demand, and an initial reorder quantity.",0.0,0.0,0.0,0.0,0.0,1.0,1.0,Beverages,2.0,1790.0,4.0,,,,,,,,,,,
458,174,OPP-000536,845,Cross-Sell,65.8,P2,Planned,85.0,HIGH,"{""target_category"": ""Beverages"", ""territory_category_rank"": 2, ""territory_category_orders_90d"": 1790, ""current_category_count_90d"": 4}","Introduce Beverages during the next outlet visit and assess fit, expected demand, and an initial reorder quantity.",0.0,2769.28,0.0,0.0,0.0,4.0,1.0,Beverages,2.0,1790.0,4.0,,,,,,,,,,,
459,175,OPP-000784,1209,Cross-Sell,65.8,P2,Planned,85.0,HIGH,"{""target_category"": ""Beverages"", ""territory_category_rank"": 2, ""territory_category_orders_90d"": 1790, ""current_category_count_90d"": 4}","Introduce Beverages during the next outlet visit and assess fit, expected demand, and an initial reorder quantity.",0.0,1318.48,0.0,0.0,0.0,0.0,0.0,Beverages,2.0,1790.0,4.0,,,,,,,,,,,
460,176,OPP-000812,1250,Cross-Sell,65.8,P2,Planned,85.0,HIGH,"{""target_category"": ""Beverages"", ""territory_category_rank"": 2, ""territory_category_orders_90d"": 1790, ""current_category_count_90d"": 4}","Introduce Beverages during the next outlet visit and assess fit, expected demand, and an initial reorder quantity.",0.0,2308.17,0.0,11.128543044473767,0.0,2.0,0.0,Beverages,2.0,1790.0,4.0,,,,,,,,,,,
461,177,OPP-000823,1262,Cross-Sell,65.8,P2,Planned,85.0,HIGH,"{""target_category"": ""Beverages"", ""territory_category_rank"": 2, ""territory_category_orders_90d"": 1790, ""current_category_count_90d"": 4}","Introduce Beverages during the next outlet visit and assess fit, expected demand, and an initial reorder quantity.",5919.46,0.0,2959.73,33.42222272410317,4.864656525562322,2.0,1.0,Beverages,2.0,1790.0,4.0,,,,,,,,,,,
462,178,OPP-000839,1294,Cross-Sell,65.8,P2,Planned,85.0,HIGH,"{""target_category"": ""Beverages"", ""territory_category_rank"": 2, ""territory_category_orders_90d"": 1790, ""current_category_count_90d"": 4}","Introduce Beverages during the next outlet visit and assess fit, expected demand, and an initial reorder quantity.",0.0,11378.44,0.0,0.0,0.0,1.0,0.0,Beverages,2.0,1790.0,4.0,,,,,,,,,,,
463,179,OPP-000917,1417,Cross-Sell,65.8,P2,Planned,85.0,HIGH,"{""target_category"": ""Beverages"", ""territory_category_rank"": 2, ""territory_category_orders_90d"": 1790, ""current_category_count_90d"": 4}","Introduce Beverages during the next outlet visit and assess fit, expected demand, and an initial reorder quantity.",0.0,3663.49,0.0,0.0,0.0,5.0,3.0,Beverages,2.0,1790.0,4.0,,,,,,,,,,,
464,180,OPP-001011,1554,Cross-Sell,65.8,P2,Planned,85.0,HIGH,"{""target_category"": ""Beverages"", ""territory_category_rank"": 2, ""territory_category_orders_90d"": 1790, ""current_category_count_90d"": 4}","Introduce Beverages during the next outlet visit and assess fit, expected demand, and an initial reorder quantity.",0.0,2868.34,0.0,0.0,0.0,1.0,0.0,Beverages,2.0,1790.0,4.0,,,,,,,,,,,
465,181,OPP-001041,1591,Cross-Sell,65.8,P2,Planned,85.0,HIGH,"{""target_category"": ""Beverages"", ""territory_category_rank"": 2, ""territory_category_orders_90d"": 1790, ""current_category_count_90d"": 4}","Introduce Beverages during the next outlet visit and assess fit, expected demand, and an initial reorder quantity.",150.94,3781.01,150.94,0.694914427093836,0.1240436215412177,1.0,1.0,Beverages,2.0,1790.0,4.0,,,,,,,,,,,
466,182,OPP-001295,1946,Cross-Sell,65.8,P2,Planned,85.0,HIGH,"{""target_category"": ""Beverages"", ""territory_category_rank"": 2, ""territory_category_orders_90d"": 1790, ""current_category_count_90d"": 4}","Introduce Beverages during the next outlet visit and assess fit, expected demand, and an initial reorder quantity.",6361.81,3140.93,0.0,30.357360997117823,5.228183065834998,0.0,0.0,Beverages,2.0,1790.0,4.0,,,,,,,,,,,
467,183,OPP-001447,2165,Cross-Sell,65.8,P2,Planned,85.0,HIGH,"{""target_category"": ""Beverages"", ""territory_category_rank"": 2, ""territory_category_orders_90d"": 1790, ""current_category_count_90d"": 4}","Introduce Beverages during the next outlet visit and assess fit, expected demand, and an initial reorder quantity.",0.0,1591.14,0.0,0.0,0.0,5.0,2.0,Beverages,2.0,1790.0,4.0,,,,,,,,,,,
468,184,OPP-001771,2591,Cross-Sell,65.8,P2,Planned,85.0,HIGH,"{""target_category"": ""Beverages"", ""territory_category_rank"": 2, ""territory_category_orders_90d"": 1790, ""current_category_count_90d"": 4}","Introduce Beverages during the next outlet visit and assess fit, expected demand, and an initial reorder quantity.",0.0,4625.69,0.0,0.0,0.0,4.0,3.0,Beverages,2.0,1790.0,4.0,,,,,,,,,,,
469,185,OPP-001865,2736,Cross-Sell,65.8,P2,Planned,85.0,HIGH,"{""target_category"": ""Beverages"", ""territory_category_rank"": 2, ""territory_category_orders_90d"": 1790, ""current_category_count_90d"": 4}","Introduce Beverages during the next outlet visit and assess fit, expected demand, and an initial reorder quantity.",0.0,0.0,0.0,0.0,0.0,1.0,0.0,Beverages,2.0,1790.0,4.0,,,,,,,,,,,
470,186,OPP-002021,2949,Cross-Sell,65.8,P2,Planned,85.0,HIGH,"{""target_category"": ""Beverages"", ""territory_category_rank"": 2, ""territory_category_orders_90d"": 1790, ""current_category_count_90d"": 4}","Introduce Beverages during the next outlet visit and assess fit, expected demand, and an initial reorder quantity.",580.52,4405.51,580.52,2.722121953426825,0.4770756802511444,1.0,0.0,Beverages,2.0,1790.0,4.0,,,,,,,,,,,
471,178,OPP-000961,1484,Revenue Recovery,65.75,P2,Planned,74.11,MEDIUM,"{""revenue_previous_30d"": 9442.94, ""revenue_30d"": 1421.04, ""revenue_growth_30d"": -0.8495, ""revenue_gap_vs_previous_30d"": 8021.9, ""orders_previous_30d"": 4, ""orders_30d"": 3, ""revenue_index_vs_peer"": 0.274}","Review the outlet's recent order decline, identify the lost SKU/category demand, and schedule a recovery visit with a targeted reorder proposal.",1421.0415,9442.94,1421.0415,3.634183910421133,0.2738369975546165,1.0,0.0,,,,,9442.94,1421.04,-0.8495,8021.9,4.0,3.0,0.274,,,,
472,179,OPP-001726,2546,Revenue Recovery,65.75,P2,Planned,69.07,MEDIUM,"{""revenue_previous_30d"": 16598.58, ""revenue_30d"": 3062.12, ""revenue_growth_30d"": -0.8155, ""revenue_gap_vs_previous_30d"": 13536.46, ""orders_previous_30d"": 4, ""orders_30d"": 2, ""revenue_index_vs_peer"": 0.701}","Review the outlet's recent order decline, identify the lost SKU/category demand, and schedule a recovery visit with a targeted reorder proposal.",3062.12,16598.579999999998,3062.12,8.383281074485351,0.7007973488836199,1.0,1.0,,,,,16598.58,3062.12,-0.8155,13536.46,4.0,2.0,0.701,,,,
473,180,OPP-001171,1771,Revenue Recovery,65.7,P2,Planned,76.16,MEDIUM,"{""revenue_previous_30d"": 8484.84, ""revenue_30d"": 1527.35, ""revenue_growth_30d"": -0.82, ""revenue_gap_vs_previous_30d"": 6957.49, ""orders_previous_30d"": 2, ""orders_30d"": 1, ""revenue_index_vs_peer"": 0.249}","Review the outlet's recent order decline, identify the lost SKU/category demand, and schedule a recovery visit with a targeted reorder proposal.",1527.35,8484.84,1527.35,3.884030654178229,0.2491814137274511,1.0,1.0,,,,,8484.84,1527.35,-0.82,6957.49,2.0,1.0,0.249,,,,
474,103,OPP-000532,840,Inactive Outlet,65.68,P2,Planned,70.0,MEDIUM,"{""revenue_previous_30d"": 8409.25, ""revenue_30d"": 0.0, ""orders_previous_30d"": 2, ""orders_30d"": 0, ""days_since_last_order"": 44}","Prioritize a win-back visit, diagnose the reason for inactivity, and attempt a targeted reorder based on the outlet's prior mix.",0.0,8409.25,0.0,0.0,0.0,1.0,1.0,,,,,8409.25,0.0,,,2.0,0.0,,44.0,,,
475,104,OPP-001168,1765,Inactive Outlet,65.66,P2,Planned,70.0,MEDIUM,"{""revenue_previous_30d"": 11286.35, ""revenue_30d"": 0.0, ""orders_previous_30d"": 4, ""orders_30d"": 0, ""days_since_last_order"": 30}","Prioritize a win-back visit, diagnose the reason for inactivity, and attempt a targeted reorder based on the outlet's prior mix.",0.0,11286.35,0.0,13.25813550024214,0.0,1.0,1.0,,,,,11286.35,0.0,,,4.0,0.0,,30.0,,,
476,181,OPP-000864,1333,Revenue Recovery,65.65,P2,Planned,73.03,MEDIUM,"{""revenue_previous_30d"": 9990.66, ""revenue_30d"": 1773.89, ""revenue_growth_30d"": -0.8224, ""revenue_gap_vs_previous_30d"": 8216.77, ""orders_previous_30d"": 3, ""orders_30d"": 2, ""revenue_index_vs_peer"": 0.303}","Review the outlet's recent order decline, identify the lost SKU/category demand, and schedule a recovery visit with a targeted reorder proposal.",1773.89,9990.66,1773.89,4.98603738635613,0.3030746730725203,1.0,0.0,,,,,9990.66,1773.89,-0.8224,8216.77,3.0,2.0,0.303,,,,
477,182,OPP-000929,1433,Revenue Recovery,65.63,P2,Planned,81.82,HIGH,"{""revenue_previous_30d"": 7627.95, ""revenue_30d"": 649.0, ""revenue_growth_30d"": -0.9149, ""revenue_gap_vs_previous_30d"": 6978.95, ""orders_previous_30d"": 3, ""orders_30d"": 1, ""revenue_index_vs_peer"": 0.481}","Review the outlet's recent order decline, identify the lost SKU/category demand, and schedule a recovery visit with a targeted reorder proposal.",649.0,7627.95,0.0,3.90887326276482,0.4814004376367614,0.0,0.0,,,,,7627.95,649.0,-0.9149,6978.95,3.0,1.0,0.481,,,,
478,105,OPP-001179,1782,Inactive Outlet,65.63,P2,Planned,70.0,MEDIUM,"{""revenue_previous_30d"": 9339.06, ""revenue_30d"": 0.0, ""orders_previous_30d"": 3, ""orders_30d"": 0, ""days_since_last_order"": 36}","Prioritize a win-back visit, diagnose the reason for inactivity, and attempt a targeted reorder based on the outlet's prior mix.",0.0,9339.06,0.0,0.0,0.0,1.0,0.0,,,,,9339.06,0.0,,,3.0,0.0,,36.0,,,
479,187,OPP-000162,258,Cross-Sell,65.62,P2,Planned,100.0,HIGH,"{""target_category"": ""Snacks"", ""territory_category_rank"": 1, ""territory_category_orders_90d"": 670, ""current_category_count_90d"": 0}","Introduce Snacks during the next outlet visit and assess fit, expected demand, and an initial reorder quantity.",0.0,0.0,0.0,0.0,0.0,0.0,0.0,Snacks,1.0,670.0,0.0,,,,,,,,,,,
480,188,OPP-000641,1003,Cross-Sell,65.62,P2,Planned,100.0,HIGH,"{""target_category"": ""Snacks"", ""territory_category_rank"": 1, ""territory_category_orders_90d"": 670, ""current_category_count_90d"": 0}","Introduce Snacks during the next outlet visit and assess fit, expected demand, and an initial reorder quantity.",0.0,0.0,0.0,0.0,0.0,3.0,2.0,Snacks,1.0,670.0,0.0,,,,,,,,,,,
481,189,OPP-000696,1084,Cross-Sell,65.62,P2,Planned,100.0,HIGH,"{""target_category"": ""Snacks"", ""territory_category_rank"": 1, ""territory_category_orders_90d"": 670, ""current_category_count_90d"": 0}","Introduce Snacks during the next outlet visit and assess fit, expected demand, and an initial reorder quantity.",0.0,0.0,0.0,0.0,0.0,2.0,1.0,Snacks,1.0,670.0,0.0,,,,,,,,,,,
482,190,OPP-001172,1772,Cross-Sell,65.62,P2,Planned,100.0,HIGH,"{""target_category"": ""Snacks"", ""territory_category_rank"": 1, ""territory_category_orders_90d"": 670, ""current_category_count_90d"": 0}","Introduce Snacks during the next outlet visit and assess fit, expected demand, and an initial reorder quantity.",0.0,0.0,0.0,0.0,0.0,1.0,1.0,Snacks,1.0,670.0,0.0,,,,,,,,,,,
483,191,OPP-002046,2980,Cross-Sell,65.62,P2,Planned,100.0,HIGH,"{""target_category"": ""Snacks"", ""territory_category_rank"": 1, ""territory_category_orders_90d"": 670, ""current_category_count_90d"": 0}","Introduce Snacks during the next outlet visit and assess fit, expected demand, and an initial reorder quantity.",0.0,0.0,0.0,0.0,0.0,0.0,0.0,Snacks,1.0,670.0,0.0,,,,,,,,,,,
484,106,OPP-000408,645,Inactive Outlet,65.61,P2,Planned,70.0,MEDIUM,"{""revenue_previous_30d"": 10675.16, ""revenue_30d"": 0.0, ""orders_previous_30d"": 4, ""orders_30d"": 0, ""days_since_last_order"": 31}","Prioritize a win-back visit, diagnose the reason for inactivity, and attempt a targeted reorder based on the outlet's prior mix.",0.0,10675.16,0.0,0.0,0.0,2.0,1.0,,,,,10675.16,0.0,,,4.0,0.0,,31.0,,,
485,192,OPP-000152,250,Cross-Sell,65.58,P2,Planned,89.0,HIGH,"{""target_category"": ""Beverages"", ""territory_category_rank"": 2, ""territory_category_orders_90d"": 1014, ""current_category_count_90d"": 2}","Introduce Beverages during the next outlet visit and assess fit, expected demand, and an initial reorder quantity.",0.0,1995.11,0.0,0.0,0.0,1.0,0.0,Beverages,2.0,1014.0,2.0,,,,,,,,,,,
486,193,OPP-000190,314,Cross-Sell,65.58,P2,Planned,89.0,HIGH,"{""target_category"": ""Beverages"", ""territory_category_rank"": 2, ""territory_category_orders_90d"": 1014, ""current_category_count_90d"": 2}","Introduce Beverages during the next outlet visit and assess fit, expected demand, and an initial reorder quantity.",0.0,165.51,0.0,0.0,0.0,1.0,1.0,Beverages,2.0,1014.0,2.0,,,,,,,,,,,
487,194,OPP-000251,410,Cross-Sell,65.58,P2,Planned,89.0,HIGH,"{""target_category"": ""Beverages"", ""territory_category_rank"": 2, ""territory_category_orders_90d"": 1014, ""current_category_count_90d"": 2}","Introduce Beverages during the next outlet visit and assess fit, expected demand, and an initial reorder quantity.",487.15,2325.75,487.15,2.4511444124825967,0.3339960920091872,1.0,0.0,Beverages,2.0,1014.0,2.0,,,,,,,,,,,
488,195,OPP-001088,1663,Cross-Sell,65.58,P2,Planned,89.0,HIGH,"{""target_category"": ""Beverages"", ""territory_category_rank"": 2, ""territory_category_orders_90d"": 1014, ""current_category_count_90d"": 2}","Introduce Beverages during the next outlet visit and assess fit, expected demand, and an initial reorder quantity.",0.0,0.0,0.0,0.0,0.0,1.0,0.0,Beverages,2.0,1014.0,2.0,,,,,,,,,,,
489,196,OPP-001173,1773,Cross-Sell,65.58,P2,Planned,89.0,HIGH,"{""target_category"": ""Beverages"", ""territory_category_rank"": 2, ""territory_category_orders_90d"": 1014, ""current_category_count_90d"": 2}","Introduce Beverages during the next outlet visit and assess fit, expected demand, and an initial reorder quantity.",141.58,609.59,35.395,0.7033143901760521,0.0970690068904048,4.0,1.0,Beverages,2.0,1014.0,2.0,,,,,,,,,,,
490,197,OPP-001442,2158,Cross-Sell,65.58,P2,Planned,89.0,HIGH,"{""target_category"": ""Beverages"", ""territory_category_rank"": 2, ""territory_category_orders_90d"": 1014, ""current_category_count_90d"": 2}","Introduce Beverages during the next outlet visit and assess fit, expected demand, and an initial reorder quantity.",423.93,0.0,211.965,2.093576597060212,0.2906516746083439,2.0,2.0,Beverages,2.0,1014.0,2.0,,,,,,,,,,,
491,183,OPP-000596,925,Revenue Recovery,65.45,P2,Planned,87.76,HIGH,"{""revenue_previous_30d"": 4623.54, ""revenue_30d"": 256.78, ""revenue_growth_30d"": -0.9445, ""revenue_gap_vs_previous_30d"": 4366.76, ""orders_previous_30d"": 2, ""orders_30d"": 1, ""revenue_index_vs_peer"": 0.057}","Review the outlet's recent order decline, identify the lost SKU/category demand, and schedule a recovery visit with a targeted reorder proposal.",256.78,4623.54,85.59333333333332,0.614597639359141,0.0571473082144526,3.0,0.0,,,,,4623.54,256.78,-0.9445,4366.76,2.0,1.0,0.057,,,,
492,198,OPP-000444,702,Cross-Sell,65.44,P2,Planned,94.0,HIGH,"{""target_category"": ""Snacks"", ""territory_category_rank"": 1, ""territory_category_orders_90d"": 910, ""current_category_count_90d"": 3}","Introduce Snacks during the next outlet visit and assess fit, expected demand, and an initial reorder quantity.",0.0,8660.99,0.0,0.0,0.0,1.0,1.0,Snacks,1.0,910.0,3.0,,,,,,,,,,,
493,199,OPP-000844,1304,Cross-Sell,65.44,P2,Planned,94.0,HIGH,"{""target_category"": ""Snacks"", ""territory_category_rank"": 1, ""territory_category_orders_90d"": 910, ""current_category_count_90d"": 3}","Introduce Snacks during the next outlet visit and assess fit, expected demand, and an initial reorder quantity.",4838.69,0.0,1209.6725,29.6339461790032,2.606210276850156,4.0,4.0,Snacks,1.0,910.0,3.0,,,,,,,,,,,
494,184,OPP-001669,2468,Revenue Recovery,65.29,P2,Planned,60.96,MEDIUM,"{""revenue_previous_30d"": 18766.26, ""revenue_30d"": 6436.4, ""revenue_growth_30d"": -0.657, ""revenue_gap_vs_previous_30d"": 12329.86, ""orders_previous_30d"": 3, ""orders_30d"": 2, ""revenue_index_vs_peer"": 0.336}","Review the outlet's recent order decline, identify the lost SKU/category demand, and schedule a recovery visit with a targeted reorder proposal.",6436.404,18766.26,6436.404,8.940507960108611,0.3356085952329989,1.0,0.0,,,,,18766.26,6436.4,-0.657,12329.86,3.0,2.0,0.336,,,,
495,185,OPP-001182,1788,Revenue Recovery,65.25,P2,Planned,80.15,HIGH,"{""revenue_previous_30d"": 6575.35, ""revenue_30d"": 943.58, ""revenue_growth_30d"": -0.8565, ""revenue_gap_vs_previous_30d"": 5631.77, ""orders_previous_30d"": 2, ""orders_30d"": 1, ""revenue_index_vs_peer"": 0.154}","Review the outlet's recent order decline, identify the lost SKU/category demand, and schedule a recovery visit with a targeted reorder proposal.",943.58,6575.35,943.58,2.4226312859833588,0.1539415316495553,1.0,0.0,,,,,6575.35,943.58,-0.8565,5631.77,2.0,1.0,0.154,,,,
496,107,OPP-001000,1542,Inactive Outlet,65.2,P2,Planned,70.0,MEDIUM,"{""revenue_previous_30d"": 7599.21, ""revenue_30d"": 0.0, ""orders_previous_30d"": 2, ""orders_30d"": 0, ""days_since_last_order"": 46}","Prioritize a win-back visit, diagnose the reason for inactivity, and attempt a targeted reorder based on the outlet's prior mix.",0.0,7599.209999999999,0.0,0.0,0.0,2.0,2.0,,,,,7599.21,0.0,,,2.0,0.0,,46.0,,,
497,108,OPP-001677,2483,Inactive Outlet,65.17,P2,Planned,70.0,MEDIUM,"{""revenue_previous_30d"": 9545.93, ""revenue_30d"": 0.0, ""orders_previous_30d"": 3, ""orders_30d"": 0, ""days_since_last_order"": 35}","Prioritize a win-back visit, diagnose the reason for inactivity, and attempt a targeted reorder based on the outlet's prior mix.",0.0,9545.93,0.0,0.0,0.0,3.0,3.0,,,,,9545.93,0.0,,,3.0,0.0,,35.0,,,
498,109,OPP-001802,2630,Inactive Outlet,65.11,P2,Planned,70.0,MEDIUM,"{""revenue_previous_30d"": 6545.96, ""revenue_30d"": 0.0, ""orders_previous_30d"": 3, ""orders_30d"": 0, ""days_since_last_order"": 47}","Prioritize a win-back visit, diagnose the reason for inactivity, and attempt a targeted reorder based on the outlet's prior mix.",0.0,6545.96,0.0,0.0,0.0,2.0,1.0,,,,,6545.96,0.0,,,3.0,0.0,,47.0,,,
499,186,OPP-002050,2987,Revenue Recovery,65.07,P2,Planned,60.0,MEDIUM,"{""revenue_previous_30d"": 48367.79, ""revenue_30d"": 17971.48, ""revenue_growth_30d"": -0.6284, ""revenue_gap_vs_previous_30d"": 30396.31, ""orders_previous_30d"": 6, ""orders_30d"": 3, ""revenue_index_vs_peer"": 0.837}","Review the outlet's recent order decline, identify the lost SKU/category demand, and schedule a recovery visit with a targeted reorder proposal.",17971.48,48367.79,3594.296,33.71003247680777,0.8367902215821483,5.0,5.0,,,,,48367.79,17971.48,-0.6284,30396.31,6.0,3.0,0.837,,,,
500,187,OPP-001437,2152,Revenue Recovery,64.96,P3,Monitor,60.0,MEDIUM,"{""revenue_previous_30d"": 34810.42, ""revenue_30d"": 13860.54, ""revenue_growth_30d"": -0.6018, ""revenue_gap_vs_previous_30d"": 20949.88, ""orders_previous_30d"": 6, ""orders_30d"": 3, ""revenue_index_vs_peer"": 0.645}","Review the outlet's recent order decline, identify the lost SKU/category demand, and schedule a recovery visit with a targeted reorder proposal.",13860.54,34810.42,6930.27,23.21810888332785,0.6453761369596845,2.0,2.0,,,,,34810.42,13860.54,-0.6018,20949.88,6.0,3.0,0.645,,,,
501,188,OPP-000021,36,Revenue Recovery,64.91,P3,Monitor,60.0,MEDIUM,"{""revenue_previous_30d"": 39905.97, ""revenue_30d"": 10311.23, ""revenue_growth_30d"": -0.7416, ""revenue_gap_vs_previous_30d"": 29594.74, ""orders_previous_30d"": 8, ""orders_30d"": 4, ""revenue_index_vs_peer"": 2.36}","Review the outlet's recent order decline, identify the lost SKU/category demand, and schedule a recovery visit with a targeted reorder proposal.",10311.23,39905.97,0.0,25.704470249440725,2.359830002654778,0.0,0.0,,,,,39905.97,10311.23,-0.7416,29594.74,8.0,4.0,2.36,,,,
502,189,OPP-002007,2936,Revenue Recovery,64.88,P3,Monitor,75.98,MEDIUM,"{""revenue_previous_30d"": 8381.67, ""revenue_30d"": 1448.37, ""revenue_growth_30d"": -0.8272, ""revenue_gap_vs_previous_30d"": 6933.3, ""orders_previous_30d"": 2, ""orders_30d"": 1, ""revenue_index_vs_peer"": 0.295}","Review the outlet's recent order decline, identify the lost SKU/category demand, and schedule a recovery visit with a targeted reorder proposal.",1448.37,8381.67,1448.37,3.89232724819878,0.2947696835189928,1.0,0.0,,,,,8381.67,1448.37,-0.8272,6933.3,2.0,1.0,0.295,,,,
504,110,OPP-001475,2196,Inactive Outlet,64.87,P3,Monitor,70.0,MEDIUM,"{""revenue_previous_30d"": 5509.17, ""revenue_30d"": 0.0, ""orders_previous_30d"": 3, ""orders_30d"": 0, ""days_since_last_order"": 52}","Prioritize a win-back visit, diagnose the reason for inactivity, and attempt a targeted reorder based on the outlet's prior mix.",0.0,5509.17,0.0,0.0,0.0,4.0,2.0,,,,,5509.17,0.0,,,3.0,0.0,,52.0,,,
503,190,OPP-000981,1515,Revenue Recovery,64.87,P3,Monitor,67.88,MEDIUM,"{""revenue_previous_30d"": 14721.67, ""revenue_30d"": 3371.0, ""revenue_growth_30d"": -0.771, ""revenue_gap_vs_previous_30d"": 11350.67, ""orders_previous_30d"": 2, ""orders_30d"": 1, ""revenue_index_vs_peer"": 0.573}","Review the outlet's recent order decline, identify the lost SKU/category demand, and schedule a recovery visit with a targeted reorder proposal.",3371.0,14721.67,3371.0,29.91719539451388,0.5727587056434827,1.0,1.0,,,,,14721.67,3371.0,-0.771,11350.67,2.0,1.0,0.573,,,,
505,191,OPP-000798,1229,Revenue Recovery,64.81,P3,Monitor,60.0,MEDIUM,"{""revenue_previous_30d"": 33184.95, ""revenue_30d"": 12621.13, ""revenue_growth_30d"": -0.6197, ""revenue_gap_vs_previous_30d"": 20563.82, ""orders_previous_30d"": 7, ""orders_30d"": 4, ""revenue_index_vs_peer"": 0.632}","Review the outlet's recent order decline, identify the lost SKU/category demand, and schedule a recovery visit with a targeted reorder proposal.",12621.13,33184.95,6310.5650000000005,19.78037598783318,0.6319255556203669,2.0,2.0,,,,,33184.95,12621.13,-0.6197,20563.82,7.0,4.0,0.632,,,,
506,111,OPP-001019,1564,Inactive Outlet,64.73,P3,Monitor,70.0,MEDIUM,"{""revenue_previous_30d"": 7086.93, ""revenue_30d"": 0.0, ""orders_previous_30d"": 2, ""orders_30d"": 0, ""days_since_last_order"": 48}","Prioritize a win-back visit, diagnose the reason for inactivity, and attempt a targeted reorder based on the outlet's prior mix.",0.0,7086.93,0.0,0.0,0.0,1.0,1.0,,,,,7086.93,0.0,,,2.0,0.0,,48.0,,,
507,192,OPP-001200,1812,Revenue Recovery,64.7,P3,Monitor,60.0,MEDIUM,"{""revenue_previous_30d"": 39616.08, ""revenue_30d"": 13943.94, ""revenue_growth_30d"": -0.648, ""revenue_gap_vs_previous_30d"": 25672.14, ""orders_previous_30d"": 5, ""orders_30d"": 4, ""revenue_index_vs_peer"": 0.685}","Review the outlet's recent order decline, identify the lost SKU/category demand, and schedule a recovery visit with a targeted reorder proposal.",13943.9385,39616.08,6971.96925,19.518396421723523,0.6853194817322283,2.0,2.0,,,,,39616.08,13943.94,-0.648,25672.14,5.0,4.0,0.685,,,,
508,200,OPP-000620,964,Cross-Sell,64.65,P3,Monitor,100.0,HIGH,"{""target_category"": ""Snacks"", ""territory_category_rank"": 1, ""territory_category_orders_90d"": 651, ""current_category_count_90d"": 0}","Introduce Snacks during the next outlet visit and assess fit, expected demand, and an initial reorder quantity.",0.0,0.0,0.0,0.0,0.0,4.0,1.0,Snacks,1.0,651.0,0.0,,,,,,,,,,,
509,201,OPP-001533,2278,Cross-Sell,64.65,P3,Monitor,100.0,HIGH,"{""target_category"": ""Snacks"", ""territory_category_rank"": 1, ""territory_category_orders_90d"": 651, ""current_category_count_90d"": 0}","Introduce Snacks during the next outlet visit and assess fit, expected demand, and an initial reorder quantity.",0.0,0.0,0.0,0.0,0.0,3.0,3.0,Snacks,1.0,651.0,0.0,,,,,,,,,,,
510,193,OPP-001196,1809,Revenue Recovery,64.59,P3,Monitor,60.0,MEDIUM,"{""revenue_previous_30d"": 23663.14, ""revenue_30d"": 8804.14, ""revenue_growth_30d"": -0.6279, ""revenue_gap_vs_previous_30d"": 14859.0, ""orders_previous_30d"": 3, ""orders_30d"": 2, ""revenue_index_vs_peer"": 0.435}","Review the outlet's recent order decline, identify the lost SKU/category demand, and schedule a recovery visit with a targeted reorder proposal.",8804.140000000001,23663.14,1467.3566666666668,14.853704973735647,0.4352359525677475,6.0,4.0,,,,,23663.14,8804.14,-0.6279,14859.0,3.0,2.0,0.435,,,,
511,202,OPP-000121,208,Cross-Sell,64.58,P3,Monitor,94.0,HIGH,"{""target_category"": ""Snacks"", ""territory_category_rank"": 1, ""territory_category_orders_90d"": 901, ""current_category_count_90d"": 3}","Introduce Snacks during the next outlet visit and assess fit, expected demand, and an initial reorder quantity.",1405.12,0.0,1405.12,6.652230271548781,0.8057527553817393,1.0,1.0,Snacks,1.0,901.0,3.0,,,,,,,,,,,
512,203,OPP-000387,614,Cross-Sell,64.58,P3,Monitor,94.0,HIGH,"{""target_category"": ""Snacks"", ""territory_category_rank"": 1, ""territory_category_orders_90d"": 901, ""current_category_count_90d"": 3}","Introduce Snacks during the next outlet visit and assess fit, expected demand, and an initial reorder quantity.",1743.86,2894.2,0.0,8.941225692295623,1.0,0.0,0.0,Snacks,1.0,901.0,3.0,,,,,,,,,,,
513,204,OPP-000477,756,Cross-Sell,64.58,P3,Monitor,94.0,HIGH,"{""target_category"": ""Snacks"", ""territory_category_rank"": 1, ""territory_category_orders_90d"": 901, ""current_category_count_90d"": 3}","Introduce Snacks during the next outlet visit and assess fit, expected demand, and an initial reorder quantity.",658.54,2589.74,0.0,4.886910900731925,0.1074383266416182,0.0,0.0,Snacks,1.0,901.0,3.0,,,,,,,,,,,
514,205,OPP-000706,1099,Cross-Sell,64.58,P3,Monitor,94.0,HIGH,"{""target_category"": ""Snacks"", ""territory_category_rank"": 1, ""territory_category_orders_90d"": 901, ""current_category_count_90d"": 3}","Introduce Snacks during the next outlet visit and assess fit, expected demand, and an initial reorder quantity.",0.0,960.87,0.0,0.0,0.0,10.0,4.0,Snacks,1.0,901.0,3.0,,,,,,,,,,,
515,206,OPP-001443,2159,Cross-Sell,64.58,P3,Monitor,94.0,HIGH,"{""target_category"": ""Snacks"", ""territory_category_rank"": 1, ""territory_category_orders_90d"": 901, ""current_category_count_90d"": 3}","Introduce Snacks during the next outlet visit and assess fit, expected demand, and an initial reorder quantity.",1402.79,834.69,1402.79,6.690746785766752,0.8044166389503745,1.0,1.0,Snacks,1.0,901.0,3.0,,,,,,,,,,,
516,207,OPP-001512,2253,Cross-Sell,64.58,P3,Monitor,94.0,HIGH,"{""target_category"": ""Snacks"", ""territory_category_rank"": 1, ""territory_category_orders_90d"": 901, ""current_category_count_90d"": 3}","Introduce Snacks during the next outlet visit and assess fit, expected demand, and an initial reorder quantity.",3452.12,433.82,0.0,18.937631419137425,1.9795855171860128,0.0,0.0,Snacks,1.0,901.0,3.0,,,,,,,,,,,
517,208,OPP-001721,2541,Cross-Sell,64.58,P3,Monitor,94.0,HIGH,"{""target_category"": ""Snacks"", ""territory_category_rank"": 1, ""territory_category_orders_90d"": 901, ""current_category_count_90d"": 3}","Introduce Snacks during the next outlet visit and assess fit, expected demand, and an initial reorder quantity.",0.0,895.38,0.0,0.0,0.0,1.0,1.0,Snacks,1.0,901.0,3.0,,,,,,,,,,,
518,209,OPP-001788,2617,Cross-Sell,64.58,P3,Monitor,94.0,HIGH,"{""target_category"": ""Snacks"", ""territory_category_rank"": 1, ""territory_category_orders_90d"": 901, ""current_category_count_90d"": 3}","Introduce Snacks during the next outlet visit and assess fit, expected demand, and an initial reorder quantity.",38.77,1557.49,38.77,0.1817980611332907,0.0222322892892778,1.0,1.0,Snacks,1.0,901.0,3.0,,,,,,,,,,,
519,210,OPP-001738,2559,Cross-Sell,64.56,P3,Monitor,91.0,HIGH,"{""target_category"": ""Beverages"", ""territory_category_rank"": 2, ""territory_category_orders_90d"": 859, ""current_category_count_90d"": 1}","Introduce Beverages during the next outlet visit and assess fit, expected demand, and an initial reorder quantity.",0.0,993.83,0.0,0.0,0.0,1.0,0.0,Beverages,2.0,859.0,1.0,,,,,,,,,,,
520,194,OPP-001563,2324,Revenue Recovery,64.48,P3,Monitor,66.38,MEDIUM,"{""revenue_previous_30d"": 14825.47, ""revenue_30d"": 2379.92, ""revenue_growth_30d"": -0.8395, ""revenue_gap_vs_previous_30d"": 12445.55, ""orders_previous_30d"": 2, ""orders_30d"": 3, ""revenue_index_vs_peer"": 0.492}","Review the outlet's recent order decline, identify the lost SKU/category demand, and schedule a recovery visit with a targeted reorder proposal.",2379.924,14825.47,2379.924,6.823794816273493,0.4921672594921002,1.0,0.0,,,,,14825.47,2379.92,-0.8395,12445.55,2.0,3.0,0.492,,,,
521,195,OPP-001104,1691,Revenue Recovery,64.38,P3,Monitor,73.59,MEDIUM,"{""revenue_previous_30d"": 8759.5, ""revenue_30d"": 1572.02, ""revenue_growth_30d"": -0.8205, ""revenue_gap_vs_previous_30d"": 7187.48, ""orders_previous_30d"": 3, ""orders_30d"": 2, ""revenue_index_vs_peer"": 0.256}","Review the outlet's recent order decline, identify the lost SKU/category demand, and schedule a recovery visit with a targeted reorder proposal.",1572.0210000000002,8759.5,262.00350000000003,4.456976293852574,0.2564693195333365,6.0,2.0,,,,,8759.5,1572.02,-0.8205,7187.48,3.0,2.0,0.256,,,,
522,196,OPP-000265,430,Revenue Recovery,64.36,P3,Monitor,68.79,MEDIUM,"{""revenue_previous_30d"": 13702.45, ""revenue_30d"": 2887.39, ""revenue_growth_30d"": -0.7893, ""revenue_gap_vs_previous_30d"": 10815.06, ""orders_previous_30d"": 4, ""orders_30d"": 2, ""revenue_index_vs_peer"": 0.597}","Review the outlet's recent order decline, identify the lost SKU/category demand, and schedule a recovery visit with a targeted reorder proposal.",2887.3935,13702.45,2887.3935,6.844789068415332,0.5971117338075936,1.0,1.0,,,,,13702.45,2887.39,-0.7893,10815.06,4.0,2.0,0.597,,,,
524,112,OPP-002038,2970,Inactive Outlet,64.23,P3,Monitor,70.0,MEDIUM,"{""revenue_previous_30d"": 11228.21, ""revenue_30d"": 0.0, ""orders_previous_30d"": 3, ""orders_30d"": 0, ""days_since_last_order"": 31}","Prioritize a win-back visit, diagnose the reason for inactivity, and attempt a targeted reorder based on the outlet's prior mix.",0.0,11228.21,0.0,0.0,0.0,4.0,4.0,,,,,11228.21,0.0,,,3.0,0.0,,31.0,,,
523,197,OPP-000868,1338,Revenue Recovery,64.23,P3,Monitor,61.61,MEDIUM,"{""revenue_previous_30d"": 30148.47, ""revenue_30d"": 7487.82, ""revenue_growth_30d"": -0.7516, ""revenue_gap_vs_previous_30d"": 22660.65, ""orders_previous_30d"": 5, ""orders_30d"": 2, ""revenue_index_vs_peer"": 1.714}","Review the outlet's recent order decline, identify the lost SKU/category demand, and schedule a recovery visit with a targeted reorder proposal.",7487.82,30148.47,7487.82,56.67841435785046,1.7136638684694745,1.0,0.0,,,,,30148.47,7487.82,-0.7516,22660.65,5.0,2.0,1.714,,,,
525,113,OPP-000746,1159,Inactive Outlet,64.15,P3,Monitor,70.0,MEDIUM,"{""revenue_previous_30d"": 8136.81, ""revenue_30d"": 0.0, ""orders_previous_30d"": 3, ""orders_30d"": 0, ""days_since_last_order"": 38}","Prioritize a win-back visit, diagnose the reason for inactivity, and attempt a targeted reorder based on the outlet's prior mix.",0.0,8136.809999999999,0.0,0.0,0.0,3.0,2.0,,,,,8136.81,0.0,,,3.0,0.0,,38.0,,,
526,114,OPP-000151,249,Inactive Outlet,64.14,P3,Monitor,70.0,MEDIUM,"{""revenue_previous_30d"": 7354.91, ""revenue_30d"": 0.0, ""orders_previous_30d"": 3, ""orders_30d"": 0, ""days_since_last_order"": 41}","Prioritize a win-back visit, diagnose the reason for inactivity, and attempt a targeted reorder based on the outlet's prior mix.",0.0,7354.91,0.0,0.0,0.0,2.0,0.0,,,,,7354.91,0.0,,,3.0,0.0,,41.0,,,
527,198,OPP-001101,1687,Revenue Recovery,64.03,P3,Monitor,81.72,HIGH,"{""revenue_previous_30d"": 5438.5, ""revenue_30d"": 140.4, ""revenue_growth_30d"": -0.9742, ""revenue_gap_vs_previous_30d"": 5298.1, ""orders_previous_30d"": 1, ""orders_30d"": 1, ""revenue_index_vs_peer"": 0.098}","Review the outlet's recent order decline, identify the lost SKU/category demand, and schedule a recovery visit with a targeted reorder proposal.",140.4,5438.5,70.2,0.7775128228699526,0.0983606557377049,2.0,2.0,,,,,5438.5,140.4,-0.9742,5298.1,1.0,1.0,0.098,,,,
528,199,OPP-000191,316,Revenue Recovery,63.98,P3,Monitor,82.38,HIGH,"{""revenue_previous_30d"": 5803.97, ""revenue_30d"": 814.33, ""revenue_growth_30d"": -0.8597, ""revenue_gap_vs_previous_30d"": 4989.64, ""orders_previous_30d"": 3, ""orders_30d"": 1, ""revenue_index_vs_peer"": 0.186}","Review the outlet's recent order decline, identify the lost SKU/category demand, and schedule a recovery visit with a targeted reorder proposal.",814.33,5803.97,0.0,2.0129742198992586,0.1863677142360189,0.0,0.0,,,,,5803.97,814.33,-0.8597,4989.64,3.0,1.0,0.186,,,,
529,115,OPP-001025,1570,Inactive Outlet,63.98,P3,Monitor,70.0,MEDIUM,"{""revenue_previous_30d"": 8931.48, ""revenue_30d"": 0.0, ""orders_previous_30d"": 2, ""orders_30d"": 0, ""days_since_last_order"": 40}","Prioritize a win-back visit, diagnose the reason for inactivity, and attempt a targeted reorder based on the outlet's prior mix.",0.0,8931.48,0.0,0.0,0.0,0.0,0.0,,,,,8931.48,0.0,,,2.0,0.0,,40.0,,,
530,200,OPP-000691,1077,Revenue Recovery,63.95,P3,Monitor,60.66,MEDIUM,"{""revenue_previous_30d"": 15945.42, ""revenue_30d"": 5717.76, ""revenue_growth_30d"": -0.6414, ""revenue_gap_vs_previous_30d"": 10227.66, ""orders_previous_30d"": 3, ""orders_30d"": 2, ""revenue_index_vs_peer"": 0.283}","Review the outlet's recent order decline, identify the lost SKU/category demand, and schedule a recovery visit with a targeted reorder proposal.",5717.76,15945.42,5717.76,8.39704073396565,0.2826596033404471,1.0,1.0,,,,,15945.42,5717.76,-0.6414,10227.66,3.0,2.0,0.283,,,,
531,211,OPP-001216,1837,Cross-Sell,63.87,P3,Monitor,91.0,HIGH,"{""target_category"": ""Home Care"", ""territory_category_rank"": 2, ""territory_category_orders_90d"": 835, ""current_category_count_90d"": 1}","Introduce Home Care during the next outlet visit and assess fit, expected demand, and an initial reorder quantity.",0.0,0.0,0.0,0.0,0.0,1.0,1.0,Home Care,2.0,835.0,1.0,,,,,,,,,,,
532,212,OPP-001611,2389,Cross-Sell,63.87,P3,Monitor,91.0,HIGH,"{""target_category"": ""Home Care"", ""territory_category_rank"": 2, ""territory_category_orders_90d"": 835, ""current_category_count_90d"": 1}","Introduce Home Care during the next outlet visit and assess fit, expected demand, and an initial reorder quantity.",481.54,0.0,481.54,2.461132415302423,0.2593665840784229,1.0,1.0,Home Care,2.0,835.0,1.0,,,,,,,,,,,
533,116,OPP-001910,2794,Inactive Outlet,63.82,P3,Monitor,70.0,MEDIUM,"{""revenue_previous_30d"": 8392.41, ""revenue_30d"": 0.0, ""orders_previous_30d"": 3, ""orders_30d"": 0, ""days_since_last_order"": 37}","Prioritize a win-back visit, diagnose the reason for inactivity, and attempt a targeted reorder based on the outlet's prior mix.",0.0,8392.41,0.0,0.0,0.0,1.0,1.0,,,,,8392.41,0.0,,,3.0,0.0,,37.0,,,
534,213,OPP-000103,177,Cross-Sell,63.81,P3,Monitor,92.0,HIGH,"{""target_category"": ""Snacks"", ""territory_category_rank"": 1, ""territory_category_orders_90d"": 1105, ""current_category_count_90d"": 4}","Introduce Snacks during the next outlet visit and assess fit, expected demand, and an initial reorder quantity.",0.0,543.92,0.0,0.0,0.0,2.0,1.0,Snacks,1.0,1105.0,4.0,,,,,,,,,,,
535,214,OPP-000313,503,Cross-Sell,63.81,P3,Monitor,92.0,HIGH,"{""target_category"": ""Snacks"", ""territory_category_rank"": 1, ""territory_category_orders_90d"": 1105, ""current_category_count_90d"": 4}","Introduce Snacks during the next outlet visit and assess fit, expected demand, and an initial reorder quantity.",7447.17,4482.89,1861.7925,18.25692623335629,1.7043607019599585,4.0,1.0,Snacks,1.0,1105.0,4.0,,,,,,,,,,,
536,215,OPP-000541,851,Cross-Sell,63.81,P3,Monitor,92.0,HIGH,"{""target_category"": ""Snacks"", ""territory_category_rank"": 1, ""territory_category_orders_90d"": 1105, ""current_category_count_90d"": 4}","Introduce Snacks during the next outlet visit and assess fit, expected demand, and an initial reorder quantity.",0.0,0.0,0.0,0.0,0.0,2.0,1.0,Snacks,1.0,1105.0,4.0,,,,,,,,,,,
537,216,OPP-000802,1236,Cross-Sell,63.81,P3,Monitor,92.0,HIGH,"{""target_category"": ""Snacks"", ""territory_category_rank"": 1, ""territory_category_orders_90d"": 1105, ""current_category_count_90d"": 4}","Introduce Snacks during the next outlet visit and assess fit, expected demand, and an initial reorder quantity.",4796.77,3447.75,959.354,13.871110184462513,1.0977896683358204,5.0,2.0,Snacks,1.0,1105.0,4.0,,,,,,,,,,,
538,217,OPP-000846,1309,Cross-Sell,63.81,P3,Monitor,92.0,HIGH,"{""target_category"": ""Snacks"", ""territory_category_rank"": 1, ""territory_category_orders_90d"": 1105, ""current_category_count_90d"": 4}","Introduce Snacks during the next outlet visit and assess fit, expected demand, and an initial reorder quantity.",1079.21,7308.48,1079.21,3.003877560279487,0.246988199968875,1.0,0.0,Snacks,1.0,1105.0,4.0,,,,,,,,,,,
539,218,OPP-000902,1404,Cross-Sell,63.81,P3,Monitor,92.0,HIGH,"{""target_category"": ""Snacks"", ""territory_category_rank"": 1, ""territory_category_orders_90d"": 1105, ""current_category_count_90d"": 4}","Introduce Snacks during the next outlet visit and assess fit, expected demand, and an initial reorder quantity.",1619.43,0.0,0.0,9.767488148228567,1.1103013266600392,0.0,0.0,Snacks,1.0,1105.0,4.0,,,,,,,,,,,
540,219,OPP-001006,1548,Cross-Sell,63.81,P3,Monitor,92.0,HIGH,"{""target_category"": ""Snacks"", ""territory_category_rank"": 1, ""territory_category_orders_90d"": 1105, ""current_category_count_90d"": 4}","Introduce Snacks during the next outlet visit and assess fit, expected demand, and an initial reorder quantity.",0.0,5338.63,0.0,0.0,0.0,1.0,1.0,Snacks,1.0,1105.0,4.0,,,,,,,,,,,
541,220,OPP-001336,2011,Cross-Sell,63.81,P3,Monitor,92.0,HIGH,"{""target_category"": ""Snacks"", ""territory_category_rank"": 1, ""territory_category_orders_90d"": 1105, ""current_category_count_90d"": 4}","Introduce Snacks during the next outlet visit and assess fit, expected demand, and an initial reorder quantity.",3109.55,2779.88,777.3875,15.808278331034616,2.131946110863529,4.0,2.0,Snacks,1.0,1105.0,4.0,,,,,,,,,,,
542,221,OPP-001407,2114,Cross-Sell,63.81,P3,Monitor,92.0,HIGH,"{""target_category"": ""Snacks"", ""territory_category_rank"": 1, ""territory_category_orders_90d"": 1105, ""current_category_count_90d"": 4}","Introduce Snacks during the next outlet visit and assess fit, expected demand, and an initial reorder quantity.",1709.87,4579.97,569.9566666666666,9.478477784861,1.1723081142230296,3.0,1.0,Snacks,1.0,1105.0,4.0,,,,,,,,,,,
543,222,OPP-001852,2720,Cross-Sell,63.81,P3,Monitor,92.0,HIGH,"{""target_category"": ""Snacks"", ""territory_category_rank"": 1, ""territory_category_orders_90d"": 1105, ""current_category_count_90d"": 4}","Introduce Snacks during the next outlet visit and assess fit, expected demand, and an initial reorder quantity.",0.0,0.0,0.0,0.0,0.0,0.0,0.0,Snacks,1.0,1105.0,4.0,,,,,,,,,,,
544,201,OPP-000913,1413,Revenue Recovery,63.79,P3,Monitor,84.26,HIGH,"{""revenue_previous_30d"": 4947.53, ""revenue_30d"": 477.89, ""revenue_growth_30d"": -0.9034, ""revenue_gap_vs_previous_30d"": 4469.64, ""orders_previous_30d"": 2, ""orders_30d"": 1, ""revenue_index_vs_peer"": 0.099}","Review the outlet's recent order decline, identify the lost SKU/category demand, and schedule a recovery visit with a targeted reorder proposal.",477.89,4947.530000000001,0.0,1.0937555072280007,0.0988274464389113,0.0,0.0,,,,,4947.53,477.89,-0.9034,4469.64,2.0,1.0,0.099,,,,
545,202,OPP-001479,2201,Revenue Recovery,63.76,P3,Monitor,60.0,MEDIUM,"{""revenue_previous_30d"": 34883.61, ""revenue_30d"": 12726.1, ""revenue_growth_30d"": -0.6352, ""revenue_gap_vs_previous_30d"": 22157.51, ""orders_previous_30d"": 5, ""orders_30d"": 4, ""revenue_index_vs_peer"": 0.64}","Review the outlet's recent order decline, identify the lost SKU/category demand, and schedule a recovery visit with a targeted reorder proposal.",12726.1035,34883.61,2545.2207000000003,17.8372096641401,0.6399355292574777,5.0,0.0,,,,,34883.61,12726.1,-0.6352,22157.51,5.0,4.0,0.64,,,,
546,203,OPP-000351,558,Revenue Recovery,63.75,P3,Monitor,60.0,MEDIUM,"{""revenue_previous_30d"": 23627.7, ""revenue_30d"": 8190.8, ""revenue_growth_30d"": -0.6533, ""revenue_gap_vs_previous_30d"": 15436.9, ""orders_previous_30d"": 4, ""orders_30d"": 4, ""revenue_index_vs_peer"": 0.372}","Review the outlet's recent order decline, identify the lost SKU/category demand, and schedule a recovery visit with a targeted reorder proposal.",8190.7965,23627.7,2730.2655,13.86058772315026,0.3719924001031849,3.0,2.0,,,,,23627.7,8190.8,-0.6533,15436.9,4.0,4.0,0.372,,,,
547,117,OPP-000354,569,Inactive Outlet,63.65,P3,Monitor,70.0,MEDIUM,"{""revenue_previous_30d"": 9585.05, ""revenue_30d"": 0.0, ""orders_previous_30d"": 4, ""orders_30d"": 0, ""days_since_last_order"": 30}","Prioritize a win-back visit, diagnose the reason for inactivity, and attempt a targeted reorder based on the outlet's prior mix.",0.0,9585.05,0.0,10.403289588020828,0.0,4.0,3.0,,,,,9585.05,0.0,,,4.0,0.0,,30.0,,,
548,118,OPP-001384,2088,Inactive Outlet,63.63,P3,Monitor,70.0,MEDIUM,"{""revenue_previous_30d"": 8581.9, ""revenue_30d"": 0.0, ""orders_previous_30d"": 4, ""orders_30d"": 0, ""days_since_last_order"": 33}","Prioritize a win-back visit, diagnose the reason for inactivity, and attempt a targeted reorder based on the outlet's prior mix.",0.0,8581.9,0.0,0.0,0.0,2.0,1.0,,,,,8581.9,0.0,,,4.0,0.0,,33.0,,,
549,119,OPP-001623,2401,Inactive Outlet,63.6,P3,Monitor,70.0,MEDIUM,"{""revenue_previous_30d"": 6890.58, ""revenue_30d"": 0.0, ""orders_previous_30d"": 2, ""orders_30d"": 0, ""days_since_last_order"": 48}","Prioritize a win-back visit, diagnose the reason for inactivity, and attempt a targeted reorder based on the outlet's prior mix.",0.0,6890.58,0.0,0.0,0.0,0.0,0.0,,,,,6890.58,0.0,,,2.0,0.0,,48.0,,,
550,120,OPP-001082,1655,Inactive Outlet,63.54,P3,Monitor,70.0,MEDIUM,"{""revenue_previous_30d"": 8062.98, ""revenue_30d"": 0.0, ""orders_previous_30d"": 4, ""orders_30d"": 0, ""days_since_last_order"": 35}","Prioritize a win-back visit, diagnose the reason for inactivity, and attempt a targeted reorder based on the outlet's prior mix.",0.0,8062.98,0.0,0.0,0.0,1.0,1.0,,,,,8062.98,0.0,,,4.0,0.0,,35.0,,,
551,121,OPP-001964,2869,Inactive Outlet,63.52,P3,Monitor,70.0,MEDIUM,"{""revenue_previous_30d"": 6386.81, ""revenue_30d"": 0.0, ""orders_previous_30d"": 3, ""orders_30d"": 0, ""days_since_last_order"": 46}","Prioritize a win-back visit, diagnose the reason for inactivity, and attempt a targeted reorder based on the outlet's prior mix.",0.0,6386.81,0.0,0.0,0.0,1.0,1.0,,,,,6386.81,0.0,,,3.0,0.0,,46.0,,,
552,122,OPP-001005,1547,Inactive Outlet,63.43,P3,Monitor,70.0,MEDIUM,"{""revenue_previous_30d"": 8434.07, ""revenue_30d"": 0.0, ""orders_previous_30d"": 2, ""orders_30d"": 0, ""days_since_last_order"": 41}","Prioritize a win-back visit, diagnose the reason for inactivity, and attempt a targeted reorder based on the outlet's prior mix.",0.0,8434.07,0.0,0.0,0.0,3.0,0.0,,,,,8434.07,0.0,,,2.0,0.0,,41.0,,,
553,223,OPP-001117,1706,Cross-Sell,63.41,P3,Monitor,94.0,HIGH,"{""target_category"": ""Snacks"", ""territory_category_rank"": 1, ""territory_category_orders_90d"": 899, ""current_category_count_90d"": 3}","Introduce Snacks during the next outlet visit and assess fit, expected demand, and an initial reorder quantity.",0.0,3449.67,0.0,0.0,0.0,1.0,0.0,Snacks,1.0,899.0,3.0,,,,,,,,,,,
554,224,OPP-001154,1753,Cross-Sell,63.41,P3,Monitor,94.0,HIGH,"{""target_category"": ""Snacks"", ""territory_category_rank"": 1, ""territory_category_orders_90d"": 899, ""current_category_count_90d"": 3}","Introduce Snacks during the next outlet visit and assess fit, expected demand, and an initial reorder quantity.",0.0,2854.98,0.0,0.0,0.0,2.0,1.0,Snacks,1.0,899.0,3.0,,,,,,,,,,,
555,225,OPP-001483,2206,Cross-Sell,63.41,P3,Monitor,94.0,HIGH,"{""target_category"": ""Snacks"", ""territory_category_rank"": 1, ""territory_category_orders_90d"": 899, ""current_category_count_90d"": 3}","Introduce Snacks during the next outlet visit and assess fit, expected demand, and an initial reorder quantity.",0.0,0.0,0.0,0.0,0.0,2.0,2.0,Snacks,1.0,899.0,3.0,,,,,,,,,,,
556,226,OPP-001591,2362,Cross-Sell,63.41,P3,Monitor,94.0,HIGH,"{""target_category"": ""Snacks"", ""territory_category_rank"": 1, ""territory_category_orders_90d"": 899, ""current_category_count_90d"": 3}","Introduce Snacks during the next outlet visit and assess fit, expected demand, and an initial reorder quantity.",1368.44,0.0,1368.44,7.04497915758227,0.9476534421030036,1.0,0.0,Snacks,1.0,899.0,3.0,,,,,,,,,,,
557,227,OPP-001954,2855,Cross-Sell,63.41,P3,Monitor,94.0,HIGH,"{""target_category"": ""Snacks"", ""territory_category_rank"": 1, ""territory_category_orders_90d"": 899, ""current_category_count_90d"": 3}","Introduce Snacks during the next outlet visit and assess fit, expected demand, and an initial reorder quantity.",0.0,1535.02,0.0,0.0,0.0,4.0,0.0,Snacks,1.0,899.0,3.0,,,,,,,,,,,
558,204,OPP-001599,2372,Revenue Recovery,63.26,P3,Monitor,76.65,MEDIUM,"{""revenue_previous_30d"": 6495.29, ""revenue_30d"": 621.56, ""revenue_growth_30d"": -0.9043, ""revenue_gap_vs_previous_30d"": 5873.73, ""orders_previous_30d"": 1, ""orders_30d"": 1, ""revenue_index_vs_peer"": 0.11}","Review the outlet's recent order decline, identify the lost SKU/category demand, and schedule a recovery visit with a targeted reorder proposal.",621.56,6495.29,310.78,20.82126511233832,0.110276258385243,2.0,1.0,,,,,6495.29,621.56,-0.9043,5873.73,1.0,1.0,0.11,,,,
559,205,OPP-000670,1046,Revenue Recovery,63.24,P3,Monitor,73.8,MEDIUM,"{""revenue_previous_30d"": 9141.23, ""revenue_30d"": 1911.85, ""revenue_growth_30d"": -0.7909, ""revenue_gap_vs_previous_30d"": 7229.38, ""orders_previous_30d"": 6, ""orders_30d"": 2, ""revenue_index_vs_peer"": 0.438}","Review the outlet's recent order decline, identify the lost SKU/category demand, and schedule a recovery visit with a targeted reorder proposal.",1911.852,9141.23,1911.852,4.589533804581151,0.4375468019077784,1.0,1.0,,,,,9141.23,1911.85,-0.7909,7229.38,6.0,2.0,0.438,,,,
560,123,OPP-000205,337,Inactive Outlet,63.21,P3,Monitor,70.0,MEDIUM,"{""revenue_previous_30d"": 6947.72, ""revenue_30d"": 0.0, ""orders_previous_30d"": 3, ""orders_30d"": 0, ""days_since_last_order"": 42}","Prioritize a win-back visit, diagnose the reason for inactivity, and attempt a targeted reorder based on the outlet's prior mix.",0.0,6947.72,0.0,0.0,0.0,5.0,2.0,,,,,6947.72,0.0,,,3.0,0.0,,42.0,,,
561,206,OPP-000083,137,Revenue Recovery,63.02,P3,Monitor,73.16,MEDIUM,"{""revenue_previous_30d"": 9021.57, ""revenue_30d"": 2034.18, ""revenue_growth_30d"": -0.7745, ""revenue_gap_vs_previous_30d"": 6987.39, ""orders_previous_30d"": 3, ""orders_30d"": 1, ""revenue_index_vs_peer"": 0.404}","Review the outlet's recent order decline, identify the lost SKU/category demand, and schedule a recovery visit with a targeted reorder proposal.",2034.18,9021.57,0.0,5.878714981535995,0.4039886877288868,0.0,0.0,,,,,9021.57,2034.18,-0.7745,6987.39,3.0,1.0,0.404,,,,
562,124,OPP-000583,909,Inactive Outlet,62.97,P3,Monitor,70.0,MEDIUM,"{""revenue_previous_30d"": 8561.82, ""revenue_30d"": 0.0, ""orders_previous_30d"": 2, ""orders_30d"": 0, ""days_since_last_order"": 40}","Prioritize a win-back visit, diagnose the reason for inactivity, and attempt a targeted reorder based on the outlet's prior mix.",0.0,8561.82,0.0,0.0,0.0,1.0,1.0,,,,,8561.82,0.0,,,2.0,0.0,,40.0,,,
563,207,OPP-000526,828,Revenue Recovery,62.95,P3,Monitor,60.0,MEDIUM,"{""revenue_previous_30d"": 63481.15, ""revenue_30d"": 23765.4, ""revenue_growth_30d"": -0.6256, ""revenue_gap_vs_previous_30d"": 39715.75, ""orders_previous_30d"": 8, ""orders_30d"": 4, ""revenue_index_vs_peer"": 1.168}","Review the outlet's recent order decline, identify the lost SKU/category demand, and schedule a recovery visit with a targeted reorder proposal.",23765.4,63481.15,5941.35,39.61764324916886,1.168026638324538,4.0,4.0,,,,,63481.15,23765.4,-0.6256,39715.75,8.0,4.0,1.168,,,,
564,208,OPP-001348,2033,Revenue Recovery,62.92,P3,Monitor,60.0,MEDIUM,"{""revenue_previous_30d"": 45214.06, ""revenue_30d"": 18224.86, ""revenue_growth_30d"": -0.5969, ""revenue_gap_vs_previous_30d"": 26989.2, ""orders_previous_30d"": 7, ""orders_30d"": 3, ""revenue_index_vs_peer"": 0.901}","Review the outlet's recent order decline, identify the lost SKU/category demand, and schedule a recovery visit with a targeted reorder proposal.",18224.86,45214.060000000005,0.0,40.86566652702584,0.9009527679607364,0.0,0.0,,,,,45214.06,18224.86,-0.5969,26989.2,7.0,3.0,0.901,,,,
565,125,OPP-001259,1896,Inactive Outlet,62.91,P3,Monitor,70.0,MEDIUM,"{""revenue_previous_30d"": 9942.87, ""revenue_30d"": 0.0, ""orders_previous_30d"": 2, ""orders_30d"": 0, ""days_since_last_order"": 36}","Prioritize a win-back visit, diagnose the reason for inactivity, and attempt a targeted reorder based on the outlet's prior mix.",0.0,9942.87,0.0,0.0,0.0,2.0,1.0,,,,,9942.87,0.0,,,2.0,0.0,,36.0,,,
566,209,OPP-001908,2792,Revenue Recovery,62.82,P3,Monitor,76.68,MEDIUM,"{""revenue_previous_30d"": 8816.16, ""revenue_30d"": 780.44, ""revenue_growth_30d"": -0.9115, ""revenue_gap_vs_previous_30d"": 8035.72, ""orders_previous_30d"": 2, ""orders_30d"": 1, ""revenue_index_vs_peer"": 0.641}","Review the outlet's recent order decline, identify the lost SKU/category demand, and schedule a recovery visit with a targeted reorder proposal.",780.44,8816.16,0.0,4.802426935040721,0.6413714323282629,0.0,0.0,,,,,8816.16,780.44,-0.9115,8035.72,2.0,1.0,0.641,,,,
567,126,OPP-002011,2938,Inactive Outlet,62.8,P3,Monitor,70.0,MEDIUM,"{""revenue_previous_30d"": 12137.08, ""revenue_30d"": 0.0, ""orders_previous_30d"": 2, ""orders_30d"": 0, ""days_since_last_order"": 33}","Prioritize a win-back visit, diagnose the reason for inactivity, and attempt a targeted reorder based on the outlet's prior mix.",0.0,12137.08,0.0,0.0,0.0,3.0,0.0,,,,,12137.08,0.0,,,2.0,0.0,,33.0,,,
568,210,OPP-000694,1080,Revenue Recovery,62.64,P3,Monitor,72.9,MEDIUM,"{""revenue_previous_30d"": 8735.68, ""revenue_30d"": 1726.94, ""revenue_growth_30d"": -0.8023, ""revenue_gap_vs_previous_30d"": 7008.74, ""orders_previous_30d"": 2, ""orders_30d"": 1, ""revenue_index_vs_peer"": 0.384}","Review the outlet's recent order decline, identify the lost SKU/category demand, and schedule a recovery visit with a targeted reorder proposal.",1726.94,8735.68,431.735,4.303040239682935,0.3843366790554826,4.0,1.0,,,,,8735.68,1726.94,-0.8023,7008.74,2.0,1.0,0.384,,,,
569,211,OPP-001759,2581,Revenue Recovery,62.64,P3,Monitor,60.0,MEDIUM,"{""revenue_previous_30d"": 40302.27, ""revenue_30d"": 17518.44, ""revenue_growth_30d"": -0.5653, ""revenue_gap_vs_previous_30d"": 22783.83, ""orders_previous_30d"": 7, ""orders_30d"": 2, ""revenue_index_vs_peer"": 0.866}","Review the outlet's recent order decline, identify the lost SKU/category demand, and schedule a recovery visit with a targeted reorder proposal.",17518.440000000002,40302.27,0.0,31.44829606683574,0.8660306311463619,0.0,0.0,,,,,40302.27,17518.44,-0.5653,22783.83,7.0,2.0,0.866,,,,
570,212,OPP-000049,76,Revenue Recovery,62.58,P3,Monitor,66.64,MEDIUM,"{""revenue_previous_30d"": 12845.38, ""revenue_30d"": 2771.94, ""revenue_growth_30d"": -0.7842, ""revenue_gap_vs_previous_30d"": 10073.44, ""orders_previous_30d"": 3, ""orders_30d"": 2, ""revenue_index_vs_peer"": 0.551}","Review the outlet's recent order decline, identify the lost SKU/category demand, and schedule a recovery visit with a targeted reorder proposal.",2771.937,12845.38,692.98425,19.79626371588073,0.550507423677918,4.0,3.0,,,,,12845.38,2771.94,-0.7842,10073.44,3.0,2.0,0.551,,,,
571,213,OPP-001374,2067,Revenue Recovery,62.55,P3,Monitor,81.16,HIGH,"{""revenue_previous_30d"": 5838.97, ""revenue_30d"": 550.94, ""revenue_growth_30d"": -0.9056, ""revenue_gap_vs_previous_30d"": 5288.03, ""orders_previous_30d"": 2, ""orders_30d"": 1, ""revenue_index_vs_peer"": 0.316}","Review the outlet's recent order decline, identify the lost SKU/category demand, and schedule a recovery visit with a targeted reorder proposal.",550.94,5838.969999999999,550.94,3.074671878365905,0.3159313247623089,1.0,0.0,,,,,5838.97,550.94,-0.9056,5288.03,2.0,1.0,0.316,,,,
572,127,OPP-001135,1726,Inactive Outlet,62.5,P3,Monitor,70.0,MEDIUM,"{""revenue_previous_30d"": 6956.71, ""revenue_30d"": 0.0, ""orders_previous_30d"": 3, ""orders_30d"": 0, ""days_since_last_order"": 41}","Prioritize a win-back visit, diagnose the reason for inactivity, and attempt a targeted reorder based on the outlet's prior mix.",0.0,6956.71,0.0,0.0,0.0,2.0,0.0,,,,,6956.71,0.0,,,3.0,0.0,,41.0,,,
573,214,OPP-001681,2487,Revenue Recovery,62.45,P3,Monitor,60.0,MEDIUM,"{""revenue_previous_30d"": 60841.34, ""revenue_30d"": 24236.28, ""revenue_growth_30d"": -0.6016, ""revenue_gap_vs_previous_30d"": 36605.06, ""orders_previous_30d"": 11, ""orders_30d"": 5, ""revenue_index_vs_peer"": 1.198}","Review the outlet's recent order decline, identify the lost SKU/category demand, and schedule a recovery visit with a targeted reorder proposal.",24236.28,60841.34,24236.28,47.04371625784124,1.19812956319398,1.0,1.0,,,,,60841.34,24236.28,-0.6016,36605.06,11.0,5.0,1.198,,,,
574,228,OPP-001301,1951,Cross-Sell,62.42,P3,Monitor,91.0,HIGH,"{""target_category"": ""Home Care"", ""territory_category_rank"": 2, ""territory_category_orders_90d"": 821, ""current_category_count_90d"": 1}","Introduce Home Care during the next outlet visit and assess fit, expected demand, and an initial reorder quantity.",0.0,708.42,0.0,0.0,0.0,1.0,0.0,Home Care,2.0,821.0,1.0,,,,,,,,,,,
575,128,OPP-001980,2902,Inactive Outlet,62.42,P3,Monitor,70.0,MEDIUM,"{""revenue_previous_30d"": 9388.73, ""revenue_30d"": 0.0, ""orders_previous_30d"": 3, ""orders_30d"": 0, ""days_since_last_order"": 32}","Prioritize a win-back visit, diagnose the reason for inactivity, and attempt a targeted reorder based on the outlet's prior mix.",0.0,9388.73,0.0,0.0,0.0,5.0,3.0,,,,,9388.73,0.0,,,3.0,0.0,,32.0,,,
576,215,OPP-001919,2804,Revenue Recovery,62.3,P3,Monitor,76.81,MEDIUM,"{""revenue_previous_30d"": 6683.81, ""revenue_30d"": 1396.55, ""revenue_growth_30d"": -0.7911, ""revenue_gap_vs_previous_30d"": 5287.26, ""orders_previous_30d"": 3, ""orders_30d"": 1, ""revenue_index_vs_peer"": 0.237}","Review the outlet's recent order decline, identify the lost SKU/category demand, and schedule a recovery visit with a targeted reorder proposal.",1396.55,6683.81,698.275,3.220030292333236,0.2372845358547629,2.0,1.0,,,,,6683.81,1396.55,-0.7911,5287.26,3.0,1.0,0.237,,,,
577,229,OPP-000094,155,Cross-Sell,62.23,P3,Monitor,80.0,HIGH,"{""target_category"": ""Home Care"", ""territory_category_rank"": 3, ""territory_category_orders_90d"": 1772, ""current_category_count_90d"": 3}","Introduce Home Care during the next outlet visit and assess fit, expected demand, and an initial reorder quantity.",327.31,0.0,327.31,2.0074530473960333,0.24278455661462,1.0,1.0,Home Care,3.0,1772.0,3.0,,,,,,,,,,,
578,230,OPP-000107,182,Cross-Sell,62.23,P3,Monitor,80.0,HIGH,"{""target_category"": ""Home Care"", ""territory_category_rank"": 3, ""territory_category_orders_90d"": 1772, ""current_category_count_90d"": 3}","Introduce Home Care during the next outlet visit and assess fit, expected demand, and an initial reorder quantity.",1551.31,560.71,0.0,7.644557236485487,1.150695397396432,0.0,0.0,Home Care,3.0,1772.0,3.0,,,,,,,,,,,
579,231,OPP-000427,671,Cross-Sell,62.23,P3,Monitor,80.0,HIGH,"{""target_category"": ""Home Care"", ""territory_category_rank"": 3, ""territory_category_orders_90d"": 1772, ""current_category_count_90d"": 3}","Introduce Home Care during the next outlet visit and assess fit, expected demand, and an initial reorder quantity.",0.0,924.84,0.0,0.0,0.0,2.0,1.0,Home Care,3.0,1772.0,3.0,,,,,,,,,,,
580,232,OPP-001666,2465,Cross-Sell,62.23,P3,Monitor,80.0,HIGH,"{""target_category"": ""Home Care"", ""territory_category_rank"": 3, ""territory_category_orders_90d"": 1772, ""current_category_count_90d"": 3}","Introduce Home Care during the next outlet visit and assess fit, expected demand, and an initial reorder quantity.",1353.86,0.0,1353.86,7.530581550058516,1.004235433742536,1.0,0.0,Home Care,3.0,1772.0,3.0,,,,,,,,,,,
581,233,OPP-001675,2481,Cross-Sell,62.23,P3,Monitor,80.0,HIGH,"{""target_category"": ""Home Care"", ""territory_category_rank"": 3, ""territory_category_orders_90d"": 1772, ""current_category_count_90d"": 3}","Introduce Home Care during the next outlet visit and assess fit, expected demand, and an initial reorder quantity.",4088.54,0.0,2044.27,25.27926872926004,3.03270407595594,2.0,1.0,Home Care,3.0,1772.0,3.0,,,,,,,,,,,
582,129,OPP-000949,1468,Inactive Outlet,62.22,P3,Monitor,70.35,MEDIUM,"{""revenue_previous_30d"": 7087.47, ""revenue_30d"": 0.0, ""orders_previous_30d"": 1, ""orders_30d"": 0, ""days_since_last_order"": 51}","Prioritize a win-back visit, diagnose the reason for inactivity, and attempt a targeted reorder based on the outlet's prior mix.",0.0,7087.47,0.0,0.0,0.0,5.0,0.0,,,,,7087.47,0.0,,,1.0,0.0,,51.0,,,
584,217,OPP-000335,538,Revenue Recovery,62.2,P3,Monitor,82.07,HIGH,"{""revenue_previous_30d"": 4750.84, ""revenue_30d"": 161.18, ""revenue_growth_30d"": -0.9661, ""revenue_gap_vs_previous_30d"": 4589.66, ""orders_previous_30d"": 1, ""orders_30d"": 1, ""revenue_index_vs_peer"": 0.037}","Review the outlet's recent order decline, identify the lost SKU/category demand, and schedule a recovery visit with a targeted reorder proposal.",161.18,4750.84,80.59,0.4008855396919712,0.0368876845757389,2.0,2.0,,,,,4750.84,161.18,-0.9661,4589.66,1.0,1.0,0.037,,,,
583,216,OPP-000017,26,Revenue Recovery,62.2,P3,Monitor,66.65,MEDIUM,"{""revenue_previous_30d"": 14676.52, ""revenue_30d"": 3601.48, ""revenue_growth_30d"": -0.7546, ""revenue_gap_vs_previous_30d"": 11075.04, ""orders_previous_30d"": 3, ""orders_30d"": 1, ""revenue_index_vs_peer"": 0.745}","Review the outlet's recent order decline, identify the lost SKU/category demand, and schedule a recovery visit with a targeted reorder proposal.",3601.48,14676.52,1200.493333333333,9.642077870619008,0.7447845148482091,3.0,2.0,,,,,14676.52,3601.48,-0.7546,11075.04,3.0,1.0,0.745,,,,
585,218,OPP-001846,2706,Revenue Recovery,62.18,P3,Monitor,70.5,MEDIUM,"{""revenue_previous_30d"": 10184.02, ""revenue_30d"": 2572.46, ""revenue_growth_30d"": -0.7474, ""revenue_gap_vs_previous_30d"": 7611.56, ""orders_previous_30d"": 3, ""orders_30d"": 1, ""revenue_index_vs_peer"": 0.455}","Review the outlet's recent order decline, identify the lost SKU/category demand, and schedule a recovery visit with a targeted reorder proposal.",2572.46,10184.02,2572.46,6.138694901522825,0.4547963417717266,1.0,0.0,,,,,10184.02,2572.46,-0.7474,7611.56,3.0,1.0,0.455,,,,
586,219,OPP-000288,460,Revenue Recovery,62.17,P3,Monitor,71.03,MEDIUM,"{""revenue_previous_30d"": 10557.39, ""revenue_30d"": 2622.89, ""revenue_growth_30d"": -0.7516, ""revenue_gap_vs_previous_30d"": 7934.5, ""orders_previous_30d"": 5, ""orders_30d"": 1, ""revenue_index_vs_peer"": 0.572}","Review the outlet's recent order decline, identify the lost SKU/category demand, and schedule a recovery visit with a targeted reorder proposal.",2622.89,10557.39,1311.445,7.451643961827119,0.5718125780062022,2.0,0.0,,,,,10557.39,2622.89,-0.7516,7934.5,5.0,1.0,0.572,,,,
587,220,OPP-001186,1794,Revenue Recovery,62.14,P3,Monitor,60.0,MEDIUM,"{""revenue_previous_30d"": 22585.01, ""revenue_30d"": 8063.18, ""revenue_growth_30d"": -0.643, ""revenue_gap_vs_previous_30d"": 14521.83, ""orders_previous_30d"": 2, ""orders_30d"": 3, ""revenue_index_vs_peer"": 0.405}","Review the outlet's recent order decline, identify the lost SKU/category demand, and schedule a recovery visit with a targeted reorder proposal.",8063.18,22585.01,2687.726666666667,12.659957337382924,0.4054591698706763,3.0,3.0,,,,,22585.01,8063.18,-0.643,14521.83,2.0,3.0,0.405,,,,
588,221,OPP-001871,2751,Revenue Recovery,61.92,P3,Monitor,65.96,MEDIUM,"{""revenue_previous_30d"": 9667.49, ""revenue_30d"": 2386.2, ""revenue_growth_30d"": -0.7532, ""revenue_gap_vs_previous_30d"": 7281.29, ""orders_previous_30d"": 2, ""orders_30d"": 2, ""revenue_index_vs_peer"": 0.117}","Review the outlet's recent order decline, identify the lost SKU/category demand, and schedule a recovery visit with a targeted reorder proposal.",2386.197,9667.49,2386.197,3.2435936158950693,0.1172772880023099,1.0,1.0,,,,,9667.49,2386.2,-0.7532,7281.29,2.0,2.0,0.117,,,,
589,222,OPP-000921,1419,Revenue Recovery,61.88,P3,Monitor,65.59,MEDIUM,"{""revenue_previous_30d"": 14224.85, ""revenue_30d"": 2921.79, ""revenue_growth_30d"": -0.7946, ""revenue_gap_vs_previous_30d"": 11303.06, ""orders_previous_30d"": 3, ""orders_30d"": 2, ""revenue_index_vs_peer"": 0.669}","Review the outlet's recent order decline, identify the lost SKU/category demand, and schedule a recovery visit with a targeted reorder proposal.",2921.79,14224.85,2921.79,8.638120976089132,0.6686813991596253,1.0,1.0,,,,,14224.85,2921.79,-0.7946,11303.06,3.0,2.0,0.669,,,,
590,223,OPP-000945,1463,Revenue Recovery,61.86,P3,Monitor,65.87,MEDIUM,"{""revenue_previous_30d"": 16753.58, ""revenue_30d"": 4275.44, ""revenue_growth_30d"": -0.7448, ""revenue_gap_vs_previous_30d"": 12478.14, ""orders_previous_30d"": 10, ""orders_30d"": 2, ""revenue_index_vs_peer"": 0.884}","Review the outlet's recent order decline, identify the lost SKU/category demand, and schedule a recovery visit with a targeted reorder proposal.",4275.44,16753.58,0.0,9.80534888083748,0.8841591529489617,0.0,0.0,,,,,16753.58,4275.44,-0.7448,12478.14,10.0,2.0,0.884,,,,
591,224,OPP-001087,1662,Revenue Recovery,61.73,P3,Monitor,60.0,MEDIUM,"{""revenue_previous_30d"": 39373.85, ""revenue_30d"": 14744.38, ""revenue_growth_30d"": -0.6255, ""revenue_gap_vs_previous_30d"": 24629.47, ""orders_previous_30d"": 7, ""orders_30d"": 3, ""revenue_index_vs_peer"": 0.968}","Review the outlet's recent order decline, identify the lost SKU/category demand, and schedule a recovery visit with a targeted reorder proposal.",14744.38,39373.85,0.0,21.304718546981665,0.9677152165751748,0.0,0.0,,,,,39373.85,14744.38,-0.6255,24629.47,7.0,3.0,0.968,,,,
592,225,OPP-001445,2161,Revenue Recovery,61.67,P3,Monitor,67.92,MEDIUM,"{""revenue_previous_30d"": 9895.7, ""revenue_30d"": 1686.83, ""revenue_growth_30d"": -0.8295, ""revenue_gap_vs_previous_30d"": 8208.88, ""orders_previous_30d"": 2, ""orders_30d"": 2, ""revenue_index_vs_peer"": 0.343}","Review the outlet's recent order decline, identify the lost SKU/category demand, and schedule a recovery visit with a targeted reorder proposal.",1686.8250000000005,9895.7,0.0,4.116264445328898,0.3432996205402798,0.0,0.0,,,,,9895.7,1686.83,-0.8295,8208.88,2.0,2.0,0.343,,,,
593,234,OPP-000774,1195,Cross-Sell,61.62,P3,Monitor,100.0,HIGH,"{""target_category"": ""Snacks"", ""territory_category_rank"": 1, ""territory_category_orders_90d"": 579, ""current_category_count_90d"": 0}","Introduce Snacks during the next outlet visit and assess fit, expected demand, and an initial reorder quantity.",0.0,0.0,0.0,0.0,0.0,1.0,0.0,Snacks,1.0,579.0,0.0,,,,,,,,,,,
594,226,OPP-000539,848,Revenue Recovery,61.58,P3,Monitor,60.52,MEDIUM,"{""revenue_previous_30d"": 21383.42, ""revenue_30d"": 4803.17, ""revenue_growth_30d"": -0.7754, ""revenue_gap_vs_previous_30d"": 16580.25, ""orders_previous_30d"": 5, ""orders_30d"": 4, ""revenue_index_vs_peer"": 0.784}","Review the outlet's recent order decline, identify the lost SKU/category demand, and schedule a recovery visit with a targeted reorder proposal.",4803.1695,21383.42,1601.0565,11.584719466972173,0.7836190567863126,3.0,1.0,,,,,21383.42,4803.17,-0.7754,16580.25,5.0,4.0,0.784,,,,
595,130,OPP-001811,2640,Inactive Outlet,61.38,P3,Monitor,70.0,MEDIUM,"{""revenue_previous_30d"": 9583.48, ""revenue_30d"": 0.0, ""orders_previous_30d"": 3, ""orders_30d"": 0, ""days_since_last_order"": 30}","Prioritize a win-back visit, diagnose the reason for inactivity, and attempt a targeted reorder based on the outlet's prior mix.",0.0,9583.48,0.0,8.204125060239278,0.0,1.0,1.0,,,,,9583.48,0.0,,,3.0,0.0,,30.0,,,
596,131,OPP-001403,2110,Inactive Outlet,61.37,P3,Monitor,70.0,MEDIUM,"{""revenue_previous_30d"": 6384.05, ""revenue_30d"": 0.0, ""orders_previous_30d"": 4, ""orders_30d"": 0, ""days_since_last_order"": 41}","Prioritize a win-back visit, diagnose the reason for inactivity, and attempt a targeted reorder based on the outlet's prior mix.",0.0,6384.05,0.0,0.0,0.0,1.0,0.0,,,,,6384.05,0.0,,,4.0,0.0,,41.0,,,
597,227,OPP-000874,1351,Revenue Recovery,61.35,P3,Monitor,63.34,MEDIUM,"{""revenue_previous_30d"": 17932.53, ""revenue_30d"": 4829.77, ""revenue_growth_30d"": -0.7307, ""revenue_gap_vs_previous_30d"": 13102.76, ""orders_previous_30d"": 3, ""orders_30d"": 1, ""revenue_index_vs_peer"": 0.854}","Review the outlet's recent order decline, identify the lost SKU/category demand, and schedule a recovery visit with a targeted reorder proposal.",4829.77,17932.53,2414.885,11.961268410519384,0.8538759504905158,2.0,2.0,,,,,17932.53,4829.77,-0.7307,13102.76,3.0,1.0,0.854,,,,
598,132,OPP-001509,2247,Inactive Outlet,61.27,P3,Monitor,70.0,MEDIUM,"{""revenue_previous_30d"": 8030.52, ""revenue_30d"": 0.0, ""orders_previous_30d"": 3, ""orders_30d"": 0, ""days_since_last_order"": 35}","Prioritize a win-back visit, diagnose the reason for inactivity, and attempt a targeted reorder based on the outlet's prior mix.",0.0,8030.52,0.0,0.0,0.0,1.0,0.0,,,,,8030.52,0.0,,,3.0,0.0,,35.0,,,
599,228,OPP-001065,1634,Revenue Recovery,61.2,P3,Monitor,65.36,MEDIUM,"{""revenue_previous_30d"": 12582.66, ""revenue_30d"": 3116.94, ""revenue_growth_30d"": -0.7523, ""revenue_gap_vs_previous_30d"": 9465.72, ""orders_previous_30d"": 5, ""orders_30d"": 3, ""revenue_index_vs_peer"": 0.553}","Review the outlet's recent order decline, identify the lost SKU/category demand, and schedule a recovery visit with a targeted reorder proposal.",3116.94,12582.66,3116.94,13.471409502207148,0.5530028972445129,1.0,0.0,,,,,12582.66,3116.94,-0.7523,9465.72,5.0,3.0,0.553,,,,
600,235,OPP-000115,198,Cross-Sell,61.18,P3,Monitor,80.0,HIGH,"{""target_category"": ""Home Care"", ""territory_category_rank"": 3, ""territory_category_orders_90d"": 1743, ""current_category_count_90d"": 3}","Introduce Home Care during the next outlet visit and assess fit, expected demand, and an initial reorder quantity.",1687.07,0.0,843.535,9.438856149856186,1.3864467509841143,2.0,1.0,Home Care,3.0,1743.0,3.0,,,,,,,,,,,
601,236,OPP-000807,1241,Cross-Sell,61.18,P3,Monitor,80.0,HIGH,"{""target_category"": ""Home Care"", ""territory_category_rank"": 3, ""territory_category_orders_90d"": 1743, ""current_category_count_90d"": 3}","Introduce Home Care during the next outlet visit and assess fit, expected demand, and an initial reorder quantity.",3650.32,0.0,1216.7733333333333,19.849299924905537,2.999860292727826,3.0,0.0,Home Care,3.0,1743.0,3.0,,,,,,,,,,,
602,237,OPP-001379,2081,Cross-Sell,61.18,P3,Monitor,80.0,HIGH,"{""target_category"": ""Home Care"", ""territory_category_rank"": 3, ""territory_category_orders_90d"": 1743, ""current_category_count_90d"": 3}","Introduce Home Care during the next outlet visit and assess fit, expected demand, and an initial reorder quantity.",5458.360000000001,0.0,0.0,32.84004319823357,4.485721094976292,0.0,0.0,Home Care,3.0,1743.0,3.0,,,,,,,,,,,
603,238,OPP-001527,2270,Cross-Sell,61.18,P3,Monitor,80.0,HIGH,"{""target_category"": ""Home Care"", ""territory_category_rank"": 3, ""territory_category_orders_90d"": 1743, ""current_category_count_90d"": 3}","Introduce Home Care during the next outlet visit and assess fit, expected demand, and an initial reorder quantity.",1146.08,891.85,573.04,6.163526409620023,0.9418571205509396,2.0,2.0,Home Care,3.0,1743.0,3.0,,,,,,,,,,,
604,239,OPP-001862,2731,Cross-Sell,61.18,P3,Monitor,80.0,HIGH,"{""target_category"": ""Home Care"", ""territory_category_rank"": 3, ""territory_category_orders_90d"": 1743, ""current_category_count_90d"": 3}","Introduce Home Care during the next outlet visit and assess fit, expected demand, and an initial reorder quantity.",418.48,0.0,139.49333333333334,2.24758809113452,0.3439099956444204,3.0,1.0,Home Care,3.0,1743.0,3.0,,,,,,,,,,,
605,240,OPP-001948,2849,Cross-Sell,61.18,P3,Monitor,80.0,HIGH,"{""target_category"": ""Home Care"", ""territory_category_rank"": 3, ""territory_category_orders_90d"": 1743, ""current_category_count_90d"": 3}","Introduce Home Care during the next outlet visit and assess fit, expected demand, and an initial reorder quantity.",0.0,2449.44,0.0,0.0,0.0,5.0,5.0,Home Care,3.0,1743.0,3.0,,,,,,,,,,,
606,133,OPP-001327,1997,Inactive Outlet,61.15,P3,Monitor,70.0,MEDIUM,"{""revenue_previous_30d"": 9259.14, ""revenue_30d"": 0.0, ""orders_previous_30d"": 2, ""orders_30d"": 0, ""days_since_last_order"": 36}","Prioritize a win-back visit, diagnose the reason for inactivity, and attempt a targeted reorder based on the outlet's prior mix.",0.0,9259.14,0.0,0.0,0.0,5.0,0.0,,,,,9259.14,0.0,,,2.0,0.0,,36.0,,,
607,134,OPP-001181,1786,Inactive Outlet,61.13,P3,Monitor,78.32,MEDIUM,"{""revenue_previous_30d"": 5579.94, ""revenue_30d"": 0.0, ""orders_previous_30d"": 1, ""orders_30d"": 0, ""days_since_last_order"": 58}","Prioritize a win-back visit, diagnose the reason for inactivity, and attempt a targeted reorder based on the outlet's prior mix.",0.0,5579.94,0.0,0.0,0.0,2.0,0.0,,,,,5579.94,0.0,,,1.0,0.0,,58.0,,,
608,229,OPP-000622,970,Revenue Recovery,61.0,P3,Monitor,60.0,MEDIUM,"{""revenue_previous_30d"": 35952.97, ""revenue_30d"": 14947.8, ""revenue_growth_30d"": -0.5842, ""revenue_gap_vs_previous_30d"": 21005.17, ""orders_previous_30d"": 6, ""orders_30d"": 4, ""revenue_index_vs_peer"": 0.739}","Review the outlet's recent order decline, identify the lost SKU/category demand, and schedule a recovery visit with a targeted reorder proposal.",14947.8,35952.97,7473.9,25.32650586119574,0.73895008164252,2.0,2.0,,,,,35952.97,14947.8,-0.5842,21005.17,6.0,4.0,0.739,,,,
609,241,OPP-000506,793,Cross-Sell,60.85,P3,Monitor,96.0,HIGH,"{""target_category"": ""Snacks"", ""territory_category_rank"": 1, ""territory_category_orders_90d"": 756, ""current_category_count_90d"": 2}","Introduce Snacks during the next outlet visit and assess fit, expected demand, and an initial reorder quantity.",0.0,0.0,0.0,0.0,0.0,4.0,1.0,Snacks,1.0,756.0,2.0,,,,,,,,,,,
610,242,OPP-001998,2925,Cross-Sell,60.85,P3,Monitor,96.0,HIGH,"{""target_category"": ""Snacks"", ""territory_category_rank"": 1, ""territory_category_orders_90d"": 756, ""current_category_count_90d"": 2}","Introduce Snacks during the next outlet visit and assess fit, expected demand, and an initial reorder quantity.",1242.19,0.0,414.0633333333333,7.271468184582748,0.9808983085645698,3.0,1.0,Snacks,1.0,756.0,2.0,,,,,,,,,,,
611,135,OPP-001981,2903,Inactive Outlet,60.8,P3,Monitor,70.0,MEDIUM,"{""revenue_previous_30d"": 6687.83, ""revenue_30d"": 0.0, ""orders_previous_30d"": 2, ""orders_30d"": 0, ""days_since_last_order"": 46}","Prioritize a win-back visit, diagnose the reason for inactivity, and attempt a targeted reorder based on the outlet's prior mix.",0.0,6687.83,0.0,0.0,0.0,0.0,0.0,,,,,6687.83,0.0,,,2.0,0.0,,46.0,,,
612,230,OPP-000178,289,Revenue Recovery,60.73,P3,Monitor,60.0,MEDIUM,"{""revenue_previous_30d"": 57036.31, ""revenue_30d"": 22788.99, ""revenue_growth_30d"": -0.6004, ""revenue_gap_vs_previous_30d"": 34247.32, ""orders_previous_30d"": 10, ""orders_30d"": 6, ""revenue_index_vs_peer"": 1.12}","Review the outlet's recent order decline, identify the lost SKU/category demand, and schedule a recovery visit with a targeted reorder proposal.",22788.99,57036.31,7596.329999999999,37.018839833409146,1.1200378441141958,3.0,2.0,,,,,57036.31,22788.99,-0.6004,34247.32,10.0,6.0,1.12,,,,
613,243,OPP-000239,389,Cross-Sell,60.62,P3,Monitor,98.0,HIGH,"{""target_category"": ""Snacks"", ""territory_category_rank"": 1, ""territory_category_orders_90d"": 670, ""current_category_count_90d"": 1}","Introduce Snacks during the next outlet visit and assess fit, expected demand, and an initial reorder quantity.",0.0,530.7,0.0,0.0,0.0,2.0,1.0,Snacks,1.0,670.0,1.0,,,,,,,,,,,
614,244,OPP-000517,814,Cross-Sell,60.62,P3,Monitor,98.0,HIGH,"{""target_category"": ""Snacks"", ""territory_category_rank"": 1, ""territory_category_orders_90d"": 670, ""current_category_count_90d"": 1}","Introduce Snacks during the next outlet visit and assess fit, expected demand, and an initial reorder quantity.",0.0,0.0,0.0,0.0,0.0,5.0,4.0,Snacks,1.0,670.0,1.0,,,,,,,,,,,
615,245,OPP-000520,822,Cross-Sell,60.62,P3,Monitor,98.0,HIGH,"{""target_category"": ""Snacks"", ""territory_category_rank"": 1, ""territory_category_orders_90d"": 670, ""current_category_count_90d"": 1}","Introduce Snacks during the next outlet visit and assess fit, expected demand, and an initial reorder quantity.",401.7,848.52,200.85,1.8825781150411287,0.2960751796572692,2.0,0.0,Snacks,1.0,670.0,1.0,,,,,,,,,,,
616,246,OPP-001622,2400,Cross-Sell,60.62,P3,Monitor,98.0,HIGH,"{""target_category"": ""Snacks"", ""territory_category_rank"": 1, ""territory_category_orders_90d"": 670, ""current_category_count_90d"": 1}","Introduce Snacks during the next outlet visit and assess fit, expected demand, and an initial reorder quantity.",377.03,0.0,125.67666666666666,1.8896265252382896,0.2778920213746084,3.0,1.0,Snacks,1.0,670.0,1.0,,,,,,,,,,,
617,247,OPP-001971,2882,Cross-Sell,60.62,P3,Monitor,98.0,HIGH,"{""target_category"": ""Snacks"", ""territory_category_rank"": 1, ""territory_category_orders_90d"": 670, ""current_category_count_90d"": 1}","Introduce Snacks during the next outlet visit and assess fit, expected demand, and an initial reorder quantity.",0.0,0.0,0.0,0.0,0.0,1.0,1.0,Snacks,1.0,670.0,1.0,,,,,,,,,,,
618,231,OPP-002056,2996,Revenue Recovery,60.61,P3,Monitor,70.85,MEDIUM,"{""revenue_previous_30d"": 8716.96, ""revenue_30d"": 2103.05, ""revenue_growth_30d"": -0.7587, ""revenue_gap_vs_previous_30d"": 6613.91, ""orders_previous_30d"": 5, ""orders_30d"": 2, ""revenue_index_vs_peer"": 0.418}","Review the outlet's recent order decline, identify the lost SKU/category demand, and schedule a recovery visit with a targeted reorder proposal.",2103.0525,8716.96,0.0,5.161431204846274,0.4176667845028241,0.0,0.0,,,,,8716.96,2103.05,-0.7587,6613.91,5.0,2.0,0.418,,,,
619,248,OPP-000368,590,Cross-Sell,60.58,P3,Monitor,87.0,HIGH,"{""target_category"": ""Beverages"", ""territory_category_rank"": 2, ""territory_category_orders_90d"": 1014, ""current_category_count_90d"": 3}","Introduce Beverages during the next outlet visit and assess fit, expected demand, and an initial reorder quantity.",2156.13,2244.56,0.0,5.196971669052887,0.4934523101147047,0.0,0.0,Beverages,2.0,1014.0,3.0,,,,,,,,,,,
620,249,OPP-000500,786,Cross-Sell,60.58,P3,Monitor,87.0,HIGH,"{""target_category"": ""Beverages"", ""territory_category_rank"": 2, ""territory_category_orders_90d"": 1014, ""current_category_count_90d"": 3}","Introduce Beverages during the next outlet visit and assess fit, expected demand, and an initial reorder quantity.",0.0,903.92,0.0,0.0,0.0,1.0,1.0,Beverages,2.0,1014.0,3.0,,,,,,,,,,,
621,250,OPP-000562,884,Cross-Sell,60.58,P3,Monitor,87.0,HIGH,"{""target_category"": ""Beverages"", ""territory_category_rank"": 2, ""territory_category_orders_90d"": 1014, ""current_category_count_90d"": 3}","Introduce Beverages during the next outlet visit and assess fit, expected demand, and an initial reorder quantity.",0.0,0.0,0.0,0.0,0.0,2.0,1.0,Beverages,2.0,1014.0,3.0,,,,,,,,,,,
622,251,OPP-000972,1504,Cross-Sell,60.58,P3,Monitor,87.0,HIGH,"{""target_category"": ""Beverages"", ""territory_category_rank"": 2, ""territory_category_orders_90d"": 1014, ""current_category_count_90d"": 3}","Introduce Beverages during the next outlet visit and assess fit, expected demand, and an initial reorder quantity.",0.0,3612.44,0.0,0.0,0.0,1.0,0.0,Beverages,2.0,1014.0,3.0,,,,,,,,,,,
623,252,OPP-001411,2120,Cross-Sell,60.58,P3,Monitor,87.0,HIGH,"{""target_category"": ""Beverages"", ""territory_category_rank"": 2, ""territory_category_orders_90d"": 1014, ""current_category_count_90d"": 3}","Introduce Beverages during the next outlet visit and assess fit, expected demand, and an initial reorder quantity.",0.0,2586.27,0.0,0.0,0.0,0.0,0.0,Beverages,2.0,1014.0,3.0,,,,,,,,,,,
624,136,OPP-001853,2722,Inactive Outlet,60.53,P3,Monitor,70.0,MEDIUM,"{""revenue_previous_30d"": 7424.23, ""revenue_30d"": 0.0, ""orders_previous_30d"": 2, ""orders_30d"": 0, ""days_since_last_order"": 41}","Prioritize a win-back visit, diagnose the reason for inactivity, and attempt a targeted reorder based on the outlet's prior mix.",0.0,7424.23,0.0,0.0,0.0,4.0,1.0,,,,,7424.23,0.0,,,2.0,0.0,,41.0,,,
625,232,OPP-001139,1734,Revenue Recovery,60.47,P3,Monitor,85.78,HIGH,"{""revenue_previous_30d"": 3512.8, ""revenue_30d"": 291.92, ""revenue_growth_30d"": -0.9169, ""revenue_gap_vs_previous_30d"": 3220.88, ""orders_previous_30d"": 2, ""orders_30d"": 1, ""revenue_index_vs_peer"": 0.06}","Review the outlet's recent order decline, identify the lost SKU/category demand, and schedule a recovery visit with a targeted reorder proposal.",291.92,3512.8,41.70285714285715,0.7279018140444258,0.0603689304326247,7.0,5.0,,,,,3512.8,291.92,-0.9169,3220.88,2.0,1.0,0.06,,,,
626,233,OPP-000431,682,Revenue Recovery,60.46,P3,Monitor,79.72,MEDIUM,"{""revenue_previous_30d"": 6081.28, ""revenue_30d"": 701.29, ""revenue_growth_30d"": -0.8847, ""revenue_gap_vs_previous_30d"": 5379.99, ""orders_previous_30d"": 3, ""orders_30d"": 1, ""revenue_index_vs_peer"": 0.481}","Review the outlet's recent order decline, identify the lost SKU/category demand, and schedule a recovery visit with a targeted reorder proposal.",701.29,6081.28,350.645,3.211748030125737,0.4808131363340304,2.0,2.0,,,,,6081.28,701.29,-0.8847,5379.99,3.0,1.0,0.481,,,,
627,253,OPP-000996,1539,Cross-Sell,60.44,P3,Monitor,92.0,HIGH,"{""target_category"": ""Snacks"", ""territory_category_rank"": 1, ""territory_category_orders_90d"": 910, ""current_category_count_90d"": 4}","Introduce Snacks during the next outlet visit and assess fit, expected demand, and an initial reorder quantity.",0.0,1549.95,0.0,0.0,0.0,0.0,0.0,Snacks,1.0,910.0,4.0,,,,,,,,,,,
628,254,OPP-001924,2814,Cross-Sell,60.44,P3,Monitor,92.0,HIGH,"{""target_category"": ""Snacks"", ""territory_category_rank"": 1, ""territory_category_orders_90d"": 910, ""current_category_count_90d"": 4}","Introduce Snacks during the next outlet visit and assess fit, expected demand, and an initial reorder quantity.",2302.81,0.0,1151.405,12.286135315496423,1.240337175482064,2.0,1.0,Snacks,1.0,910.0,4.0,,,,,,,,,,,
629,137,OPP-001132,1723,Inactive Outlet,60.42,P3,Monitor,70.0,MEDIUM,"{""revenue_previous_30d"": 12192.05, ""revenue_30d"": 0.0, ""orders_previous_30d"": 2, ""orders_30d"": 0, ""days_since_last_order"": 30}","Prioritize a win-back visit, diagnose the reason for inactivity, and attempt a targeted reorder based on the outlet's prior mix.",0.0,12192.05,0.0,7.542315513231709,0.0,3.0,0.0,,,,,12192.05,0.0,,,2.0,0.0,,30.0,,,
630,234,OPP-001352,2037,Revenue Recovery,60.18,P3,Monitor,83.99,HIGH,"{""revenue_previous_30d"": 4430.31, ""revenue_30d"": 302.42, ""revenue_growth_30d"": -0.9317, ""revenue_gap_vs_previous_30d"": 4127.89, ""orders_previous_30d"": 2, ""orders_30d"": 1, ""revenue_index_vs_peer"": 0.249}","Review the outlet's recent order decline, identify the lost SKU/category demand, and schedule a recovery visit with a targeted reorder proposal.",302.42,4430.31,100.80666666666669,1.5059137064937238,0.2485310191234601,3.0,0.0,,,,,4430.31,302.42,-0.9317,4127.89,2.0,1.0,0.249,,,,
631,235,OPP-000014,19,Revenue Recovery,60.12,P3,Monitor,71.76,MEDIUM,"{""revenue_previous_30d"": 7599.97, ""revenue_30d"": 1747.35, ""revenue_growth_30d"": -0.7701, ""revenue_gap_vs_previous_30d"": 5852.62, ""orders_previous_30d"": 4, ""orders_30d"": 2, ""revenue_index_vs_peer"": 0.31}","Review the outlet's recent order decline, identify the lost SKU/category demand, and schedule a recovery visit with a targeted reorder proposal.",1747.35,7599.97,0.0,18.1323080475719,0.310012259620076,0.0,0.0,,,,,7599.97,1747.35,-0.7701,5852.62,4.0,2.0,0.31,,,,
632,138,OPP-001892,2774,Inactive Outlet,60.11,P3,Monitor,70.0,MEDIUM,"{""revenue_previous_30d"": 7917.42, ""revenue_30d"": 0.0, ""orders_previous_30d"": 1, ""orders_30d"": 0, ""days_since_last_order"": 45}","Prioritize a win-back visit, diagnose the reason for inactivity, and attempt a targeted reorder based on the outlet's prior mix.",0.0,7917.42,0.0,0.0,0.0,4.0,1.0,,,,,7917.42,0.0,,,1.0,0.0,,45.0,,,
633,139,OPP-001749,2570,Inactive Outlet,60.03,P3,Monitor,70.0,MEDIUM,"{""revenue_previous_30d"": 5357.6, ""revenue_30d"": 0.0, ""orders_previous_30d"": 3, ""orders_30d"": 0, ""days_since_last_order"": 48}","Prioritize a win-back visit, diagnose the reason for inactivity, and attempt a targeted reorder based on the outlet's prior mix.",0.0,5357.6,0.0,0.0,0.0,1.0,0.0,,,,,5357.6,0.0,,,3.0,0.0,,48.0,,,
634,140,OPP-001141,1737,Inactive Outlet,60.02,P3,Monitor,70.0,MEDIUM,"{""revenue_previous_30d"": 7587.48, ""revenue_30d"": 0.0, ""orders_previous_30d"": 3, ""orders_30d"": 0, ""days_since_last_order"": 35}","Prioritize a win-back visit, diagnose the reason for inactivity, and attempt a targeted reorder based on the outlet's prior mix.",0.0,7587.48,0.0,0.0,0.0,0.0,0.0,,,,,7587.48,0.0,,,3.0,0.0,,35.0,,,
635,236,OPP-001556,2312,Revenue Recovery,60.01,P3,Monitor,61.54,MEDIUM,"{""revenue_previous_30d"": 20197.27, ""revenue_30d"": 4970.59, ""revenue_growth_30d"": -0.7539, ""revenue_gap_vs_previous_30d"": 15226.68, ""orders_previous_30d"": 7, ""orders_30d"": 3, ""revenue_index_vs_peer"": 0.987}","Review the outlet's recent order decline, identify the lost SKU/category demand, and schedule a recovery visit with a targeted reorder proposal.",4970.59,20197.27,1242.6475,13.21216970173811,0.9871604928464184,4.0,2.0,,,,,20197.27,4970.59,-0.7539,15226.68,7.0,3.0,0.987,,,,
636,141,OPP-000068,119,Inactive Outlet,59.84,P3,Monitor,70.0,MEDIUM,"{""revenue_previous_30d"": 7301.14, ""revenue_30d"": 0.0, ""orders_previous_30d"": 3, ""orders_30d"": 0, ""days_since_last_order"": 36}","Prioritize a win-back visit, diagnose the reason for inactivity, and attempt a targeted reorder based on the outlet's prior mix.",0.0,7301.14,0.0,0.0,0.0,1.0,0.0,,,,,7301.14,0.0,,,3.0,0.0,,36.0,,,
637,237,OPP-001830,2684,Revenue Recovery,59.83,P3,Monitor,65.95,MEDIUM,"{""revenue_previous_30d"": 10692.59, ""revenue_30d"": 2720.59, ""revenue_growth_30d"": -0.7456, ""revenue_gap_vs_previous_30d"": 7972.0, ""orders_previous_30d"": 5, ""orders_30d"": 3, ""revenue_index_vs_peer"": 0.483}","Review the outlet's recent order decline, identify the lost SKU/category demand, and schedule a recovery visit with a targeted reorder proposal.",2720.59,10692.59,1360.295,7.371877724903252,0.4826830648695354,2.0,1.0,,,,,10692.59,2720.59,-0.7456,7972.0,5.0,3.0,0.483,,,,
638,238,OPP-001072,1641,Revenue Recovery,59.8,P3,Monitor,83.67,HIGH,"{""revenue_previous_30d"": 4271.4, ""revenue_30d"": 360.8, ""revenue_growth_30d"": -0.9155, ""revenue_gap_vs_previous_30d"": 3910.6, ""orders_previous_30d"": 2, ""orders_30d"": 1, ""revenue_index_vs_peer"": 0.194}","Review the outlet's recent order decline, identify the lost SKU/category demand, and schedule a recovery visit with a targeted reorder proposal.",360.8,4271.4,0.0,2.0947952929810425,0.194333728320586,0.0,0.0,,,,,4271.4,360.8,-0.9155,3910.6,2.0,1.0,0.194,,,,
639,255,OPP-001003,1545,Cross-Sell,59.65,P3,Monitor,98.0,HIGH,"{""target_category"": ""Snacks"", ""territory_category_rank"": 1, ""territory_category_orders_90d"": 651, ""current_category_count_90d"": 1}","Introduce Snacks during the next outlet visit and assess fit, expected demand, and an initial reorder quantity.",401.04,0.0,200.52,2.2441629603432727,0.2809583858764186,2.0,1.0,Snacks,1.0,651.0,1.0,,,,,,,,,,,
640,256,OPP-001686,2494,Cross-Sell,59.65,P3,Monitor,98.0,HIGH,"{""target_category"": ""Snacks"", ""territory_category_rank"": 1, ""territory_category_orders_90d"": 651, ""current_category_count_90d"": 1}","Introduce Snacks during the next outlet visit and assess fit, expected demand, and an initial reorder quantity.",0.0,0.0,0.0,0.0,0.0,1.0,1.0,Snacks,1.0,651.0,1.0,,,,,,,,,,,
641,257,OPP-000018,27,Cross-Sell,59.58,P3,Monitor,92.0,HIGH,"{""target_category"": ""Snacks"", ""territory_category_rank"": 1, ""territory_category_orders_90d"": 901, ""current_category_count_90d"": 4}","Introduce Snacks during the next outlet visit and assess fit, expected demand, and an initial reorder quantity.",2671.23,0.0,2671.23,14.009585066680094,1.531791542899086,1.0,1.0,Snacks,1.0,901.0,4.0,,,,,,,,,,,
642,258,OPP-000084,138,Cross-Sell,59.58,P3,Monitor,92.0,HIGH,"{""target_category"": ""Snacks"", ""territory_category_rank"": 1, ""territory_category_orders_90d"": 901, ""current_category_count_90d"": 4}","Introduce Snacks during the next outlet visit and assess fit, expected demand, and an initial reorder quantity.",3347.35,0.0,836.8375,16.69473769259658,1.9195061530168709,4.0,2.0,Snacks,1.0,901.0,4.0,,,,,,,,,,,
643,259,OPP-000811,1249,Cross-Sell,59.58,P3,Monitor,92.0,HIGH,"{""target_category"": ""Snacks"", ""territory_category_rank"": 1, ""territory_category_orders_90d"": 901, ""current_category_count_90d"": 4}","Introduce Snacks during the next outlet visit and assess fit, expected demand, and an initial reorder quantity.",1632.61,0.0,0.0,7.749792324306363,0.9362047412062896,0.0,0.0,Snacks,1.0,901.0,4.0,,,,,,,,,,,
644,260,OPP-001122,1714,Cross-Sell,59.58,P3,Monitor,92.0,HIGH,"{""target_category"": ""Snacks"", ""territory_category_rank"": 1, ""territory_category_orders_90d"": 901, ""current_category_count_90d"": 4}","Introduce Snacks during the next outlet visit and assess fit, expected demand, and an initial reorder quantity.",2558.45,5565.2,0.0,6.622347708910227,0.4174015045346497,0.0,0.0,Snacks,1.0,901.0,4.0,,,,,,,,,,,
645,261,OPP-001328,1998,Cross-Sell,59.58,P3,Monitor,92.0,HIGH,"{""target_category"": ""Snacks"", ""territory_category_rank"": 1, ""territory_category_orders_90d"": 901, ""current_category_count_90d"": 4}","Introduce Snacks during the next outlet visit and assess fit, expected demand, and an initial reorder quantity.",5079.35,0.0,1015.87,25.433055686993185,2.912705148349065,5.0,3.0,Snacks,1.0,901.0,4.0,,,,,,,,,,,
646,262,OPP-001428,2138,Cross-Sell,59.58,P3,Monitor,92.0,HIGH,"{""target_category"": ""Snacks"", ""territory_category_rank"": 1, ""territory_category_orders_90d"": 901, ""current_category_count_90d"": 4}","Introduce Snacks during the next outlet visit and assess fit, expected demand, and an initial reorder quantity.",3477.64,1459.12,1159.2133333333334,16.7334212273729,1.9942197194728932,3.0,1.0,Snacks,1.0,901.0,4.0,,,,,,,,,,,
647,263,OPP-001667,2466,Cross-Sell,59.58,P3,Monitor,92.0,HIGH,"{""target_category"": ""Snacks"", ""territory_category_rank"": 1, ""territory_category_orders_90d"": 901, ""current_category_count_90d"": 4}","Introduce Snacks during the next outlet visit and assess fit, expected demand, and an initial reorder quantity.",2592.37,2945.9100000000003,648.0925,12.118895954119322,1.486570022822933,4.0,4.0,Snacks,1.0,901.0,4.0,,,,,,,,,,,
648,264,OPP-001558,2316,Cross-Sell,59.56,P3,Monitor,89.0,HIGH,"{""target_category"": ""Beverages"", ""territory_category_rank"": 2, ""territory_category_orders_90d"": 859, ""current_category_count_90d"": 2}","Introduce Beverages during the next outlet visit and assess fit, expected demand, and an initial reorder quantity.",1656.21,409.99,552.07,9.671321860021862,0.9497379376784836,3.0,2.0,Beverages,2.0,859.0,2.0,,,,,,,,,,,
649,142,OPP-000559,879,Inactive Outlet,59.5,P3,Monitor,70.0,MEDIUM,"{""revenue_previous_30d"": 8779.44, ""revenue_30d"": 0.0, ""orders_previous_30d"": 3, ""orders_30d"": 0, ""days_since_last_order"": 30}","Prioritize a win-back visit, diagnose the reason for inactivity, and attempt a targeted reorder based on the outlet's prior mix.",0.0,8779.44,0.0,5.109360530244766,0.0,1.0,0.0,,,,,8779.44,0.0,,,3.0,0.0,,30.0,,,
650,143,OPP-001405,2112,Inactive Outlet,59.43,P3,Monitor,70.0,MEDIUM,"{""revenue_previous_30d"": 7648.8, ""revenue_30d"": 0.0, ""orders_previous_30d"": 3, ""orders_30d"": 0, ""days_since_last_order"": 34}","Prioritize a win-back visit, diagnose the reason for inactivity, and attempt a targeted reorder based on the outlet's prior mix.",0.0,7648.799999999999,0.0,0.0,0.0,0.0,0.0,,,,,7648.8,0.0,,,3.0,0.0,,34.0,,,
651,144,OPP-001522,2262,Inactive Outlet,59.32,P3,Monitor,70.0,MEDIUM,"{""revenue_previous_30d"": 5835.66, ""revenue_30d"": 0.0, ""orders_previous_30d"": 2, ""orders_30d"": 0, ""days_since_last_order"": 48}","Prioritize a win-back visit, diagnose the reason for inactivity, and attempt a targeted reorder based on the outlet's prior mix.",0.0,5835.66,0.0,0.0,0.0,8.0,5.0,,,,,5835.66,0.0,,,2.0,0.0,,48.0,,,
652,239,OPP-001867,2740,Revenue Recovery,59.23,P3,Monitor,60.0,MEDIUM,"{""revenue_previous_30d"": 46120.26, ""revenue_30d"": 19387.47, ""revenue_growth_30d"": -0.5796, ""revenue_gap_vs_previous_30d"": 26732.79, ""orders_previous_30d"": 8, ""orders_30d"": 5, ""revenue_index_vs_peer"": 0.958}","Review the outlet's recent order decline, identify the lost SKU/category demand, and schedule a recovery visit with a targeted reorder proposal.",19387.47,46120.26,19387.47,34.533138899590206,0.9584268279841788,1.0,1.0,,,,,46120.26,19387.47,-0.5796,26732.79,8.0,5.0,0.958,,,,
653,240,OPP-000889,1377,Revenue Recovery,59.19,P3,Monitor,72.59,MEDIUM,"{""revenue_previous_30d"": 6999.13, ""revenue_30d"": 1799.9, ""revenue_growth_30d"": -0.7428, ""revenue_gap_vs_previous_30d"": 5199.23, ""orders_previous_30d"": 3, ""orders_30d"": 1, ""revenue_index_vs_peer"": 0.294}","Review the outlet's recent order decline, identify the lost SKU/category demand, and schedule a recovery visit with a targeted reorder proposal.",1799.9,6999.13,899.95,4.517591096638399,0.293646922164559,2.0,1.0,,,,,6999.13,1799.9,-0.7428,5199.23,3.0,1.0,0.294,,,,
654,145,OPP-001058,1621,Inactive Outlet,59.12,P3,Monitor,70.0,MEDIUM,"{""revenue_previous_30d"": 6404.91, ""revenue_30d"": 0.0, ""orders_previous_30d"": 4, ""orders_30d"": 0, ""days_since_last_order"": 38}","Prioritize a win-back visit, diagnose the reason for inactivity, and attempt a targeted reorder based on the outlet's prior mix.",0.0,6404.91,0.0,0.0,0.0,0.0,0.0,,,,,6404.91,0.0,,,4.0,0.0,,38.0,,,
655,241,OPP-000884,1368,Revenue Recovery,58.88,P3,Monitor,62.95,MEDIUM,"{""revenue_previous_30d"": 13801.73, ""revenue_30d"": 3513.99, ""revenue_growth_30d"": -0.7454, ""revenue_gap_vs_previous_30d"": 10287.74, ""orders_previous_30d"": 2, ""orders_30d"": 1, ""revenue_index_vs_peer"": 0.782}","Review the outlet's recent order decline, identify the lost SKU/category demand, and schedule a recovery visit with a targeted reorder proposal.",3513.99,13801.73,3513.99,9.917571593555648,0.7820510537912001,1.0,1.0,,,,,13801.73,3513.99,-0.7454,10287.74,2.0,1.0,0.782,,,,
656,242,OPP-001485,2217,Revenue Recovery,58.88,P3,Monitor,60.0,MEDIUM,"{""revenue_previous_30d"": 19360.96, ""revenue_30d"": 9527.22, ""revenue_growth_30d"": -0.5079, ""revenue_gap_vs_previous_30d"": 9833.74, ""orders_previous_30d"": 3, ""orders_30d"": 1, ""revenue_index_vs_peer"": 0.471}","Review the outlet's recent order decline, identify the lost SKU/category demand, and schedule a recovery visit with a targeted reorder proposal.",9527.22,19360.96,2381.805,15.13074683527417,0.4709816827109172,4.0,3.0,,,,,19360.96,9527.22,-0.5079,9833.74,3.0,1.0,0.471,,,,
657,243,OPP-000604,937,Revenue Recovery,58.82,P3,Monitor,60.0,MEDIUM,"{""revenue_previous_30d"": 28019.92, ""revenue_30d"": 11605.35, ""revenue_growth_30d"": -0.5858, ""revenue_gap_vs_previous_30d"": 16414.57, ""orders_previous_30d"": 3, ""orders_30d"": 3, ""revenue_index_vs_peer"": 0.532}","Review the outlet's recent order decline, identify the lost SKU/category demand, and schedule a recovery visit with a targeted reorder proposal.",11605.35,28019.92,3868.45,16.80011777823008,0.5324842289856309,3.0,3.0,,,,,28019.92,11605.35,-0.5858,16414.57,3.0,3.0,0.532,,,,
658,244,OPP-000007,12,Revenue Recovery,58.76,P3,Monitor,78.37,MEDIUM,"{""revenue_previous_30d"": 4857.02, ""revenue_30d"": 828.1, ""revenue_growth_30d"": -0.8295, ""revenue_gap_vs_previous_30d"": 4028.92, ""orders_previous_30d"": 2, ""orders_30d"": 1, ""revenue_index_vs_peer"": 0.146}","Review the outlet's recent order decline, identify the lost SKU/category demand, and schedule a recovery visit with a targeted reorder proposal.",828.1,4857.02,414.05,1.9856218058248425,0.1464033845506506,2.0,2.0,,,,,4857.02,828.1,-0.8295,4028.92,2.0,1.0,0.146,,,,
659,146,OPP-000472,750,Inactive Outlet,58.74,P3,Monitor,70.0,MEDIUM,"{""revenue_previous_30d"": 5871.37, ""revenue_30d"": 0.0, ""orders_previous_30d"": 2, ""orders_30d"": 0, ""days_since_last_order"": 47}","Prioritize a win-back visit, diagnose the reason for inactivity, and attempt a targeted reorder based on the outlet's prior mix.",0.0,5871.37,0.0,0.0,0.0,5.0,4.0,,,,,5871.37,0.0,,,2.0,0.0,,47.0,,,
660,147,OPP-000557,876,Inactive Outlet,58.74,P3,Monitor,70.0,MEDIUM,"{""revenue_previous_30d"": 6760.49, ""revenue_30d"": 0.0, ""orders_previous_30d"": 3, ""orders_30d"": 0, ""days_since_last_order"": 38}","Prioritize a win-back visit, diagnose the reason for inactivity, and attempt a targeted reorder based on the outlet's prior mix.",0.0,6760.49,0.0,0.0,0.0,1.0,0.0,,,,,6760.49,0.0,,,3.0,0.0,,38.0,,,
661,245,OPP-000172,271,Revenue Recovery,58.71,P3,Monitor,77.0,MEDIUM,"{""revenue_previous_30d"": 6339.9, ""revenue_30d"": 663.48, ""revenue_growth_30d"": -0.8953, ""revenue_gap_vs_previous_30d"": 5676.42, ""orders_previous_30d"": 2, ""orders_30d"": 1, ""revenue_index_vs_peer"": 0.545}","Review the outlet's recent order decline, identify the lost SKU/category demand, and schedule a recovery visit with a targeted reorder proposal.",663.48,6339.9,0.0,3.684313403197647,0.5452528290722616,0.0,0.0,,,,,6339.9,663.48,-0.8953,5676.42,2.0,1.0,0.545,,,,
662,148,OPP-000219,364,Inactive Outlet,58.68,P3,Monitor,70.0,MEDIUM,"{""revenue_previous_30d"": 8541.35, ""revenue_30d"": 0.0, ""orders_previous_30d"": 2, ""orders_30d"": 0, ""days_since_last_order"": 35}","Prioritize a win-back visit, diagnose the reason for inactivity, and attempt a targeted reorder based on the outlet's prior mix.",0.0,8541.349999999999,0.0,0.0,0.0,2.0,1.0,,,,,8541.35,0.0,,,2.0,0.0,,35.0,,,
663,246,OPP-000166,263,Revenue Recovery,58.54,P3,Monitor,67.39,MEDIUM,"{""revenue_previous_30d"": 9260.94, ""revenue_30d"": 2727.95, ""revenue_growth_30d"": -0.7054, ""revenue_gap_vs_previous_30d"": 6532.99, ""orders_previous_30d"": 3, ""orders_30d"": 1, ""revenue_index_vs_peer"": 0.466}","Review the outlet's recent order decline, identify the lost SKU/category demand, and schedule a recovery visit with a targeted reorder proposal.",2727.95,9260.94,2727.95,22.45950961317889,0.4660788179696495,1.0,0.0,,,,,9260.94,2727.95,-0.7054,6532.99,3.0,1.0,0.466,,,,
665,149,OPP-001906,2789,Inactive Outlet,58.52,P3,Monitor,70.0,MEDIUM,"{""revenue_previous_30d"": 5786.88, ""revenue_30d"": 0.0, ""orders_previous_30d"": 4, ""orders_30d"": 0, ""days_since_last_order"": 40}","Prioritize a win-back visit, diagnose the reason for inactivity, and attempt a targeted reorder based on the outlet's prior mix.",0.0,5786.88,0.0,0.0,0.0,1.0,1.0,,,,,5786.88,0.0,,,4.0,0.0,,40.0,,,
664,247,OPP-000324,521,Revenue Recovery,58.52,P3,Monitor,63.61,MEDIUM,"{""revenue_previous_30d"": 13358.15, ""revenue_30d"": 3762.97, ""revenue_growth_30d"": -0.7183, ""revenue_gap_vs_previous_30d"": 9595.18, ""orders_previous_30d"": 6, ""orders_30d"": 2, ""revenue_index_vs_peer"": 0.778}","Review the outlet's recent order decline, identify the lost SKU/category demand, and schedule a recovery visit with a targeted reorder proposal.",3762.97,13358.15,1881.485,9.74610709459057,0.778180577384399,2.0,0.0,,,,,13358.15,3762.97,-0.7183,9595.18,6.0,2.0,0.778,,,,
666,265,OPP-000028,48,Cross-Sell,58.41,P3,Monitor,92.0,HIGH,"{""target_category"": ""Snacks"", ""territory_category_rank"": 1, ""territory_category_orders_90d"": 899, ""current_category_count_90d"": 4}","Introduce Snacks during the next outlet visit and assess fit, expected demand, and an initial reorder quantity.",0.0,5124.0,0.0,15.37495193316757,0.0,0.0,0.0,Snacks,1.0,899.0,4.0,,,,,,,,,,,
667,266,OPP-000592,922,Cross-Sell,58.41,P3,Monitor,92.0,HIGH,"{""target_category"": ""Snacks"", ""territory_category_rank"": 1, ""territory_category_orders_90d"": 899, ""current_category_count_90d"": 4}","Introduce Snacks during the next outlet visit and assess fit, expected demand, and an initial reorder quantity.",753.16,3160.96,753.16,4.255679814846625,0.5215681114658283,1.0,0.0,Snacks,1.0,899.0,4.0,,,,,,,,,,,
668,150,OPP-000652,1026,Inactive Outlet,58.41,P3,Monitor,75.5,MEDIUM,"{""revenue_previous_30d"": 5375.11, ""revenue_30d"": 0.0, ""orders_previous_30d"": 1, ""orders_30d"": 0, ""days_since_last_order"": 57}","Prioritize a win-back visit, diagnose the reason for inactivity, and attempt a targeted reorder based on the outlet's prior mix.",0.0,5375.11,0.0,0.0,0.0,2.0,1.0,,,,,5375.11,0.0,,,1.0,0.0,,57.0,,,
669,151,OPP-001452,2171,Inactive Outlet,58.36,P3,Monitor,70.0,MEDIUM,"{""revenue_previous_30d"": 5827.91, ""revenue_30d"": 0.0, ""orders_previous_30d"": 2, ""orders_30d"": 0, ""days_since_last_order"": 47}","Prioritize a win-back visit, diagnose the reason for inactivity, and attempt a targeted reorder based on the outlet's prior mix.",0.0,5827.91,0.0,0.0,0.0,3.0,3.0,,,,,5827.91,0.0,,,2.0,0.0,,47.0,,,
670,248,OPP-001158,1756,Revenue Recovery,58.33,P3,Monitor,61.85,MEDIUM,"{""revenue_previous_30d"": 17185.53, ""revenue_30d"": 4793.67, ""revenue_growth_30d"": -0.7211, ""revenue_gap_vs_previous_30d"": 12391.86, ""orders_previous_30d"": 4, ""orders_30d"": 1, ""revenue_index_vs_peer"": 0.991}","Review the outlet's recent order decline, identify the lost SKU/category demand, and schedule a recovery visit with a targeted reorder proposal.",4793.67,17185.53,0.0,11.2075007984199,0.9913288940359004,0.0,0.0,,,,,17185.53,4793.67,-0.7211,12391.86,4.0,1.0,0.991,,,,
671,249,OPP-000390,617,Revenue Recovery,58.32,P3,Monitor,62.9,MEDIUM,"{""revenue_previous_30d"": 11474.71, ""revenue_30d"": 3093.17, ""revenue_growth_30d"": -0.7304, ""revenue_gap_vs_previous_30d"": 8381.54, ""orders_previous_30d"": 3, ""orders_30d"": 2, ""revenue_index_vs_peer"": 0.549}","Review the outlet's recent order decline, identify the lost SKU/category demand, and schedule a recovery visit with a targeted reorder proposal.",3093.17,11474.71,3093.17,8.750513459717034,0.548785658905789,1.0,1.0,,,,,11474.71,3093.17,-0.7304,8381.54,3.0,2.0,0.549,,,,
672,250,OPP-001748,2569,Revenue Recovery,58.31,P3,Monitor,60.0,MEDIUM,"{""revenue_previous_30d"": 39431.4, ""revenue_30d"": 16659.39, ""revenue_growth_30d"": -0.5775, ""revenue_gap_vs_previous_30d"": 22772.01, ""orders_previous_30d"": 6, ""orders_30d"": 5, ""revenue_index_vs_peer"": 0.824}","Review the outlet's recent order decline, identify the lost SKU/category demand, and schedule a recovery visit with a targeted reorder proposal.",16659.39,39431.4,16659.39,22.888418036404083,0.8235631732171008,1.0,0.0,,,,,39431.4,16659.39,-0.5775,22772.01,6.0,5.0,0.824,,,,
673,251,OPP-001878,2758,Revenue Recovery,58.3,P3,Monitor,79.84,MEDIUM,"{""revenue_previous_30d"": 4406.13, ""revenue_30d"": 668.2, ""revenue_growth_30d"": -0.8483, ""revenue_gap_vs_previous_30d"": 3737.93, ""orders_previous_30d"": 2, ""orders_30d"": 1, ""revenue_index_vs_peer"": 0.136}","Review the outlet's recent order decline, identify the lost SKU/category demand, and schedule a recovery visit with a targeted reorder proposal.",668.2,4406.13,334.1,1.6791400149469096,0.1359908742430394,2.0,1.0,,,,,4406.13,668.2,-0.8483,3737.93,2.0,1.0,0.136,,,,
674,152,OPP-000685,1069,Inactive Outlet,58.29,P3,Monitor,70.0,MEDIUM,"{""revenue_previous_30d"": 6875.77, ""revenue_30d"": 0.0, ""orders_previous_30d"": 3, ""orders_30d"": 0, ""days_since_last_order"": 37}","Prioritize a win-back visit, diagnose the reason for inactivity, and attempt a targeted reorder based on the outlet's prior mix.",0.0,6875.77,0.0,0.0,0.0,0.0,0.0,,,,,6875.77,0.0,,,3.0,0.0,,37.0,,,
675,252,OPP-001291,1940,Revenue Recovery,58.29,P3,Monitor,60.0,MEDIUM,"{""revenue_previous_30d"": 42886.6, ""revenue_30d"": 19077.28, ""revenue_growth_30d"": -0.5552, ""revenue_gap_vs_previous_30d"": 23809.32, ""orders_previous_30d"": 7, ""orders_30d"": 4, ""revenue_index_vs_peer"": 0.943}","Review the outlet's recent order decline, identify the lost SKU/category demand, and schedule a recovery visit with a targeted reorder proposal.",19077.28,42886.6,9538.64,47.60071720212879,0.9430924693611912,2.0,0.0,,,,,42886.6,19077.28,-0.5552,23809.32,7.0,4.0,0.943,,,,
676,153,OPP-000808,1244,Inactive Outlet,58.11,P3,Monitor,70.0,MEDIUM,"{""revenue_previous_30d"": 7257.91, ""revenue_30d"": 0.0, ""orders_previous_30d"": 2, ""orders_30d"": 0, ""days_since_last_order"": 39}","Prioritize a win-back visit, diagnose the reason for inactivity, and attempt a targeted reorder based on the outlet's prior mix.",0.0,7257.91,0.0,0.0,0.0,1.0,0.0,,,,,7257.91,0.0,,,2.0,0.0,,39.0,,,
677,253,OPP-001882,2763,Revenue Recovery,58.03,P3,Monitor,65.81,MEDIUM,"{""revenue_previous_30d"": 8680.82, ""revenue_30d"": 1726.48, ""revenue_growth_30d"": -0.8011, ""revenue_gap_vs_previous_30d"": 6954.34, ""orders_previous_30d"": 2, ""orders_30d"": 2, ""revenue_index_vs_peer"": 0.351}","Review the outlet's recent order decline, identify the lost SKU/category demand, and schedule a recovery visit with a targeted reorder proposal.",1726.48,8680.82,287.74666666666667,4.895665676463215,0.3513701355329582,6.0,5.0,,,,,8680.82,1726.48,-0.8011,6954.34,2.0,2.0,0.351,,,,
678,154,OPP-000440,695,Inactive Outlet,58.02,P3,Monitor,70.0,MEDIUM,"{""revenue_previous_30d"": 7660.78, ""revenue_30d"": 0.0, ""orders_previous_30d"": 3, ""orders_30d"": 0, ""days_since_last_order"": 32}","Prioritize a win-back visit, diagnose the reason for inactivity, and attempt a targeted reorder based on the outlet's prior mix.",0.0,7660.780000000001,0.0,0.0,0.0,0.0,0.0,,,,,7660.78,0.0,,,3.0,0.0,,32.0,,,
679,254,OPP-001436,2147,Revenue Recovery,58.02,P3,Monitor,66.57,MEDIUM,"{""revenue_previous_30d"": 8018.89, ""revenue_30d"": 1619.61, ""revenue_growth_30d"": -0.798, ""revenue_gap_vs_previous_30d"": 6399.28, ""orders_previous_30d"": 2, ""orders_30d"": 2, ""revenue_index_vs_peer"": 0.286}","Review the outlet's recent order decline, identify the lost SKU/category demand, and schedule a recovery visit with a targeted reorder proposal.",1619.6084999999998,8018.89,1619.6084999999998,4.307021530473825,0.2863375993805126,1.0,1.0,,,,,8018.89,1619.61,-0.798,6399.28,2.0,2.0,0.286,,,,
680,255,OPP-000744,1156,Revenue Recovery,57.95,P3,Monitor,60.69,MEDIUM,"{""revenue_previous_30d"": 15106.77, ""revenue_30d"": 4708.7, ""revenue_growth_30d"": -0.6883, ""revenue_gap_vs_previous_30d"": 10398.07, ""orders_previous_30d"": 3, ""orders_30d"": 1, ""revenue_index_vs_peer"": 0.832}","Review the outlet's recent order decline, identify the lost SKU/category demand, and schedule a recovery visit with a targeted reorder proposal.",4708.7,15106.77,1569.5666666666666,11.071322765256074,0.8324714609753034,3.0,3.0,,,,,15106.77,4708.7,-0.6883,10398.07,3.0,1.0,0.832,,,,
681,155,OPP-000838,1292,Inactive Outlet,57.8,P3,Monitor,70.0,MEDIUM,"{""revenue_previous_30d"": 7240.38, ""revenue_30d"": 0.0, ""orders_previous_30d"": 3, ""orders_30d"": 0, ""days_since_last_order"": 34}","Prioritize a win-back visit, diagnose the reason for inactivity, and attempt a targeted reorder based on the outlet's prior mix.",0.0,7240.379999999999,0.0,0.0,0.0,3.0,1.0,,,,,7240.38,0.0,,,3.0,0.0,,34.0,,,
682,256,OPP-001992,2915,Revenue Recovery,57.8,P3,Monitor,69.82,MEDIUM,"{""revenue_previous_30d"": 6570.32, ""revenue_30d"": 1141.16, ""revenue_growth_30d"": -0.8263, ""revenue_gap_vs_previous_30d"": 5429.16, ""orders_previous_30d"": 2, ""orders_30d"": 2, ""revenue_index_vs_peer"": 0.202}","Review the outlet's recent order decline, identify the lost SKU/category demand, and schedule a recovery visit with a targeted reorder proposal.",1141.164,6570.32,285.291,3.2168662472092544,0.2017513246315163,4.0,1.0,,,,,6570.32,1141.16,-0.8263,5429.16,2.0,2.0,0.202,,,,
683,257,OPP-000828,1268,Revenue Recovery,57.75,P3,Monitor,64.48,MEDIUM,"{""revenue_previous_30d"": 9980.37, ""revenue_30d"": 2961.35, ""revenue_growth_30d"": -0.7033, ""revenue_gap_vs_previous_30d"": 7019.02, ""orders_previous_30d"": 2, ""orders_30d"": 1, ""revenue_index_vs_peer"": 0.483}","Review the outlet's recent order decline, identify the lost SKU/category demand, and schedule a recovery visit with a targeted reorder proposal.",2961.35,9980.37,1480.675,7.180536039678624,0.4831331257025484,2.0,2.0,,,,,9980.37,2961.35,-0.7033,7019.02,2.0,1.0,0.483,,,,
684,156,OPP-000287,456,Inactive Outlet,57.74,P3,Monitor,70.0,MEDIUM,"{""revenue_previous_30d"": 8240.18, ""revenue_30d"": 0.0, ""orders_previous_30d"": 3, ""orders_30d"": 0, ""days_since_last_order"": 30}","Prioritize a win-back visit, diagnose the reason for inactivity, and attempt a targeted reorder based on the outlet's prior mix.",0.0,8240.18,0.0,16.264938599134517,0.0,1.0,1.0,,,,,8240.18,0.0,,,3.0,0.0,,30.0,,,
685,157,OPP-001253,1886,Inactive Outlet,57.72,P3,Monitor,70.0,MEDIUM,"{""revenue_previous_30d"": 5492.04, ""revenue_30d"": 0.0, ""orders_previous_30d"": 4, ""orders_30d"": 0, ""days_since_last_order"": 41}","Prioritize a win-back visit, diagnose the reason for inactivity, and attempt a targeted reorder based on the outlet's prior mix.",0.0,5492.040000000001,0.0,0.0,0.0,1.0,1.0,,,,,5492.04,0.0,,,4.0,0.0,,41.0,,,
686,267,OPP-000429,676,Cross-Sell,57.68,P3,Monitor,100.0,HIGH,"{""target_category"": ""Snacks"", ""territory_category_rank"": 1, ""territory_category_orders_90d"": 423, ""current_category_count_90d"": 0}","Introduce Snacks during the next outlet visit and assess fit, expected demand, and an initial reorder quantity.",0.0,0.0,0.0,0.0,0.0,0.0,0.0,Snacks,1.0,423.0,0.0,,,,,,,,,,,
687,268,OPP-000435,688,Cross-Sell,57.68,P3,Monitor,100.0,HIGH,"{""target_category"": ""Snacks"", ""territory_category_rank"": 1, ""territory_category_orders_90d"": 423, ""current_category_count_90d"": 0}","Introduce Snacks during the next outlet visit and assess fit, expected demand, and an initial reorder quantity.",0.0,0.0,0.0,0.0,0.0,1.0,0.0,Snacks,1.0,423.0,0.0,,,,,,,,,,,
688,269,OPP-000701,1090,Cross-Sell,57.68,P3,Monitor,100.0,HIGH,"{""target_category"": ""Snacks"", ""territory_category_rank"": 1, ""territory_category_orders_90d"": 423, ""current_category_count_90d"": 0}","Introduce Snacks during the next outlet visit and assess fit, expected demand, and an initial reorder quantity.",0.0,0.0,0.0,0.0,0.0,2.0,1.0,Snacks,1.0,423.0,0.0,,,,,,,,,,,
689,270,OPP-001052,1612,Cross-Sell,57.68,P3,Monitor,100.0,HIGH,"{""target_category"": ""Snacks"", ""territory_category_rank"": 1, ""territory_category_orders_90d"": 423, ""current_category_count_90d"": 0}","Introduce Snacks during the next outlet visit and assess fit, expected demand, and an initial reorder quantity.",0.0,0.0,0.0,0.0,0.0,0.0,0.0,Snacks,1.0,423.0,0.0,,,,,,,,,,,
690,258,OPP-002030,2960,Revenue Recovery,57.66,P3,Monitor,80.28,HIGH,"{""revenue_previous_30d"": 4711.36, ""revenue_30d"": 457.5, ""revenue_growth_30d"": -0.9029, ""revenue_gap_vs_previous_30d"": 4253.86, ""orders_previous_30d"": 2, ""orders_30d"": 1, ""revenue_index_vs_peer"": 0.361}","Review the outlet's recent order decline, identify the lost SKU/category demand, and schedule a recovery visit with a targeted reorder proposal.",457.5,4711.36,0.0,17.186348098723386,0.3612659707196892,0.0,0.0,,,,,4711.36,457.5,-0.9029,4253.86,2.0,1.0,0.361,,,,
691,259,OPP-000334,536,Revenue Recovery,57.64,P3,Monitor,71.73,MEDIUM,"{""revenue_previous_30d"": 5982.38, ""revenue_30d"": 931.34, ""revenue_growth_30d"": -0.8443, ""revenue_gap_vs_previous_30d"": 5051.04, ""orders_previous_30d"": 1, ""orders_30d"": 2, ""revenue_index_vs_peer"": 0.158}","Review the outlet's recent order decline, identify the lost SKU/category demand, and schedule a recovery visit with a targeted reorder proposal.",931.34,5982.38,931.34,2.4789967747542336,0.1582417955841,1.0,0.0,,,,,5982.38,931.34,-0.8443,5051.04,1.0,2.0,0.158,,,,
692,260,OPP-000321,516,Revenue Recovery,57.61,P3,Monitor,60.0,MEDIUM,"{""revenue_previous_30d"": 40658.58, ""revenue_30d"": 18816.99, ""revenue_growth_30d"": -0.5372, ""revenue_gap_vs_previous_30d"": 21841.59, ""orders_previous_30d"": 8, ""orders_30d"": 4, ""revenue_index_vs_peer"": 0.93}","Review the outlet's recent order decline, identify the lost SKU/category demand, and schedule a recovery visit with a targeted reorder proposal.",18816.99,40658.58,6272.329999999999,30.076698258645035,0.9302249358946788,3.0,2.0,,,,,40658.58,18816.99,-0.5372,21841.59,8.0,4.0,0.93,,,,
693,261,OPP-001933,2831,Revenue Recovery,57.58,P3,Monitor,77.53,MEDIUM,"{""revenue_previous_30d"": 5517.04, ""revenue_30d"": 651.73, ""revenue_growth_30d"": -0.8819, ""revenue_gap_vs_previous_30d"": 4865.31, ""orders_previous_30d"": 2, ""orders_30d"": 1, ""revenue_index_vs_peer"": 0.447}","Review the outlet's recent order decline, identify the lost SKU/category demand, and schedule a recovery visit with a targeted reorder proposal.",651.73,5517.04,325.865,3.083417823387951,0.4468341846354256,2.0,1.0,,,,,5517.04,651.73,-0.8819,4865.31,2.0,1.0,0.447,,,,
695,271,OPP-000211,347,Cross-Sell,57.42,P3,Monitor,89.0,HIGH,"{""target_category"": ""Home Care"", ""territory_category_rank"": 2, ""territory_category_orders_90d"": 821, ""current_category_count_90d"": 2}","Introduce Home Care during the next outlet visit and assess fit, expected demand, and an initial reorder quantity.",0.0,530.94,0.0,0.0,0.0,3.0,1.0,Home Care,2.0,821.0,2.0,,,,,,,,,,,
696,272,OPP-001110,1699,Cross-Sell,57.42,P3,Monitor,89.0,HIGH,"{""target_category"": ""Home Care"", ""territory_category_rank"": 2, ""territory_category_orders_90d"": 821, ""current_category_count_90d"": 2}","Introduce Home Care during the next outlet visit and assess fit, expected demand, and an initial reorder quantity.",1445.37,0.0,722.685,6.6292131739427145,1.0009279585604176,2.0,2.0,Home Care,2.0,821.0,2.0,,,,,,,,,,,
697,273,OPP-001624,2402,Cross-Sell,57.42,P3,Monitor,89.0,HIGH,"{""target_category"": ""Home Care"", ""territory_category_rank"": 2, ""territory_category_orders_90d"": 821, ""current_category_count_90d"": 2}","Introduce Home Care during the next outlet visit and assess fit, expected demand, and an initial reorder quantity.",0.0,0.0,0.0,0.0,0.0,2.0,1.0,Home Care,2.0,821.0,2.0,,,,,,,,,,,
694,158,OPP-000165,261,Inactive Outlet,57.42,P3,Monitor,70.0,MEDIUM,"{""revenue_previous_30d"": 6516.59, ""revenue_30d"": 0.0, ""orders_previous_30d"": 2, ""orders_30d"": 0, ""days_since_last_order"": 43}","Prioritize a win-back visit, diagnose the reason for inactivity, and attempt a targeted reorder based on the outlet's prior mix.",0.0,6516.59,0.0,0.0,0.0,0.0,0.0,,,,,6516.59,0.0,,,2.0,0.0,,43.0,,,
698,262,OPP-001969,2880,Revenue Recovery,57.31,P3,Monitor,60.0,MEDIUM,"{""revenue_previous_30d"": 17845.5, ""revenue_30d"": 8605.13, ""revenue_growth_30d"": -0.5178, ""revenue_gap_vs_previous_30d"": 9240.37, ""orders_previous_30d"": 4, ""orders_30d"": 1, ""revenue_index_vs_peer"": 0.565}","Review the outlet's recent order decline, identify the lost SKU/category demand, and schedule a recovery visit with a targeted reorder proposal.",8605.13,17845.5,1721.0259999999998,14.392535463139945,0.5647789355406962,5.0,5.0,,,,,17845.5,8605.13,-0.5178,9240.37,4.0,1.0,0.565,,,,
699,159,OPP-000664,1035,Inactive Outlet,57.25,P3,Monitor,70.0,MEDIUM,"{""revenue_previous_30d"": 6344.77, ""revenue_30d"": 0.0, ""orders_previous_30d"": 2, ""orders_30d"": 0, ""days_since_last_order"": 44}","Prioritize a win-back visit, diagnose the reason for inactivity, and attempt a targeted reorder based on the outlet's prior mix.",0.0,6344.77,0.0,0.0,0.0,2.0,0.0,,,,,6344.77,0.0,,,2.0,0.0,,44.0,,,
700,274,OPP-000001,1,Cross-Sell,57.23,P3,Monitor,78.0,MEDIUM,"{""target_category"": ""Home Care"", ""territory_category_rank"": 3, ""territory_category_orders_90d"": 1772, ""current_category_count_90d"": 4}","Introduce Home Care during the next outlet visit and assess fit, expected demand, and an initial reorder quantity.",300.72,0.0,150.36,1.3765682198224545,0.2230612320587471,2.0,1.0,Home Care,3.0,1772.0,4.0,,,,,,,,,,,
701,275,OPP-000061,105,Cross-Sell,57.23,P3,Monitor,78.0,MEDIUM,"{""target_category"": ""Home Care"", ""territory_category_rank"": 3, ""territory_category_orders_90d"": 1772, ""current_category_count_90d"": 4}","Introduce Home Care during the next outlet visit and assess fit, expected demand, and an initial reorder quantity.",9238.62,8026.38,3079.5399999999995,24.76179959404952,1.633335631659621,3.0,2.0,Home Care,3.0,1772.0,4.0,,,,,,,,,,,
702,276,OPP-000145,242,Cross-Sell,57.23,P3,Monitor,78.0,MEDIUM,"{""target_category"": ""Home Care"", ""territory_category_rank"": 3, ""territory_category_orders_90d"": 1772, ""current_category_count_90d"": 4}","Introduce Home Care during the next outlet visit and assess fit, expected demand, and an initial reorder quantity.",13742.1,1565.59,13742.1,35.10056665725856,2.429525360262645,1.0,1.0,Home Care,3.0,1772.0,4.0,,,,,,,,,,,
703,277,OPP-000312,499,Cross-Sell,57.23,P3,Monitor,78.0,MEDIUM,"{""target_category"": ""Home Care"", ""territory_category_rank"": 3, ""territory_category_orders_90d"": 1772, ""current_category_count_90d"": 4}","Introduce Home Care during the next outlet visit and assess fit, expected demand, and an initial reorder quantity.",7868.2,696.18,3934.1,41.97949523447737,5.836294180914586,2.0,1.0,Home Care,3.0,1772.0,4.0,,,,,,,,,,,
704,278,OPP-000401,630,Cross-Sell,57.23,P3,Monitor,78.0,MEDIUM,"{""target_category"": ""Home Care"", ""territory_category_rank"": 3, ""territory_category_orders_90d"": 1772, ""current_category_count_90d"": 4}","Introduce Home Care during the next outlet visit and assess fit, expected demand, and an initial reorder quantity.",0.0,4402.29,0.0,0.0,0.0,2.0,0.0,Home Care,3.0,1772.0,4.0,,,,,,,,,,,
705,279,OPP-000576,901,Cross-Sell,57.23,P3,Monitor,78.0,MEDIUM,"{""target_category"": ""Home Care"", ""territory_category_rank"": 3, ""territory_category_orders_90d"": 1772, ""current_category_count_90d"": 4}","Introduce Home Care during the next outlet visit and assess fit, expected demand, and an initial reorder quantity.",495.31,3412.6,0.0,2.897661325046334,0.3673997700552608,0.0,0.0,Home Care,3.0,1772.0,4.0,,,,,,,,,,,
706,280,OPP-000594,924,Cross-Sell,57.23,P3,Monitor,78.0,MEDIUM,"{""target_category"": ""Home Care"", ""territory_category_rank"": 3, ""territory_category_orders_90d"": 1772, ""current_category_count_90d"": 4}","Introduce Home Care during the next outlet visit and assess fit, expected demand, and an initial reorder quantity.",0.0,6595.4,0.0,0.0,0.0,0.0,0.0,Home Care,3.0,1772.0,4.0,,,,,,,,,,,
707,281,OPP-000645,1013,Cross-Sell,57.23,P3,Monitor,78.0,MEDIUM,"{""target_category"": ""Home Care"", ""territory_category_rank"": 3, ""territory_category_orders_90d"": 1772, ""current_category_count_90d"": 4}","Introduce Home Care during the next outlet visit and assess fit, expected demand, and an initial reorder quantity.",3341.6800000000003,500.4,3341.6800000000003,17.697560923941396,2.478715276490005,1.0,1.0,Home Care,3.0,1772.0,4.0,,,,,,,,,,,
708,282,OPP-000860,1325,Cross-Sell,57.23,P3,Monitor,78.0,MEDIUM,"{""target_category"": ""Home Care"", ""territory_category_rank"": 3, ""territory_category_orders_90d"": 1772, ""current_category_count_90d"": 4}","Introduce Home Care during the next outlet visit and assess fit, expected demand, and an initial reorder quantity.",989.58,0.0,0.0,4.697673712053745,0.7340281125987465,0.0,0.0,Home Care,3.0,1772.0,4.0,,,,,,,,,,,
709,283,OPP-000919,1418,Cross-Sell,57.23,P3,Monitor,78.0,MEDIUM,"{""target_category"": ""Home Care"", ""territory_category_rank"": 3, ""territory_category_orders_90d"": 1772, ""current_category_count_90d"": 4}","Introduce Home Care during the next outlet visit and assess fit, expected demand, and an initial reorder quantity.",0.0,3413.23,0.0,0.0,0.0,3.0,1.0,Home Care,3.0,1772.0,4.0,,,,,,,,,,,
710,284,OPP-001235,1859,Cross-Sell,57.23,P3,Monitor,78.0,MEDIUM,"{""target_category"": ""Home Care"", ""territory_category_rank"": 3, ""territory_category_orders_90d"": 1772, ""current_category_count_90d"": 4}","Introduce Home Care during the next outlet visit and assess fit, expected demand, and an initial reorder quantity.",0.0,0.0,0.0,0.0,0.0,2.0,1.0,Home Care,3.0,1772.0,4.0,,,,,,,,,,,
711,285,OPP-001243,1870,Cross-Sell,57.23,P3,Monitor,78.0,MEDIUM,"{""target_category"": ""Home Care"", ""territory_category_rank"": 3, ""territory_category_orders_90d"": 1772, ""current_category_count_90d"": 4}","Introduce Home Care during the next outlet visit and assess fit, expected demand, and an initial reorder quantity.",9074.51,0.0,2268.6275,15.84256994850494,0.4225284302488955,4.0,3.0,Home Care,3.0,1772.0,4.0,,,,,,,,,,,
712,286,OPP-001273,1914,Cross-Sell,57.23,P3,Monitor,78.0,MEDIUM,"{""target_category"": ""Home Care"", ""territory_category_rank"": 3, ""territory_category_orders_90d"": 1772, ""current_category_count_90d"": 4}","Introduce Home Care during the next outlet visit and assess fit, expected demand, and an initial reorder quantity.",3641.19,0.0,0.0,9.188299849477207,0.6437417459147249,0.0,0.0,Home Care,3.0,1772.0,4.0,,,,,,,,,,,
713,287,OPP-001755,2578,Cross-Sell,57.23,P3,Monitor,78.0,MEDIUM,"{""target_category"": ""Home Care"", ""territory_category_rank"": 3, ""territory_category_orders_90d"": 1772, ""current_category_count_90d"": 4}","Introduce Home Care during the next outlet visit and assess fit, expected demand, and an initial reorder quantity.",6735.71,0.0,1683.9275,31.332381289074128,4.9962615435967805,4.0,4.0,Home Care,3.0,1772.0,4.0,,,,,,,,,,,
714,288,OPP-001880,2760,Cross-Sell,57.23,P3,Monitor,78.0,MEDIUM,"{""target_category"": ""Home Care"", ""territory_category_rank"": 3, ""territory_category_orders_90d"": 1772, ""current_category_count_90d"": 4}","Introduce Home Care during the next outlet visit and assess fit, expected demand, and an initial reorder quantity.",0.0,3585.0,0.0,17.23471405238791,0.0,0.0,0.0,Home Care,3.0,1772.0,4.0,,,,,,,,,,,
715,289,OPP-002051,2990,Cross-Sell,57.23,P3,Monitor,78.0,MEDIUM,"{""target_category"": ""Home Care"", ""territory_category_rank"": 3, ""territory_category_orders_90d"": 1772, ""current_category_count_90d"": 4}","Introduce Home Care during the next outlet visit and assess fit, expected demand, and an initial reorder quantity.",0.0,2654.13,0.0,0.0,0.0,3.0,3.0,Home Care,3.0,1772.0,4.0,,,,,,,,,,,
716,263,OPP-001795,2622,Revenue Recovery,57.19,P3,Monitor,67.35,MEDIUM,"{""revenue_previous_30d"": 8563.82, ""revenue_30d"": 2499.39, ""revenue_growth_30d"": -0.7081, ""revenue_gap_vs_previous_30d"": 6064.43, ""orders_previous_30d"": 3, ""orders_30d"": 1, ""revenue_index_vs_peer"": 0.482}","Review the outlet's recent order decline, identify the lost SKU/category demand, and schedule a recovery visit with a targeted reorder proposal.",2499.39,8563.82,1249.695,7.097797441897449,0.48163649922823,2.0,0.0,,,,,8563.82,2499.39,-0.7081,6064.43,3.0,1.0,0.482,,,,
717,264,OPP-001264,1901,Revenue Recovery,57.1,P3,Monitor,77.41,MEDIUM,"{""revenue_previous_30d"": 4625.65, ""revenue_30d"": 829.89, ""revenue_growth_30d"": -0.8206, ""revenue_gap_vs_previous_30d"": 3795.76, ""orders_previous_30d"": 2, ""orders_30d"": 1, ""revenue_index_vs_peer"": 0.169}","Review the outlet's recent order decline, identify the lost SKU/category demand, and schedule a recovery visit with a targeted reorder proposal.",829.89,4625.65,829.89,2.5381468277064134,0.1688977351474947,1.0,1.0,,,,,4625.65,829.89,-0.8206,3795.76,2.0,1.0,0.169,,,,
718,265,OPP-001727,2549,Revenue Recovery,57.09,P3,Monitor,62.25,MEDIUM,"{""revenue_previous_30d"": 12049.97, ""revenue_30d"": 3394.19, ""revenue_growth_30d"": -0.7183, ""revenue_gap_vs_previous_30d"": 8655.78, ""orders_previous_30d"": 4, ""orders_30d"": 2, ""revenue_index_vs_peer"": 0.702}","Review the outlet's recent order decline, identify the lost SKU/category demand, and schedule a recovery visit with a targeted reorder proposal.",3394.19,12049.97,1697.095,8.593155835778136,0.7019170320125734,2.0,1.0,,,,,12049.97,3394.19,-0.7183,8655.78,4.0,2.0,0.702,,,,
719,266,OPP-000306,488,Revenue Recovery,57.08,P3,Monitor,71.95,MEDIUM,"{""revenue_previous_30d"": 7407.76, ""revenue_30d"": 1172.42, ""revenue_growth_30d"": -0.8417, ""revenue_gap_vs_previous_30d"": 6235.34, ""orders_previous_30d"": 2, ""orders_30d"": 1, ""revenue_index_vs_peer"": 0.631}","Review the outlet's recent order decline, identify the lost SKU/category demand, and schedule a recovery visit with a targeted reorder proposal.",1172.42,7407.76,586.21,5.956755828492664,0.6314876656253368,2.0,1.0,,,,,7407.76,1172.42,-0.8417,6235.34,2.0,1.0,0.631,,,,
720,160,OPP-001453,2173,Inactive Outlet,56.98,P3,Monitor,70.0,MEDIUM,"{""revenue_previous_30d"": 10747.95, ""revenue_30d"": 0.0, ""orders_previous_30d"": 1, ""orders_30d"": 0, ""days_since_last_order"": 34}","Prioritize a win-back visit, diagnose the reason for inactivity, and attempt a targeted reorder based on the outlet's prior mix.",0.0,10747.95,0.0,0.0,0.0,1.0,0.0,,,,,10747.95,0.0,,,1.0,0.0,,34.0,,,
721,161,OPP-000229,374,Inactive Outlet,56.95,P3,Monitor,70.0,MEDIUM,"{""revenue_previous_30d"": 6713.67, ""revenue_30d"": 0.0, ""orders_previous_30d"": 3, ""orders_30d"": 0, ""days_since_last_order"": 36}","Prioritize a win-back visit, diagnose the reason for inactivity, and attempt a targeted reorder based on the outlet's prior mix.",0.0,6713.67,0.0,0.0,0.0,2.0,1.0,,,,,6713.67,0.0,,,3.0,0.0,,36.0,,,
722,267,OPP-001763,2585,Revenue Recovery,56.93,P3,Monitor,68.67,MEDIUM,"{""revenue_previous_30d"": 8024.28, ""revenue_30d"": 2165.99, ""revenue_growth_30d"": -0.7301, ""revenue_gap_vs_previous_30d"": 5858.29, ""orders_previous_30d"": 3, ""orders_30d"": 1, ""revenue_index_vs_peer"": 0.496}","Review the outlet's recent order decline, identify the lost SKU/category demand, and schedule a recovery visit with a targeted reorder proposal.",2165.99,8024.28,0.0,6.128487184725226,0.495708871536201,0.0,0.0,,,,,8024.28,2165.99,-0.7301,5858.29,3.0,1.0,0.496,,,,
723,268,OPP-001189,1801,Revenue Recovery,56.81,P3,Monitor,60.0,MEDIUM,"{""revenue_previous_30d"": 19956.37, ""revenue_30d"": 6603.91, ""revenue_growth_30d"": -0.6691, ""revenue_gap_vs_previous_30d"": 13352.46, ""orders_previous_30d"": 6, ""orders_30d"": 2, ""revenue_index_vs_peer"": 1.077}","Review the outlet's recent order decline, identify the lost SKU/category demand, and schedule a recovery visit with a targeted reorder proposal.",6603.91,19956.37,0.0,42.66645268928803,1.0774031033678275,0.0,0.0,,,,,19956.37,6603.91,-0.6691,13352.46,6.0,2.0,1.077,,,,
724,269,OPP-000887,1375,Revenue Recovery,56.79,P3,Monitor,67.96,MEDIUM,"{""revenue_previous_30d"": 8089.14, ""revenue_30d"": 2324.32, ""revenue_growth_30d"": -0.7127, ""revenue_gap_vs_previous_30d"": 5764.82, ""orders_previous_30d"": 3, ""orders_30d"": 1, ""revenue_index_vs_peer"": 0.462}","Review the outlet's recent order decline, identify the lost SKU/category demand, and schedule a recovery visit with a targeted reorder proposal.",2324.32,8089.14,581.08,6.38659987855041,0.4616105687117198,4.0,2.0,,,,,8089.14,2324.32,-0.7127,5764.82,3.0,1.0,0.462,,,,
726,162,OPP-001786,2615,Inactive Outlet,56.78,P3,Monitor,70.0,MEDIUM,"{""revenue_previous_30d"": 9528.05, ""revenue_30d"": 0.0, ""orders_previous_30d"": 2, ""orders_30d"": 0, ""days_since_last_order"": 30}","Prioritize a win-back visit, diagnose the reason for inactivity, and attempt a targeted reorder based on the outlet's prior mix.",0.0,9528.05,0.0,16.524065610905588,0.0,1.0,0.0,,,,,9528.05,0.0,,,2.0,0.0,,30.0,,,
725,270,OPP-000770,1189,Revenue Recovery,56.78,P3,Monitor,60.0,MEDIUM,"{""revenue_previous_30d"": 22831.05, ""revenue_30d"": 11514.31, ""revenue_growth_30d"": -0.4957, ""revenue_gap_vs_previous_30d"": 11316.74, ""orders_previous_30d"": 6, ""orders_30d"": 3, ""revenue_index_vs_peer"": 0.562}","Review the outlet's recent order decline, identify the lost SKU/category demand, and schedule a recovery visit with a targeted reorder proposal.",11514.31,22831.05,5757.155,18.88675779328431,0.5615449140928664,2.0,2.0,,,,,22831.05,11514.31,-0.4957,11316.74,6.0,3.0,0.562,,,,
727,271,OPP-001565,2326,Revenue Recovery,56.74,P3,Monitor,62.41,MEDIUM,"{""revenue_previous_30d"": 12560.08, ""revenue_30d"": 3956.5, ""revenue_growth_30d"": -0.685, ""revenue_gap_vs_previous_30d"": 8603.58, ""orders_previous_30d"": 4, ""orders_30d"": 1, ""revenue_index_vs_peer"": 0.786}","Review the outlet's recent order decline, identify the lost SKU/category demand, and schedule a recovery visit with a targeted reorder proposal.",3956.5,12560.08,0.0,10.616363555377625,0.785761949777965,0.0,0.0,,,,,12560.08,3956.5,-0.685,8603.58,4.0,1.0,0.786,,,,
728,163,OPP-001659,2452,Inactive Outlet,56.73,P3,Monitor,70.0,MEDIUM,"{""revenue_previous_30d"": 7250.65, ""revenue_30d"": 0.0, ""orders_previous_30d"": 4, ""orders_30d"": 0, ""days_since_last_order"": 30}","Prioritize a win-back visit, diagnose the reason for inactivity, and attempt a targeted reorder based on the outlet's prior mix.",0.0,7250.65,0.0,6.52439322166333,0.0,1.0,1.0,,,,,7250.65,0.0,,,4.0,0.0,,30.0,,,
729,272,OPP-001500,2232,Revenue Recovery,56.64,P3,Monitor,67.68,MEDIUM,"{""revenue_previous_30d"": 7560.45, ""revenue_30d"": 1805.67, ""revenue_growth_30d"": -0.7612, ""revenue_gap_vs_previous_30d"": 5754.78, ""orders_previous_30d"": 3, ""orders_30d"": 2, ""revenue_index_vs_peer"": 0.373}","Review the outlet's recent order decline, identify the lost SKU/category demand, and schedule a recovery visit with a targeted reorder proposal.",1805.6655,7560.45,0.0,4.163291915584341,0.3734108487054346,0.0,0.0,,,,,7560.45,1805.67,-0.7612,5754.78,3.0,2.0,0.373,,,,
730,290,OPP-000404,632,Cross-Sell,56.62,P3,Monitor,98.0,HIGH,"{""target_category"": ""Snacks"", ""territory_category_rank"": 1, ""territory_category_orders_90d"": 579, ""current_category_count_90d"": 1}","Introduce Snacks during the next outlet visit and assess fit, expected demand, and an initial reorder quantity.",466.6,0.0,93.32,2.7765331181609425,0.4378219624107419,5.0,3.0,Snacks,1.0,579.0,1.0,,,,,,,,,,,
731,291,OPP-000669,1045,Cross-Sell,56.62,P3,Monitor,98.0,HIGH,"{""target_category"": ""Snacks"", ""territory_category_rank"": 1, ""territory_category_orders_90d"": 579, ""current_category_count_90d"": 1}","Introduce Snacks during the next outlet visit and assess fit, expected demand, and an initial reorder quantity.",0.0,0.0,0.0,0.0,0.0,2.0,0.0,Snacks,1.0,579.0,1.0,,,,,,,,,,,
733,274,OPP-001042,1591,Revenue Recovery,56.6,P3,Monitor,80.34,HIGH,"{""revenue_previous_30d"": 3781.01, ""revenue_30d"": 150.94, ""revenue_growth_30d"": -0.9601, ""revenue_gap_vs_previous_30d"": 3630.07, ""orders_previous_30d"": 1, ""orders_30d"": 1, ""revenue_index_vs_peer"": 0.124}","Review the outlet's recent order decline, identify the lost SKU/category demand, and schedule a recovery visit with a targeted reorder proposal.",150.94,3781.01,150.94,0.694914427093836,0.1240436215412177,1.0,1.0,,,,,3781.01,150.94,-0.9601,3630.07,1.0,1.0,0.124,,,,
732,273,OPP-000663,1034,Revenue Recovery,56.6,P3,Monitor,68.6,MEDIUM,"{""revenue_previous_30d"": 10502.92, ""revenue_30d"": 1709.76, ""revenue_growth_30d"": -0.8372, ""revenue_gap_vs_previous_30d"": 8793.16, ""orders_previous_30d"": 6, ""orders_30d"": 2, ""revenue_index_vs_peer"": 1.35}","Review the outlet's recent order decline, identify the lost SKU/category demand, and schedule a recovery visit with a targeted reorder proposal.",1709.7615,10502.92,854.88075,9.521075975976812,1.3501172633806595,2.0,1.0,,,,,10502.92,1709.76,-0.8372,8793.16,6.0,2.0,1.35,,,,
734,164,OPP-000082,133,Inactive Outlet,56.53,P3,Monitor,70.0,MEDIUM,"{""revenue_previous_30d"": 5627.35, ""revenue_30d"": 0.0, ""orders_previous_30d"": 2, ""orders_30d"": 0, ""days_since_last_order"": 46}","Prioritize a win-back visit, diagnose the reason for inactivity, and attempt a targeted reorder based on the outlet's prior mix.",0.0,5627.35,0.0,0.0,0.0,2.0,2.0,,,,,5627.35,0.0,,,2.0,0.0,,46.0,,,
735,275,OPP-000340,546,Revenue Recovery,56.46,P3,Monitor,61.68,MEDIUM,"{""revenue_previous_30d"": 11702.9, ""revenue_30d"": 3439.69, ""revenue_growth_30d"": -0.7061, ""revenue_gap_vs_previous_30d"": 8263.21, ""orders_previous_30d"": 4, ""orders_30d"": 2, ""revenue_index_vs_peer"": 0.683}","Review the outlet's recent order decline, identify the lost SKU/category demand, and schedule a recovery visit with a targeted reorder proposal.",3439.69,11702.9,1146.5633333333333,9.028936938478786,0.6831233466527912,3.0,2.0,,,,,11702.9,3439.69,-0.7061,8263.21,4.0,2.0,0.683,,,,
736,276,OPP-000728,1125,Revenue Recovery,56.42,P3,Monitor,68.37,MEDIUM,"{""revenue_previous_30d"": 7466.32, ""revenue_30d"": 2213.77, ""revenue_growth_30d"": -0.7035, ""revenue_gap_vs_previous_30d"": 5252.55, ""orders_previous_30d"": 3, ""orders_30d"": 1, ""revenue_index_vs_peer"": 0.391}","Review the outlet's recent order decline, identify the lost SKU/category demand, and schedule a recovery visit with a targeted reorder proposal.",2213.77,7466.32,553.4425,5.365974972179595,0.391381983597022,4.0,1.0,,,,,7466.32,2213.77,-0.7035,5252.55,3.0,1.0,0.391,,,,
737,165,OPP-001961,2864,Inactive Outlet,56.37,P3,Monitor,70.0,MEDIUM,"{""revenue_previous_30d"": 6802.46, ""revenue_30d"": 0.0, ""orders_previous_30d"": 3, ""orders_30d"": 0, ""days_since_last_order"": 35}","Prioritize a win-back visit, diagnose the reason for inactivity, and attempt a targeted reorder based on the outlet's prior mix.",0.0,6802.46,0.0,0.0,0.0,2.0,1.0,,,,,6802.46,0.0,,,3.0,0.0,,35.0,,,
738,277,OPP-001128,1719,Revenue Recovery,56.25,P3,Monitor,72.24,MEDIUM,"{""revenue_previous_30d"": 6888.0, ""revenue_30d"": 1110.39, ""revenue_growth_30d"": -0.8388, ""revenue_gap_vs_previous_30d"": 5777.61, ""orders_previous_30d"": 2, ""orders_30d"": 1, ""revenue_index_vs_peer"": 0.598}","Review the outlet's recent order decline, identify the lost SKU/category demand, and schedule a recovery visit with a targeted reorder proposal.",1110.39,6888.0,1110.39,6.089490653172855,0.5980771302380696,1.0,0.0,,,,,6888.0,1110.39,-0.8388,5777.61,2.0,1.0,0.598,,,,
739,166,OPP-000546,860,Inactive Outlet,56.23,P3,Monitor,70.0,MEDIUM,"{""revenue_previous_30d"": 6911.34, ""revenue_30d"": 0.0, ""orders_previous_30d"": 2, ""orders_30d"": 0, ""days_since_last_order"": 39}","Prioritize a win-back visit, diagnose the reason for inactivity, and attempt a targeted reorder based on the outlet's prior mix.",0.0,6911.34,0.0,0.0,0.0,0.0,0.0,,,,,6911.34,0.0,,,2.0,0.0,,39.0,,,
740,292,OPP-000378,601,Cross-Sell,56.18,P3,Monitor,78.0,MEDIUM,"{""target_category"": ""Home Care"", ""territory_category_rank"": 3, ""territory_category_orders_90d"": 1743, ""current_category_count_90d"": 4}","Introduce Home Care during the next outlet visit and assess fit, expected demand, and an initial reorder quantity.",8180.48,1888.83,2726.826666666667,40.98365008629609,6.722779681631781,3.0,1.0,Home Care,3.0,1743.0,4.0,,,,,,,,,,,
742,293,OPP-000826,1266,Cross-Sell,56.18,P3,Monitor,78.0,MEDIUM,"{""target_category"": ""Home Care"", ""territory_category_rank"": 3, ""territory_category_orders_90d"": 1743, ""current_category_count_90d"": 4}","Introduce Home Care during the next outlet visit and assess fit, expected demand, and an initial reorder quantity.",1136.9115,12368.86,378.9705,3.1720515759376275,0.2478564849383308,3.0,2.0,Home Care,3.0,1743.0,4.0,,,,,,,,,,,
743,294,OPP-000869,1343,Cross-Sell,56.18,P3,Monitor,78.0,MEDIUM,"{""target_category"": ""Home Care"", ""territory_category_rank"": 3, ""territory_category_orders_90d"": 1743, ""current_category_count_90d"": 4}","Introduce Home Care during the next outlet visit and assess fit, expected demand, and an initial reorder quantity.",0.0,1764.01,0.0,0.0,0.0,0.0,0.0,Home Care,3.0,1743.0,4.0,,,,,,,,,,,
744,295,OPP-001174,1776,Cross-Sell,56.18,P3,Monitor,78.0,MEDIUM,"{""target_category"": ""Home Care"", ""territory_category_rank"": 3, ""territory_category_orders_90d"": 1743, ""current_category_count_90d"": 4}","Introduce Home Care during the next outlet visit and assess fit, expected demand, and an initial reorder quantity.",0.0,7056.06,0.0,0.0,0.0,5.0,3.0,Home Care,3.0,1743.0,4.0,,,,,,,,,,,
745,296,OPP-001283,1929,Cross-Sell,56.18,P3,Monitor,78.0,MEDIUM,"{""target_category"": ""Home Care"", ""territory_category_rank"": 3, ""territory_category_orders_90d"": 1743, ""current_category_count_90d"": 4}","Introduce Home Care during the next outlet visit and assess fit, expected demand, and an initial reorder quantity.",5532.06,0.0,5532.06,14.607340874920588,1.206036658146164,1.0,1.0,Home Care,3.0,1743.0,4.0,,,,,,,,,,,
746,297,OPP-001426,2136,Cross-Sell,56.18,P3,Monitor,78.0,MEDIUM,"{""target_category"": ""Home Care"", ""territory_category_rank"": 3, ""territory_category_orders_90d"": 1743, ""current_category_count_90d"": 4}","Introduce Home Care during the next outlet visit and assess fit, expected demand, and an initial reorder quantity.",95.38,1984.27,95.38,0.5171940730361754,0.0783839977646836,1.0,0.0,Home Care,3.0,1743.0,4.0,,,,,,,,,,,
741,167,OPP-000406,639,Inactive Outlet,56.18,P3,Monitor,70.0,MEDIUM,"{""revenue_previous_30d"": 7419.29, ""revenue_30d"": 0.0, ""orders_previous_30d"": 3, ""orders_30d"": 0, ""days_since_last_order"": 31}","Prioritize a win-back visit, diagnose the reason for inactivity, and attempt a targeted reorder based on the outlet's prior mix.",0.0,7419.29,0.0,0.0,0.0,2.0,0.0,,,,,7419.29,0.0,,,3.0,0.0,,31.0,,,
747,278,OPP-000282,451,Revenue Recovery,56.17,P3,Monitor,71.8,MEDIUM,"{""revenue_previous_30d"": 5819.71, ""revenue_30d"": 1409.2, ""revenue_growth_30d"": -0.7579, ""revenue_gap_vs_previous_30d"": 4410.51, ""orders_previous_30d"": 2, ""orders_30d"": 1, ""revenue_index_vs_peer"": 0.25}","Review the outlet's recent order decline, identify the lost SKU/category demand, and schedule a recovery visit with a targeted reorder proposal.",1409.2,5819.71,0.0,3.232295429783818,0.2500181853988102,0.0,0.0,,,,,5819.71,1409.2,-0.7579,4410.51,2.0,1.0,0.25,,,,
748,168,OPP-000595,924,Inactive Outlet,56.12,P3,Monitor,70.0,MEDIUM,"{""revenue_previous_30d"": 6595.4, ""revenue_30d"": 0.0, ""orders_previous_30d"": 1, ""orders_30d"": 0, ""days_since_last_order"": 47}","Prioritize a win-back visit, diagnose the reason for inactivity, and attempt a targeted reorder based on the outlet's prior mix.",0.0,6595.4,0.0,0.0,0.0,0.0,0.0,,,,,6595.4,0.0,,,1.0,0.0,,47.0,,,
749,169,OPP-001656,2446,Inactive Outlet,56.05,P3,Monitor,70.0,MEDIUM,"{""revenue_previous_30d"": 6695.64, ""revenue_30d"": 0.0, ""orders_previous_30d"": 2, ""orders_30d"": 0, ""days_since_last_order"": 40}","Prioritize a win-back visit, diagnose the reason for inactivity, and attempt a targeted reorder based on the outlet's prior mix.",0.0,6695.64,0.0,0.0,0.0,0.0,0.0,,,,,6695.64,0.0,,,2.0,0.0,,40.0,,,
750,170,OPP-002037,2969,Inactive Outlet,56.02,P3,Monitor,70.0,MEDIUM,"{""revenue_previous_30d"": 7038.42, ""revenue_30d"": 0.0, ""orders_previous_30d"": 2, ""orders_30d"": 0, ""days_since_last_order"": 38}","Prioritize a win-back visit, diagnose the reason for inactivity, and attempt a targeted reorder based on the outlet's prior mix.",0.0,7038.42,0.0,0.0,0.0,0.0,0.0,,,,,7038.42,0.0,,,2.0,0.0,,38.0,,,
751,171,OPP-000451,712,Inactive Outlet,55.97,P3,Monitor,70.0,MEDIUM,"{""revenue_previous_30d"": 8676.7, ""revenue_30d"": 0.0, ""orders_previous_30d"": 2, ""orders_30d"": 0, ""days_since_last_order"": 31}","Prioritize a win-back visit, diagnose the reason for inactivity, and attempt a targeted reorder based on the outlet's prior mix.",0.0,8676.699999999999,0.0,0.0,0.0,3.0,0.0,,,,,8676.7,0.0,,,2.0,0.0,,31.0,,,
752,298,OPP-000163,260,Cross-Sell,55.85,P3,Monitor,94.0,HIGH,"{""target_category"": ""Snacks"", ""territory_category_rank"": 1, ""territory_category_orders_90d"": 756, ""current_category_count_90d"": 3}","Introduce Snacks during the next outlet visit and assess fit, expected demand, and an initial reorder quantity.",857.93,0.0,428.965,3.947760153542668,0.6774664792558315,2.0,1.0,Snacks,1.0,756.0,3.0,,,,,,,,,,,
753,299,OPP-000749,1163,Cross-Sell,55.85,P3,Monitor,94.0,HIGH,"{""target_category"": ""Snacks"", ""territory_category_rank"": 1, ""territory_category_orders_90d"": 756, ""current_category_count_90d"": 3}","Introduce Snacks during the next outlet visit and assess fit, expected demand, and an initial reorder quantity.",0.0,3410.53,0.0,0.0,0.0,0.0,0.0,Snacks,1.0,756.0,3.0,,,,,,,,,,,
754,279,OPP-000705,1097,Revenue Recovery,55.83,P3,Monitor,81.46,HIGH,"{""revenue_previous_30d"": 3453.03, ""revenue_30d"": 360.18, ""revenue_growth_30d"": -0.8957, ""revenue_gap_vs_previous_30d"": 3092.85, ""orders_previous_30d"": 4, ""orders_30d"": 2, ""revenue_index_vs_peer"": 0.249}","Review the outlet's recent order decline, identify the lost SKU/category demand, and schedule a recovery visit with a targeted reorder proposal.",360.18,3453.03,360.18,1.9009969968702003,0.2494269509636226,1.0,1.0,,,,,3453.03,360.18,-0.8957,3092.85,4.0,2.0,0.249,,,,
755,280,OPP-000736,1136,Revenue Recovery,55.8,P3,Monitor,60.0,MEDIUM,"{""revenue_previous_30d"": 12655.67, ""revenue_30d"": 3395.68, ""revenue_growth_30d"": -0.7317, ""revenue_gap_vs_previous_30d"": 9259.99, ""orders_previous_30d"": 3, ""orders_30d"": 2, ""revenue_index_vs_peer"": 0.756}","Review the outlet's recent order decline, identify the lost SKU/category demand, and schedule a recovery visit with a targeted reorder proposal.",3395.682,12655.67,3395.682,9.566392785655829,0.7557211848752587,1.0,1.0,,,,,12655.67,3395.68,-0.7317,9259.99,3.0,2.0,0.756,,,,
756,281,OPP-000976,1511,Revenue Recovery,55.78,P3,Monitor,71.86,MEDIUM,"{""revenue_previous_30d"": 5635.73, ""revenue_30d"": 1369.66, ""revenue_growth_30d"": -0.757, ""revenue_gap_vs_previous_30d"": 4266.07, ""orders_previous_30d"": 2, ""orders_30d"": 1, ""revenue_index_vs_peer"": 0.242}","Review the outlet's recent order decline, identify the lost SKU/category demand, and schedule a recovery visit with a targeted reorder proposal.",1369.66,5635.73,684.83,3.931106473613863,0.2421481218254368,2.0,1.0,,,,,5635.73,1369.66,-0.757,4266.07,2.0,1.0,0.242,,,,
757,282,OPP-001688,2501,Revenue Recovery,55.74,P3,Monitor,60.0,MEDIUM,"{""revenue_previous_30d"": 17301.62, ""revenue_30d"": 8487.55, ""revenue_growth_30d"": -0.5094, ""revenue_gap_vs_previous_30d"": 8814.07, ""orders_previous_30d"": 3, ""orders_30d"": 1, ""revenue_index_vs_peer"": 0.557}","Review the outlet's recent order decline, identify the lost SKU/category demand, and schedule a recovery visit with a targeted reorder proposal.",8487.55,17301.62,8487.55,11.886713946215927,0.5570618287403487,1.0,1.0,,,,,17301.62,8487.55,-0.5094,8814.07,3.0,1.0,0.557,,,,
758,283,OPP-000438,693,Revenue Recovery,55.72,P3,Monitor,73.21,MEDIUM,"{""revenue_previous_30d"": 5212.92, ""revenue_30d"": 1001.59, ""revenue_growth_30d"": -0.8079, ""revenue_gap_vs_previous_30d"": 4211.33, ""orders_previous_30d"": 3, ""orders_30d"": 2, ""revenue_index_vs_peer"": 0.223}","Review the outlet's recent order decline, identify the lost SKU/category demand, and schedule a recovery visit with a targeted reorder proposal.",1001.5875,5212.92,0.0,2.997074404736969,0.2229068835822224,0.0,0.0,,,,,5212.92,1001.59,-0.8079,4211.33,3.0,2.0,0.223,,,,
759,284,OPP-000758,1175,Revenue Recovery,55.67,P3,Monitor,71.3,MEDIUM,"{""revenue_previous_30d"": 5312.13, ""revenue_30d"": 871.23, ""revenue_growth_30d"": -0.836, ""revenue_gap_vs_previous_30d"": 4440.9, ""orders_previous_30d"": 1, ""orders_30d"": 1, ""revenue_index_vs_peer"": 0.148}","Review the outlet's recent order decline, identify the lost SKU/category demand, and schedule a recovery visit with a targeted reorder proposal.",871.23,5312.13,435.615,2.4987925213187387,0.1480286464306649,2.0,2.0,,,,,5312.13,871.23,-0.836,4440.9,1.0,1.0,0.148,,,,
760,285,OPP-000771,1190,Revenue Recovery,55.66,P3,Monitor,60.0,MEDIUM,"{""revenue_previous_30d"": 47518.48, ""revenue_30d"": 23581.56, ""revenue_growth_30d"": -0.5037, ""revenue_gap_vs_previous_30d"": 23936.92, ""orders_previous_30d"": 7, ""orders_30d"": 4, ""revenue_index_vs_peer"": 1.23}","Review the outlet's recent order decline, identify the lost SKU/category demand, and schedule a recovery visit with a targeted reorder proposal.",23581.56,47518.48,11790.78,37.42043922151593,1.2295956290193528,2.0,1.0,,,,,47518.48,23581.56,-0.5037,23936.92,7.0,4.0,1.23,,,,
761,300,OPP-001644,2430,Cross-Sell,55.62,P3,Monitor,96.0,HIGH,"{""target_category"": ""Snacks"", ""territory_category_rank"": 1, ""territory_category_orders_90d"": 670, ""current_category_count_90d"": 2}","Introduce Snacks during the next outlet visit and assess fit, expected demand, and an initial reorder quantity.",0.0,1237.94,0.0,0.0,0.0,0.0,0.0,Snacks,1.0,670.0,2.0,,,,,,,,,,,
762,286,OPP-001325,1994,Revenue Recovery,55.6,P3,Monitor,78.26,MEDIUM,"{""revenue_previous_30d"": 3559.81, ""revenue_30d"": 638.03, ""revenue_growth_30d"": -0.8208, ""revenue_gap_vs_previous_30d"": 2921.78, ""orders_previous_30d"": 2, ""orders_30d"": 1, ""revenue_index_vs_peer"": 0.113}","Review the outlet's recent order decline, identify the lost SKU/category demand, and schedule a recovery visit with a targeted reorder proposal.",638.03,3559.81,638.03,1.540392602986579,0.1128000862756329,1.0,1.0,,,,,3559.81,638.03,-0.8208,2921.78,2.0,1.0,0.113,,,,
763,301,OPP-000176,285,Cross-Sell,55.58,P3,Monitor,85.0,HIGH,"{""target_category"": ""Beverages"", ""territory_category_rank"": 2, ""territory_category_orders_90d"": 1014, ""current_category_count_90d"": 4}","Introduce Beverages during the next outlet visit and assess fit, expected demand, and an initial reorder quantity.",3507.26,3155.88,1753.63,16.683410679255122,2.4046210277330227,2.0,2.0,Beverages,2.0,1014.0,4.0,,,,,,,,,,,
764,302,OPP-000470,746,Cross-Sell,55.58,P3,Monitor,85.0,HIGH,"{""target_category"": ""Beverages"", ""territory_category_rank"": 2, ""territory_category_orders_90d"": 1014, ""current_category_count_90d"": 4}","Introduce Beverages during the next outlet visit and assess fit, expected demand, and an initial reorder quantity.",7231.24,40.92,0.0,38.38478206172149,4.957827979842995,0.0,0.0,Beverages,2.0,1014.0,4.0,,,,,,,,,,,
765,303,OPP-000511,798,Cross-Sell,55.58,P3,Monitor,85.0,HIGH,"{""target_category"": ""Beverages"", ""territory_category_rank"": 2, ""territory_category_orders_90d"": 1014, ""current_category_count_90d"": 4}","Introduce Beverages during the next outlet visit and assess fit, expected demand, and an initial reorder quantity.",4473.02,429.18,0.0,22.40361180869916,3.06675808165644,0.0,0.0,Beverages,2.0,1014.0,4.0,,,,,,,,,,,
766,304,OPP-000786,1213,Cross-Sell,55.58,P3,Monitor,85.0,HIGH,"{""target_category"": ""Beverages"", ""territory_category_rank"": 2, ""territory_category_orders_90d"": 1014, ""current_category_count_90d"": 4}","Introduce Beverages during the next outlet visit and assess fit, expected demand, and an initial reorder quantity.",2119.21,327.75,529.8025,12.4142249757188,1.452956703575469,4.0,2.0,Beverages,2.0,1014.0,4.0,,,,,,,,,,,
767,305,OPP-000985,1521,Cross-Sell,55.58,P3,Monitor,85.0,HIGH,"{""target_category"": ""Beverages"", ""territory_category_rank"": 2, ""territory_category_orders_90d"": 1014, ""current_category_count_90d"": 4}","Introduce Beverages during the next outlet visit and assess fit, expected demand, and an initial reorder quantity.",1835.91,2689.82,1835.91,9.547908302302844,1.2587227040553977,1.0,1.0,Beverages,2.0,1014.0,4.0,,,,,,,,,,,
768,306,OPP-001756,2579,Cross-Sell,55.58,P3,Monitor,85.0,HIGH,"{""target_category"": ""Beverages"", ""territory_category_rank"": 2, ""territory_category_orders_90d"": 1014, ""current_category_count_90d"": 4}","Introduce Beverages during the next outlet visit and assess fit, expected demand, and an initial reorder quantity.",0.0,6313.7300000000005,0.0,0.0,0.0,3.0,3.0,Beverages,2.0,1014.0,4.0,,,,,,,,,,,
769,307,OPP-001835,2693,Cross-Sell,55.58,P3,Monitor,85.0,HIGH,"{""target_category"": ""Beverages"", ""territory_category_rank"": 2, ""territory_category_orders_90d"": 1014, ""current_category_count_90d"": 4}","Introduce Beverages during the next outlet visit and assess fit, expected demand, and an initial reorder quantity.",0.0,4191.45,0.0,0.0,0.0,5.0,4.0,Beverages,2.0,1014.0,4.0,,,,,,,,,,,
770,308,OPP-001841,2700,Cross-Sell,55.58,P3,Monitor,85.0,HIGH,"{""target_category"": ""Beverages"", ""territory_category_rank"": 2, ""territory_category_orders_90d"": 1014, ""current_category_count_90d"": 4}","Introduce Beverages during the next outlet visit and assess fit, expected demand, and an initial reorder quantity.",0.0,1926.43,0.0,0.0,0.0,1.0,1.0,Beverages,2.0,1014.0,4.0,,,,,,,,,,,
771,309,OPP-001875,2756,Cross-Sell,55.58,P3,Monitor,85.0,HIGH,"{""target_category"": ""Beverages"", ""territory_category_rank"": 2, ""territory_category_orders_90d"": 1014, ""current_category_count_90d"": 4}","Introduce Beverages during the next outlet visit and assess fit, expected demand, and an initial reorder quantity.",1620.56,4594.42,405.14,9.120348119324968,1.1110760686983647,4.0,2.0,Beverages,2.0,1014.0,4.0,,,,,,,,,,,
772,310,OPP-001958,2862,Cross-Sell,55.58,P3,Monitor,85.0,HIGH,"{""target_category"": ""Beverages"", ""territory_category_rank"": 2, ""territory_category_orders_90d"": 1014, ""current_category_count_90d"": 4}","Introduce Beverages during the next outlet visit and assess fit, expected demand, and an initial reorder quantity.",0.0,5168.8,0.0,0.0,0.0,2.0,2.0,Beverages,2.0,1014.0,4.0,,,,,,,,,,,
773,287,OPP-001539,2289,Revenue Recovery,55.43,P3,Monitor,60.0,MEDIUM,"{""revenue_previous_30d"": 19718.15, ""revenue_30d"": 9003.11, ""revenue_growth_30d"": -0.5434, ""revenue_gap_vs_previous_30d"": 10715.04, ""orders_previous_30d"": 3, ""orders_30d"": 3, ""revenue_index_vs_peer"": 0.419}","Review the outlet's recent order decline, identify the lost SKU/category demand, and schedule a recovery visit with a targeted reorder proposal.",9003.11,19718.15,1500.5183333333334,27.02098365306472,0.4192038948282754,6.0,4.0,,,,,19718.15,9003.11,-0.5434,10715.04,3.0,3.0,0.419,,,,
774,172,OPP-001673,2476,Inactive Outlet,55.36,P3,Monitor,70.0,MEDIUM,"{""revenue_previous_30d"": 4435.4, ""revenue_30d"": 0.0, ""orders_previous_30d"": 2, ""orders_30d"": 0, ""days_since_last_order"": 52}","Prioritize a win-back visit, diagnose the reason for inactivity, and attempt a targeted reorder based on the outlet's prior mix.",0.0,4435.400000000001,0.0,0.0,0.0,4.0,4.0,,,,,4435.4,0.0,,,2.0,0.0,,52.0,,,
775,173,OPP-000803,1237,Inactive Outlet,55.31,P3,Monitor,70.0,MEDIUM,"{""revenue_previous_30d"": 3704.25, ""revenue_30d"": 0.0, ""orders_previous_30d"": 3, ""orders_30d"": 0, ""days_since_last_order"": 52}","Prioritize a win-back visit, diagnose the reason for inactivity, and attempt a targeted reorder based on the outlet's prior mix.",0.0,3704.25,0.0,0.0,0.0,1.0,1.0,,,,,3704.25,0.0,,,3.0,0.0,,52.0,,,
776,174,OPP-001455,2176,Inactive Outlet,55.28,P3,Monitor,70.0,MEDIUM,"{""revenue_previous_30d"": 7412.16, ""revenue_30d"": 0.0, ""orders_previous_30d"": 2, ""orders_30d"": 0, ""days_since_last_order"": 35}","Prioritize a win-back visit, diagnose the reason for inactivity, and attempt a targeted reorder based on the outlet's prior mix.",0.0,7412.16,0.0,0.0,0.0,0.0,0.0,,,,,7412.16,0.0,,,2.0,0.0,,35.0,,,
777,288,OPP-001127,1718,Revenue Recovery,55.18,P3,Monitor,60.0,MEDIUM,"{""revenue_previous_30d"": 17305.35, ""revenue_30d"": 8471.69, ""revenue_growth_30d"": -0.5105, ""revenue_gap_vs_previous_30d"": 8833.66, ""orders_previous_30d"": 3, ""orders_30d"": 2, ""revenue_index_vs_peer"": 0.426}","Review the outlet's recent order decline, identify the lost SKU/category demand, and schedule a recovery visit with a targeted reorder proposal.",8471.69,17305.35,2823.896666666667,13.193337432263313,0.4260012048350291,3.0,3.0,,,,,17305.35,8471.69,-0.5105,8833.66,3.0,2.0,0.426,,,,
778,289,OPP-001559,2318,Revenue Recovery,55.05,P3,Monitor,60.0,MEDIUM,"{""revenue_previous_30d"": 23583.71, ""revenue_30d"": 11803.62, ""revenue_growth_30d"": -0.4995, ""revenue_gap_vs_previous_30d"": 11780.09, ""orders_previous_30d"": 3, ""orders_30d"": 2, ""revenue_index_vs_peer"": 0.591}","Review the outlet's recent order decline, identify the lost SKU/category demand, and schedule a recovery visit with a targeted reorder proposal.",11803.62,23583.71,0.0,16.732048120220604,0.5909937641741805,0.0,0.0,,,,,23583.71,11803.62,-0.4995,11780.09,3.0,2.0,0.591,,,,
779,175,OPP-001464,2185,Inactive Outlet,55.03,P3,Monitor,70.0,MEDIUM,"{""revenue_previous_30d"": 4565.97, ""revenue_30d"": 0.0, ""orders_previous_30d"": 2, ""orders_30d"": 0, ""days_since_last_order"": 51}","Prioritize a win-back visit, diagnose the reason for inactivity, and attempt a targeted reorder based on the outlet's prior mix.",0.0,4565.97,0.0,0.0,0.0,0.0,0.0,,,,,4565.97,0.0,,,2.0,0.0,,51.0,,,
780,290,OPP-000382,609,Revenue Recovery,55.02,P3,Monitor,63.59,MEDIUM,"{""revenue_previous_30d"": 9736.37, ""revenue_30d"": 3052.17, ""revenue_growth_30d"": -0.6865, ""revenue_gap_vs_previous_30d"": 6684.2, ""orders_previous_30d"": 3, ""orders_30d"": 1, ""revenue_index_vs_peer"": 0.631}","Review the outlet's recent order decline, identify the lost SKU/category demand, and schedule a recovery visit with a targeted reorder proposal.",3052.17,9736.37,610.434,7.531314780319688,0.6311874431301182,5.0,0.0,,,,,9736.37,3052.17,-0.6865,6684.2,3.0,1.0,0.631,,,,
781,291,OPP-001449,2167,Revenue Recovery,54.99,P3,Monitor,60.0,MEDIUM,"{""revenue_previous_30d"": 13595.66, ""revenue_30d"": 3484.11, ""revenue_growth_30d"": -0.7437, ""revenue_gap_vs_previous_30d"": 10111.55, ""orders_previous_30d"": 2, ""orders_30d"": 2, ""revenue_index_vs_peer"": 0.709}","Review the outlet's recent order decline, identify the lost SKU/category demand, and schedule a recovery visit with a targeted reorder proposal.",3484.1115,13595.66,3484.1115,9.108859677330804,0.7090801688794184,1.0,0.0,,,,,13595.66,3484.11,-0.7437,10111.55,2.0,2.0,0.709,,,,
782,176,OPP-001332,2004,Inactive Outlet,54.98,P3,Monitor,70.02,MEDIUM,"{""revenue_previous_30d"": 5004.82, ""revenue_30d"": 0.0, ""orders_previous_30d"": 1, ""orders_30d"": 0, ""days_since_last_order"": 55}","Prioritize a win-back visit, diagnose the reason for inactivity, and attempt a targeted reorder based on the outlet's prior mix.",0.0,5004.82,0.0,0.0,0.0,1.0,0.0,,,,,5004.82,0.0,,,1.0,0.0,,55.0,,,
783,292,OPP-001250,1878,Revenue Recovery,54.96,P3,Monitor,60.0,MEDIUM,"{""revenue_previous_30d"": 50988.4, ""revenue_30d"": 27409.2, ""revenue_growth_30d"": -0.4624, ""revenue_gap_vs_previous_30d"": 23579.2, ""orders_previous_30d"": 8, ""orders_30d"": 4, ""revenue_index_vs_peer"": 1.108}","Review the outlet's recent order decline, identify the lost SKU/category demand, and schedule a recovery visit with a targeted reorder proposal.",27409.2,50988.4,13704.6,44.98944457405584,1.1084527957604993,2.0,1.0,,,,,50988.4,27409.2,-0.4624,23579.2,8.0,4.0,1.108,,,,
784,177,OPP-001340,2015,Inactive Outlet,54.92,P3,Monitor,70.0,MEDIUM,"{""revenue_previous_30d"": 7184.18, ""revenue_30d"": 0.0, ""orders_previous_30d"": 3, ""orders_30d"": 0, ""days_since_last_order"": 31}","Prioritize a win-back visit, diagnose the reason for inactivity, and attempt a targeted reorder based on the outlet's prior mix.",0.0,7184.18,0.0,0.0,0.0,1.0,1.0,,,,,7184.18,0.0,,,3.0,0.0,,31.0,,,
785,178,OPP-000110,189,Inactive Outlet,54.84,P3,Monitor,70.0,MEDIUM,"{""revenue_previous_30d"": 6632.13, ""revenue_30d"": 0.0, ""orders_previous_30d"": 2, ""orders_30d"": 0, ""days_since_last_order"": 39}","Prioritize a win-back visit, diagnose the reason for inactivity, and attempt a targeted reorder based on the outlet's prior mix.",0.0,6632.129999999999,0.0,0.0,0.0,1.0,0.0,,,,,6632.13,0.0,,,2.0,0.0,,39.0,,,
786,293,OPP-000717,1112,Revenue Recovery,54.81,P3,Monitor,60.0,MEDIUM,"{""revenue_previous_30d"": 15045.72, ""revenue_30d"": 7068.48, ""revenue_growth_30d"": -0.5302, ""revenue_gap_vs_previous_30d"": 7977.24, ""orders_previous_30d"": 4, ""orders_30d"": 2, ""revenue_index_vs_peer"": 0.464}","Review the outlet's recent order decline, identify the lost SKU/category demand, and schedule a recovery visit with a targeted reorder proposal.",7068.48,15045.72,2356.16,12.087066110120263,0.4639242649780655,3.0,3.0,,,,,15045.72,7068.48,-0.5302,7977.24,4.0,2.0,0.464,,,,
787,294,OPP-000601,931,Revenue Recovery,54.73,P3,Monitor,60.0,MEDIUM,"{""revenue_previous_30d"": 18498.58, ""revenue_30d"": 5910.53, ""revenue_growth_30d"": -0.6805, ""revenue_gap_vs_previous_30d"": 12588.05, ""orders_previous_30d"": 4, ""orders_30d"": 2, ""revenue_index_vs_peer"": 1.315}","Review the outlet's recent order decline, identify the lost SKU/category demand, and schedule a recovery visit with a targeted reorder proposal.",5910.53,18498.58,1970.1766666666665,13.978125131550506,1.3154096098635746,3.0,2.0,,,,,18498.58,5910.53,-0.6805,12588.05,4.0,2.0,1.315,,,,
789,311,OPP-001956,2856,Cross-Sell,54.65,P3,Monitor,96.0,HIGH,"{""target_category"": ""Snacks"", ""territory_category_rank"": 1, ""territory_category_orders_90d"": 651, ""current_category_count_90d"": 2}","Introduce Snacks during the next outlet visit and assess fit, expected demand, and an initial reorder quantity.",883.16,0.0,220.79,2.186048802680605,0.1797391506981183,4.0,4.0,Snacks,1.0,651.0,2.0,,,,,,,,,,,
788,295,OPP-000888,1376,Revenue Recovery,54.65,P3,Monitor,72.39,MEDIUM,"{""revenue_previous_30d"": 7344.45, ""revenue_30d"": 1116.17, ""revenue_growth_30d"": -0.848, ""revenue_gap_vs_previous_30d"": 6228.28, ""orders_previous_30d"": 4, ""orders_30d"": 1, ""revenue_index_vs_peer"": 0.881}","Review the outlet's recent order decline, identify the lost SKU/category demand, and schedule a recovery visit with a targeted reorder proposal.",1116.17,7344.45,1116.17,6.434239235387539,0.8813863137446896,1.0,0.0,,,,,7344.45,1116.17,-0.848,6228.28,4.0,1.0,0.881,,,,
790,296,OPP-001280,1926,Revenue Recovery,54.58,P3,Monitor,60.0,MEDIUM,"{""revenue_previous_30d"": 12615.46, ""revenue_30d"": 3888.11, ""revenue_growth_30d"": -0.6918, ""revenue_gap_vs_previous_30d"": 8727.35, ""orders_previous_30d"": 4, ""orders_30d"": 2, ""revenue_index_vs_peer"": 0.791}","Review the outlet's recent order decline, identify the lost SKU/category demand, and schedule a recovery visit with a targeted reorder proposal.",3888.11,12615.46,3888.11,10.980635034408124,0.7913012242638491,1.0,1.0,,,,,12615.46,3888.11,-0.6918,8727.35,4.0,2.0,0.791,,,,
791,312,OPP-000071,124,Cross-Sell,54.56,P3,Monitor,87.0,HIGH,"{""target_category"": ""Beverages"", ""territory_category_rank"": 2, ""territory_category_orders_90d"": 859, ""current_category_count_90d"": 3}","Introduce Beverages during the next outlet visit and assess fit, expected demand, and an initial reorder quantity.",3938.37,540.46,3938.37,19.25913573823337,2.25842097416077,1.0,0.0,Beverages,2.0,859.0,3.0,,,,,,,,,,,
792,297,OPP-001674,2478,Revenue Recovery,54.55,P3,Monitor,85.81,HIGH,"{""revenue_previous_30d"": 2085.26, ""revenue_30d"": 209.06, ""revenue_growth_30d"": -0.8997, ""revenue_gap_vs_previous_30d"": 1876.2, ""orders_previous_30d"": 3, ""orders_30d"": 1, ""revenue_index_vs_peer"": 0.145}","Review the outlet's recent order decline, identify the lost SKU/category demand, and schedule a recovery visit with a targeted reorder proposal.",209.06,2085.26,0.0,1.0077060155315714,0.1447753855529317,0.0,0.0,,,,,2085.26,209.06,-0.8997,1876.2,3.0,1.0,0.145,,,,
793,298,OPP-000624,974,Revenue Recovery,54.48,P3,Monitor,66.52,MEDIUM,"{""revenue_previous_30d"": 7634.19, ""revenue_30d"": 2514.65, ""revenue_growth_30d"": -0.6706, ""revenue_gap_vs_previous_30d"": 5119.54, ""orders_previous_30d"": 4, ""orders_30d"": 1, ""revenue_index_vs_peer"": 0.445}","Review the outlet's recent order decline, identify the lost SKU/category demand, and schedule a recovery visit with a targeted reorder proposal.",2514.65,7634.19,0.0,7.38118021392258,0.4445758615629679,0.0,0.0,,,,,7634.19,2514.65,-0.6706,5119.54,4.0,1.0,0.445,,,,
794,299,OPP-000942,1456,Revenue Recovery,54.33,P3,Monitor,81.46,HIGH,"{""revenue_previous_30d"": 2634.5, ""revenue_30d"": 102.12, ""revenue_growth_30d"": -0.9612, ""revenue_gap_vs_previous_30d"": 2532.38, ""orders_previous_30d"": 1, ""orders_30d"": 1, ""revenue_index_vs_peer"": 0.055}","Review the outlet's recent order decline, identify the lost SKU/category demand, and schedule a recovery visit with a targeted reorder proposal.",102.12,2634.5,102.12,0.5974494315103676,0.0550037703328665,1.0,0.0,,,,,2634.5,102.12,-0.9612,2532.38,1.0,1.0,0.055,,,,
795,300,OPP-001498,2230,Revenue Recovery,54.26,P3,Monitor,60.0,MEDIUM,"{""revenue_previous_30d"": 15837.88, ""revenue_30d"": 4972.21, ""revenue_growth_30d"": -0.6861, ""revenue_gap_vs_previous_30d"": 10865.67, ""orders_previous_30d"": 5, ""orders_30d"": 2, ""revenue_index_vs_peer"": 1.138}","Review the outlet's recent order decline, identify the lost SKU/category demand, and schedule a recovery visit with a targeted reorder proposal.",4972.21,15837.88,1657.4033333333334,14.69307920777743,1.1379408991458937,3.0,2.0,,,,,15837.88,4972.21,-0.6861,10865.67,5.0,2.0,1.138,,,,
796,301,OPP-000642,1006,Revenue Recovery,54.21,P3,Monitor,64.12,MEDIUM,"{""revenue_previous_30d"": 8868.2, ""revenue_30d"": 2955.35, ""revenue_growth_30d"": -0.6667, ""revenue_gap_vs_previous_30d"": 5912.85, ""orders_previous_30d"": 4, ""orders_30d"": 1, ""revenue_index_vs_peer"": 0.587}","Review the outlet's recent order decline, identify the lost SKU/category demand, and schedule a recovery visit with a targeted reorder proposal.",2955.35,8868.2,2955.35,14.399170927793255,0.586933294142881,1.0,1.0,,,,,8868.2,2955.35,-0.6667,5912.85,4.0,1.0,0.587,,,,
797,302,OPP-001722,2542,Revenue Recovery,54.19,P3,Monitor,62.9,MEDIUM,"{""revenue_previous_30d"": 7681.43, ""revenue_30d"": 1878.26, ""revenue_growth_30d"": -0.7555, ""revenue_gap_vs_previous_30d"": 5803.17, ""orders_previous_30d"": 2, ""orders_30d"": 2, ""revenue_index_vs_peer"": 0.332}","Review the outlet's recent order decline, identify the lost SKU/category demand, and schedule a recovery visit with a targeted reorder proposal.",1878.2595,7681.429999999999,1878.2595,5.7265947109795485,0.3320656295911277,1.0,1.0,,,,,7681.43,1878.26,-0.7555,5803.17,2.0,2.0,0.332,,,,
798,303,OPP-000852,1315,Revenue Recovery,54.14,P3,Monitor,60.0,MEDIUM,"{""revenue_previous_30d"": 9777.1, ""revenue_30d"": 4673.36, ""revenue_growth_30d"": -0.522, ""revenue_gap_vs_previous_30d"": 5103.74, ""orders_previous_30d"": 3, ""orders_30d"": 1, ""revenue_index_vs_peer"": 0.189}","Review the outlet's recent order decline, identify the lost SKU/category demand, and schedule a recovery visit with a targeted reorder proposal.",4673.36,9777.1,4673.36,7.58807447268325,0.1889948979756901,1.0,1.0,,,,,9777.1,4673.36,-0.522,5103.74,3.0,1.0,0.189,,,,
800,179,OPP-001997,2922,Inactive Outlet,54.09,P3,Monitor,73.14,MEDIUM,"{""revenue_previous_30d"": 4285.9, ""revenue_30d"": 0.0, ""orders_previous_30d"": 1, ""orders_30d"": 0, ""days_since_last_order"": 58}","Prioritize a win-back visit, diagnose the reason for inactivity, and attempt a targeted reorder based on the outlet's prior mix.",0.0,4285.9,0.0,0.0,0.0,1.0,0.0,,,,,4285.9,0.0,,,1.0,0.0,,58.0,,,
799,304,OPP-000568,891,Revenue Recovery,54.09,P3,Monitor,60.0,MEDIUM,"{""revenue_previous_30d"": 19601.22, ""revenue_30d"": 5774.21, ""revenue_growth_30d"": -0.7054, ""revenue_gap_vs_previous_30d"": 13827.01, ""orders_previous_30d"": 4, ""orders_30d"": 3, ""revenue_index_vs_peer"": 1.175}","Review the outlet's recent order decline, identify the lost SKU/category demand, and schedule a recovery visit with a targeted reorder proposal.",5774.211,19601.22,0.0,13.28446207256723,1.1751571415052002,0.0,0.0,,,,,19601.22,5774.21,-0.7054,13827.01,4.0,3.0,1.175,,,,
801,180,OPP-000892,1386,Inactive Outlet,53.92,P3,Monitor,70.0,MEDIUM,"{""revenue_previous_30d"": 6932.16, ""revenue_30d"": 0.0, ""orders_previous_30d"": 3, ""orders_30d"": 0, ""days_since_last_order"": 31}","Prioritize a win-back visit, diagnose the reason for inactivity, and attempt a targeted reorder based on the outlet's prior mix.",0.0,6932.16,0.0,0.0,0.0,2.0,2.0,,,,,6932.16,0.0,,,3.0,0.0,,31.0,,,
802,305,OPP-001845,2705,Revenue Recovery,53.88,P3,Monitor,60.0,MEDIUM,"{""revenue_previous_30d"": 28492.83, ""revenue_30d"": 15308.29, ""revenue_growth_30d"": -0.4627, ""revenue_gap_vs_previous_30d"": 13184.54, ""orders_previous_30d"": 5, ""orders_30d"": 3, ""revenue_index_vs_peer"": 0.695}","Review the outlet's recent order decline, identify the lost SKU/category demand, and schedule a recovery visit with a targeted reorder proposal.",15308.29,28492.83,15308.29,24.863915359040288,0.6952397777890813,1.0,0.0,,,,,28492.83,15308.29,-0.4627,13184.54,5.0,3.0,0.695,,,,
803,313,OPP-000409,646,Cross-Sell,53.87,P3,Monitor,87.0,HIGH,"{""target_category"": ""Home Care"", ""territory_category_rank"": 2, ""territory_category_orders_90d"": 835, ""current_category_count_90d"": 3}","Introduce Home Care during the next outlet visit and assess fit, expected demand, and an initial reorder quantity.",0.0,4086.29,0.0,0.0,0.0,1.0,0.0,Home Care,2.0,835.0,3.0,,,,,,,,,,,
804,314,OPP-000428,675,Cross-Sell,53.87,P3,Monitor,87.0,HIGH,"{""target_category"": ""Home Care"", ""territory_category_rank"": 2, ""territory_category_orders_90d"": 835, ""current_category_count_90d"": 3}","Introduce Home Care during the next outlet visit and assess fit, expected demand, and an initial reorder quantity.",2286.82,0.0,762.2733333333334,10.911077500035784,1.2317246579769472,3.0,2.0,Home Care,2.0,835.0,3.0,,,,,,,,,,,
805,315,OPP-001630,2410,Cross-Sell,53.87,P3,Monitor,87.0,HIGH,"{""target_category"": ""Home Care"", ""territory_category_rank"": 2, ""territory_category_orders_90d"": 835, ""current_category_count_90d"": 3}","Introduce Home Care during the next outlet visit and assess fit, expected demand, and an initial reorder quantity.",0.0,0.0,0.0,0.0,0.0,1.0,0.0,Home Care,2.0,835.0,3.0,,,,,,,,,,,
806,316,OPP-002015,2943,Cross-Sell,53.87,P3,Monitor,87.0,HIGH,"{""target_category"": ""Home Care"", ""territory_category_rank"": 2, ""territory_category_orders_90d"": 835, ""current_category_count_90d"": 3}","Introduce Home Care during the next outlet visit and assess fit, expected demand, and an initial reorder quantity.",0.0,1329.36,0.0,0.0,0.0,1.0,0.0,Home Care,2.0,835.0,3.0,,,,,,,,,,,
807,306,OPP-000173,272,Revenue Recovery,53.61,P3,Monitor,60.0,MEDIUM,"{""revenue_previous_30d"": 20514.06, ""revenue_30d"": 7964.55, ""revenue_growth_30d"": -0.6118, ""revenue_gap_vs_previous_30d"": 12549.51, ""orders_previous_30d"": 5, ""orders_30d"": 2, ""revenue_index_vs_peer"": 1.582}","Review the outlet's recent order decline, identify the lost SKU/category demand, and schedule a recovery visit with a targeted reorder proposal.",7964.55,20514.06,3982.275,19.840341616926,1.581761743233689,2.0,1.0,,,,,20514.06,7964.55,-0.6118,12549.51,5.0,2.0,1.582,,,,
808,307,OPP-001394,2099,Revenue Recovery,53.59,P3,Monitor,60.0,MEDIUM,"{""revenue_previous_30d"": 16641.8, ""revenue_30d"": 8424.9, ""revenue_growth_30d"": -0.4938, ""revenue_gap_vs_previous_30d"": 8216.9, ""orders_previous_30d"": 3, ""orders_30d"": 2, ""revenue_index_vs_peer"": 0.416}","Review the outlet's recent order decline, identify the lost SKU/category demand, and schedule a recovery visit with a targeted reorder proposal.",8424.900000000001,16641.8,1684.9800000000002,12.37165812583822,0.4164880813785351,5.0,4.0,,,,,16641.8,8424.9,-0.4938,8216.9,3.0,2.0,0.416,,,,
809,308,OPP-001140,1736,Revenue Recovery,53.48,P3,Monitor,60.0,MEDIUM,"{""revenue_previous_30d"": 19037.75, ""revenue_30d"": 7889.34, ""revenue_growth_30d"": -0.5856, ""revenue_gap_vs_previous_30d"": 11148.41, ""orders_previous_30d"": 5, ""orders_30d"": 1, ""revenue_index_vs_peer"": 1.395}","Review the outlet's recent order decline, identify the lost SKU/category demand, and schedule a recovery visit with a targeted reorder proposal.",7889.34,19037.75,1972.335,18.732806048186998,1.3947905782765733,4.0,1.0,,,,,19037.75,7889.34,-0.5856,11148.41,5.0,1.0,1.395,,,,
810,309,OPP-001678,2484,Revenue Recovery,53.45,P3,Monitor,62.09,MEDIUM,"{""revenue_previous_30d"": 6852.94, ""revenue_30d"": 2099.11, ""revenue_growth_30d"": -0.6937, ""revenue_gap_vs_previous_30d"": 4753.83, ""orders_previous_30d"": 1, ""orders_30d"": 1, ""revenue_index_vs_peer"": 0.098}","Review the outlet's recent order decline, identify the lost SKU/category demand, and schedule a recovery visit with a targeted reorder proposal.",2099.11,6852.94,1049.555,3.6317215551535136,0.0977390132601935,2.0,0.0,,,,,6852.94,2099.11,-0.6937,4753.83,1.0,1.0,0.098,,,,
811,310,OPP-001905,2788,Revenue Recovery,53.34,P3,Monitor,67.25,MEDIUM,"{""revenue_previous_30d"": 9294.4, ""revenue_30d"": 1692.76, ""revenue_growth_30d"": -0.8179, ""revenue_gap_vs_previous_30d"": 7601.64, ""orders_previous_30d"": 3, ""orders_30d"": 1, ""revenue_index_vs_peer"": 1.588}","Review the outlet's recent order decline, identify the lost SKU/category demand, and schedule a recovery visit with a targeted reorder proposal.",1692.76,9294.4,1692.76,7.913935784710427,1.5883572762331923,1.0,1.0,,,,,9294.4,1692.76,-0.8179,7601.64,3.0,1.0,1.588,,,,
812,181,OPP-000850,1311,Inactive Outlet,53.32,P3,Monitor,70.0,MEDIUM,"{""revenue_previous_30d"": 5683.39, ""revenue_30d"": 0.0, ""orders_previous_30d"": 2, ""orders_30d"": 0, ""days_since_last_order"": 42}","Prioritize a win-back visit, diagnose the reason for inactivity, and attempt a targeted reorder based on the outlet's prior mix.",0.0,5683.389999999999,0.0,0.0,0.0,0.0,0.0,,,,,5683.39,0.0,,,2.0,0.0,,42.0,,,
813,182,OPP-002009,2937,Inactive Outlet,53.32,P3,Monitor,70.0,MEDIUM,"{""revenue_previous_30d"": 4377.54, ""revenue_30d"": 0.0, ""orders_previous_30d"": 2, ""orders_30d"": 0, ""days_since_last_order"": 50}","Prioritize a win-back visit, diagnose the reason for inactivity, and attempt a targeted reorder based on the outlet's prior mix.",0.0,4377.54,0.0,0.0,0.0,4.0,3.0,,,,,4377.54,0.0,,,2.0,0.0,,50.0,,,
814,311,OPP-001514,2255,Revenue Recovery,53.3,P3,Monitor,69.4,MEDIUM,"{""revenue_previous_30d"": 5078.13, ""revenue_30d"": 948.84, ""revenue_growth_30d"": -0.8132, ""revenue_gap_vs_previous_30d"": 4129.29, ""orders_previous_30d"": 1, ""orders_30d"": 1, ""revenue_index_vs_peer"": 0.168}","Review the outlet's recent order decline, identify the lost SKU/category demand, and schedule a recovery visit with a targeted reorder proposal.",948.84,5078.13,316.28000000000003,2.296478123627992,0.1677495319370117,3.0,3.0,,,,,5078.13,948.84,-0.8132,4129.29,1.0,1.0,0.168,,,,
815,6,OPP-000012,17,Stock Risk,53.23,P3,Monitor,65.0,MEDIUM,"{""stockout_events_90d"": 10, ""stockout_rate_90d"": 0.0513, ""avg_closing_stock_90d"": 0.949}",Review recent stockout frequency and replenish at-risk SKUs; coordinate with the distributor before the next sales visit.,17586.45,14797.11,17586.45,51.21129403487848,3.492673636211978,1.0,0.0,,,,,,,,,,,,,10.0,0.0513,0.949
816,7,OPP-000023,39,Stock Risk,53.23,P3,Monitor,65.0,MEDIUM,"{""stockout_events_90d"": 10, ""stockout_rate_90d"": 0.0513, ""avg_closing_stock_90d"": 0.949}",Review recent stockout frequency and replenish at-risk SKUs; coordinate with the distributor before the next sales visit.,7180.76,863.92,0.0,18.63686537224237,1.5654674376904167,0.0,0.0,,,,,,,,,,,,,10.0,0.0513,0.949
817,8,OPP-000030,49,Stock Risk,53.23,P3,Monitor,65.0,MEDIUM,"{""stockout_events_90d"": 10, ""stockout_rate_90d"": 0.0513, ""avg_closing_stock_90d"": 0.949}",Review recent stockout frequency and replenish at-risk SKUs; coordinate with the distributor before the next sales visit.,0.0,935.41,0.0,0.0,0.0,3.0,2.0,,,,,,,,,,,,,10.0,0.0513,0.949
818,9,OPP-000032,51,Stock Risk,53.23,P3,Monitor,65.0,MEDIUM,"{""stockout_events_90d"": 10, ""stockout_rate_90d"": 0.0513, ""avg_closing_stock_90d"": 0.949}",Review recent stockout frequency and replenish at-risk SKUs; coordinate with the distributor before the next sales visit.,0.0,13458.65,0.0,0.0,0.0,0.0,0.0,,,,,,,,,,,,,10.0,0.0513,0.949
819,10,OPP-000052,81,Stock Risk,53.23,P3,Monitor,65.0,MEDIUM,"{""stockout_events_90d"": 10, ""stockout_rate_90d"": 0.0513, ""avg_closing_stock_90d"": 0.949}",Review recent stockout frequency and replenish at-risk SKUs; coordinate with the distributor before the next sales visit.,7522.66,3534.26,0.0,34.46333403732177,4.0518474631046,0.0,0.0,,,,,,,,,,,,,10.0,0.0513,0.949
820,11,OPP-000075,126,Stock Risk,53.23,P3,Monitor,65.0,MEDIUM,"{""stockout_events_90d"": 10, ""stockout_rate_90d"": 0.0513, ""avg_closing_stock_90d"": 0.949}",Review recent stockout frequency and replenish at-risk SKUs; coordinate with the distributor before the next sales visit.,1647.4,0.0,549.1333333333333,10.188771199806046,1.353845648118472,3.0,3.0,,,,,,,,,,,,,10.0,0.0513,0.949
821,12,OPP-000078,128,Stock Risk,53.23,P3,Monitor,65.0,MEDIUM,"{""stockout_events_90d"": 10, ""stockout_rate_90d"": 0.0513, ""avg_closing_stock_90d"": 0.949}",Review recent stockout frequency and replenish at-risk SKUs; coordinate with the distributor before the next sales visit.,15280.77,2102.37,5093.59,41.3840703190421,3.1600566630821407,3.0,2.0,,,,,,,,,,,,,10.0,0.0513,0.949
822,13,OPP-000087,144,Stock Risk,53.23,P3,Monitor,65.0,MEDIUM,"{""stockout_events_90d"": 10, ""stockout_rate_90d"": 0.0513, ""avg_closing_stock_90d"": 0.949}",Review recent stockout frequency and replenish at-risk SKUs; coordinate with the distributor before the next sales visit.,19505.86,9819.62,9752.93,32.851924940240096,0.9766361188224104,2.0,2.0,,,,,,,,,,,,,10.0,0.0513,0.949
823,14,OPP-000132,218,Stock Risk,53.23,P3,Monitor,65.0,MEDIUM,"{""stockout_events_90d"": 10, ""stockout_rate_90d"": 0.0513, ""avg_closing_stock_90d"": 0.949}",Review recent stockout frequency and replenish at-risk SKUs; coordinate with the distributor before the next sales visit.,0.0,1562.58,0.0,0.0,0.0,2.0,2.0,,,,,,,,,,,,,10.0,0.0513,0.949
824,15,OPP-000133,219,Stock Risk,53.23,P3,Monitor,65.0,MEDIUM,"{""stockout_events_90d"": 10, ""stockout_rate_90d"": 0.0513, ""avg_closing_stock_90d"": 0.949}",Review recent stockout frequency and replenish at-risk SKUs; coordinate with the distributor before the next sales visit.,5749.1900000000005,5345.81,5749.1900000000005,17.33319424625709,1.141790659432321,1.0,1.0,,,,,,,,,,,,,10.0,0.0513,0.949
825,16,OPP-000139,232,Stock Risk,53.23,P3,Monitor,65.0,MEDIUM,"{""stockout_events_90d"": 10, ""stockout_rate_90d"": 0.0513, ""avg_closing_stock_90d"": 0.949}",Review recent stockout frequency and replenish at-risk SKUs; coordinate with the distributor before the next sales visit.,779.66,0.0,259.88666666666666,4.031761381118474,0.6407304224912272,3.0,3.0,,,,,,,,,,,,,10.0,0.0513,0.949
826,17,OPP-000167,264,Stock Risk,53.23,P3,Monitor,65.0,MEDIUM,"{""stockout_events_90d"": 10, ""stockout_rate_90d"": 0.0513, ""avg_closing_stock_90d"": 0.949}",Review recent stockout frequency and replenish at-risk SKUs; coordinate with the distributor before the next sales visit.,3072.7,2379.73,1536.35,14.359303638964477,2.52516785417848,2.0,2.0,,,,,,,,,,,,,10.0,0.0513,0.949
827,18,OPP-000177,286,Stock Risk,53.23,P3,Monitor,65.0,MEDIUM,"{""stockout_events_90d"": 10, ""stockout_rate_90d"": 0.0513, ""avg_closing_stock_90d"": 0.949}",Review recent stockout frequency and replenish at-risk SKUs; coordinate with the distributor before the next sales visit.,5028.11,3255.6000000000004,2514.055,34.794614328742995,3.9704591039024617,2.0,0.0,,,,,,,,,,,,,10.0,0.0513,0.949
828,19,OPP-000227,372,Stock Risk,53.23,P3,Monitor,65.0,MEDIUM,"{""stockout_events_90d"": 10, ""stockout_rate_90d"": 0.0513, ""avg_closing_stock_90d"": 0.949}",Review recent stockout frequency and replenish at-risk SKUs; coordinate with the distributor before the next sales visit.,36999.84,13218.63,36999.84,64.09162717219589,1.8291009237988316,1.0,1.0,,,,,,,,,,,,,10.0,0.0513,0.949
829,20,OPP-000241,391,Stock Risk,53.23,P3,Monitor,65.0,MEDIUM,"{""stockout_events_90d"": 10, ""stockout_rate_90d"": 0.0513, ""avg_closing_stock_90d"": 0.949}",Review recent stockout frequency and replenish at-risk SKUs; coordinate with the distributor before the next sales visit.,1475.75,1805.04,368.9375,18.423217547707733,1.0338727756760544,4.0,3.0,,,,,,,,,,,,,10.0,0.0513,0.949
830,21,OPP-000249,407,Stock Risk,53.23,P3,Monitor,65.0,MEDIUM,"{""stockout_events_90d"": 10, ""stockout_rate_90d"": 0.0513, ""avg_closing_stock_90d"": 0.949}",Review recent stockout frequency and replenish at-risk SKUs; coordinate with the distributor before the next sales visit.,1842.04,3405.25,614.0133333333333,9.15655631482957,0.9921577076376172,3.0,0.0,,,,,,,,,,,,,10.0,0.0513,0.949
831,22,OPP-000307,488,Stock Risk,53.23,P3,Monitor,65.0,MEDIUM,"{""stockout_events_90d"": 10, ""stockout_rate_90d"": 0.0513, ""avg_closing_stock_90d"": 0.949}",Review recent stockout frequency and replenish at-risk SKUs; coordinate with the distributor before the next sales visit.,1172.42,7407.76,586.21,5.956755828492664,0.6314876656253368,2.0,1.0,,,,,,,,,,,,,10.0,0.0513,0.949
832,23,OPP-000332,533,Stock Risk,53.23,P3,Monitor,65.0,MEDIUM,"{""stockout_events_90d"": 10, ""stockout_rate_90d"": 0.0513, ""avg_closing_stock_90d"": 0.949}",Review recent stockout frequency and replenish at-risk SKUs; coordinate with the distributor before the next sales visit.,15890.57,3346.63,3972.6425,44.22075746410706,2.8093626741203157,4.0,3.0,,,,,,,,,,,,,10.0,0.0513,0.949
833,24,OPP-000348,554,Stock Risk,53.23,P3,Monitor,65.0,MEDIUM,"{""stockout_events_90d"": 10, ""stockout_rate_90d"": 0.0513, ""avg_closing_stock_90d"": 0.949}",Review recent stockout frequency and replenish at-risk SKUs; coordinate with the distributor before the next sales visit.,4383.7,2505.25,4383.7,23.873097958830247,2.3611440267155013,1.0,1.0,,,,,,,,,,,,,10.0,0.0513,0.949
834,25,OPP-000369,592,Stock Risk,53.23,P3,Monitor,65.0,MEDIUM,"{""stockout_events_90d"": 10, ""stockout_rate_90d"": 0.0513, ""avg_closing_stock_90d"": 0.949}",Review recent stockout frequency and replenish at-risk SKUs; coordinate with the distributor before the next sales visit.,5006.68,2738.18,1001.336,12.215982219693364,0.9943279764221766,5.0,2.0,,,,,,,,,,,,,10.0,0.0513,0.949
835,26,OPP-000383,609,Stock Risk,53.23,P3,Monitor,65.0,MEDIUM,"{""stockout_events_90d"": 10, ""stockout_rate_90d"": 0.0513, ""avg_closing_stock_90d"": 0.949}",Review recent stockout frequency and replenish at-risk SKUs; coordinate with the distributor before the next sales visit.,3052.17,9736.37,610.434,7.531314780319688,0.6311874431301182,5.0,0.0,,,,,,,,,,,,,10.0,0.0513,0.949
836,27,OPP-000430,680,Stock Risk,53.23,P3,Monitor,65.0,MEDIUM,"{""stockout_events_90d"": 10, ""stockout_rate_90d"": 0.0513, ""avg_closing_stock_90d"": 0.949}",Review recent stockout frequency and replenish at-risk SKUs; coordinate with the distributor before the next sales visit.,38430.11,33801.770000000004,12810.036666666669,53.25244287780754,1.8998068559942616,3.0,1.0,,,,,,,,,,,,,10.0,0.0513,0.949
837,28,OPP-000450,710,Stock Risk,53.23,P3,Monitor,65.0,MEDIUM,"{""stockout_events_90d"": 10, ""stockout_rate_90d"": 0.0513, ""avg_closing_stock_90d"": 0.949}",Review recent stockout frequency and replenish at-risk SKUs; coordinate with the distributor before the next sales visit.,12442.98,0.0,0.0,29.334342972606542,2.573202911737943,0.0,0.0,,,,,,,,,,,,,10.0,0.0513,0.949
838,29,OPP-000464,735,Stock Risk,53.23,P3,Monitor,65.0,MEDIUM,"{""stockout_events_90d"": 10, ""stockout_rate_90d"": 0.0513, ""avg_closing_stock_90d"": 0.949}",Review recent stockout frequency and replenish at-risk SKUs; coordinate with the distributor before the next sales visit.,12170.36,16663.37,0.0,45.9822045749239,2.6532431504422846,0.0,0.0,,,,,,,,,,,,,10.0,0.0513,0.949
839,30,OPP-000466,739,Stock Risk,53.23,P3,Monitor,65.0,MEDIUM,"{""stockout_events_90d"": 10, ""stockout_rate_90d"": 0.0513, ""avg_closing_stock_90d"": 0.949}",Review recent stockout frequency and replenish at-risk SKUs; coordinate with the distributor before the next sales visit.,0.0,0.0,0.0,0.0,0.0,1.0,1.0,,,,,,,,,,,,,10.0,0.0513,0.949
840,31,OPP-000469,745,Stock Risk,53.23,P3,Monitor,65.0,MEDIUM,"{""stockout_events_90d"": 10, ""stockout_rate_90d"": 0.0513, ""avg_closing_stock_90d"": 0.949}",Review recent stockout frequency and replenish at-risk SKUs; coordinate with the distributor before the next sales visit.,15920.77,15611.29,7960.385,23.77113860486589,0.8301447912106935,2.0,1.0,,,,,,,,,,,,,10.0,0.0513,0.949
841,32,OPP-000481,762,Stock Risk,53.23,P3,Monitor,65.0,MEDIUM,"{""stockout_events_90d"": 10, ""stockout_rate_90d"": 0.0513, ""avg_closing_stock_90d"": 0.949}",Review recent stockout frequency and replenish at-risk SKUs; coordinate with the distributor before the next sales visit.,1916.65,0.0,0.0,10.183717634756997,1.3272923692721066,0.0,0.0,,,,,,,,,,,,,10.0,0.0513,0.949
842,33,OPP-000483,764,Stock Risk,53.23,P3,Monitor,65.0,MEDIUM,"{""stockout_events_90d"": 10, ""stockout_rate_90d"": 0.0513, ""avg_closing_stock_90d"": 0.949}",Review recent stockout frequency and replenish at-risk SKUs; coordinate with the distributor before the next sales visit.,28323.78,14629.32,28323.78,49.17869346594066,1.3188152640875443,1.0,1.0,,,,,,,,,,,,,10.0,0.0513,0.949
843,34,OPP-000513,804,Stock Risk,53.23,P3,Monitor,65.0,MEDIUM,"{""stockout_events_90d"": 10, ""stockout_rate_90d"": 0.0513, ""avg_closing_stock_90d"": 0.949}",Review recent stockout frequency and replenish at-risk SKUs; coordinate with the distributor before the next sales visit.,3355.24,4147.65,1677.62,18.48744403884565,3.148302102784007,2.0,2.0,,,,,,,,,,,,,10.0,0.0513,0.949
844,35,OPP-000524,824,Stock Risk,53.23,P3,Monitor,65.0,MEDIUM,"{""stockout_events_90d"": 10, ""stockout_rate_90d"": 0.0513, ""avg_closing_stock_90d"": 0.949}",Review recent stockout frequency and replenish at-risk SKUs; coordinate with the distributor before the next sales visit.,9729.95,21887.21,2432.4875,23.580400490804447,2.1654352035252487,4.0,3.0,,,,,,,,,,,,,10.0,0.0513,0.949
845,36,OPP-000529,832,Stock Risk,53.23,P3,Monitor,65.0,MEDIUM,"{""stockout_events_90d"": 10, ""stockout_rate_90d"": 0.0513, ""avg_closing_stock_90d"": 0.949}",Review recent stockout frequency and replenish at-risk SKUs; coordinate with the distributor before the next sales visit.,0.0,0.0,0.0,0.0,0.0,2.0,2.0,,,,,,,,,,,,,10.0,0.0513,0.949
846,37,OPP-000544,854,Stock Risk,53.23,P3,Monitor,65.0,MEDIUM,"{""stockout_events_90d"": 10, ""stockout_rate_90d"": 0.0513, ""avg_closing_stock_90d"": 0.949}",Review recent stockout frequency and replenish at-risk SKUs; coordinate with the distributor before the next sales visit.,1304.82,5922.74,326.205,6.349214072967156,0.702800818700851,4.0,2.0,,,,,,,,,,,,,10.0,0.0513,0.949
847,38,OPP-000560,880,Stock Risk,53.23,P3,Monitor,65.0,MEDIUM,"{""stockout_events_90d"": 10, ""stockout_rate_90d"": 0.0513, ""avg_closing_stock_90d"": 0.949}",Review recent stockout frequency and replenish at-risk SKUs; coordinate with the distributor before the next sales visit.,9309.83,0.0,0.0,22.701520517574856,1.6517363063946962,0.0,0.0,,,,,,,,,,,,,10.0,0.0513,0.949
848,39,OPP-000563,885,Stock Risk,53.23,P3,Monitor,65.0,MEDIUM,"{""stockout_events_90d"": 10, ""stockout_rate_90d"": 0.0513, ""avg_closing_stock_90d"": 0.949}",Review recent stockout frequency and replenish at-risk SKUs; coordinate with the distributor before the next sales visit.,41420.29,32370.4,20710.145,57.15155182900244,2.047627522254569,2.0,1.0,,,,,,,,,,,,,10.0,0.0513,0.949
849,40,OPP-000565,886,Stock Risk,53.23,P3,Monitor,65.0,MEDIUM,"{""stockout_events_90d"": 10, ""stockout_rate_90d"": 0.0513, ""avg_closing_stock_90d"": 0.949}",Review recent stockout frequency and replenish at-risk SKUs; coordinate with the distributor before the next sales visit.,2665.98,0.0,666.495,12.320750453019738,2.6669934575138554,4.0,2.0,,,,,,,,,,,,,10.0,0.0513,0.949
850,41,OPP-000634,992,Stock Risk,53.23,P3,Monitor,65.0,MEDIUM,"{""stockout_events_90d"": 10, ""stockout_rate_90d"": 0.0513, ""avg_closing_stock_90d"": 0.949}",Review recent stockout frequency and replenish at-risk SKUs; coordinate with the distributor before the next sales visit.,52054.07,23420.33,52054.07,81.40502691863918,2.5733124122831086,1.0,1.0,,,,,,,,,,,,,10.0,0.0513,0.949
851,42,OPP-000635,994,Stock Risk,53.23,P3,Monitor,65.0,MEDIUM,"{""stockout_events_90d"": 10, ""stockout_rate_90d"": 0.0513, ""avg_closing_stock_90d"": 0.949}",Review recent stockout frequency and replenish at-risk SKUs; coordinate with the distributor before the next sales visit.,18508.84,11950.4,9254.42,54.27509904140239,3.1447936046758587,2.0,2.0,,,,,,,,,,,,,10.0,0.0513,0.949
852,43,OPP-000636,997,Stock Risk,53.23,P3,Monitor,65.0,MEDIUM,"{""stockout_events_90d"": 10, ""stockout_rate_90d"": 0.0513, ""avg_closing_stock_90d"": 0.949}",Review recent stockout frequency and replenish at-risk SKUs; coordinate with the distributor before the next sales visit.,2288.39,0.0,0.0,6.130048458775217,0.4544748611784145,0.0,0.0,,,,,,,,,,,,,10.0,0.0513,0.949
853,44,OPP-000646,1017,Stock Risk,53.23,P3,Monitor,65.0,MEDIUM,"{""stockout_events_90d"": 10, ""stockout_rate_90d"": 0.0513, ""avg_closing_stock_90d"": 0.949}",Review recent stockout frequency and replenish at-risk SKUs; coordinate with the distributor before the next sales visit.,8415.45,0.0,4207.725,20.549962308769203,1.8346404765668003,2.0,1.0,,,,,,,,,,,,,10.0,0.0513,0.949
854,45,OPP-000666,1041,Stock Risk,53.23,P3,Monitor,65.0,MEDIUM,"{""stockout_events_90d"": 10, ""stockout_rate_90d"": 0.0513, ""avg_closing_stock_90d"": 0.949}",Review recent stockout frequency and replenish at-risk SKUs; coordinate with the distributor before the next sales visit.,7491.9,6375.63,7491.9,21.16497629926071,1.2729311619135,1.0,1.0,,,,,,,,,,,,,10.0,0.0513,0.949
855,46,OPP-000712,1105,Stock Risk,53.23,P3,Monitor,65.0,MEDIUM,"{""stockout_events_90d"": 10, ""stockout_rate_90d"": 0.0513, ""avg_closing_stock_90d"": 0.949}",Review recent stockout frequency and replenish at-risk SKUs; coordinate with the distributor before the next sales visit.,0.0,0.0,0.0,0.0,0.0,5.0,3.0,,,,,,,,,,,,,10.0,0.0513,0.949
856,47,OPP-000719,1113,Stock Risk,53.23,P3,Monitor,65.0,MEDIUM,"{""stockout_events_90d"": 10, ""stockout_rate_90d"": 0.0513, ""avg_closing_stock_90d"": 0.949}",Review recent stockout frequency and replenish at-risk SKUs; coordinate with the distributor before the next sales visit.,424.88,6412.02,0.0,1.2995879295662984,0.0721903645368742,0.0,0.0,,,,,,,,,,,,,10.0,0.0513,0.949
857,48,OPP-000772,1192,Stock Risk,53.23,P3,Monitor,65.0,MEDIUM,"{""stockout_events_90d"": 10, ""stockout_rate_90d"": 0.0513, ""avg_closing_stock_90d"": 0.949}",Review recent stockout frequency and replenish at-risk SKUs; coordinate with the distributor before the next sales visit.,10123.41,2440.96,0.0,30.97021283625549,2.0105119120439143,0.0,0.0,,,,,,,,,,,,,10.0,0.0513,0.949
858,49,OPP-000787,1214,Stock Risk,53.23,P3,Monitor,65.0,MEDIUM,"{""stockout_events_90d"": 10, ""stockout_rate_90d"": 0.0513, ""avg_closing_stock_90d"": 0.949}",Review recent stockout frequency and replenish at-risk SKUs; coordinate with the distributor before the next sales visit.,2381.5600000000004,559.18,2381.5600000000004,12.271490153684756,1.7665393316767424,1.0,1.0,,,,,,,,,,,,,10.0,0.0513,0.949
859,50,OPP-000793,1221,Stock Risk,53.23,P3,Monitor,65.0,MEDIUM,"{""stockout_events_90d"": 10, ""stockout_rate_90d"": 0.0513, ""avg_closing_stock_90d"": 0.949}",Review recent stockout frequency and replenish at-risk SKUs; coordinate with the distributor before the next sales visit.,0.0,3330.39,0.0,0.0,0.0,1.0,1.0,,,,,,,,,,,,,10.0,0.0513,0.949
860,51,OPP-000856,1321,Stock Risk,53.23,P3,Monitor,65.0,MEDIUM,"{""stockout_events_90d"": 10, ""stockout_rate_90d"": 0.0513, ""avg_closing_stock_90d"": 0.949}",Review recent stockout frequency and replenish at-risk SKUs; coordinate with the distributor before the next sales visit.,1588.97,3914.34,794.485,8.004733410645034,1.5895740381344912,2.0,2.0,,,,,,,,,,,,,10.0,0.0513,0.949
861,52,OPP-000862,1328,Stock Risk,53.23,P3,Monitor,65.0,MEDIUM,"{""stockout_events_90d"": 10, ""stockout_rate_90d"": 0.0513, ""avg_closing_stock_90d"": 0.949}",Review recent stockout frequency and replenish at-risk SKUs; coordinate with the distributor before the next sales visit.,14752.12,12129.5,0.0,39.703800219144334,2.608091169300017,0.0,0.0,,,,,,,,,,,,,10.0,0.0513,0.949
862,53,OPP-000873,1347,Stock Risk,53.23,P3,Monitor,65.0,MEDIUM,"{""stockout_events_90d"": 10, ""stockout_rate_90d"": 0.0513, ""avg_closing_stock_90d"": 0.949}",Review recent stockout frequency and replenish at-risk SKUs; coordinate with the distributor before the next sales visit.,9165.18,13420.38,0.0,25.434762157036385,1.9980880645741477,0.0,0.0,,,,,,,,,,,,,10.0,0.0513,0.949
863,54,OPP-000970,1499,Stock Risk,53.23,P3,Monitor,65.0,MEDIUM,"{""stockout_events_90d"": 10, ""stockout_rate_90d"": 0.0513, ""avg_closing_stock_90d"": 0.949}",Review recent stockout frequency and replenish at-risk SKUs; coordinate with the distributor before the next sales visit.,28147.04,1450.62,9382.346666666666,76.67257774981137,4.592083818013629,3.0,1.0,,,,,,,,,,,,,10.0,0.0513,0.949
864,55,OPP-000974,1504,Stock Risk,53.23,P3,Monitor,65.0,MEDIUM,"{""stockout_events_90d"": 10, ""stockout_rate_90d"": 0.0513, ""avg_closing_stock_90d"": 0.949}",Review recent stockout frequency and replenish at-risk SKUs; coordinate with the distributor before the next sales visit.,0.0,3612.44,0.0,0.0,0.0,1.0,0.0,,,,,,,,,,,,,10.0,0.0513,0.949
865,56,OPP-001002,1544,Stock Risk,53.23,P3,Monitor,65.0,MEDIUM,"{""stockout_events_90d"": 10, ""stockout_rate_90d"": 0.0513, ""avg_closing_stock_90d"": 0.949}",Review recent stockout frequency and replenish at-risk SKUs; coordinate with the distributor before the next sales visit.,5473.31,538.15,2736.655,15.066097969508917,1.1318781536934404,2.0,2.0,,,,,,,,,,,,,10.0,0.0513,0.949
866,57,OPP-001034,1583,Stock Risk,53.23,P3,Monitor,65.0,MEDIUM,"{""stockout_events_90d"": 10, ""stockout_rate_90d"": 0.0513, ""avg_closing_stock_90d"": 0.949}",Review recent stockout frequency and replenish at-risk SKUs; coordinate with the distributor before the next sales visit.,4507.62,0.0,0.0,23.426661559625828,3.343559692912509,0.0,0.0,,,,,,,,,,,,,10.0,0.0513,0.949
867,58,OPP-001053,1612,Stock Risk,53.23,P3,Monitor,65.0,MEDIUM,"{""stockout_events_90d"": 10, ""stockout_rate_90d"": 0.0513, ""avg_closing_stock_90d"": 0.949}",Review recent stockout frequency and replenish at-risk SKUs; coordinate with the distributor before the next sales visit.,0.0,0.0,0.0,0.0,0.0,0.0,0.0,,,,,,,,,,,,,10.0,0.0513,0.949
868,59,OPP-001060,1623,Stock Risk,53.23,P3,Monitor,65.0,MEDIUM,"{""stockout_events_90d"": 10, ""stockout_rate_90d"": 0.0513, ""avg_closing_stock_90d"": 0.949}",Review recent stockout frequency and replenish at-risk SKUs; coordinate with the distributor before the next sales visit.,28581.21,19909.32,5716.242,55.50823943484566,1.4372138139666326,5.0,4.0,,,,,,,,,,,,,10.0,0.0513,0.949
869,60,OPP-001078,1648,Stock Risk,53.23,P3,Monitor,65.0,MEDIUM,"{""stockout_events_90d"": 10, ""stockout_rate_90d"": 0.0513, ""avg_closing_stock_90d"": 0.949}",Review recent stockout frequency and replenish at-risk SKUs; coordinate with the distributor before the next sales visit.,0.0,1947.78,0.0,0.0,0.0,5.0,2.0,,,,,,,,,,,,,10.0,0.0513,0.949
870,61,OPP-001091,1671,Stock Risk,53.23,P3,Monitor,65.0,MEDIUM,"{""stockout_events_90d"": 10, ""stockout_rate_90d"": 0.0513, ""avg_closing_stock_90d"": 0.949}",Review recent stockout frequency and replenish at-risk SKUs; coordinate with the distributor before the next sales visit.,29042.0,18031.18,9680.666666666666,43.914389772643766,1.4273620317865985,3.0,2.0,,,,,,,,,,,,,10.0,0.0513,0.949
871,62,OPP-001121,1713,Stock Risk,53.23,P3,Monitor,65.0,MEDIUM,"{""stockout_events_90d"": 10, ""stockout_rate_90d"": 0.0513, ""avg_closing_stock_90d"": 0.949}",Review recent stockout frequency and replenish at-risk SKUs; coordinate with the distributor before the next sales visit.,1031.21,0.0,1031.21,5.04527839030173,1.0316020087633302,1.0,1.0,,,,,,,,,,,,,10.0,0.0513,0.949
872,63,OPP-001125,1716,Stock Risk,53.23,P3,Monitor,65.0,MEDIUM,"{""stockout_events_90d"": 10, ""stockout_rate_90d"": 0.0513, ""avg_closing_stock_90d"": 0.949}",Review recent stockout frequency and replenish at-risk SKUs; coordinate with the distributor before the next sales visit.,1721.37,2419.34,0.0,8.847183746472936,1.6152027248927965,0.0,0.0,,,,,,,,,,,,,10.0,0.0513,0.949
873,64,OPP-001143,1739,Stock Risk,53.23,P3,Monitor,65.0,MEDIUM,"{""stockout_events_90d"": 10, ""stockout_rate_90d"": 0.0513, ""avg_closing_stock_90d"": 0.949}",Review recent stockout frequency and replenish at-risk SKUs; coordinate with the distributor before the next sales visit.,19433.13,10534.2,6477.71,29.388663035742532,0.9048477453573492,3.0,3.0,,,,,,,,,,,,,10.0,0.0513,0.949
874,65,OPP-001166,1763,Stock Risk,53.23,P3,Monitor,65.0,MEDIUM,"{""stockout_events_90d"": 10, ""stockout_rate_90d"": 0.0513, ""avg_closing_stock_90d"": 0.949}",Review recent stockout frequency and replenish at-risk SKUs; coordinate with the distributor before the next sales visit.,0.0,14394.37,0.0,0.0,0.0,3.0,3.0,,,,,,,,,,,,,10.0,0.0513,0.949
875,66,OPP-001169,1766,Stock Risk,53.23,P3,Monitor,65.0,MEDIUM,"{""stockout_events_90d"": 10, ""stockout_rate_90d"": 0.0513, ""avg_closing_stock_90d"": 0.949}",Review recent stockout frequency and replenish at-risk SKUs; coordinate with the distributor before the next sales visit.,5214.9800000000005,404.51,0.0,13.058000027543343,1.1369104911188743,0.0,0.0,,,,,,,,,,,,,10.0,0.0513,0.949
876,67,OPP-001206,1817,Stock Risk,53.23,P3,Monitor,65.0,MEDIUM,"{""stockout_events_90d"": 10, ""stockout_rate_90d"": 0.0513, ""avg_closing_stock_90d"": 0.949}",Review recent stockout frequency and replenish at-risk SKUs; coordinate with the distributor before the next sales visit.,1153.64,2449.49,576.82,6.068563553058638,0.6615439312788871,2.0,0.0,,,,,,,,,,,,,10.0,0.0513,0.949
877,68,OPP-001241,1867,Stock Risk,53.23,P3,Monitor,65.0,MEDIUM,"{""stockout_events_90d"": 10, ""stockout_rate_90d"": 0.0513, ""avg_closing_stock_90d"": 0.949}",Review recent stockout frequency and replenish at-risk SKUs; coordinate with the distributor before the next sales visit.,0.0,2938.21,0.0,0.0,0.0,6.0,3.0,,,,,,,,,,,,,10.0,0.0513,0.949
878,69,OPP-001248,1875,Stock Risk,53.23,P3,Monitor,65.0,MEDIUM,"{""stockout_events_90d"": 10, ""stockout_rate_90d"": 0.0513, ""avg_closing_stock_90d"": 0.949}",Review recent stockout frequency and replenish at-risk SKUs; coordinate with the distributor before the next sales visit.,8383.52,11107.1,4191.76,22.53326090596744,1.6649692963989802,2.0,1.0,,,,,,,,,,,,,10.0,0.0513,0.949
879,70,OPP-001257,1894,Stock Risk,53.23,P3,Monitor,65.0,MEDIUM,"{""stockout_events_90d"": 10, ""stockout_rate_90d"": 0.0513, ""avg_closing_stock_90d"": 0.949}",Review recent stockout frequency and replenish at-risk SKUs; coordinate with the distributor before the next sales visit.,0.0,0.0,0.0,0.0,0.0,1.0,1.0,,,,,,,,,,,,,10.0,0.0513,0.949
880,71,OPP-001270,1905,Stock Risk,53.23,P3,Monitor,65.0,MEDIUM,"{""stockout_events_90d"": 10, ""stockout_rate_90d"": 0.0513, ""avg_closing_stock_90d"": 0.949}",Review recent stockout frequency and replenish at-risk SKUs; coordinate with the distributor before the next sales visit.,0.0,6045.71,0.0,0.0,0.0,2.0,2.0,,,,,,,,,,,,,10.0,0.0513,0.949
881,72,OPP-001279,1925,Stock Risk,53.23,P3,Monitor,65.0,MEDIUM,"{""stockout_events_90d"": 10, ""stockout_rate_90d"": 0.0513, ""avg_closing_stock_90d"": 0.949}",Review recent stockout frequency and replenish at-risk SKUs; coordinate with the distributor before the next sales visit.,0.0,5193.049999999999,0.0,0.0,0.0,0.0,0.0,,,,,,,,,,,,,10.0,0.0513,0.949
882,73,OPP-001296,1946,Stock Risk,53.23,P3,Monitor,65.0,MEDIUM,"{""stockout_events_90d"": 10, ""stockout_rate_90d"": 0.0513, ""avg_closing_stock_90d"": 0.949}",Review recent stockout frequency and replenish at-risk SKUs; coordinate with the distributor before the next sales visit.,6361.81,3140.93,0.0,30.357360997117823,5.228183065834998,0.0,0.0,,,,,,,,,,,,,10.0,0.0513,0.949
883,74,OPP-001308,1965,Stock Risk,53.23,P3,Monitor,65.0,MEDIUM,"{""stockout_events_90d"": 10, ""stockout_rate_90d"": 0.0513, ""avg_closing_stock_90d"": 0.949}",Review recent stockout frequency and replenish at-risk SKUs; coordinate with the distributor before the next sales visit.,5054.88,4702.98,1010.976,29.95337118233592,3.749493750695397,5.0,3.0,,,,,,,,,,,,,10.0,0.0513,0.949
884,75,OPP-001322,1989,Stock Risk,53.23,P3,Monitor,65.0,MEDIUM,"{""stockout_events_90d"": 10, ""stockout_rate_90d"": 0.0513, ""avg_closing_stock_90d"": 0.949}",Review recent stockout frequency and replenish at-risk SKUs; coordinate with the distributor before the next sales visit.,1390.89,962.34,695.445,7.83464052434845,0.9536114634397176,2.0,0.0,,,,,,,,,,,,,10.0,0.0513,0.949
885,76,OPP-001357,2042,Stock Risk,53.23,P3,Monitor,65.0,MEDIUM,"{""stockout_events_90d"": 10, ""stockout_rate_90d"": 0.0513, ""avg_closing_stock_90d"": 0.949}",Review recent stockout frequency and replenish at-risk SKUs; coordinate with the distributor before the next sales visit.,1644.01,2760.62,0.0,8.040348217342396,1.127153680024682,0.0,0.0,,,,,,,,,,,,,10.0,0.0513,0.949
886,77,OPP-001391,2096,Stock Risk,53.23,P3,Monitor,65.0,MEDIUM,"{""stockout_events_90d"": 10, ""stockout_rate_90d"": 0.0513, ""avg_closing_stock_90d"": 0.949}",Review recent stockout frequency and replenish at-risk SKUs; coordinate with the distributor before the next sales visit.,8818.33,3982.64,8818.33,25.369115739022615,1.9224717815117804,1.0,1.0,,,,,,,,,,,,,10.0,0.0513,0.949
887,78,OPP-001430,2139,Stock Risk,53.23,P3,Monitor,65.0,MEDIUM,"{""stockout_events_90d"": 10, ""stockout_rate_90d"": 0.0513, ""avg_closing_stock_90d"": 0.949}",Review recent stockout frequency and replenish at-risk SKUs; coordinate with the distributor before the next sales visit.,22917.83,33086.369999999995,7639.276666666668,58.19742327071202,1.504161777021688,3.0,1.0,,,,,,,,,,,,,10.0,0.0513,0.949
888,79,OPP-001431,2140,Stock Risk,53.23,P3,Monitor,65.0,MEDIUM,"{""stockout_events_90d"": 10, ""stockout_rate_90d"": 0.0513, ""avg_closing_stock_90d"": 0.949}",Review recent stockout frequency and replenish at-risk SKUs; coordinate with the distributor before the next sales visit.,22193.44,15453.63,22193.44,36.27826658938093,1.1160030855040644,1.0,0.0,,,,,,,,,,,,,10.0,0.0513,0.949
889,80,OPP-001456,2176,Stock Risk,53.23,P3,Monitor,65.0,MEDIUM,"{""stockout_events_90d"": 10, ""stockout_rate_90d"": 0.0513, ""avg_closing_stock_90d"": 0.949}",Review recent stockout frequency and replenish at-risk SKUs; coordinate with the distributor before the next sales visit.,0.0,7412.16,0.0,0.0,0.0,0.0,0.0,,,,,,,,,,,,,10.0,0.0513,0.949
890,81,OPP-001468,2187,Stock Risk,53.23,P3,Monitor,65.0,MEDIUM,"{""stockout_events_90d"": 10, ""stockout_rate_90d"": 0.0513, ""avg_closing_stock_90d"": 0.949}",Review recent stockout frequency and replenish at-risk SKUs; coordinate with the distributor before the next sales visit.,0.0,5400.9,0.0,0.0,0.0,1.0,0.0,,,,,,,,,,,,,10.0,0.0513,0.949
891,82,OPP-001510,2250,Stock Risk,53.23,P3,Monitor,65.0,MEDIUM,"{""stockout_events_90d"": 10, ""stockout_rate_90d"": 0.0513, ""avg_closing_stock_90d"": 0.949}",Review recent stockout frequency and replenish at-risk SKUs; coordinate with the distributor before the next sales visit.,14299.11,5541.75,0.0,42.14982941263986,2.5369270046962686,0.0,0.0,,,,,,,,,,,,,10.0,0.0513,0.949
892,83,OPP-001519,2260,Stock Risk,53.23,P3,Monitor,65.0,MEDIUM,"{""stockout_events_90d"": 10, ""stockout_rate_90d"": 0.0513, ""avg_closing_stock_90d"": 0.949}",Review recent stockout frequency and replenish at-risk SKUs; coordinate with the distributor before the next sales visit.,0.0,2672.27,0.0,0.0,0.0,3.0,1.0,,,,,,,,,,,,,10.0,0.0513,0.949
893,84,OPP-001576,2343,Stock Risk,53.23,P3,Monitor,65.0,MEDIUM,"{""stockout_events_90d"": 10, ""stockout_rate_90d"": 0.0513, ""avg_closing_stock_90d"": 0.949}",Review recent stockout frequency and replenish at-risk SKUs; coordinate with the distributor before the next sales visit.,3942.77,924.92,1971.385,20.47730537634632,2.924578125579498,2.0,2.0,,,,,,,,,,,,,10.0,0.0513,0.949
894,85,OPP-001578,2344,Stock Risk,53.23,P3,Monitor,65.0,MEDIUM,"{""stockout_events_90d"": 10, ""stockout_rate_90d"": 0.0513, ""avg_closing_stock_90d"": 0.949}",Review recent stockout frequency and replenish at-risk SKUs; coordinate with the distributor before the next sales visit.,4745.28,6963.13,2372.64,28.337812175283958,3.2861367146111924,2.0,0.0,,,,,,,,,,,,,10.0,0.0513,0.949
895,86,OPP-001582,2350,Stock Risk,53.23,P3,Monitor,65.0,MEDIUM,"{""stockout_events_90d"": 10, ""stockout_rate_90d"": 0.0513, ""avg_closing_stock_90d"": 0.949}",Review recent stockout frequency and replenish at-risk SKUs; coordinate with the distributor before the next sales visit.,2665.95,4219.68,2665.95,15.526447288877703,2.1051738024921427,1.0,0.0,,,,,,,,,,,,,10.0,0.0513,0.949
896,87,OPP-001589,2359,Stock Risk,53.23,P3,Monitor,65.0,MEDIUM,"{""stockout_events_90d"": 10, ""stockout_rate_90d"": 0.0513, ""avg_closing_stock_90d"": 0.949}",Review recent stockout frequency and replenish at-risk SKUs; coordinate with the distributor before the next sales visit.,26008.120000000003,36882.22,26008.120000000003,61.24580043982623,1.2782522899989557,1.0,1.0,,,,,,,,,,,,,10.0,0.0513,0.949
897,88,OPP-001626,2404,Stock Risk,53.23,P3,Monitor,65.0,MEDIUM,"{""stockout_events_90d"": 10, ""stockout_rate_90d"": 0.0513, ""avg_closing_stock_90d"": 0.949}",Review recent stockout frequency and replenish at-risk SKUs; coordinate with the distributor before the next sales visit.,8184.389999999999,6816.53,4092.195,21.34480466287691,1.7842674093492985,2.0,0.0,,,,,,,,,,,,,10.0,0.0513,0.949
898,89,OPP-001629,2406,Stock Risk,53.23,P3,Monitor,65.0,MEDIUM,"{""stockout_events_90d"": 10, ""stockout_rate_90d"": 0.0513, ""avg_closing_stock_90d"": 0.949}",Review recent stockout frequency and replenish at-risk SKUs; coordinate with the distributor before the next sales visit.,0.0,4190.46,0.0,0.0,0.0,2.0,2.0,,,,,,,,,,,,,10.0,0.0513,0.949
899,90,OPP-001642,2426,Stock Risk,53.23,P3,Monitor,65.0,MEDIUM,"{""stockout_events_90d"": 10, ""stockout_rate_90d"": 0.0513, ""avg_closing_stock_90d"": 0.949}",Review recent stockout frequency and replenish at-risk SKUs; coordinate with the distributor before the next sales visit.,0.0,6087.219999999999,0.0,0.0,0.0,0.0,0.0,,,,,,,,,,,,,10.0,0.0513,0.949
900,91,OPP-001654,2444,Stock Risk,53.23,P3,Monitor,65.0,MEDIUM,"{""stockout_events_90d"": 10, ""stockout_rate_90d"": 0.0513, ""avg_closing_stock_90d"": 0.949}",Review recent stockout frequency and replenish at-risk SKUs; coordinate with the distributor before the next sales visit.,2237.99,7213.99,2237.99,10.997845140016755,1.5498223721113826,1.0,0.0,,,,,,,,,,,,,10.0,0.0513,0.949
901,92,OPP-001660,2452,Stock Risk,53.23,P3,Monitor,65.0,MEDIUM,"{""stockout_events_90d"": 10, ""stockout_rate_90d"": 0.0513, ""avg_closing_stock_90d"": 0.949}",Review recent stockout frequency and replenish at-risk SKUs; coordinate with the distributor before the next sales visit.,0.0,7250.65,0.0,6.52439322166333,0.0,1.0,1.0,,,,,,,,,,,,,10.0,0.0513,0.949
902,93,OPP-001662,2459,Stock Risk,53.23,P3,Monitor,65.0,MEDIUM,"{""stockout_events_90d"": 10, ""stockout_rate_90d"": 0.0513, ""avg_closing_stock_90d"": 0.949}",Review recent stockout frequency and replenish at-risk SKUs; coordinate with the distributor before the next sales visit.,3146.95,2158.14,3146.95,17.297453875471742,1.695007002046752,1.0,0.0,,,,,,,,,,,,,10.0,0.0513,0.949
903,94,OPP-001664,2462,Stock Risk,53.23,P3,Monitor,65.0,MEDIUM,"{""stockout_events_90d"": 10, ""stockout_rate_90d"": 0.0513, ""avg_closing_stock_90d"": 0.949}",Review recent stockout frequency and replenish at-risk SKUs; coordinate with the distributor before the next sales visit.,4966.780000000001,1812.89,4966.780000000001,31.655425499804696,4.9686680938756735,1.0,1.0,,,,,,,,,,,,,10.0,0.0513,0.949
904,95,OPP-001680,2486,Stock Risk,53.23,P3,Monitor,65.0,MEDIUM,"{""stockout_events_90d"": 10, ""stockout_rate_90d"": 0.0513, ""avg_closing_stock_90d"": 0.949}",Review recent stockout frequency and replenish at-risk SKUs; coordinate with the distributor before the next sales visit.,15392.930000000002,5211.05,7696.465000000001,36.05882912399112,3.0570399822054166,2.0,1.0,,,,,,,,,,,,,10.0,0.0513,0.949
905,96,OPP-001707,2528,Stock Risk,53.23,P3,Monitor,65.0,MEDIUM,"{""stockout_events_90d"": 10, ""stockout_rate_90d"": 0.0513, ""avg_closing_stock_90d"": 0.949}",Review recent stockout frequency and replenish at-risk SKUs; coordinate with the distributor before the next sales visit.,0.0,4751.61,0.0,0.0,0.0,0.0,0.0,,,,,,,,,,,,,10.0,0.0513,0.949
906,97,OPP-001709,2529,Stock Risk,53.23,P3,Monitor,65.0,MEDIUM,"{""stockout_events_90d"": 10, ""stockout_rate_90d"": 0.0513, ""avg_closing_stock_90d"": 0.949}",Review recent stockout frequency and replenish at-risk SKUs; coordinate with the distributor before the next sales visit.,369.62,0.0,123.20666666666666,1.985974278296453,0.3037564820065251,3.0,2.0,,,,,,,,,,,,,10.0,0.0513,0.949
907,98,OPP-001713,2533,Stock Risk,53.23,P3,Monitor,65.0,MEDIUM,"{""stockout_events_90d"": 10, ""stockout_rate_90d"": 0.0513, ""avg_closing_stock_90d"": 0.949}",Review recent stockout frequency and replenish at-risk SKUs; coordinate with the distributor before the next sales visit.,11435.69,8250.77,3811.896666666666,28.33925856978521,1.8656898557297772,3.0,2.0,,,,,,,,,,,,,10.0,0.0513,0.949
908,99,OPP-001728,2550,Stock Risk,53.23,P3,Monitor,65.0,MEDIUM,"{""stockout_events_90d"": 10, ""stockout_rate_90d"": 0.0513, ""avg_closing_stock_90d"": 0.949}",Review recent stockout frequency and replenish at-risk SKUs; coordinate with the distributor before the next sales visit.,20811.61,7680.14,6937.203333333334,61.00696205314612,3.679374643096446,3.0,1.0,,,,,,,,,,,,,10.0,0.0513,0.949
909,100,OPP-001737,2558,Stock Risk,53.23,P3,Monitor,65.0,MEDIUM,"{""stockout_events_90d"": 10, ""stockout_rate_90d"": 0.0513, ""avg_closing_stock_90d"": 0.949}",Review recent stockout frequency and replenish at-risk SKUs; coordinate with the distributor before the next sales visit.,0.0,4232.43,0.0,0.0,0.0,1.0,0.0,,,,,,,,,,,,,10.0,0.0513,0.949
910,101,OPP-001740,2560,Stock Risk,53.23,P3,Monitor,65.0,MEDIUM,"{""stockout_events_90d"": 10, ""stockout_rate_90d"": 0.0513, ""avg_closing_stock_90d"": 0.949}",Review recent stockout frequency and replenish at-risk SKUs; coordinate with the distributor before the next sales visit.,0.0,1694.35,0.0,0.0,0.0,3.0,2.0,,,,,,,,,,,,,10.0,0.0513,0.949
911,102,OPP-001754,2576,Stock Risk,53.23,P3,Monitor,65.0,MEDIUM,"{""stockout_events_90d"": 10, ""stockout_rate_90d"": 0.0513, ""avg_closing_stock_90d"": 0.949}",Review recent stockout frequency and replenish at-risk SKUs; coordinate with the distributor before the next sales visit.,296.26,0.0,296.26,1.625896682624155,0.1595712592911774,1.0,1.0,,,,,,,,,,,,,10.0,0.0513,0.949
912,103,OPP-001785,2614,Stock Risk,53.23,P3,Monitor,65.0,MEDIUM,"{""stockout_events_90d"": 10, ""stockout_rate_90d"": 0.0513, ""avg_closing_stock_90d"": 0.949}",Review recent stockout frequency and replenish at-risk SKUs; coordinate with the distributor before the next sales visit.,4142.72,984.32,4142.72,20.96381359718925,3.072892482290546,1.0,1.0,,,,,,,,,,,,,10.0,0.0513,0.949
913,104,OPP-001838,2696,Stock Risk,53.23,P3,Monitor,65.0,MEDIUM,"{""stockout_events_90d"": 10, ""stockout_rate_90d"": 0.0513, ""avg_closing_stock_90d"": 0.949}",Review recent stockout frequency and replenish at-risk SKUs; coordinate with the distributor before the next sales visit.,5982.03,0.0,5982.03,31.604014566725503,4.916077019797342,1.0,0.0,,,,,,,,,,,,,10.0,0.0513,0.949
914,105,OPP-001855,2723,Stock Risk,53.23,P3,Monitor,65.0,MEDIUM,"{""stockout_events_90d"": 10, ""stockout_rate_90d"": 0.0513, ""avg_closing_stock_90d"": 0.949}",Review recent stockout frequency and replenish at-risk SKUs; coordinate with the distributor before the next sales visit.,232.14,11207.58,0.0,0.6806061833895618,0.0461030655936956,0.0,0.0,,,,,,,,,,,,,10.0,0.0513,0.949
915,106,OPP-001879,2758,Stock Risk,53.23,P3,Monitor,65.0,MEDIUM,"{""stockout_events_90d"": 10, ""stockout_rate_90d"": 0.0513, ""avg_closing_stock_90d"": 0.949}",Review recent stockout frequency and replenish at-risk SKUs; coordinate with the distributor before the next sales visit.,668.2,4406.13,334.1,1.6791400149469096,0.1359908742430394,2.0,1.0,,,,,,,,,,,,,10.0,0.0513,0.949
916,107,OPP-001883,2763,Stock Risk,53.23,P3,Monitor,65.0,MEDIUM,"{""stockout_events_90d"": 10, ""stockout_rate_90d"": 0.0513, ""avg_closing_stock_90d"": 0.949}",Review recent stockout frequency and replenish at-risk SKUs; coordinate with the distributor before the next sales visit.,1726.48,8680.82,287.74666666666667,4.895665676463215,0.3513701355329582,6.0,5.0,,,,,,,,,,,,,10.0,0.0513,0.949
917,108,OPP-001896,2777,Stock Risk,53.23,P3,Monitor,65.0,MEDIUM,"{""stockout_events_90d"": 10, ""stockout_rate_90d"": 0.0513, ""avg_closing_stock_90d"": 0.949}",Review recent stockout frequency and replenish at-risk SKUs; coordinate with the distributor before the next sales visit.,20341.83,17999.66,20341.83,30.80521121554091,1.0056059713976817,1.0,1.0,,,,,,,,,,,,,10.0,0.0513,0.949
918,109,OPP-001911,2795,Stock Risk,53.23,P3,Monitor,65.0,MEDIUM,"{""stockout_events_90d"": 10, ""stockout_rate_90d"": 0.0513, ""avg_closing_stock_90d"": 0.949}",Review recent stockout frequency and replenish at-risk SKUs; coordinate with the distributor before the next sales visit.,11239.47,10670.7,11239.47,26.35229521964642,2.501384283266196,1.0,0.0,,,,,,,,,,,,,10.0,0.0513,0.949
919,110,OPP-001928,2823,Stock Risk,53.23,P3,Monitor,65.0,MEDIUM,"{""stockout_events_90d"": 10, ""stockout_rate_90d"": 0.0513, ""avg_closing_stock_90d"": 0.949}",Review recent stockout frequency and replenish at-risk SKUs; coordinate with the distributor before the next sales visit.,0.0,0.0,0.0,0.0,0.0,0.0,0.0,,,,,,,,,,,,,10.0,0.0513,0.949
920,312,OPP-001781,2606,Revenue Recovery,53.2,P3,Monitor,85.2,HIGH,"{""revenue_previous_30d"": 1817.34, ""revenue_30d"": 147.05, ""revenue_growth_30d"": -0.9191, ""revenue_gap_vs_previous_30d"": 1670.29, ""orders_previous_30d"": 2, ""orders_30d"": 1, ""revenue_index_vs_peer"": 0.109}","Review the outlet's recent order decline, identify the lost SKU/category demand, and schedule a recovery visit with a targeted reorder proposal.",147.05,1817.34,147.05,0.7704200609944261,0.1090753996217038,1.0,1.0,,,,,1817.34,147.05,-0.9191,1670.29,2.0,1.0,0.109,,,,
921,317,OPP-000655,1028,Cross-Sell,53.18,P3,Monitor,73.0,MEDIUM,"{""target_category"": ""Personal Care"", ""territory_category_rank"": 4, ""territory_category_orders_90d"": 1708, ""current_category_count_90d"": 3}","Introduce Personal Care during the next outlet visit and assess fit, expected demand, and an initial reorder quantity.",952.88,2542.66,317.62666666666667,4.375971284869816,0.7068056225197492,3.0,1.0,Personal Care,4.0,1708.0,3.0,,,,,,,,,,,
922,318,OPP-001245,1873,Cross-Sell,53.18,P3,Monitor,73.0,MEDIUM,"{""target_category"": ""Personal Care"", ""territory_category_rank"": 4, ""territory_category_orders_90d"": 1708, ""current_category_count_90d"": 3}","Introduce Personal Care during the next outlet visit and assess fit, expected demand, and an initial reorder quantity.",0.0,0.0,0.0,0.0,0.0,0.0,0.0,Personal Care,4.0,1708.0,3.0,,,,,,,,,,,
923,319,OPP-001254,1893,Cross-Sell,53.18,P3,Monitor,73.0,MEDIUM,"{""target_category"": ""Personal Care"", ""territory_category_rank"": 4, ""territory_category_orders_90d"": 1708, ""current_category_count_90d"": 3}","Introduce Personal Care during the next outlet visit and assess fit, expected demand, and an initial reorder quantity.",0.0,1558.1,0.0,0.0,0.0,1.0,0.0,Personal Care,4.0,1708.0,3.0,,,,,,,,,,,
924,320,OPP-001900,2782,Cross-Sell,53.18,P3,Monitor,73.0,MEDIUM,"{""target_category"": ""Personal Care"", ""territory_category_rank"": 4, ""territory_category_orders_90d"": 1708, ""current_category_count_90d"": 3}","Introduce Personal Care during the next outlet visit and assess fit, expected demand, and an initial reorder quantity.",0.0,1904.65,0.0,0.0,0.0,1.0,0.0,Personal Care,4.0,1708.0,3.0,,,,,,,,,,,
925,183,OPP-001049,1608,Inactive Outlet,53.07,P3,Monitor,70.0,MEDIUM,"{""revenue_previous_30d"": 6480.77, ""revenue_30d"": 0.0, ""orders_previous_30d"": 3, ""orders_30d"": 0, ""days_since_last_order"": 33}","Prioritize a win-back visit, diagnose the reason for inactivity, and attempt a targeted reorder based on the outlet's prior mix.",0.0,6480.77,0.0,0.0,0.0,1.0,1.0,,,,,6480.77,0.0,,,3.0,0.0,,33.0,,,
926,313,OPP-000460,729,Revenue Recovery,52.98,P3,Monitor,60.0,MEDIUM,"{""revenue_previous_30d"": 45705.83, ""revenue_30d"": 25180.37, ""revenue_growth_30d"": -0.4491, ""revenue_gap_vs_previous_30d"": 20525.46, ""orders_previous_30d"": 8, ""orders_30d"": 4, ""revenue_index_vs_peer"": 1.172}","Review the outlet's recent order decline, identify the lost SKU/category demand, and schedule a recovery visit with a targeted reorder proposal.",25180.370000000003,45705.83,6295.092500000001,42.52425180877405,1.1724514281417269,4.0,4.0,,,,,45705.83,25180.37,-0.4491,20525.46,8.0,4.0,1.172,,,,
927,314,OPP-000020,34,Revenue Recovery,52.97,P3,Monitor,73.6,MEDIUM,"{""revenue_previous_30d"": 4698.59, ""revenue_30d"": 381.25, ""revenue_growth_30d"": -0.9189, ""revenue_gap_vs_previous_30d"": 4317.34, ""orders_previous_30d"": 1, ""orders_30d"": 1, ""revenue_index_vs_peer"": 0.381}","Review the outlet's recent order decline, identify the lost SKU/category demand, and schedule a recovery visit with a targeted reorder proposal.",381.25,4698.59,76.25,1.7968412355857986,0.3813949300734279,5.0,2.0,,,,,4698.59,381.25,-0.9189,4317.34,1.0,1.0,0.381,,,,
928,184,OPP-001477,2197,Inactive Outlet,52.97,P3,Monitor,70.0,MEDIUM,"{""revenue_previous_30d"": 5889.75, ""revenue_30d"": 0.0, ""orders_previous_30d"": 3, ""orders_30d"": 0, ""days_since_last_order"": 35}","Prioritize a win-back visit, diagnose the reason for inactivity, and attempt a targeted reorder based on the outlet's prior mix.",0.0,5889.75,0.0,0.0,0.0,0.0,0.0,,,,,5889.75,0.0,,,3.0,0.0,,35.0,,,
929,185,OPP-001311,1972,Inactive Outlet,52.94,P3,Monitor,70.0,MEDIUM,"{""revenue_previous_30d"": 7077.17, ""revenue_30d"": 0.0, ""orders_previous_30d"": 2, ""orders_30d"": 0, ""days_since_last_order"": 34}","Prioritize a win-back visit, diagnose the reason for inactivity, and attempt a targeted reorder based on the outlet's prior mix.",0.0,7077.17,0.0,0.0,0.0,1.0,1.0,,,,,7077.17,0.0,,,2.0,0.0,,34.0,,,
930,315,OPP-001918,2803,Revenue Recovery,52.9,P3,Monitor,67.05,MEDIUM,"{""revenue_previous_30d"": 8971.3, ""revenue_30d"": 1819.91, ""revenue_growth_30d"": -0.7971, ""revenue_gap_vs_previous_30d"": 7151.39, ""orders_previous_30d"": 4, ""orders_30d"": 1, ""revenue_index_vs_peer"": 1.248}","Review the outlet's recent order decline, identify the lost SKU/category demand, and schedule a recovery visit with a targeted reorder proposal.",1819.91,8971.3,363.982,8.96749025476323,1.2477529052826437,5.0,1.0,,,,,8971.3,1819.91,-0.7971,7151.39,4.0,1.0,1.248,,,,
931,316,OPP-001985,2908,Revenue Recovery,52.85,P3,Monitor,60.0,MEDIUM,"{""revenue_previous_30d"": 40226.42, ""revenue_30d"": 19298.95, ""revenue_growth_30d"": -0.5202, ""revenue_gap_vs_previous_30d"": 20927.47, ""orders_previous_30d"": 4, ""orders_30d"": 3, ""revenue_index_vs_peer"": 1.006}","Review the outlet's recent order decline, identify the lost SKU/category demand, and schedule a recovery visit with a targeted reorder proposal.",19298.95,40226.42,6432.983333333334,30.59788669667854,1.0062907019155238,3.0,2.0,,,,,40226.42,19298.95,-0.5202,20927.47,4.0,3.0,1.006,,,,
932,317,OPP-001796,2623,Revenue Recovery,52.8,P3,Monitor,60.0,MEDIUM,"{""revenue_previous_30d"": 15951.17, ""revenue_30d"": 5994.7, ""revenue_growth_30d"": -0.6242, ""revenue_gap_vs_previous_30d"": 9956.47, ""orders_previous_30d"": 4, ""orders_30d"": 1, ""revenue_index_vs_peer"": 1.372}","Review the outlet's recent order decline, identify the lost SKU/category demand, and schedule a recovery visit with a targeted reorder proposal.",5994.7,15951.17,5994.7,15.989299036193104,1.371948149436546,1.0,0.0,,,,,15951.17,5994.7,-0.6242,9956.47,4.0,1.0,1.372,,,,
933,318,OPP-000250,409,Revenue Recovery,52.77,P3,Monitor,60.0,MEDIUM,"{""revenue_previous_30d"": 12772.98, ""revenue_30d"": 6781.07, ""revenue_growth_30d"": -0.4691, ""revenue_gap_vs_previous_30d"": 5991.91, ""orders_previous_30d"": 3, ""orders_30d"": 1, ""revenue_index_vs_peer"": 0.333}","Review the outlet's recent order decline, identify the lost SKU/category demand, and schedule a recovery visit with a targeted reorder proposal.",6781.07,12772.98,6781.07,10.474201000947009,0.3332773862987104,1.0,1.0,,,,,12772.98,6781.07,-0.4691,5991.91,3.0,1.0,0.333,,,,
934,319,OPP-001148,1747,Revenue Recovery,52.75,P3,Monitor,67.53,MEDIUM,"{""revenue_previous_30d"": 8693.14, ""revenue_30d"": 1548.25, ""revenue_growth_30d"": -0.8219, ""revenue_gap_vs_previous_30d"": 7144.89, ""orders_previous_30d"": 3, ""orders_30d"": 1, ""revenue_index_vs_peer"": 1.061}","Review the outlet's recent order decline, identify the lost SKU/category demand, and schedule a recovery visit with a targeted reorder proposal.",1548.25,8693.140000000001,1548.25,9.325992609079329,1.0614994343697508,1.0,0.0,,,,,8693.14,1548.25,-0.8219,7144.89,3.0,1.0,1.061,,,,
935,186,OPP-001746,2566,Inactive Outlet,52.74,P3,Monitor,70.0,MEDIUM,"{""revenue_previous_30d"": 6546.9, ""revenue_30d"": 0.0, ""orders_previous_30d"": 3, ""orders_30d"": 0, ""days_since_last_order"": 32}","Prioritize a win-back visit, diagnose the reason for inactivity, and attempt a targeted reorder based on the outlet's prior mix.",0.0,6546.9,0.0,0.0,0.0,2.0,1.0,,,,,6546.9,0.0,,,3.0,0.0,,32.0,,,
936,321,OPP-001026,1571,Cross-Sell,52.68,P3,Monitor,98.0,HIGH,"{""target_category"": ""Snacks"", ""territory_category_rank"": 1, ""territory_category_orders_90d"": 423, ""current_category_count_90d"": 1}","Introduce Snacks during the next outlet visit and assess fit, expected demand, and an initial reorder quantity.",0.0,815.1,0.0,0.0,0.0,0.0,0.0,Snacks,1.0,423.0,1.0,,,,,,,,,,,
937,322,OPP-000360,577,Cross-Sell,52.64,P3,Monitor,80.0,HIGH,"{""target_category"": ""Home Care"", ""territory_category_rank"": 3, ""territory_category_orders_90d"": 1007, ""current_category_count_90d"": 3}","Introduce Home Care during the next outlet visit and assess fit, expected demand, and an initial reorder quantity.",0.0,1698.92,0.0,0.0,0.0,0.0,0.0,Home Care,3.0,1007.0,3.0,,,,,,,,,,,
938,323,OPP-000527,831,Cross-Sell,52.64,P3,Monitor,80.0,HIGH,"{""target_category"": ""Home Care"", ""territory_category_rank"": 3, ""territory_category_orders_90d"": 1007, ""current_category_count_90d"": 3}","Introduce Home Care during the next outlet visit and assess fit, expected demand, and an initial reorder quantity.",487.29,0.0,487.29,2.8932577931940253,0.3340920777484488,1.0,0.0,Home Care,3.0,1007.0,3.0,,,,,,,,,,,
939,324,OPP-000735,1134,Cross-Sell,52.64,P3,Monitor,80.0,HIGH,"{""target_category"": ""Home Care"", ""territory_category_rank"": 3, ""territory_category_orders_90d"": 1007, ""current_category_count_90d"": 3}","Introduce Home Care during the next outlet visit and assess fit, expected demand, and an initial reorder quantity.",0.0,0.0,0.0,0.0,0.0,2.0,1.0,Home Care,3.0,1007.0,3.0,,,,,,,,,,,
940,325,OPP-000876,1354,Cross-Sell,52.64,P3,Monitor,80.0,HIGH,"{""target_category"": ""Home Care"", ""territory_category_rank"": 3, ""territory_category_orders_90d"": 1007, ""current_category_count_90d"": 3}","Introduce Home Care during the next outlet visit and assess fit, expected demand, and an initial reorder quantity.",3735.72,0.0,1867.86,9.092537621490372,0.8549575693217498,2.0,2.0,Home Care,3.0,1007.0,3.0,,,,,,,,,,,
941,326,OPP-001051,1611,Cross-Sell,52.64,P3,Monitor,80.0,HIGH,"{""target_category"": ""Home Care"", ""territory_category_rank"": 3, ""territory_category_orders_90d"": 1007, ""current_category_count_90d"": 3}","Introduce Home Care during the next outlet visit and assess fit, expected demand, and an initial reorder quantity.",1777.68,1754.15,1777.68,9.08623922987161,1.2187994926468069,1.0,1.0,Home Care,3.0,1007.0,3.0,,,,,,,,,,,
942,320,OPP-002022,2949,Revenue Recovery,52.54,P3,Monitor,76.12,MEDIUM,"{""revenue_previous_30d"": 4405.51, ""revenue_30d"": 580.52, ""revenue_growth_30d"": -0.8682, ""revenue_gap_vs_previous_30d"": 3824.99, ""orders_previous_30d"": 2, ""orders_30d"": 1, ""revenue_index_vs_peer"": 0.477}","Review the outlet's recent order decline, identify the lost SKU/category demand, and schedule a recovery visit with a targeted reorder proposal.",580.52,4405.51,580.52,2.722121953426825,0.4770756802511444,1.0,0.0,,,,,4405.51,580.52,-0.8682,3824.99,2.0,1.0,0.477,,,,
943,187,OPP-000308,491,Inactive Outlet,52.48,P3,Monitor,70.0,MEDIUM,"{""revenue_previous_30d"": 6529.8, ""revenue_30d"": 0.0, ""orders_previous_30d"": 3, ""orders_30d"": 0, ""days_since_last_order"": 32}","Prioritize a win-back visit, diagnose the reason for inactivity, and attempt a targeted reorder based on the outlet's prior mix.",0.0,6529.8,0.0,0.0,0.0,0.0,0.0,,,,,6529.8,0.0,,,3.0,0.0,,32.0,,,
944,327,OPP-000667,1042,Cross-Sell,52.42,P3,Monitor,87.0,HIGH,"{""target_category"": ""Home Care"", ""territory_category_rank"": 2, ""territory_category_orders_90d"": 821, ""current_category_count_90d"": 3}","Introduce Home Care during the next outlet visit and assess fit, expected demand, and an initial reorder quantity.",0.0,2907.8900000000003,0.0,0.0,0.0,1.0,0.0,Home Care,2.0,821.0,3.0,,,,,,,,,,,
945,328,OPP-000695,1083,Cross-Sell,52.42,P3,Monitor,87.0,HIGH,"{""target_category"": ""Home Care"", ""territory_category_rank"": 2, ""territory_category_orders_90d"": 821, ""current_category_count_90d"": 3}","Introduce Home Care during the next outlet visit and assess fit, expected demand, and an initial reorder quantity.",6724.320000000001,2079.9,0.0,20.065361505463105,1.3354517361635196,0.0,0.0,Home Care,2.0,821.0,3.0,,,,,,,,,,,
947,329,OPP-001731,2552,Cross-Sell,52.42,P3,Monitor,87.0,HIGH,"{""target_category"": ""Home Care"", ""territory_category_rank"": 2, ""territory_category_orders_90d"": 821, ""current_category_count_90d"": 3}","Introduce Home Care during the next outlet visit and assess fit, expected demand, and an initial reorder quantity.",0.0,3879.44,0.0,0.0,0.0,1.0,0.0,Home Care,2.0,821.0,3.0,,,,,,,,,,,
946,321,OPP-001293,1943,Revenue Recovery,52.42,P3,Monitor,60.0,MEDIUM,"{""revenue_previous_30d"": 11773.16, ""revenue_30d"": 3903.1, ""revenue_growth_30d"": -0.6685, ""revenue_gap_vs_previous_30d"": 7870.06, ""orders_previous_30d"": 3, ""orders_30d"": 1, ""revenue_index_vs_peer"": 0.851}","Review the outlet's recent order decline, identify the lost SKU/category demand, and schedule a recovery visit with a targeted reorder proposal.",3903.1,11773.16,780.62,11.229903289503405,0.8509093683745823,5.0,4.0,,,,,11773.16,3903.1,-0.6685,7870.06,3.0,1.0,0.851,,,,
948,188,OPP-001334,2007,Inactive Outlet,52.37,P3,Monitor,70.0,MEDIUM,"{""revenue_previous_30d"": 7677.89, ""revenue_30d"": 0.0, ""orders_previous_30d"": 2, ""orders_30d"": 0, ""days_since_last_order"": 30}","Prioritize a win-back visit, diagnose the reason for inactivity, and attempt a targeted reorder based on the outlet's prior mix.",0.0,7677.89,0.0,43.98170191774442,0.0,2.0,1.0,,,,,7677.89,0.0,,,2.0,0.0,,30.0,,,
949,189,OPP-000299,474,Inactive Outlet,52.33,P3,Monitor,70.0,MEDIUM,"{""revenue_previous_30d"": 7502.34, ""revenue_30d"": 0.0, ""orders_previous_30d"": 2, ""orders_30d"": 0, ""days_since_last_order"": 31}","Prioritize a win-back visit, diagnose the reason for inactivity, and attempt a targeted reorder based on the outlet's prior mix.",0.0,7502.339999999999,0.0,0.0,0.0,1.0,0.0,,,,,7502.34,0.0,,,2.0,0.0,,31.0,,,
950,322,OPP-002006,2935,Revenue Recovery,52.3,P3,Monitor,60.0,MEDIUM,"{""revenue_previous_30d"": 35860.07, ""revenue_30d"": 19077.34, ""revenue_growth_30d"": -0.468, ""revenue_gap_vs_previous_30d"": 16782.73, ""orders_previous_30d"": 6, ""orders_30d"": 3, ""revenue_index_vs_peer"": 0.943}","Review the outlet's recent order decline, identify the lost SKU/category demand, and schedule a recovery visit with a targeted reorder proposal.",19077.34,35860.07,9538.67,31.327924298028563,0.9430954354836236,2.0,1.0,,,,,35860.07,19077.34,-0.468,16782.73,6.0,3.0,0.943,,,,
951,323,OPP-000561,881,Revenue Recovery,52.28,P3,Monitor,60.0,MEDIUM,"{""revenue_previous_30d"": 32392.86, ""revenue_30d"": 15214.34, ""revenue_growth_30d"": -0.5303, ""revenue_gap_vs_previous_30d"": 17178.52, ""orders_previous_30d"": 5, ""orders_30d"": 6, ""revenue_index_vs_peer"": 0.793}","Review the outlet's recent order decline, identify the lost SKU/category demand, and schedule a recovery visit with a targeted reorder proposal.",15214.339999999998,32392.86,3803.585,23.301290563081004,0.7933099405812973,4.0,4.0,,,,,32392.86,15214.34,-0.5303,17178.52,5.0,6.0,0.793,,,,
952,324,OPP-001294,1944,Revenue Recovery,52.22,P3,Monitor,60.0,MEDIUM,"{""revenue_previous_30d"": 11632.83, ""revenue_30d"": 3444.7, ""revenue_growth_30d"": -0.7039, ""revenue_gap_vs_previous_30d"": 8188.13, ""orders_previous_30d"": 3, ""orders_30d"": 2, ""revenue_index_vs_peer"": 0.788}","Review the outlet's recent order decline, identify the lost SKU/category demand, and schedule a recovery visit with a targeted reorder proposal.",3444.7,11632.830000000002,0.0,8.76445529573135,0.7883546783598963,0.0,0.0,,,,,11632.83,3444.7,-0.7039,8188.13,3.0,2.0,0.788,,,,
953,190,OPP-000220,365,Inactive Outlet,52.19,P3,Monitor,70.0,MEDIUM,"{""revenue_previous_30d"": 5468.46, ""revenue_30d"": 0.0, ""orders_previous_30d"": 2, ""orders_30d"": 0, ""days_since_last_order"": 42}","Prioritize a win-back visit, diagnose the reason for inactivity, and attempt a targeted reorder based on the outlet's prior mix.",0.0,5468.459999999999,0.0,0.0,0.0,1.0,0.0,,,,,5468.46,0.0,,,2.0,0.0,,42.0,,,
954,325,OPP-000789,1218,Revenue Recovery,52.17,P3,Monitor,76.27,MEDIUM,"{""revenue_previous_30d"": 2986.47, ""revenue_30d"": 606.08, ""revenue_growth_30d"": -0.7971, ""revenue_gap_vs_previous_30d"": 2380.39, ""orders_previous_30d"": 2, ""orders_30d"": 1, ""revenue_index_vs_peer"": 0.135}","Review the outlet's recent order decline, identify the lost SKU/category demand, and schedule a recovery visit with a targeted reorder proposal.",606.08,2986.47,151.52,1.817243060457033,0.1348852736296263,4.0,2.0,,,,,2986.47,606.08,-0.7971,2380.39,2.0,1.0,0.135,,,,
955,326,OPP-001446,2163,Revenue Recovery,52.15,P3,Monitor,60.0,MEDIUM,"{""revenue_previous_30d"": 20553.53, ""revenue_30d"": 7810.37, ""revenue_growth_30d"": -0.62, ""revenue_gap_vs_previous_30d"": 12743.16, ""orders_previous_30d"": 5, ""orders_30d"": 3, ""revenue_index_vs_peer"": 1.381}","Review the outlet's recent order decline, identify the lost SKU/category demand, and schedule a recovery visit with a targeted reorder proposal.",7810.37,20553.53,7810.37,17.898897333488556,1.3808291300481408,1.0,0.0,,,,,20553.53,7810.37,-0.62,12743.16,5.0,3.0,1.381,,,,
957,330,OPP-000899,1402,Cross-Sell,52.12,P3,Monitor,73.0,MEDIUM,"{""target_category"": ""Personal Care"", ""territory_category_rank"": 4, ""territory_category_orders_90d"": 1691, ""current_category_count_90d"": 3}","Introduce Personal Care during the next outlet visit and assess fit, expected demand, and an initial reorder quantity.",448.47,2600.32,448.47,2.762309112287832,0.3685560020709549,1.0,0.0,Personal Care,4.0,1691.0,3.0,,,,,,,,,,,
956,327,OPP-000678,1058,Revenue Recovery,52.12,P3,Monitor,72.88,MEDIUM,"{""revenue_previous_30d"": 5744.77, ""revenue_30d"": 902.42, ""revenue_growth_30d"": -0.8429, ""revenue_gap_vs_previous_30d"": 4842.35, ""orders_previous_30d"": 3, ""orders_30d"": 1, ""revenue_index_vs_peer"": 0.742}","Review the outlet's recent order decline, identify the lost SKU/category demand, and schedule a recovery visit with a targeted reorder proposal.",902.42,5744.77,451.21,5.244264938763058,0.7416155091508263,2.0,2.0,,,,,5744.77,902.42,-0.8429,4842.35,3.0,1.0,0.742,,,,
958,328,OPP-000432,683,Revenue Recovery,52.07,P3,Monitor,60.0,MEDIUM,"{""revenue_previous_30d"": 20485.9, ""revenue_30d"": 8898.28, ""revenue_growth_30d"": -0.5656, ""revenue_gap_vs_previous_30d"": 11587.62, ""orders_previous_30d"": 6, ""orders_30d"": 2, ""revenue_index_vs_peer"": 1.98}","Review the outlet's recent order decline, identify the lost SKU/category demand, and schedule a recovery visit with a targeted reorder proposal.",8898.279999999999,20485.9,8898.279999999999,20.46859602455234,1.9803440678343307,1.0,1.0,,,,,20485.9,8898.28,-0.5656,11587.62,6.0,2.0,1.98,,,,
959,329,OPP-000605,938,Revenue Recovery,52.0,P3,Monitor,60.0,MEDIUM,"{""revenue_previous_30d"": 17351.53, ""revenue_30d"": 9625.32, ""revenue_growth_30d"": -0.4453, ""revenue_gap_vs_previous_30d"": 7726.21, ""orders_previous_30d"": 4, ""orders_30d"": 2, ""revenue_index_vs_peer"": 0.442}","Review the outlet's recent order decline, identify the lost SKU/category demand, and schedule a recovery visit with a targeted reorder proposal.",9625.32,17351.53,9625.32,13.203148897762327,0.4416352026384359,1.0,1.0,,,,,17351.53,9625.32,-0.4453,7726.21,4.0,2.0,0.442,,,,
960,191,OPP-001290,1939,Inactive Outlet,51.98,P3,Monitor,70.0,MEDIUM,"{""revenue_previous_30d"": 5566.0, ""revenue_30d"": 0.0, ""orders_previous_30d"": 2, ""orders_30d"": 0, ""days_since_last_order"": 41}","Prioritize a win-back visit, diagnose the reason for inactivity, and attempt a targeted reorder based on the outlet's prior mix.",0.0,5566.0,0.0,0.0,0.0,1.0,0.0,,,,,5566.0,0.0,,,2.0,0.0,,41.0,,,
961,192,OPP-000258,416,Inactive Outlet,51.9,P3,Monitor,70.0,MEDIUM,"{""revenue_previous_30d"": 5209.39, ""revenue_30d"": 0.0, ""orders_previous_30d"": 3, ""orders_30d"": 0, ""days_since_last_order"": 39}","Prioritize a win-back visit, diagnose the reason for inactivity, and attempt a targeted reorder based on the outlet's prior mix.",0.0,5209.389999999999,0.0,0.0,0.0,0.0,0.0,,,,,5209.39,0.0,,,3.0,0.0,,39.0,,,
962,193,OPP-000397,626,Inactive Outlet,51.9,P3,Monitor,70.0,MEDIUM,"{""revenue_previous_30d"": 5973.17, ""revenue_30d"": 0.0, ""orders_previous_30d"": 4, ""orders_30d"": 0, ""days_since_last_order"": 31}","Prioritize a win-back visit, diagnose the reason for inactivity, and attempt a targeted reorder based on the outlet's prior mix.",0.0,5973.17,0.0,0.0,0.0,0.0,0.0,,,,,5973.17,0.0,,,4.0,0.0,,31.0,,,
963,331,OPP-001021,1567,Cross-Sell,51.88,P3,Monitor,89.0,HIGH,"{""target_category"": ""Beverages"", ""territory_category_rank"": 2, ""territory_category_orders_90d"": 708, ""current_category_count_90d"": 2}","Introduce Beverages during the next outlet visit and assess fit, expected demand, and an initial reorder quantity.",0.0,1409.13,0.0,0.0,0.0,1.0,0.0,Beverages,2.0,708.0,2.0,,,,,,,,,,,
964,332,OPP-001037,1586,Cross-Sell,51.88,P3,Monitor,89.0,HIGH,"{""target_category"": ""Beverages"", ""territory_category_rank"": 2, ""territory_category_orders_90d"": 708, ""current_category_count_90d"": 2}","Introduce Beverages during the next outlet visit and assess fit, expected demand, and an initial reorder quantity.",0.0,0.0,0.0,0.0,0.0,2.0,0.0,Beverages,2.0,708.0,2.0,,,,,,,,,,,
965,333,OPP-002020,2947,Cross-Sell,51.88,P3,Monitor,89.0,HIGH,"{""target_category"": ""Beverages"", ""territory_category_rank"": 2, ""territory_category_orders_90d"": 708, ""current_category_count_90d"": 2}","Introduce Beverages during the next outlet visit and assess fit, expected demand, and an initial reorder quantity.",0.0,0.0,0.0,0.0,0.0,4.0,3.0,Beverages,2.0,708.0,2.0,,,,,,,,,,,
966,330,OPP-001323,1992,Revenue Recovery,51.86,P3,Monitor,60.0,MEDIUM,"{""revenue_previous_30d"": 9480.63, ""revenue_30d"": 3056.28, ""revenue_growth_30d"": -0.6776, ""revenue_gap_vs_previous_30d"": 6424.35, ""orders_previous_30d"": 2, ""orders_30d"": 1, ""revenue_index_vs_peer"": 0.666}","Review the outlet's recent order decline, identify the lost SKU/category demand, and schedule a recovery visit with a targeted reorder proposal.",3056.28,9480.63,1528.14,8.26502556758027,0.6662953253505851,2.0,1.0,,,,,9480.63,3056.28,-0.6776,6424.35,2.0,1.0,0.666,,,,
967,331,OPP-001596,2368,Revenue Recovery,51.75,P3,Monitor,60.0,MEDIUM,"{""revenue_previous_30d"": 22259.45, ""revenue_30d"": 12595.29, ""revenue_growth_30d"": -0.4342, ""revenue_gap_vs_previous_30d"": 9664.16, ""orders_previous_30d"": 5, ""orders_30d"": 3, ""revenue_index_vs_peer"": 0.572}","Review the outlet's recent order decline, identify the lost SKU/category demand, and schedule a recovery visit with a targeted reorder proposal.",12595.29,22259.45,3148.8225,17.731171780338997,0.5720264393207234,4.0,3.0,,,,,22259.45,12595.29,-0.4342,9664.16,5.0,3.0,0.572,,,,
968,194,OPP-000184,298,Inactive Outlet,51.67,P3,Monitor,70.0,MEDIUM,"{""revenue_previous_30d"": 6879.19, ""revenue_30d"": 0.0, ""orders_previous_30d"": 1, ""orders_30d"": 0, ""days_since_last_order"": 40}","Prioritize a win-back visit, diagnose the reason for inactivity, and attempt a targeted reorder based on the outlet's prior mix.",0.0,6879.19,0.0,0.0,0.0,1.0,1.0,,,,,6879.19,0.0,,,1.0,0.0,,40.0,,,
969,195,OPP-001020,1566,Inactive Outlet,51.67,P3,Monitor,70.0,MEDIUM,"{""revenue_previous_30d"": 6382.44, ""revenue_30d"": 0.0, ""orders_previous_30d"": 2, ""orders_30d"": 0, ""days_since_last_order"": 37}","Prioritize a win-back visit, diagnose the reason for inactivity, and attempt a targeted reorder based on the outlet's prior mix.",0.0,6382.4400000000005,0.0,0.0,0.0,1.0,0.0,,,,,6382.44,0.0,,,2.0,0.0,,37.0,,,
970,332,OPP-001714,2534,Revenue Recovery,51.67,P3,Monitor,60.0,MEDIUM,"{""revenue_previous_30d"": 40442.26, ""revenue_30d"": 21588.62, ""revenue_growth_30d"": -0.4662, ""revenue_gap_vs_previous_30d"": 18853.64, ""orders_previous_30d"": 7, ""orders_30d"": 4, ""revenue_index_vs_peer"": 1.086}","Review the outlet's recent order decline, identify the lost SKU/category demand, and schedule a recovery visit with a targeted reorder proposal.",21588.62,40442.26,4317.724,49.65071181737592,1.085589549514395,5.0,4.0,,,,,40442.26,21588.62,-0.4662,18853.64,7.0,4.0,1.086,,,,
971,333,OPP-002042,2975,Revenue Recovery,51.64,P3,Monitor,64.4,MEDIUM,"{""revenue_previous_30d"": 9387.1, ""revenue_30d"": 1756.18, ""revenue_growth_30d"": -0.8129, ""revenue_gap_vs_previous_30d"": 7630.92, ""orders_previous_30d"": 4, ""orders_30d"": 2, ""revenue_index_vs_peer"": 1.216}","Review the outlet's recent order decline, identify the lost SKU/category demand, and schedule a recovery visit with a targeted reorder proposal.",1756.1835,9387.1,0.0,8.929717853450981,1.216168292902502,0.0,0.0,,,,,9387.1,1756.18,-0.8129,7630.92,4.0,2.0,1.216,,,,
972,334,OPP-000836,1290,Cross-Sell,51.62,P3,Monitor,96.0,HIGH,"{""target_category"": ""Snacks"", ""territory_category_rank"": 1, ""territory_category_orders_90d"": 579, ""current_category_count_90d"": 2}","Introduce Snacks during the next outlet visit and assess fit, expected demand, and an initial reorder quantity.",0.0,0.0,0.0,0.0,0.0,2.0,0.0,Snacks,1.0,579.0,2.0,,,,,,,,,,,
974,335,OPP-001829,2682,Cross-Sell,51.57,P3,Monitor,91.0,HIGH,"{""target_category"": ""Beverages"", ""territory_category_rank"": 2, ""territory_category_orders_90d"": 611, ""current_category_count_90d"": 1}","Introduce Beverages during the next outlet visit and assess fit, expected demand, and an initial reorder quantity.",244.19,353.79,122.095,1.3772220035170797,0.1710732800896735,2.0,2.0,Beverages,2.0,611.0,1.0,,,,,,,,,,,
973,334,OPP-000552,870,Revenue Recovery,51.57,P3,Monitor,61.02,MEDIUM,"{""revenue_previous_30d"": 7608.28, ""revenue_30d"": 2337.53, ""revenue_growth_30d"": -0.6928, ""revenue_gap_vs_previous_30d"": 5270.75, ""orders_previous_30d"": 4, ""orders_30d"": 3, ""revenue_index_vs_peer"": 0.415}","Review the outlet's recent order decline, identify the lost SKU/category demand, and schedule a recovery visit with a targeted reorder proposal.",2337.53,7608.280000000001,779.1766666666666,6.427125172121014,0.4147211246915135,3.0,2.0,,,,,7608.28,2337.53,-0.6928,5270.75,4.0,3.0,0.415,,,,
975,196,OPP-001018,1563,Inactive Outlet,51.51,P3,Monitor,70.0,MEDIUM,"{""revenue_previous_30d"": 5818.61, ""revenue_30d"": 0.0, ""orders_previous_30d"": 3, ""orders_30d"": 0, ""days_since_last_order"": 34}","Prioritize a win-back visit, diagnose the reason for inactivity, and attempt a targeted reorder based on the outlet's prior mix.",0.0,5818.610000000001,0.0,0.0,0.0,2.0,1.0,,,,,5818.61,0.0,,,3.0,0.0,,34.0,,,
977,336,OPP-000577,901,Revenue Recovery,51.48,P3,Monitor,76.83,MEDIUM,"{""revenue_previous_30d"": 3412.6, ""revenue_30d"": 495.31, ""revenue_growth_30d"": -0.8549, ""revenue_gap_vs_previous_30d"": 2917.29, ""orders_previous_30d"": 2, ""orders_30d"": 1, ""revenue_index_vs_peer"": 0.367}","Review the outlet's recent order decline, identify the lost SKU/category demand, and schedule a recovery visit with a targeted reorder proposal.",495.31,3412.6,0.0,2.897661325046334,0.3673997700552608,0.0,0.0,,,,,3412.6,495.31,-0.8549,2917.29,2.0,1.0,0.367,,,,
976,335,OPP-000233,380,Revenue Recovery,51.48,P3,Monitor,60.0,MEDIUM,"{""revenue_previous_30d"": 17756.45, ""revenue_30d"": 5542.29, ""revenue_growth_30d"": -0.6879, ""revenue_gap_vs_previous_30d"": 12214.16, ""orders_previous_30d"": 5, ""orders_30d"": 4, ""revenue_index_vs_peer"": 1.146}","Review the outlet's recent order decline, identify the lost SKU/category demand, and schedule a recovery visit with a targeted reorder proposal.",5542.29,17756.45,1385.5725,17.007697866784095,1.1461431880221689,4.0,3.0,,,,,17756.45,5542.29,-0.6879,12214.16,5.0,4.0,1.146,,,,
978,337,OPP-001188,1800,Revenue Recovery,51.4,P3,Monitor,60.0,MEDIUM,"{""revenue_previous_30d"": 18209.08, ""revenue_30d"": 9988.94, ""revenue_growth_30d"": -0.4514, ""revenue_gap_vs_previous_30d"": 8220.14, ""orders_previous_30d"": 3, ""orders_30d"": 2, ""revenue_index_vs_peer"": 0.465}","Review the outlet's recent order decline, identify the lost SKU/category demand, and schedule a recovery visit with a targeted reorder proposal.",9988.94,18209.08,0.0,15.004991679532672,0.4651062303144084,0.0,0.0,,,,,18209.08,9988.94,-0.4514,8220.14,3.0,2.0,0.465,,,,
979,338,OPP-001515,2256,Revenue Recovery,51.37,P3,Monitor,63.39,MEDIUM,"{""revenue_previous_30d"": 7870.42, ""revenue_30d"": 2665.53, ""revenue_growth_30d"": -0.6613, ""revenue_gap_vs_previous_30d"": 5204.89, ""orders_previous_30d"": 4, ""orders_30d"": 1, ""revenue_index_vs_peer"": 0.61}","Review the outlet's recent order decline, identify the lost SKU/category demand, and schedule a recovery visit with a targeted reorder proposal.",2665.53,7870.42,1332.765,7.051521159087194,0.6100336882191931,2.0,1.0,,,,,7870.42,2665.53,-0.6613,5204.89,4.0,1.0,0.61,,,,
980,339,OPP-000754,1169,Revenue Recovery,51.22,P3,Monitor,60.0,MEDIUM,"{""revenue_previous_30d"": 9912.75, ""revenue_30d"": 3590.86, ""revenue_growth_30d"": -0.6378, ""revenue_gap_vs_previous_30d"": 6321.89, ""orders_previous_30d"": 3, ""orders_30d"": 1, ""revenue_index_vs_peer"": 0.713}","Review the outlet's recent order decline, identify the lost SKU/category demand, and schedule a recovery visit with a targeted reorder proposal.",3590.86,9912.75,0.0,8.636066398571808,0.7131457487627204,0.0,0.0,,,,,9912.75,3590.86,-0.6378,6321.89,3.0,1.0,0.713,,,,
981,340,OPP-000676,1055,Revenue Recovery,51.14,P3,Monitor,60.0,MEDIUM,"{""revenue_previous_30d"": 21281.17, ""revenue_30d"": 13086.01, ""revenue_growth_30d"": -0.3851, ""revenue_gap_vs_previous_30d"": 8195.16, ""orders_previous_30d"": 5, ""orders_30d"": 1, ""revenue_index_vs_peer"": 0.6}","Review the outlet's recent order decline, identify the lost SKU/category demand, and schedule a recovery visit with a targeted reorder proposal.",13086.01,21281.17,6543.005,19.41589449251348,0.6004208356790838,2.0,2.0,,,,,21281.17,13086.01,-0.3851,8195.16,5.0,1.0,0.6,,,,
982,336,OPP-000054,85,Cross-Sell,51.1,P3,Monitor,82.0,HIGH,"{""target_category"": ""Home Care"", ""territory_category_rank"": 3, ""territory_category_orders_90d"": 825, ""current_category_count_90d"": 2}","Introduce Home Care during the next outlet visit and assess fit, expected demand, and an initial reorder quantity.",1466.2,0.0,488.73333333333335,7.468768911338551,0.8407785028614683,3.0,2.0,Home Care,3.0,825.0,2.0,,,,,,,,,,,
983,337,OPP-000296,472,Cross-Sell,51.1,P3,Monitor,82.0,HIGH,"{""target_category"": ""Home Care"", ""territory_category_rank"": 3, ""territory_category_orders_90d"": 825, ""current_category_count_90d"": 2}","Introduce Home Care during the next outlet visit and assess fit, expected demand, and an initial reorder quantity.",0.0,0.0,0.0,0.0,0.0,2.0,1.0,Home Care,3.0,825.0,2.0,,,,,,,,,,,
984,341,OPP-000992,1528,Revenue Recovery,51.04,P3,Monitor,60.0,MEDIUM,"{""revenue_previous_30d"": 27277.66, ""revenue_30d"": 13815.76, ""revenue_growth_30d"": -0.4935, ""revenue_gap_vs_previous_30d"": 13461.9, ""orders_previous_30d"": 3, ""orders_30d"": 3, ""revenue_index_vs_peer"": 0.695}","Review the outlet's recent order decline, identify the lost SKU/category demand, and schedule a recovery visit with a targeted reorder proposal.",13815.76,27277.66,6907.88,33.69891314708536,0.6947291987444774,2.0,1.0,,,,,27277.66,13815.76,-0.4935,13461.9,3.0,3.0,0.695,,,,
985,342,OPP-001752,2574,Revenue Recovery,51.02,P3,Monitor,67.56,MEDIUM,"{""revenue_previous_30d"": 5401.88, ""revenue_30d"": 1758.12, ""revenue_growth_30d"": -0.6745, ""revenue_gap_vs_previous_30d"": 3643.76, ""orders_previous_30d"": 3, ""orders_30d"": 1, ""revenue_index_vs_peer"": 0.311}","Review the outlet's recent order decline, identify the lost SKU/category demand, and schedule a recovery visit with a targeted reorder proposal.",1758.12,5401.88,0.0,4.12661893603872,0.3108256471998429,0.0,0.0,,,,,5401.88,1758.12,-0.6745,3643.76,3.0,1.0,0.311,,,,
986,343,OPP-000923,1424,Revenue Recovery,51.01,P3,Monitor,62.68,MEDIUM,"{""revenue_previous_30d"": 6619.73, ""revenue_30d"": 1612.49, ""revenue_growth_30d"": -0.7564, ""revenue_gap_vs_previous_30d"": 5007.24, ""orders_previous_30d"": 2, ""orders_30d"": 3, ""revenue_index_vs_peer"": 0.352}","Review the outlet's recent order decline, identify the lost SKU/category demand, and schedule a recovery visit with a targeted reorder proposal.",1612.49,6619.73,0.0,4.124122931084136,0.3515366881223464,0.0,0.0,,,,,6619.73,1612.49,-0.7564,5007.24,2.0,3.0,0.352,,,,
987,344,OPP-000034,55,Revenue Recovery,50.95,P3,Monitor,60.0,MEDIUM,"{""revenue_previous_30d"": 46301.34, ""revenue_30d"": 25888.05, ""revenue_growth_30d"": -0.4409, ""revenue_gap_vs_previous_30d"": 20413.29, ""orders_previous_30d"": 6, ""orders_30d"": 4, ""revenue_index_vs_peer"": 1.176}","Review the outlet's recent order decline, identify the lost SKU/category demand, and schedule a recovery visit with a targeted reorder proposal.",25888.05,46301.34,8629.35,39.56197363253342,1.175729106869064,3.0,3.0,,,,,46301.34,25888.05,-0.4409,20413.29,6.0,4.0,1.176,,,,
988,345,OPP-001427,2136,Revenue Recovery,50.91,P3,Monitor,80.46,HIGH,"{""revenue_previous_30d"": 1984.27, ""revenue_30d"": 95.38, ""revenue_growth_30d"": -0.9519, ""revenue_gap_vs_previous_30d"": 1888.89, ""orders_previous_30d"": 1, ""orders_30d"": 1, ""revenue_index_vs_peer"": 0.078}","Review the outlet's recent order decline, identify the lost SKU/category demand, and schedule a recovery visit with a targeted reorder proposal.",95.38,1984.27,95.38,0.5171940730361754,0.0783839977646836,1.0,0.0,,,,,1984.27,95.38,-0.9519,1888.89,1.0,1.0,0.078,,,,
989,338,OPP-000080,132,Cross-Sell,50.85,P3,Monitor,92.0,HIGH,"{""target_category"": ""Snacks"", ""territory_category_rank"": 1, ""territory_category_orders_90d"": 756, ""current_category_count_90d"": 4}","Introduce Snacks during the next outlet visit and assess fit, expected demand, and an initial reorder quantity.",0.0,0.0,0.0,0.0,0.0,0.0,0.0,Snacks,1.0,756.0,4.0,,,,,,,,,,,
990,339,OPP-000462,732,Cross-Sell,50.85,P3,Monitor,92.0,HIGH,"{""target_category"": ""Snacks"", ""territory_category_rank"": 1, ""territory_category_orders_90d"": 756, ""current_category_count_90d"": 4}","Introduce Snacks during the next outlet visit and assess fit, expected demand, and an initial reorder quantity.",10829.35,0.0,3609.783333333333,27.99444110254568,2.410110609129148,3.0,2.0,Snacks,1.0,756.0,4.0,,,,,,,,,,,
991,340,OPP-001507,2240,Cross-Sell,50.85,P3,Monitor,92.0,HIGH,"{""target_category"": ""Snacks"", ""territory_category_rank"": 1, ""territory_category_orders_90d"": 756, ""current_category_count_90d"": 4}","Introduce Snacks during the next outlet visit and assess fit, expected demand, and an initial reorder quantity.",8348.8,5138.98,0.0,19.52244281206609,1.858055326819932,0.0,0.0,Snacks,1.0,756.0,4.0,,,,,,,,,,,
992,341,OPP-001535,2283,Cross-Sell,50.85,P3,Monitor,92.0,HIGH,"{""target_category"": ""Snacks"", ""territory_category_rank"": 1, ""territory_category_orders_90d"": 756, ""current_category_count_90d"": 4}","Introduce Snacks during the next outlet visit and assess fit, expected demand, and an initial reorder quantity.",0.0,0.0,0.0,0.0,0.0,5.0,1.0,Snacks,1.0,756.0,4.0,,,,,,,,,,,
993,342,OPP-001543,2292,Cross-Sell,50.85,P3,Monitor,92.0,HIGH,"{""target_category"": ""Snacks"", ""territory_category_rank"": 1, ""territory_category_orders_90d"": 756, ""current_category_count_90d"": 4}","Introduce Snacks during the next outlet visit and assess fit, expected demand, and an initial reorder quantity.",0.0,9725.29,0.0,0.0,0.0,0.0,0.0,Snacks,1.0,756.0,4.0,,,,,,,,,,,
994,343,OPP-001550,2303,Cross-Sell,50.85,P3,Monitor,92.0,HIGH,"{""target_category"": ""Snacks"", ""territory_category_rank"": 1, ""territory_category_orders_90d"": 756, ""current_category_count_90d"": 4}","Introduce Snacks during the next outlet visit and assess fit, expected demand, and an initial reorder quantity.",4797.77,0.0,1599.2566666666664,11.060656708985658,1.0677608884338905,3.0,1.0,Snacks,1.0,756.0,4.0,,,,,,,,,,,
995,197,OPP-000721,1114,Inactive Outlet,50.83,P3,Monitor,70.0,MEDIUM,"{""revenue_previous_30d"": 4161.78, ""revenue_30d"": 0.0, ""orders_previous_30d"": 1, ""orders_30d"": 0, ""days_since_last_order"": 55}","Prioritize a win-back visit, diagnose the reason for inactivity, and attempt a targeted reorder based on the outlet's prior mix.",0.0,4161.78,0.0,0.0,0.0,0.0,0.0,,,,,4161.78,0.0,,,1.0,0.0,,55.0,,,
996,346,OPP-001922,2807,Revenue Recovery,50.83,P3,Monitor,60.0,MEDIUM,"{""revenue_previous_30d"": 9328.38, ""revenue_30d"": 3246.16, ""revenue_growth_30d"": -0.652, ""revenue_gap_vs_previous_30d"": 6082.22, ""orders_previous_30d"": 3, ""orders_30d"": 2, ""revenue_index_vs_peer"": 0.552}","Review the outlet's recent order decline, identify the lost SKU/category demand, and schedule a recovery visit with a targeted reorder proposal.",3246.16,9328.38,1623.08,9.529336786740371,0.5515474339696375,2.0,1.0,,,,,9328.38,3246.16,-0.652,6082.22,3.0,2.0,0.552,,,,
997,198,OPP-001639,2424,Inactive Outlet,50.79,P3,Monitor,70.0,MEDIUM,"{""revenue_previous_30d"": 5446.93, ""revenue_30d"": 0.0, ""orders_previous_30d"": 3, ""orders_30d"": 0, ""days_since_last_order"": 36}","Prioritize a win-back visit, diagnose the reason for inactivity, and attempt a targeted reorder based on the outlet's prior mix.",0.0,5446.93,0.0,0.0,0.0,1.0,1.0,,,,,5446.93,0.0,,,3.0,0.0,,36.0,,,
998,347,OPP-001789,2617,Revenue Recovery,50.74,P3,Monitor,82.92,HIGH,"{""revenue_previous_30d"": 1557.49, ""revenue_30d"": 38.77, ""revenue_growth_30d"": -0.9751, ""revenue_gap_vs_previous_30d"": 1518.72, ""orders_previous_30d"": 1, ""orders_30d"": 1, ""revenue_index_vs_peer"": 0.022}","Review the outlet's recent order decline, identify the lost SKU/category demand, and schedule a recovery visit with a targeted reorder proposal.",38.77,1557.49,38.77,0.1817980611332907,0.0222322892892778,1.0,1.0,,,,,1557.49,38.77,-0.9751,1518.72,1.0,1.0,0.022,,,,
999,199,OPP-001269,1905,Inactive Outlet,50.72,P3,Monitor,70.0,MEDIUM,"{""revenue_previous_30d"": 6045.71, ""revenue_30d"": 0.0, ""orders_previous_30d"": 3, ""orders_30d"": 0, ""days_since_last_order"": 32}","Prioritize a win-back visit, diagnose the reason for inactivity, and attempt a targeted reorder based on the outlet's prior mix.",0.0,6045.71,0.0,0.0,0.0,2.0,2.0,,,,,6045.71,0.0,,,3.0,0.0,,32.0,,,
1000,200,OPP-000285,453,Inactive Outlet,50.69,P3,Monitor,70.0,MEDIUM,"{""revenue_previous_30d"": 4977.07, ""revenue_30d"": 0.0, ""orders_previous_30d"": 1, ""orders_30d"": 0, ""days_since_last_order"": 50}","Prioritize a win-back visit, diagnose the reason for inactivity, and attempt a targeted reorder based on the outlet's prior mix.",0.0,4977.07,0.0,0.0,0.0,2.0,0.0,,,,,4977.07,0.0,,,1.0,0.0,,50.0,,,
1001,348,OPP-000362,578,Revenue Recovery,50.69,P3,Monitor,60.0,MEDIUM,"{""revenue_previous_30d"": 52196.61, ""revenue_30d"": 30238.72, ""revenue_growth_30d"": -0.4207, ""revenue_gap_vs_previous_30d"": 21957.89, ""orders_previous_30d"": 7, ""orders_30d"": 5, ""revenue_index_vs_peer"": 1.223}","Review the outlet's recent order decline, identify the lost SKU/category demand, and schedule a recovery visit with a targeted reorder proposal.",30238.72,52196.61,7559.68,50.437914370676985,1.222881139333469,4.0,4.0,,,,,52196.61,30238.72,-0.4207,21957.89,7.0,5.0,1.223,,,,
1002,344,OPP-000281,451,Cross-Sell,50.62,P3,Monitor,94.0,HIGH,"{""target_category"": ""Snacks"", ""territory_category_rank"": 1, ""territory_category_orders_90d"": 670, ""current_category_count_90d"": 3}","Introduce Snacks during the next outlet visit and assess fit, expected demand, and an initial reorder quantity.",1409.2,5819.71,0.0,3.232295429783818,0.2500181853988102,0.0,0.0,Snacks,1.0,670.0,3.0,,,,,,,,,,,
1003,345,OPP-000344,551,Cross-Sell,50.62,P3,Monitor,94.0,HIGH,"{""target_category"": ""Snacks"", ""territory_category_rank"": 1, ""territory_category_orders_90d"": 670, ""current_category_count_90d"": 3}","Introduce Snacks during the next outlet visit and assess fit, expected demand, and an initial reorder quantity.",0.0,1169.64,0.0,0.0,0.0,5.0,4.0,Snacks,1.0,670.0,3.0,,,,,,,,,,,
1004,346,OPP-001075,1646,Cross-Sell,50.62,P3,Monitor,94.0,HIGH,"{""target_category"": ""Snacks"", ""territory_category_rank"": 1, ""territory_category_orders_90d"": 670, ""current_category_count_90d"": 3}","Introduce Snacks during the next outlet visit and assess fit, expected demand, and an initial reorder quantity.",0.0,0.0,0.0,0.0,0.0,3.0,1.0,Snacks,1.0,670.0,3.0,,,,,,,,,,,
1005,347,OPP-001341,2017,Cross-Sell,50.62,P3,Monitor,94.0,HIGH,"{""target_category"": ""Snacks"", ""territory_category_rank"": 1, ""territory_category_orders_90d"": 670, ""current_category_count_90d"": 3}","Introduce Snacks during the next outlet visit and assess fit, expected demand, and an initial reorder quantity.",0.0,0.0,0.0,0.0,0.0,2.0,2.0,Snacks,1.0,670.0,3.0,,,,,,,,,,,
1006,348,OPP-001870,2747,Cross-Sell,50.62,P3,Monitor,94.0,HIGH,"{""target_category"": ""Snacks"", ""territory_category_rank"": 1, ""territory_category_orders_90d"": 670, ""current_category_count_90d"": 3}","Introduce Snacks during the next outlet visit and assess fit, expected demand, and an initial reorder quantity.",7024.150000000001,0.0,7024.150000000001,42.112751125790574,5.177188133407039,1.0,1.0,Snacks,1.0,670.0,3.0,,,,,,,,,,,
1007,201,OPP-001178,1779,Inactive Outlet,50.58,P3,Monitor,70.0,MEDIUM,"{""revenue_previous_30d"": 4957.24, ""revenue_30d"": 0.0, ""orders_previous_30d"": 2, ""orders_30d"": 0, ""days_since_last_order"": 44}","Prioritize a win-back visit, diagnose the reason for inactivity, and attempt a targeted reorder based on the outlet's prior mix.",0.0,4957.24,0.0,0.0,0.0,6.0,3.0,,,,,4957.24,0.0,,,2.0,0.0,,44.0,,,
1008,349,OPP-001617,2395,Revenue Recovery,50.58,P3,Monitor,65.7,MEDIUM,"{""revenue_previous_30d"": 5867.8, ""revenue_30d"": 1797.53, ""revenue_growth_30d"": -0.6937, ""revenue_gap_vs_previous_30d"": 4070.27, ""orders_previous_30d"": 2, ""orders_30d"": 1, ""revenue_index_vs_peer"": 0.357}","Review the outlet's recent order decline, identify the lost SKU/category demand, and schedule a recovery visit with a targeted reorder proposal.",1797.53,5867.799999999999,0.0,4.384846224362799,0.3569899349385531,0.0,0.0,,,,,5867.8,1797.53,-0.6937,4070.27,2.0,1.0,0.357,,,,
1009,350,OPP-000626,978,Revenue Recovery,50.53,P3,Monitor,66.7,MEDIUM,"{""revenue_previous_30d"": 7726.99, ""revenue_30d"": 1468.42, ""revenue_growth_30d"": -0.81, ""revenue_gap_vs_previous_30d"": 6258.57, ""orders_previous_30d"": 3, ""orders_30d"": 1, ""revenue_index_vs_peer"": 1.207}","Review the outlet's recent order decline, identify the lost SKU/category demand, and schedule a recovery visit with a targeted reorder proposal.",1468.42,7726.99,1468.42,7.2342660305486435,1.2067585447433085,1.0,0.0,,,,,7726.99,1468.42,-0.81,6258.57,3.0,1.0,1.207,,,,
1010,351,OPP-000745,1158,Revenue Recovery,50.47,P3,Monitor,60.0,MEDIUM,"{""revenue_previous_30d"": 15451.16, ""revenue_30d"": 7198.3, ""revenue_growth_30d"": -0.5341, ""revenue_gap_vs_previous_30d"": 8252.86, ""orders_previous_30d"": 2, ""orders_30d"": 2, ""revenue_index_vs_peer"": 0.472}","Review the outlet's recent order decline, identify the lost SKU/category demand, and schedule a recovery visit with a targeted reorder proposal.",7198.3,15451.16,7198.3,10.803644809934015,0.4724447174769695,1.0,1.0,,,,,15451.16,7198.3,-0.5341,8252.86,2.0,2.0,0.472,,,,
1011,202,OPP-000973,1504,Inactive Outlet,50.44,P3,Monitor,70.45,MEDIUM,"{""revenue_previous_30d"": 3612.44, ""revenue_30d"": 0.0, ""orders_previous_30d"": 1, ""orders_30d"": 0, ""days_since_last_order"": 58}","Prioritize a win-back visit, diagnose the reason for inactivity, and attempt a targeted reorder based on the outlet's prior mix.",0.0,3612.44,0.0,0.0,0.0,1.0,0.0,,,,,3612.44,0.0,,,1.0,0.0,,58.0,,,
1012,203,OPP-002032,2964,Inactive Outlet,50.44,P3,Monitor,70.0,MEDIUM,"{""revenue_previous_30d"": 6421.96, ""revenue_30d"": 0.0, ""orders_previous_30d"": 3, ""orders_30d"": 0, ""days_since_last_order"": 30}","Prioritize a win-back visit, diagnose the reason for inactivity, and attempt a targeted reorder based on the outlet's prior mix.",0.0,6421.96,0.0,8.281166868245567,0.0,0.0,0.0,,,,,6421.96,0.0,,,3.0,0.0,,30.0,,,
1014,204,OPP-001757,2579,Inactive Outlet,50.39,P3,Monitor,70.0,MEDIUM,"{""revenue_previous_30d"": 6313.73, ""revenue_30d"": 0.0, ""orders_previous_30d"": 3, ""orders_30d"": 0, ""days_since_last_order"": 31}","Prioritize a win-back visit, diagnose the reason for inactivity, and attempt a targeted reorder based on the outlet's prior mix.",0.0,6313.7300000000005,0.0,0.0,0.0,3.0,3.0,,,,,6313.73,0.0,,,3.0,0.0,,31.0,,,
1013,352,OPP-000523,824,Revenue Recovery,50.39,P3,Monitor,60.0,MEDIUM,"{""revenue_previous_30d"": 21887.21, ""revenue_30d"": 9729.95, ""revenue_growth_30d"": -0.5555, ""revenue_gap_vs_previous_30d"": 12157.26, ""orders_previous_30d"": 4, ""orders_30d"": 2, ""revenue_index_vs_peer"": 2.165}","Review the outlet's recent order decline, identify the lost SKU/category demand, and schedule a recovery visit with a targeted reorder proposal.",9729.95,21887.21,2432.4875,23.580400490804447,2.1654352035252487,4.0,3.0,,,,,21887.21,9729.95,-0.5555,12157.26,4.0,2.0,2.165,,,,
1015,353,OPP-000863,1330,Revenue Recovery,50.37,P3,Monitor,60.0,MEDIUM,"{""revenue_previous_30d"": 18294.31, ""revenue_30d"": 7073.1, ""revenue_growth_30d"": -0.6134, ""revenue_gap_vs_previous_30d"": 11221.21, ""orders_previous_30d"": 5, ""orders_30d"": 3, ""revenue_index_vs_peer"": 1.25}","Review the outlet's recent order decline, identify the lost SKU/category demand, and schedule a recovery visit with a targeted reorder proposal.",7073.099999999999,18294.31,3536.55,21.26907815050344,1.2504839744779703,2.0,1.0,,,,,18294.31,7073.1,-0.6134,11221.21,5.0,3.0,1.25,,,,
1016,354,OPP-001850,2717,Revenue Recovery,50.26,P3,Monitor,62.29,MEDIUM,"{""revenue_previous_30d"": 9390.24, ""revenue_30d"": 2040.27, ""revenue_growth_30d"": -0.7827, ""revenue_gap_vs_previous_30d"": 7349.97, ""orders_previous_30d"": 4, ""orders_30d"": 2, ""revenue_index_vs_peer"": 1.399}","Review the outlet's recent order decline, identify the lost SKU/category demand, and schedule a recovery visit with a targeted reorder proposal.",2040.273,9390.24,0.0,25.349969660512684,1.398836515717665,0.0,0.0,,,,,9390.24,2040.27,-0.7827,7349.97,4.0,2.0,1.399,,,,
1017,355,OPP-001797,2624,Revenue Recovery,50.25,P3,Monitor,61.62,MEDIUM,"{""revenue_previous_30d"": 7192.28, ""revenue_30d"": 2491.67, ""revenue_growth_30d"": -0.6536, ""revenue_gap_vs_previous_30d"": 4700.61, ""orders_previous_30d"": 4, ""orders_30d"": 2, ""revenue_index_vs_peer"": 0.442}","Review the outlet's recent order decline, identify the lost SKU/category demand, and schedule a recovery visit with a targeted reorder proposal.",2491.6725,7192.28,2491.6725,7.376814396034232,0.4420688596779143,1.0,1.0,,,,,7192.28,2491.67,-0.6536,4700.61,4.0,2.0,0.442,,,,
1018,356,OPP-001747,2567,Revenue Recovery,50.14,P3,Monitor,81.12,HIGH,"{""revenue_previous_30d"": 1685.62, ""revenue_30d"": 74.66, ""revenue_growth_30d"": -0.9557, ""revenue_gap_vs_previous_30d"": 1610.96, ""orders_previous_30d"": 1, ""orders_30d"": 1, ""revenue_index_vs_peer"": 0.052}","Review the outlet's recent order decline, identify the lost SKU/category demand, and schedule a recovery visit with a targeted reorder proposal.",74.66,1685.62,18.665,0.3734385457004548,0.0517025269558111,4.0,3.0,,,,,1685.62,74.66,-0.9557,1610.96,1.0,1.0,0.052,,,,
1019,205,OPP-000328,525,Inactive Outlet,50.06,P3,Monitor,70.31,MEDIUM,"{""revenue_previous_30d"": 3576.3, ""revenue_30d"": 0.0, ""orders_previous_30d"": 1, ""orders_30d"": 0, ""days_since_last_order"": 58}","Prioritize a win-back visit, diagnose the reason for inactivity, and attempt a targeted reorder based on the outlet's prior mix.",0.0,3576.3,0.0,0.0,0.0,0.0,0.0,,,,,3576.3,0.0,,,1.0,0.0,,58.0,,,
1020,357,OPP-000366,588,Revenue Recovery,50.0,P3,Monitor,73.28,MEDIUM,"{""revenue_previous_30d"": 4499.75, ""revenue_30d"": 689.32, ""revenue_growth_30d"": -0.8468, ""revenue_gap_vs_previous_30d"": 3810.43, ""orders_previous_30d"": 2, ""orders_30d"": 1, ""revenue_index_vs_peer"": 0.566}","Review the outlet's recent order decline, identify the lost SKU/category demand, and schedule a recovery visit with a targeted reorder proposal.",689.32,4499.75,0.0,3.819222437073031,0.5664883344427735,0.0,0.0,,,,,4499.75,689.32,-0.8468,3810.43,2.0,1.0,0.566,,,,
1021,206,OPP-000841,1297,Inactive Outlet,49.98,P3,Monitor,70.0,MEDIUM,"{""revenue_previous_30d"": 3354.77, ""revenue_30d"": 0.0, ""orders_previous_30d"": 2, ""orders_30d"": 0, ""days_since_last_order"": 54}","Prioritize a win-back visit, diagnose the reason for inactivity, and attempt a targeted reorder based on the outlet's prior mix.",0.0,3354.77,0.0,0.0,0.0,0.0,0.0,,,,,3354.77,0.0,,,2.0,0.0,,54.0,,,
1022,358,OPP-001151,1750,Revenue Recovery,49.93,P3,Monitor,73.9,MEDIUM,"{""revenue_previous_30d"": 2944.75, ""revenue_30d"": 367.12, ""revenue_growth_30d"": -0.8753, ""revenue_gap_vs_previous_30d"": 2577.63, ""orders_previous_30d"": 1, ""orders_30d"": 1, ""revenue_index_vs_peer"": 0.158}","Review the outlet's recent order decline, identify the lost SKU/category demand, and schedule a recovery visit with a targeted reorder proposal.",367.12,2944.75,367.12,1.8286720758406771,0.158477729717596,1.0,0.0,,,,,2944.75,367.12,-0.8753,2577.63,1.0,1.0,0.158,,,,
1023,359,OPP-000134,223,Revenue Recovery,49.92,P3,Monitor,60.0,MEDIUM,"{""revenue_previous_30d"": 24025.31, ""revenue_30d"": 12672.31, ""revenue_growth_30d"": -0.4725, ""revenue_gap_vs_previous_30d"": 11353.0, ""orders_previous_30d"": 3, ""orders_30d"": 3, ""revenue_index_vs_peer"": 0.626}","Review the outlet's recent order decline, identify the lost SKU/category demand, and schedule a recovery visit with a targeted reorder proposal.",12672.31,24025.31,12672.31,19.130417586027413,0.6264603827385516,1.0,1.0,,,,,24025.31,12672.31,-0.4725,11353.0,3.0,3.0,0.626,,,,
1024,360,OPP-000182,296,Revenue Recovery,49.92,P3,Monitor,60.0,MEDIUM,"{""revenue_previous_30d"": 48023.09, ""revenue_30d"": 29402.83, ""revenue_growth_30d"": -0.3877, ""revenue_gap_vs_previous_30d"": 18620.26, ""orders_previous_30d"": 8, ""orders_30d"": 4, ""revenue_index_vs_peer"": 1.445}","Review the outlet's recent order decline, identify the lost SKU/category demand, and schedule a recovery visit with a targeted reorder proposal.",29402.83,48023.09,14701.415,58.1369620354614,1.4450961768843729,2.0,2.0,,,,,48023.09,29402.83,-0.3877,18620.26,8.0,4.0,1.445,,,,
1025,207,OPP-001959,2862,Inactive Outlet,49.91,P3,Monitor,70.0,MEDIUM,"{""revenue_previous_30d"": 5168.8, ""revenue_30d"": 0.0, ""orders_previous_30d"": 1, ""orders_30d"": 0, ""days_since_last_order"": 48}","Prioritize a win-back visit, diagnose the reason for inactivity, and attempt a targeted reorder based on the outlet's prior mix.",0.0,5168.8,0.0,0.0,0.0,2.0,2.0,,,,,5168.8,0.0,,,1.0,0.0,,48.0,,,
1026,208,OPP-000737,1141,Inactive Outlet,49.89,P3,Monitor,70.0,MEDIUM,"{""revenue_previous_30d"": 4685.84, ""revenue_30d"": 0.0, ""orders_previous_30d"": 3, ""orders_30d"": 0, ""days_since_last_order"": 39}","Prioritize a win-back visit, diagnose the reason for inactivity, and attempt a targeted reorder based on the outlet's prior mix.",0.0,4685.84,0.0,0.0,0.0,1.0,0.0,,,,,4685.84,0.0,,,3.0,0.0,,39.0,,,
1027,361,OPP-000799,1231,Revenue Recovery,49.87,P3,Monitor,60.0,MEDIUM,"{""revenue_previous_30d"": 10126.29, ""revenue_30d"": 4518.7, ""revenue_growth_30d"": -0.5538, ""revenue_gap_vs_previous_30d"": 5607.59, ""orders_previous_30d"": 2, ""orders_30d"": 2, ""revenue_index_vs_peer"": 0.21}","Review the outlet's recent order decline, identify the lost SKU/category demand, and schedule a recovery visit with a targeted reorder proposal.",4518.6975,10126.29,1129.674375,7.984488487625335,0.2104001385688713,4.0,2.0,,,,,10126.29,4518.7,-0.5538,5607.59,2.0,2.0,0.21,,,,
1028,209,OPP-001096,1678,Inactive Outlet,49.81,P3,Monitor,70.0,MEDIUM,"{""revenue_previous_30d"": 6357.06, ""revenue_30d"": 0.0, ""orders_previous_30d"": 3, ""orders_30d"": 0, ""days_since_last_order"": 30}","Prioritize a win-back visit, diagnose the reason for inactivity, and attempt a targeted reorder based on the outlet's prior mix.",0.0,6357.06,0.0,2.0335927589274942,0.0,1.0,0.0,,,,,6357.06,0.0,,,3.0,0.0,,30.0,,,
1029,210,OPP-000918,1417,Inactive Outlet,49.73,P3,Monitor,70.0,MEDIUM,"{""revenue_previous_30d"": 3663.49, ""revenue_30d"": 0.0, ""orders_previous_30d"": 1, ""orders_30d"": 0, ""days_since_last_order"": 57}","Prioritize a win-back visit, diagnose the reason for inactivity, and attempt a targeted reorder based on the outlet's prior mix.",0.0,3663.49,0.0,0.0,0.0,5.0,3.0,,,,,3663.49,0.0,,,1.0,0.0,,57.0,,,
1030,211,OPP-000600,929,Inactive Outlet,49.72,P3,Monitor,70.0,MEDIUM,"{""revenue_previous_30d"": 6601.19, ""revenue_30d"": 0.0, ""orders_previous_30d"": 2, ""orders_30d"": 0, ""days_since_last_order"": 33}","Prioritize a win-back visit, diagnose the reason for inactivity, and attempt a targeted reorder based on the outlet's prior mix.",0.0,6601.1900000000005,0.0,0.0,0.0,0.0,0.0,,,,,6601.19,0.0,,,2.0,0.0,,33.0,,,
1031,349,OPP-000528,832,Cross-Sell,49.65,P3,Monitor,94.0,HIGH,"{""target_category"": ""Snacks"", ""territory_category_rank"": 1, ""territory_category_orders_90d"": 651, ""current_category_count_90d"": 3}","Introduce Snacks during the next outlet visit and assess fit, expected demand, and an initial reorder quantity.",0.0,0.0,0.0,0.0,0.0,2.0,2.0,Snacks,1.0,651.0,3.0,,,,,,,,,,,
1032,350,OPP-000859,1323,Cross-Sell,49.65,P3,Monitor,94.0,HIGH,"{""target_category"": ""Snacks"", ""territory_category_rank"": 1, ""territory_category_orders_90d"": 651, ""current_category_count_90d"": 3}","Introduce Snacks during the next outlet visit and assess fit, expected demand, and an initial reorder quantity.",0.0,291.38,0.0,0.0,0.0,0.0,0.0,Snacks,1.0,651.0,3.0,,,,,,,,,,,
1033,351,OPP-001534,2280,Cross-Sell,49.65,P3,Monitor,94.0,HIGH,"{""target_category"": ""Snacks"", ""territory_category_rank"": 1, ""territory_category_orders_90d"": 651, ""current_category_count_90d"": 3}","Introduce Snacks during the next outlet visit and assess fit, expected demand, and an initial reorder quantity.",1990.69,0.0,0.0,11.905143511912382,1.3946265938069216,0.0,0.0,Snacks,1.0,651.0,3.0,,,,,,,,,,,
1034,362,OPP-000675,1053,Revenue Recovery,49.61,P3,Monitor,60.0,MEDIUM,"{""revenue_previous_30d"": 7616.28, ""revenue_30d"": 2349.56, ""revenue_growth_30d"": -0.6915, ""revenue_gap_vs_previous_30d"": 5266.72, ""orders_previous_30d"": 2, ""orders_30d"": 2, ""revenue_index_vs_peer"": 0.383}","Review the outlet's recent order decline, identify the lost SKU/category demand, and schedule a recovery visit with a targeted reorder proposal.",2349.5625,7616.28,1174.78125,6.49592698656171,0.3833222937709133,2.0,1.0,,,,,7616.28,2349.56,-0.6915,5266.72,2.0,2.0,0.383,,,,
1035,352,OPP-000009,14,Cross-Sell,49.56,P3,Monitor,85.0,HIGH,"{""target_category"": ""Beverages"", ""territory_category_rank"": 2, ""territory_category_orders_90d"": 859, ""current_category_count_90d"": 4}","Introduce Beverages during the next outlet visit and assess fit, expected demand, and an initial reorder quantity.",0.0,0.0,0.0,0.0,0.0,1.0,1.0,Beverages,2.0,859.0,4.0,,,,,,,,,,,
1036,353,OPP-000015,20,Cross-Sell,49.56,P3,Monitor,85.0,HIGH,"{""target_category"": ""Beverages"", ""territory_category_rank"": 2, ""territory_category_orders_90d"": 859, ""current_category_count_90d"": 4}","Introduce Beverages during the next outlet visit and assess fit, expected demand, and an initial reorder quantity.",4463.81,0.0,4463.81,24.9735092742716,2.559729565446768,1.0,1.0,Beverages,2.0,859.0,4.0,,,,,,,,,,,
1037,354,OPP-000651,1026,Cross-Sell,49.56,P3,Monitor,85.0,HIGH,"{""target_category"": ""Beverages"", ""territory_category_rank"": 2, ""territory_category_orders_90d"": 859, ""current_category_count_90d"": 4}","Introduce Beverages during the next outlet visit and assess fit, expected demand, and an initial reorder quantity.",0.0,5375.11,0.0,0.0,0.0,2.0,1.0,Beverages,2.0,859.0,4.0,,,,,,,,,,,
1038,355,OPP-000995,1534,Cross-Sell,49.56,P3,Monitor,85.0,HIGH,"{""target_category"": ""Beverages"", ""territory_category_rank"": 2, ""territory_category_orders_90d"": 859, ""current_category_count_90d"": 4}","Introduce Beverages during the next outlet visit and assess fit, expected demand, and an initial reorder quantity.",0.0,0.0,0.0,0.0,0.0,0.0,0.0,Beverages,2.0,859.0,4.0,,,,,,,,,,,
1039,356,OPP-001472,2192,Cross-Sell,49.56,P3,Monitor,85.0,HIGH,"{""target_category"": ""Beverages"", ""territory_category_rank"": 2, ""territory_category_orders_90d"": 859, ""current_category_count_90d"": 4}","Introduce Beverages during the next outlet visit and assess fit, expected demand, and an initial reorder quantity.",3079.44,0.0,1026.48,14.463338397987917,1.7658757010310462,3.0,3.0,Beverages,2.0,859.0,4.0,,,,,,,,,,,
1040,357,OPP-001521,2262,Cross-Sell,49.56,P3,Monitor,85.0,HIGH,"{""target_category"": ""Beverages"", ""territory_category_rank"": 2, ""territory_category_orders_90d"": 859, ""current_category_count_90d"": 4}","Introduce Beverages during the next outlet visit and assess fit, expected demand, and an initial reorder quantity.",0.0,5835.66,0.0,0.0,0.0,8.0,5.0,Beverages,2.0,859.0,4.0,,,,,,,,,,,
1041,358,OPP-001552,2305,Cross-Sell,49.56,P3,Monitor,85.0,HIGH,"{""target_category"": ""Beverages"", ""territory_category_rank"": 2, ""territory_category_orders_90d"": 859, ""current_category_count_90d"": 4}","Introduce Beverages during the next outlet visit and assess fit, expected demand, and an initial reorder quantity.",2966.83,0.0,2966.83,17.51779779157999,1.7013005631185991,1.0,0.0,Beverages,2.0,859.0,4.0,,,,,,,,,,,
1042,363,OPP-000043,70,Revenue Recovery,49.53,P3,Monitor,60.0,MEDIUM,"{""revenue_previous_30d"": 8850.59, ""revenue_30d"": 2878.72, ""revenue_growth_30d"": -0.6747, ""revenue_gap_vs_previous_30d"": 5971.87, ""orders_previous_30d"": 3, ""orders_30d"": 2, ""revenue_index_vs_peer"": 0.628}","Review the outlet's recent order decline, identify the lost SKU/category demand, and schedule a recovery visit with a targeted reorder proposal.",2878.72,8850.59,719.68,8.75879273293307,0.6275857182565852,4.0,2.0,,,,,8850.59,2878.72,-0.6747,5971.87,3.0,2.0,0.628,,,,
1043,359,OPP-001768,2589,Cross-Sell,49.5,P3,Monitor,82.0,HIGH,"{""target_category"": ""Beverages"", ""territory_category_rank"": 3, ""territory_category_orders_90d"": 806, ""current_category_count_90d"": 2}","Introduce Beverages during the next outlet visit and assess fit, expected demand, and an initial reorder quantity.",0.0,2482.1,0.0,0.0,0.0,0.0,0.0,Beverages,3.0,806.0,2.0,,,,,,,,,,,
1044,364,OPP-000447,704,Revenue Recovery,49.48,P3,Monitor,60.0,MEDIUM,"{""revenue_previous_30d"": 29228.7, ""revenue_30d"": 16979.56, ""revenue_growth_30d"": -0.4191, ""revenue_gap_vs_previous_30d"": 12249.14, ""orders_previous_30d"": 4, ""orders_30d"": 2, ""revenue_index_vs_peer"": 0.85}","Review the outlet's recent order decline, identify the lost SKU/category demand, and schedule a recovery visit with a targeted reorder proposal.",16979.56,29228.7,4244.89,25.14779153569754,0.8501471648885128,4.0,3.0,,,,,29228.7,16979.56,-0.4191,12249.14,4.0,2.0,0.85,,,,
1045,365,OPP-001887,2768,Revenue Recovery,49.39,P3,Monitor,78.99,MEDIUM,"{""revenue_previous_30d"": 1856.3, ""revenue_30d"": 295.09, ""revenue_growth_30d"": -0.841, ""revenue_gap_vs_previous_30d"": 1561.21, ""orders_previous_30d"": 2, ""orders_30d"": 1, ""revenue_index_vs_peer"": 0.159}","Review the outlet's recent order decline, identify the lost SKU/category demand, and schedule a recovery visit with a targeted reorder proposal.",295.09,1856.3,0.0,1.425665063161856,0.1589410750834859,0.0,0.0,,,,,1856.3,295.09,-0.841,1561.21,2.0,1.0,0.159,,,,
1046,212,OPP-002004,2932,Inactive Outlet,49.37,P3,Monitor,70.0,MEDIUM,"{""revenue_previous_30d"": 5394.73, ""revenue_30d"": 0.0, ""orders_previous_30d"": 1, ""orders_30d"": 0, ""days_since_last_order"": 46}","Prioritize a win-back visit, diagnose the reason for inactivity, and attempt a targeted reorder based on the outlet's prior mix.",0.0,5394.73,0.0,0.0,0.0,0.0,0.0,,,,,5394.73,0.0,,,1.0,0.0,,46.0,,,
1047,366,OPP-000478,756,Revenue Recovery,49.32,P3,Monitor,73.09,MEDIUM,"{""revenue_previous_30d"": 2589.74, ""revenue_30d"": 658.54, ""revenue_growth_30d"": -0.7457, ""revenue_gap_vs_previous_30d"": 1931.2, ""orders_previous_30d"": 2, ""orders_30d"": 1, ""revenue_index_vs_peer"": 0.107}","Review the outlet's recent order decline, identify the lost SKU/category demand, and schedule a recovery visit with a targeted reorder proposal.",658.54,2589.74,0.0,4.886910900731925,0.1074383266416182,0.0,0.0,,,,,2589.74,658.54,-0.7457,1931.2,2.0,1.0,0.107,,,,
1048,367,OPP-001890,2772,Revenue Recovery,49.32,P3,Monitor,61.07,MEDIUM,"{""revenue_previous_30d"": 9330.78, ""revenue_30d"": 1856.6, ""revenue_growth_30d"": -0.801, ""revenue_gap_vs_previous_30d"": 7474.18, ""orders_previous_30d"": 3, ""orders_30d"": 2, ""revenue_index_vs_peer"": 1.0}","Review the outlet's recent order decline, identify the lost SKU/category demand, and schedule a recovery visit with a targeted reorder proposal.",1856.6,9330.78,928.3,10.220247826972512,1.0,2.0,0.0,,,,,9330.78,1856.6,-0.801,7474.18,3.0,2.0,1.0,,,,
1049,368,OPP-002057,2997,Revenue Recovery,49.14,P3,Monitor,60.0,MEDIUM,"{""revenue_previous_30d"": 14735.98, ""revenue_30d"": 6007.82, ""revenue_growth_30d"": -0.5923, ""revenue_gap_vs_previous_30d"": 8728.16, ""orders_previous_30d"": 3, ""orders_30d"": 1, ""revenue_index_vs_peer"": 1.223}","Review the outlet's recent order decline, identify the lost SKU/category demand, and schedule a recovery visit with a targeted reorder proposal.",6007.82,14735.98,2002.6066666666663,16.27794502669224,1.222700829234985,3.0,0.0,,,,,14735.98,6007.82,-0.5923,8728.16,3.0,1.0,1.223,,,,
1050,369,OPP-000900,1402,Revenue Recovery,49.02,P3,Monitor,77.4,MEDIUM,"{""revenue_previous_30d"": 2600.32, ""revenue_30d"": 448.47, ""revenue_growth_30d"": -0.8275, ""revenue_gap_vs_previous_30d"": 2151.85, ""orders_previous_30d"": 3, ""orders_30d"": 1, ""revenue_index_vs_peer"": 0.369}","Review the outlet's recent order decline, identify the lost SKU/category demand, and schedule a recovery visit with a targeted reorder proposal.",448.47,2600.32,448.47,2.762309112287832,0.3685560020709549,1.0,0.0,,,,,2600.32,448.47,-0.8275,2151.85,3.0,1.0,0.369,,,,
1051,360,OPP-001085,1660,Cross-Sell,48.93,P3,Monitor,82.0,HIGH,"{""target_category"": ""Beverages"", ""territory_category_rank"": 3, ""territory_category_orders_90d"": 798, ""current_category_count_90d"": 2}","Introduce Beverages during the next outlet visit and assess fit, expected demand, and an initial reorder quantity.",1014.81,0.0,1014.81,5.119823784545731,0.7027624079832137,1.0,1.0,Beverages,3.0,798.0,2.0,,,,,,,,,,,
1052,361,OPP-001734,2556,Cross-Sell,48.93,P3,Monitor,82.0,HIGH,"{""target_category"": ""Beverages"", ""territory_category_rank"": 3, ""territory_category_orders_90d"": 798, ""current_category_count_90d"": 2}","Introduce Beverages during the next outlet visit and assess fit, expected demand, and an initial reorder quantity.",0.0,417.12,0.0,0.0,0.0,1.0,1.0,Beverages,3.0,798.0,2.0,,,,,,,,,,,
1053,362,OPP-000112,192,Cross-Sell,48.87,P3,Monitor,85.0,HIGH,"{""target_category"": ""Home Care"", ""territory_category_rank"": 2, ""territory_category_orders_90d"": 835, ""current_category_count_90d"": 4}","Introduce Home Care during the next outlet visit and assess fit, expected demand, and an initial reorder quantity.",3909.76,0.0,781.952,19.251669729396497,2.1058709468921686,5.0,4.0,Home Care,2.0,835.0,4.0,,,,,,,,,,,
1054,363,OPP-000352,566,Cross-Sell,48.87,P3,Monitor,85.0,HIGH,"{""target_category"": ""Home Care"", ""territory_category_rank"": 2, ""territory_category_orders_90d"": 835, ""current_category_count_90d"": 4}","Introduce Home Care during the next outlet visit and assess fit, expected demand, and an initial reorder quantity.",1513.8,0.0,302.76,9.248957521880584,0.8153614133362059,5.0,2.0,Home Care,2.0,835.0,4.0,,,,,,,,,,,
1055,364,OPP-000912,1413,Cross-Sell,48.87,P3,Monitor,85.0,HIGH,"{""target_category"": ""Home Care"", ""territory_category_rank"": 2, ""territory_category_orders_90d"": 835, ""current_category_count_90d"": 4}","Introduce Home Care during the next outlet visit and assess fit, expected demand, and an initial reorder quantity.",477.89,4947.530000000001,0.0,1.0937555072280007,0.0988274464389113,0.0,0.0,Home Care,2.0,835.0,4.0,,,,,,,,,,,
1057,365,OPP-001017,1563,Cross-Sell,48.87,P3,Monitor,85.0,HIGH,"{""target_category"": ""Home Care"", ""territory_category_rank"": 2, ""territory_category_orders_90d"": 835, ""current_category_count_90d"": 4}","Introduce Home Care during the next outlet visit and assess fit, expected demand, and an initial reorder quantity.",0.0,5818.610000000001,0.0,0.0,0.0,2.0,1.0,Home Care,2.0,835.0,4.0,,,,,,,,,,,
1058,366,OPP-001071,1641,Cross-Sell,48.87,P3,Monitor,85.0,HIGH,"{""target_category"": ""Home Care"", ""territory_category_rank"": 2, ""territory_category_orders_90d"": 835, ""current_category_count_90d"": 4}","Introduce Home Care during the next outlet visit and assess fit, expected demand, and an initial reorder quantity.",360.8,4271.4,0.0,2.0947952929810425,0.194333728320586,0.0,0.0,Home Care,2.0,835.0,4.0,,,,,,,,,,,
1059,367,OPP-001481,2204,Cross-Sell,48.87,P3,Monitor,85.0,HIGH,"{""target_category"": ""Home Care"", ""territory_category_rank"": 2, ""territory_category_orders_90d"": 835, ""current_category_count_90d"": 4}","Introduce Home Care during the next outlet visit and assess fit, expected demand, and an initial reorder quantity.",908.0,0.0,227.0,4.309759707164169,0.4890660346870624,4.0,3.0,Home Care,2.0,835.0,4.0,,,,,,,,,,,
1060,368,OPP-001640,2425,Cross-Sell,48.87,P3,Monitor,85.0,HIGH,"{""target_category"": ""Home Care"", ""territory_category_rank"": 2, ""territory_category_orders_90d"": 835, ""current_category_count_90d"": 4}","Introduce Home Care during the next outlet visit and assess fit, expected demand, and an initial reorder quantity.",3404.19,2095.11,0.0,16.107059598945245,1.8335613487019284,0.0,0.0,Home Care,2.0,835.0,4.0,,,,,,,,,,,
1061,369,OPP-001909,2794,Cross-Sell,48.87,P3,Monitor,85.0,HIGH,"{""target_category"": ""Home Care"", ""territory_category_rank"": 2, ""territory_category_orders_90d"": 835, ""current_category_count_90d"": 4}","Introduce Home Care during the next outlet visit and assess fit, expected demand, and an initial reorder quantity.",0.0,8392.41,0.0,0.0,0.0,1.0,1.0,Home Care,2.0,835.0,4.0,,,,,,,,,,,
1056,370,OPP-000955,1477,Revenue Recovery,48.87,P3,Monitor,60.0,MEDIUM,"{""revenue_previous_30d"": 33890.21, ""revenue_30d"": 20380.49, ""revenue_growth_30d"": -0.3986, ""revenue_gap_vs_previous_30d"": 13509.72, ""orders_previous_30d"": 6, ""orders_30d"": 2, ""revenue_index_vs_peer"": 1.002}","Review the outlet's recent order decline, identify the lost SKU/category demand, and schedule a recovery visit with a targeted reorder proposal.",20380.49,33890.21,5095.1225,36.006380643661295,1.0016644038016131,4.0,4.0,,,,,33890.21,20380.49,-0.3986,13509.72,6.0,2.0,1.002,,,,
1062,213,OPP-001634,2417,Inactive Outlet,48.85,P3,Monitor,70.0,MEDIUM,"{""revenue_previous_30d"": 6915.62, ""revenue_30d"": 0.0, ""orders_previous_30d"": 2, ""orders_30d"": 0, ""days_since_last_order"": 30}","Prioritize a win-back visit, diagnose the reason for inactivity, and attempt a targeted reorder based on the outlet's prior mix.",0.0,6915.62,0.0,2.7293925939345147,0.0,0.0,0.0,,,,,6915.62,0.0,,,2.0,0.0,,30.0,,,
1063,214,OPP-001398,2104,Inactive Outlet,48.76,P3,Monitor,70.0,MEDIUM,"{""revenue_previous_30d"": 5210.7, ""revenue_30d"": 0.0, ""orders_previous_30d"": 2, ""orders_30d"": 0, ""days_since_last_order"": 40}","Prioritize a win-back visit, diagnose the reason for inactivity, and attempt a targeted reorder based on the outlet's prior mix.",0.0,5210.7,0.0,0.0,0.0,0.0,0.0,,,,,5210.7,0.0,,,2.0,0.0,,40.0,,,
1064,215,OPP-000102,176,Inactive Outlet,48.66,P3,Monitor,70.0,MEDIUM,"{""revenue_previous_30d"": 6088.51, ""revenue_30d"": 0.0, ""orders_previous_30d"": 2, ""orders_30d"": 0, ""days_since_last_order"": 34}","Prioritize a win-back visit, diagnose the reason for inactivity, and attempt a targeted reorder based on the outlet's prior mix.",0.0,6088.509999999999,0.0,0.0,0.0,0.0,0.0,,,,,6088.51,0.0,,,2.0,0.0,,34.0,,,
1065,371,OPP-000984,1520,Revenue Recovery,48.63,P3,Monitor,60.0,MEDIUM,"{""revenue_previous_30d"": 23737.28, ""revenue_30d"": 13648.38, ""revenue_growth_30d"": -0.425, ""revenue_gap_vs_previous_30d"": 10088.9, ""orders_previous_30d"": 4, ""orders_30d"": 3, ""revenue_index_vs_peer"": 0.671}","Review the outlet's recent order decline, identify the lost SKU/category demand, and schedule a recovery visit with a targeted reorder proposal.",13648.38,23737.28,2729.6760000000004,20.27755467343913,0.6707933133873555,5.0,3.0,,,,,23737.28,13648.38,-0.425,10088.9,4.0,3.0,0.671,,,,
1066,216,OPP-000222,368,Inactive Outlet,48.51,P3,Monitor,70.0,MEDIUM,"{""revenue_previous_30d"": 5744.96, ""revenue_30d"": 0.0, ""orders_previous_30d"": 3, ""orders_30d"": 0, ""days_since_last_order"": 31}","Prioritize a win-back visit, diagnose the reason for inactivity, and attempt a targeted reorder based on the outlet's prior mix.",0.0,5744.96,0.0,0.0,0.0,2.0,0.0,,,,,5744.96,0.0,,,3.0,0.0,,31.0,,,
1067,372,OPP-001055,1619,Revenue Recovery,48.51,P3,Monitor,60.0,MEDIUM,"{""revenue_previous_30d"": 9718.97, ""revenue_30d"": 3595.24, ""revenue_growth_30d"": -0.6301, ""revenue_gap_vs_previous_30d"": 6123.73, ""orders_previous_30d"": 3, ""orders_30d"": 2, ""revenue_index_vs_peer"": 0.638}","Review the outlet's recent order decline, identify the lost SKU/category demand, and schedule a recovery visit with a targeted reorder proposal.",3595.2390000000005,9718.97,719.0478,9.59490060263713,0.6378620003229019,5.0,1.0,,,,,9718.97,3595.24,-0.6301,6123.73,3.0,2.0,0.638,,,,
1068,373,OPP-000543,854,Revenue Recovery,48.46,P3,Monitor,66.54,MEDIUM,"{""revenue_previous_30d"": 5922.74, ""revenue_30d"": 1304.82, ""revenue_growth_30d"": -0.7797, ""revenue_gap_vs_previous_30d"": 4617.92, ""orders_previous_30d"": 2, ""orders_30d"": 1, ""revenue_index_vs_peer"": 0.703}","Review the outlet's recent order decline, identify the lost SKU/category demand, and schedule a recovery visit with a targeted reorder proposal.",1304.82,5922.74,326.205,6.349214072967156,0.702800818700851,4.0,2.0,,,,,5922.74,1304.82,-0.7797,4617.92,2.0,1.0,0.703,,,,
1069,374,OPP-000683,1067,Revenue Recovery,48.44,P3,Monitor,60.0,MEDIUM,"{""revenue_previous_30d"": 16229.95, ""revenue_30d"": 9310.83, ""revenue_growth_30d"": -0.4263, ""revenue_gap_vs_previous_30d"": 6919.12, ""orders_previous_30d"": 5, ""orders_30d"": 3, ""revenue_index_vs_peer"": 0.46}","Review the outlet's recent order decline, identify the lost SKU/category demand, and schedule a recovery visit with a targeted reorder proposal.",9310.83,16229.95,9310.83,15.087045790368386,0.4602843621576167,1.0,1.0,,,,,16229.95,9310.83,-0.4263,6919.12,5.0,3.0,0.46,,,,
1070,217,OPP-001106,1695,Inactive Outlet,48.41,P3,Monitor,70.0,MEDIUM,"{""revenue_previous_30d"": 6064.14, ""revenue_30d"": 0.0, ""orders_previous_30d"": 2, ""orders_30d"": 0, ""days_since_last_order"": 34}","Prioritize a win-back visit, diagnose the reason for inactivity, and attempt a targeted reorder based on the outlet's prior mix.",0.0,6064.139999999999,0.0,0.0,0.0,2.0,0.0,,,,,6064.14,0.0,,,2.0,0.0,,34.0,,,
1071,375,OPP-001825,2672,Revenue Recovery,48.38,P3,Monitor,60.0,MEDIUM,"{""revenue_previous_30d"": 9949.19, ""revenue_30d"": 3669.7, ""revenue_growth_30d"": -0.6312, ""revenue_gap_vs_previous_30d"": 6279.49, ""orders_previous_30d"": 2, ""orders_30d"": 1, ""revenue_index_vs_peer"": 0.759}","Review the outlet's recent order decline, identify the lost SKU/category demand, and schedule a recovery visit with a targeted reorder proposal.",3669.7,9949.19,0.0,8.413267822167953,0.7588923815038464,0.0,0.0,,,,,9949.19,3669.7,-0.6312,6279.49,2.0,1.0,0.759,,,,
1072,376,OPP-001103,1690,Revenue Recovery,48.31,P3,Monitor,60.0,MEDIUM,"{""revenue_previous_30d"": 11495.63, ""revenue_30d"": 3624.76, ""revenue_growth_30d"": -0.6847, ""revenue_gap_vs_previous_30d"": 7870.87, ""orders_previous_30d"": 2, ""orders_30d"": 2, ""revenue_index_vs_peer"": 0.75}","Review the outlet's recent order decline, identify the lost SKU/category demand, and schedule a recovery visit with a targeted reorder proposal.",3624.7635,11495.63,1208.2545,8.45281772367207,0.7495995326329721,3.0,1.0,,,,,11495.63,3624.76,-0.6847,7870.87,2.0,2.0,0.75,,,,
1073,218,OPP-001203,1814,Inactive Outlet,48.3,P3,Monitor,70.0,MEDIUM,"{""revenue_previous_30d"": 4392.01, ""revenue_30d"": 0.0, ""orders_previous_30d"": 1, ""orders_30d"": 0, ""days_since_last_order"": 50}","Prioritize a win-back visit, diagnose the reason for inactivity, and attempt a targeted reorder based on the outlet's prior mix.",0.0,4392.01,0.0,0.0,0.0,0.0,0.0,,,,,4392.01,0.0,,,1.0,0.0,,50.0,,,
1074,219,OPP-001817,2650,Inactive Outlet,48.22,P3,Monitor,70.0,MEDIUM,"{""revenue_previous_30d"": 4086.33, ""revenue_30d"": 0.0, ""orders_previous_30d"": 2, ""orders_30d"": 0, ""days_since_last_order"": 46}","Prioritize a win-back visit, diagnose the reason for inactivity, and attempt a targeted reorder based on the outlet's prior mix.",0.0,4086.33,0.0,0.0,0.0,2.0,0.0,,,,,4086.33,0.0,,,2.0,0.0,,46.0,,,
1075,370,OPP-000346,552,Cross-Sell,48.18,P3,Monitor,71.0,MEDIUM,"{""target_category"": ""Personal Care"", ""territory_category_rank"": 4, ""territory_category_orders_90d"": 1708, ""current_category_count_90d"": 4}","Introduce Personal Care during the next outlet visit and assess fit, expected demand, and an initial reorder quantity.",1820.13,1869.6,303.355,9.827767182785577,1.3500945740459147,6.0,1.0,Personal Care,4.0,1708.0,4.0,,,,,,,,,,,
1076,371,OPP-000439,694,Cross-Sell,48.18,P3,Monitor,71.0,MEDIUM,"{""target_category"": ""Personal Care"", ""territory_category_rank"": 4, ""territory_category_orders_90d"": 1708, ""current_category_count_90d"": 4}","Introduce Personal Care during the next outlet visit and assess fit, expected demand, and an initial reorder quantity.",4063.99,0.0,1015.9975,23.285511208185245,3.014493936134703,4.0,0.0,Personal Care,4.0,1708.0,4.0,,,,,,,,,,,
1077,372,OPP-000534,842,Cross-Sell,48.18,P3,Monitor,71.0,MEDIUM,"{""target_category"": ""Personal Care"", ""territory_category_rank"": 4, ""territory_category_orders_90d"": 1708, ""current_category_count_90d"": 4}","Introduce Personal Care during the next outlet visit and assess fit, expected demand, and an initial reorder quantity.",793.04,0.0,396.52,3.7597467585079536,0.5882431480176538,2.0,2.0,Personal Care,4.0,1708.0,4.0,,,,,,,,,,,
1078,373,OPP-000686,1070,Cross-Sell,48.18,P3,Monitor,71.0,MEDIUM,"{""target_category"": ""Personal Care"", ""territory_category_rank"": 4, ""territory_category_orders_90d"": 1708, ""current_category_count_90d"": 4}","Introduce Personal Care during the next outlet visit and assess fit, expected demand, and an initial reorder quantity.",2303.48,0.0,2303.48,10.575925797540084,1.7086229277157583,1.0,1.0,Personal Care,4.0,1708.0,4.0,,,,,,,,,,,
1079,374,OPP-000773,1194,Cross-Sell,48.18,P3,Monitor,71.0,MEDIUM,"{""target_category"": ""Personal Care"", ""territory_category_rank"": 4, ""territory_category_orders_90d"": 1708, ""current_category_count_90d"": 4}","Introduce Personal Care during the next outlet visit and assess fit, expected demand, and an initial reorder quantity.",2084.77,408.62,1042.385,11.701258880046336,1.5463932055038383,2.0,2.0,Personal Care,4.0,1708.0,4.0,,,,,,,,,,,
1080,375,OPP-000805,1240,Cross-Sell,48.18,P3,Monitor,71.0,MEDIUM,"{""target_category"": ""Personal Care"", ""territory_category_rank"": 4, ""territory_category_orders_90d"": 1708, ""current_category_count_90d"": 4}","Introduce Personal Care during the next outlet visit and assess fit, expected demand, and an initial reorder quantity.",0.0,2349.93,0.0,10.810618091349223,0.0,0.0,0.0,Personal Care,4.0,1708.0,4.0,,,,,,,,,,,
1081,376,OPP-000875,1352,Cross-Sell,48.18,P3,Monitor,71.0,MEDIUM,"{""target_category"": ""Personal Care"", ""territory_category_rank"": 4, ""territory_category_orders_90d"": 1708, ""current_category_count_90d"": 4}","Introduce Personal Care during the next outlet visit and assess fit, expected demand, and an initial reorder quantity.",3377.44,1697.43,0.0,18.72284377193148,2.5052405147795125,0.0,0.0,Personal Care,4.0,1708.0,4.0,,,,,,,,,,,
1082,377,OPP-000994,1533,Cross-Sell,48.18,P3,Monitor,71.0,MEDIUM,"{""target_category"": ""Personal Care"", ""territory_category_rank"": 4, ""territory_category_orders_90d"": 1708, ""current_category_count_90d"": 4}","Introduce Personal Care during the next outlet visit and assess fit, expected demand, and an initial reorder quantity.",0.0,0.0,0.0,0.0,0.0,2.0,0.0,Personal Care,4.0,1708.0,4.0,,,,,,,,,,,
1083,378,OPP-001219,1843,Cross-Sell,48.18,P3,Monitor,71.0,MEDIUM,"{""target_category"": ""Personal Care"", ""territory_category_rank"": 4, ""territory_category_orders_90d"": 1708, ""current_category_count_90d"": 4}","Introduce Personal Care during the next outlet visit and assess fit, expected demand, and an initial reorder quantity.",0.0,1994.77,0.0,0.0,0.0,4.0,1.0,Personal Care,4.0,1708.0,4.0,,,,,,,,,,,
1084,379,OPP-001271,1907,Cross-Sell,48.18,P3,Monitor,71.0,MEDIUM,"{""target_category"": ""Personal Care"", ""territory_category_rank"": 4, ""territory_category_orders_90d"": 1708, ""current_category_count_90d"": 4}","Introduce Personal Care during the next outlet visit and assess fit, expected demand, and an initial reorder quantity.",420.09,234.9,0.0,2.455476263261845,0.3116047917516596,0.0,0.0,Personal Care,4.0,1708.0,4.0,,,,,,,,,,,
1085,380,OPP-001299,1949,Cross-Sell,48.18,P3,Monitor,71.0,MEDIUM,"{""target_category"": ""Personal Care"", ""territory_category_rank"": 4, ""territory_category_orders_90d"": 1708, ""current_category_count_90d"": 4}","Introduce Personal Care during the next outlet visit and assess fit, expected demand, and an initial reorder quantity.",7518.17,3389.13,0.0,19.62928142004034,1.3291698268653125,0.0,0.0,Personal Care,4.0,1708.0,4.0,,,,,,,,,,,
1086,381,OPP-001353,2038,Cross-Sell,48.18,P3,Monitor,71.0,MEDIUM,"{""target_category"": ""Personal Care"", ""territory_category_rank"": 4, ""territory_category_orders_90d"": 1708, ""current_category_count_90d"": 4}","Introduce Personal Care during the next outlet visit and assess fit, expected demand, and an initial reorder quantity.",2116.03,1498.05,529.0075,11.643825063363304,1.5695805362904722,4.0,3.0,Personal Care,4.0,1708.0,4.0,,,,,,,,,,,
1087,382,OPP-001372,2065,Cross-Sell,48.18,P3,Monitor,71.0,MEDIUM,"{""target_category"": ""Personal Care"", ""territory_category_rank"": 4, ""territory_category_orders_90d"": 1708, ""current_category_count_90d"": 4}","Introduce Personal Care during the next outlet visit and assess fit, expected demand, and an initial reorder quantity.",0.0,1983.6,0.0,0.0,0.0,0.0,0.0,Personal Care,4.0,1708.0,4.0,,,,,,,,,,,
1089,383,OPP-001530,2275,Cross-Sell,48.18,P3,Monitor,71.0,MEDIUM,"{""target_category"": ""Personal Care"", ""territory_category_rank"": 4, ""territory_category_orders_90d"": 1708, ""current_category_count_90d"": 4}","Introduce Personal Care during the next outlet visit and assess fit, expected demand, and an initial reorder quantity.",925.82,962.84,231.455,4.334290246044543,0.6867336720691317,4.0,2.0,Personal Care,4.0,1708.0,4.0,,,,,,,,,,,
1090,384,OPP-001780,2606,Cross-Sell,48.18,P3,Monitor,71.0,MEDIUM,"{""target_category"": ""Personal Care"", ""territory_category_rank"": 4, ""territory_category_orders_90d"": 1708, ""current_category_count_90d"": 4}","Introduce Personal Care during the next outlet visit and assess fit, expected demand, and an initial reorder quantity.",147.05,1817.34,147.05,0.7704200609944261,0.1090753996217038,1.0,1.0,Personal Care,4.0,1708.0,4.0,,,,,,,,,,,
1091,385,OPP-001849,2716,Cross-Sell,48.18,P3,Monitor,71.0,MEDIUM,"{""target_category"": ""Personal Care"", ""territory_category_rank"": 4, ""territory_category_orders_90d"": 1708, ""current_category_count_90d"": 4}","Introduce Personal Care during the next outlet visit and assess fit, expected demand, and an initial reorder quantity.",8464.83,4987.29,2116.2075,24.63749555773978,1.4965339471632464,4.0,1.0,Personal Care,4.0,1708.0,4.0,,,,,,,,,,,
1088,377,OPP-001516,2259,Revenue Recovery,48.18,P3,Monitor,60.0,MEDIUM,"{""revenue_previous_30d"": 37423.57, ""revenue_30d"": 22979.17, ""revenue_growth_30d"": -0.386, ""revenue_gap_vs_previous_30d"": 14444.4, ""orders_previous_30d"": 7, ""orders_30d"": 3, ""revenue_index_vs_peer"": 1.136}","Review the outlet's recent order decline, identify the lost SKU/category demand, and schedule a recovery visit with a targeted reorder proposal.",22979.17,37423.57,0.0,35.42896498048715,1.1359838603391363,0.0,0.0,,,,,37423.57,22979.17,-0.386,14444.4,7.0,3.0,1.136,,,,
1092,378,OPP-000612,950,Revenue Recovery,48.09,P3,Monitor,60.0,MEDIUM,"{""revenue_previous_30d"": 18414.26, ""revenue_30d"": 10757.24, ""revenue_growth_30d"": -0.4158, ""revenue_gap_vs_previous_30d"": 7657.02, ""orders_previous_30d"": 3, ""orders_30d"": 2, ""revenue_index_vs_peer"": 0.501}","Review the outlet's recent order decline, identify the lost SKU/category demand, and schedule a recovery visit with a targeted reorder proposal.",10757.24,18414.26,3585.7466666666664,15.137908518806215,0.500879907676627,3.0,3.0,,,,,18414.26,10757.24,-0.4158,7657.02,3.0,2.0,0.501,,,,
1093,379,OPP-000867,1336,Revenue Recovery,48.05,P3,Monitor,65.56,MEDIUM,"{""revenue_previous_30d"": 5594.85, ""revenue_30d"": 822.31, ""revenue_growth_30d"": -0.853, ""revenue_gap_vs_previous_30d"": 4772.54, ""orders_previous_30d"": 2, ""orders_30d"": 2, ""revenue_index_vs_peer"": 0.61}","Review the outlet's recent order decline, identify the lost SKU/category demand, and schedule a recovery visit with a targeted reorder proposal.",822.3119999999999,5594.85,0.0,3.904871259370272,0.6099558654452396,0.0,0.0,,,,,5594.85,822.31,-0.853,4772.54,2.0,2.0,0.61,,,,
1094,380,OPP-000097,164,Revenue Recovery,48.03,P3,Monitor,60.0,MEDIUM,"{""revenue_previous_30d"": 16486.17, ""revenue_30d"": 5400.19, ""revenue_growth_30d"": -0.6724, ""revenue_gap_vs_previous_30d"": 11085.98, ""orders_previous_30d"": 3, ""orders_30d"": 3, ""revenue_index_vs_peer"": 1.072}","Review the outlet's recent order decline, identify the lost SKU/category demand, and schedule a recovery visit with a targeted reorder proposal.",5400.19,16486.17,2700.095,13.124353982481546,1.072479166832167,2.0,2.0,,,,,16486.17,5400.19,-0.6724,11085.98,3.0,3.0,1.072,,,,
1095,220,OPP-000109,188,Inactive Outlet,47.99,P3,Monitor,70.0,MEDIUM,"{""revenue_previous_30d"": 5252.61, ""revenue_30d"": 0.0, ""orders_previous_30d"": 3, ""orders_30d"": 0, ""days_since_last_order"": 34}","Prioritize a win-back visit, diagnose the reason for inactivity, and attempt a targeted reorder based on the outlet's prior mix.",0.0,5252.610000000001,0.0,0.0,0.0,1.0,0.0,,,,,5252.61,0.0,,,3.0,0.0,,34.0,,,
1096,381,OPP-001010,1553,Revenue Recovery,47.95,P3,Monitor,60.0,MEDIUM,"{""revenue_previous_30d"": 10533.7, ""revenue_30d"": 4519.53, ""revenue_growth_30d"": -0.5709, ""revenue_gap_vs_previous_30d"": 6014.17, ""orders_previous_30d"": 5, ""orders_30d"": 1, ""revenue_index_vs_peer"": 0.799}","Review the outlet's recent order decline, identify the lost SKU/category demand, and schedule a recovery visit with a targeted reorder proposal.",4519.53,10533.7,4519.53,10.466294101954157,0.7990272775971528,1.0,0.0,,,,,10533.7,4519.53,-0.5709,6014.17,5.0,1.0,0.799,,,,
1097,221,OPP-001790,2618,Inactive Outlet,47.92,P3,Monitor,70.0,MEDIUM,"{""revenue_previous_30d"": 5773.5, ""revenue_30d"": 0.0, ""orders_previous_30d"": 3, ""orders_30d"": 0, ""days_since_last_order"": 30}","Prioritize a win-back visit, diagnose the reason for inactivity, and attempt a targeted reorder based on the outlet's prior mix.",0.0,5773.5,0.0,6.022581256018023,0.0,0.0,0.0,,,,,5773.5,0.0,,,3.0,0.0,,30.0,,,
1098,222,OPP-000086,143,Inactive Outlet,47.89,P3,Monitor,70.0,MEDIUM,"{""revenue_previous_30d"": 3482.26, ""revenue_30d"": 0.0, ""orders_previous_30d"": 1, ""orders_30d"": 0, ""days_since_last_order"": 56}","Prioritize a win-back visit, diagnose the reason for inactivity, and attempt a targeted reorder based on the outlet's prior mix.",0.0,3482.26,0.0,0.0,0.0,2.0,1.0,,,,,3482.26,0.0,,,1.0,0.0,,56.0,,,
1099,382,OPP-000533,841,Revenue Recovery,47.89,P3,Monitor,60.0,MEDIUM,"{""revenue_previous_30d"": 8087.35, ""revenue_30d"": 2885.46, ""revenue_growth_30d"": -0.6432, ""revenue_gap_vs_previous_30d"": 5201.89, ""orders_previous_30d"": 2, ""orders_30d"": 1, ""revenue_index_vs_peer"": 0.629}","Review the outlet's recent order decline, identify the lost SKU/category demand, and schedule a recovery visit with a targeted reorder proposal.",2885.46,8087.35,2885.46,7.030799984795426,0.6290550962235459,1.0,0.0,,,,,8087.35,2885.46,-0.6432,5201.89,2.0,1.0,0.629,,,,
1100,383,OPP-001888,2770,Revenue Recovery,47.83,P3,Monitor,60.67,MEDIUM,"{""revenue_previous_30d"": 6751.98, ""revenue_30d"": 2322.12, ""revenue_growth_30d"": -0.6561, ""revenue_gap_vs_previous_30d"": 4429.86, ""orders_previous_30d"": 4, ""orders_30d"": 2, ""revenue_index_vs_peer"": 0.517}","Review the outlet's recent order decline, identify the lost SKU/category demand, and schedule a recovery visit with a targeted reorder proposal.",2322.1215,6751.98,774.0405000000001,5.806697357365768,0.5167964524959384,3.0,2.0,,,,,6751.98,2322.12,-0.6561,4429.86,4.0,2.0,0.517,,,,
1101,223,OPP-001236,1861,Inactive Outlet,47.81,P3,Monitor,70.0,MEDIUM,"{""revenue_previous_30d"": 4539.26, ""revenue_30d"": 0.0, ""orders_previous_30d"": 4, ""orders_30d"": 0, ""days_since_last_order"": 35}","Prioritize a win-back visit, diagnose the reason for inactivity, and attempt a targeted reorder based on the outlet's prior mix.",0.0,4539.26,0.0,0.0,0.0,3.0,1.0,,,,,4539.26,0.0,,,4.0,0.0,,35.0,,,
1102,384,OPP-001588,2357,Revenue Recovery,47.8,P3,Monitor,60.0,MEDIUM,"{""revenue_previous_30d"": 17067.43, ""revenue_30d"": 9155.22, ""revenue_growth_30d"": -0.4636, ""revenue_gap_vs_previous_30d"": 7912.21, ""orders_previous_30d"": 2, ""orders_30d"": 2, ""revenue_index_vs_peer"": 0.453}","Review the outlet's recent order decline, identify the lost SKU/category demand, and schedule a recovery visit with a targeted reorder proposal.",9155.22,17067.43,3051.74,16.564972303416678,0.4525917236285762,3.0,3.0,,,,,17067.43,9155.22,-0.4636,7912.21,2.0,2.0,0.453,,,,
1103,385,OPP-001646,2431,Revenue Recovery,47.76,P3,Monitor,64.96,MEDIUM,"{""revenue_previous_30d"": 4672.78, ""revenue_30d"": 1661.13, ""revenue_growth_30d"": -0.6445, ""revenue_gap_vs_previous_30d"": 3011.65, ""orders_previous_30d"": 3, ""orders_30d"": 1, ""revenue_index_vs_peer"": 0.344}","Review the outlet's recent order decline, identify the lost SKU/category demand, and schedule a recovery visit with a targeted reorder proposal.",1661.13,4672.78,0.0,4.865684232726123,0.3435209694763835,0.0,0.0,,,,,4672.78,1661.13,-0.6445,3011.65,3.0,1.0,0.344,,,,
1104,386,OPP-001607,2385,Cross-Sell,47.68,P3,Monitor,96.0,HIGH,"{""target_category"": ""Snacks"", ""territory_category_rank"": 1, ""territory_category_orders_90d"": 423, ""current_category_count_90d"": 2}","Introduce Snacks during the next outlet visit and assess fit, expected demand, and an initial reorder quantity.",2265.73,0.0,1132.865,6.030074655684555,0.3849648715922896,2.0,2.0,Snacks,1.0,423.0,2.0,,,,,,,,,,,
1105,387,OPP-001912,2796,Cross-Sell,47.68,P3,Monitor,96.0,HIGH,"{""target_category"": ""Snacks"", ""territory_category_rank"": 1, ""territory_category_orders_90d"": 423, ""current_category_count_90d"": 2}","Introduce Snacks during the next outlet visit and assess fit, expected demand, and an initial reorder quantity.",0.0,3198.31,0.0,0.0,0.0,4.0,1.0,Snacks,1.0,423.0,2.0,,,,,,,,,,,
1106,388,OPP-000111,191,Cross-Sell,47.64,P3,Monitor,78.0,MEDIUM,"{""target_category"": ""Home Care"", ""territory_category_rank"": 3, ""territory_category_orders_90d"": 1007, ""current_category_count_90d"": 4}","Introduce Home Care during the next outlet visit and assess fit, expected demand, and an initial reorder quantity.",0.0,0.0,0.0,0.0,0.0,4.0,3.0,Home Care,3.0,1007.0,4.0,,,,,,,,,,,
1107,389,OPP-000117,201,Cross-Sell,47.64,P3,Monitor,78.0,MEDIUM,"{""target_category"": ""Home Care"", ""territory_category_rank"": 3, ""territory_category_orders_90d"": 1007, ""current_category_count_90d"": 4}","Introduce Home Care during the next outlet visit and assess fit, expected demand, and an initial reorder quantity.",1443.76,2303.89,1443.76,8.762583133957499,0.9898597922594358,1.0,1.0,Home Care,3.0,1007.0,4.0,,,,,,,,,,,
1108,390,OPP-000837,1291,Cross-Sell,47.64,P3,Monitor,78.0,MEDIUM,"{""target_category"": ""Home Care"", ""territory_category_rank"": 3, ""territory_category_orders_90d"": 1007, ""current_category_count_90d"": 4}","Introduce Home Care during the next outlet visit and assess fit, expected demand, and an initial reorder quantity.",0.0,691.87,0.0,0.0,0.0,1.0,1.0,Home Care,3.0,1007.0,4.0,,,,,,,,,,,
1109,391,OPP-001212,1831,Cross-Sell,47.64,P3,Monitor,78.0,MEDIUM,"{""target_category"": ""Home Care"", ""territory_category_rank"": 3, ""territory_category_orders_90d"": 1007, ""current_category_count_90d"": 4}","Introduce Home Care during the next outlet visit and assess fit, expected demand, and an initial reorder quantity.",3820.91,2931.57,1910.455,11.28797298858266,0.8744541684594046,2.0,2.0,Home Care,3.0,1007.0,4.0,,,,,,,,,,,
1110,392,OPP-001258,1895,Cross-Sell,47.64,P3,Monitor,78.0,MEDIUM,"{""target_category"": ""Home Care"", ""territory_category_rank"": 3, ""territory_category_orders_90d"": 1007, ""current_category_count_90d"": 4}","Introduce Home Care during the next outlet visit and assess fit, expected demand, and an initial reorder quantity.",21929.36,3732.42,5482.34,39.74962842084372,1.077788576729556,4.0,2.0,Home Care,3.0,1007.0,4.0,,,,,,,,,,,
1111,393,OPP-001389,2094,Cross-Sell,47.64,P3,Monitor,78.0,MEDIUM,"{""target_category"": ""Home Care"", ""territory_category_rank"": 3, ""territory_category_orders_90d"": 1007, ""current_category_count_90d"": 4}","Introduce Home Care during the next outlet visit and assess fit, expected demand, and an initial reorder quantity.",11321.01,5718.41,3773.67,28.106510197879985,2.5909284399974366,3.0,2.0,Home Care,3.0,1007.0,4.0,,,,,,,,,,,
1112,394,OPP-001987,2911,Cross-Sell,47.64,P3,Monitor,78.0,MEDIUM,"{""target_category"": ""Home Care"", ""territory_category_rank"": 3, ""territory_category_orders_90d"": 1007, ""current_category_count_90d"": 4}","Introduce Home Care during the next outlet visit and assess fit, expected demand, and an initial reorder quantity.",2965.23,0.0,1482.615,14.397717131323216,2.03299852593329,2.0,0.0,Home Care,3.0,1007.0,4.0,,,,,,,,,,,
1113,224,OPP-001157,1755,Inactive Outlet,47.55,P3,Monitor,70.0,MEDIUM,"{""revenue_previous_30d"": 3828.03, ""revenue_30d"": 0.0, ""orders_previous_30d"": 2, ""orders_30d"": 0, ""days_since_last_order"": 47}","Prioritize a win-back visit, diagnose the reason for inactivity, and attempt a targeted reorder based on the outlet's prior mix.",0.0,3828.03,0.0,0.0,0.0,0.0,0.0,,,,,3828.03,0.0,,,2.0,0.0,,47.0,,,
1114,386,OPP-000625,975,Revenue Recovery,47.54,P3,Monitor,64.62,MEDIUM,"{""revenue_previous_30d"": 6706.97, ""revenue_30d"": 1139.07, ""revenue_growth_30d"": -0.8302, ""revenue_gap_vs_previous_30d"": 5567.9, ""orders_previous_30d"": 3, ""orders_30d"": 2, ""revenue_index_vs_peer"": 0.899}","Review the outlet's recent order decline, identify the lost SKU/category demand, and schedule a recovery visit with a targeted reorder proposal.",1139.0715,6706.97,569.53575,6.057605327379986,0.8994705380691419,2.0,1.0,,,,,6706.97,1139.07,-0.8302,5567.9,3.0,2.0,0.899,,,,
1115,387,OPP-000183,297,Revenue Recovery,47.53,P3,Monitor,60.0,MEDIUM,"{""revenue_previous_30d"": 10334.84, ""revenue_30d"": 3419.43, ""revenue_growth_30d"": -0.6691, ""revenue_gap_vs_previous_30d"": 6915.41, ""orders_previous_30d"": 3, ""orders_30d"": 1, ""revenue_index_vs_peer"": 2.396}","Review the outlet's recent order decline, identify the lost SKU/category demand, and schedule a recovery visit with a targeted reorder proposal.",3419.43,10334.84,1709.715,19.06854164354732,2.39556536359815,2.0,2.0,,,,,10334.84,3419.43,-0.6691,6915.41,3.0,1.0,2.396,,,,
1116,225,OPP-000026,44,Inactive Outlet,47.47,P3,Monitor,70.0,MEDIUM,"{""revenue_previous_30d"": 5349.36, ""revenue_30d"": 0.0, ""orders_previous_30d"": 2, ""orders_30d"": 0, ""days_since_last_order"": 38}","Prioritize a win-back visit, diagnose the reason for inactivity, and attempt a targeted reorder based on the outlet's prior mix.",0.0,5349.36,0.0,0.0,0.0,0.0,0.0,,,,,5349.36,0.0,,,2.0,0.0,,38.0,,,
1117,226,OPP-000684,1068,Inactive Outlet,47.45,P3,Monitor,70.0,MEDIUM,"{""revenue_previous_30d"": 4051.64, ""revenue_30d"": 0.0, ""orders_previous_30d"": 5, ""orders_30d"": 0, ""days_since_last_order"": 37}","Prioritize a win-back visit, diagnose the reason for inactivity, and attempt a targeted reorder based on the outlet's prior mix.",0.0,4051.64,0.0,0.0,0.0,4.0,0.0,,,,,4051.64,0.0,,,5.0,0.0,,37.0,,,
1118,395,OPP-000380,606,Cross-Sell,47.42,P3,Monitor,85.0,HIGH,"{""target_category"": ""Home Care"", ""territory_category_rank"": 2, ""territory_category_orders_90d"": 821, ""current_category_count_90d"": 4}","Introduce Home Care during the next outlet visit and assess fit, expected demand, and an initial reorder quantity.",861.03,3261.89,430.515,4.308163560410507,0.5962687755794547,2.0,2.0,Home Care,2.0,821.0,4.0,,,,,,,,,,,
1119,396,OPP-000508,796,Cross-Sell,47.42,P3,Monitor,85.0,HIGH,"{""target_category"": ""Home Care"", ""territory_category_rank"": 2, ""territory_category_orders_90d"": 821, ""current_category_count_90d"": 4}","Introduce Home Care during the next outlet visit and assess fit, expected demand, and an initial reorder quantity.",0.0,3244.25,0.0,0.0,0.0,6.0,2.0,Home Care,2.0,821.0,4.0,,,,,,,,,,,
1120,397,OPP-000621,965,Cross-Sell,47.42,P3,Monitor,85.0,HIGH,"{""target_category"": ""Home Care"", ""territory_category_rank"": 2, ""territory_category_orders_90d"": 821, ""current_category_count_90d"": 4}","Introduce Home Care during the next outlet visit and assess fit, expected demand, and an initial reorder quantity.",4478.69,0.0,2239.345,11.660716573162716,0.8894690223306138,2.0,0.0,Home Care,2.0,821.0,4.0,,,,,,,,,,,
1121,398,OPP-001690,2508,Cross-Sell,47.42,P3,Monitor,85.0,HIGH,"{""target_category"": ""Home Care"", ""territory_category_rank"": 2, ""territory_category_orders_90d"": 821, ""current_category_count_90d"": 4}","Introduce Home Care during the next outlet visit and assess fit, expected demand, and an initial reorder quantity.",0.0,0.0,0.0,0.0,0.0,2.0,2.0,Home Care,2.0,821.0,4.0,,,,,,,,,,,
1122,227,OPP-001007,1548,Inactive Outlet,47.34,P3,Monitor,70.0,MEDIUM,"{""revenue_previous_30d"": 5338.63, ""revenue_30d"": 0.0, ""orders_previous_30d"": 2, ""orders_30d"": 0, ""days_since_last_order"": 38}","Prioritize a win-back visit, diagnose the reason for inactivity, and attempt a targeted reorder based on the outlet's prior mix.",0.0,5338.63,0.0,0.0,0.0,1.0,1.0,,,,,5338.63,0.0,,,2.0,0.0,,38.0,,,
1123,388,OPP-001149,1749,Revenue Recovery,47.28,P3,Monitor,60.0,MEDIUM,"{""revenue_previous_30d"": 34547.27, ""revenue_30d"": 21335.98, ""revenue_growth_30d"": -0.3824, ""revenue_gap_vs_previous_30d"": 13211.29, ""orders_previous_30d"": 7, ""orders_30d"": 3, ""revenue_index_vs_peer"": 0.993}","Review the outlet's recent order decline, identify the lost SKU/category demand, and schedule a recovery visit with a targeted reorder proposal.",21335.98,34547.27,21335.98,29.85581848272241,0.993448476801704,1.0,0.0,,,,,34547.27,21335.98,-0.3824,13211.29,7.0,3.0,0.993,,,,
1124,389,OPP-001649,2436,Revenue Recovery,47.21,P3,Monitor,60.0,MEDIUM,"{""revenue_previous_30d"": 7127.78, ""revenue_30d"": 2523.01, ""revenue_growth_30d"": -0.646, ""revenue_gap_vs_previous_30d"": 4604.77, ""orders_previous_30d"": 2, ""orders_30d"": 1, ""revenue_index_vs_peer"": 0.562}","Review the outlet's recent order decline, identify the lost SKU/category demand, and schedule a recovery visit with a targeted reorder proposal.",2523.01,7127.78,2523.01,5.773657944503537,0.5615049073064341,1.0,1.0,,,,,7127.78,2523.01,-0.646,4604.77,2.0,1.0,0.562,,,,
1125,228,OPP-001366,2054,Inactive Outlet,47.15,P3,Monitor,70.0,MEDIUM,"{""revenue_previous_30d"": 3745.39, ""revenue_30d"": 0.0, ""orders_previous_30d"": 1, ""orders_30d"": 0, ""days_since_last_order"": 53}","Prioritize a win-back visit, diagnose the reason for inactivity, and attempt a targeted reorder based on the outlet's prior mix.",0.0,3745.39,0.0,0.0,0.0,0.0,0.0,,,,,3745.39,0.0,,,1.0,0.0,,53.0,,,
1126,390,OPP-001618,2396,Revenue Recovery,47.13,P3,Monitor,60.0,MEDIUM,"{""revenue_previous_30d"": 15185.7, ""revenue_30d"": 6662.43, ""revenue_growth_30d"": -0.5613, ""revenue_gap_vs_previous_30d"": 8523.27, ""orders_previous_30d"": 5, ""orders_30d"": 2, ""revenue_index_vs_peer"": 1.452}","Review the outlet's recent order decline, identify the lost SKU/category demand, and schedule a recovery visit with a targeted reorder proposal.",6662.43,15185.7,6662.43,19.43181221599361,1.452467039824721,1.0,0.0,,,,,15185.7,6662.43,-0.5613,8523.27,5.0,2.0,1.452,,,,
1127,399,OPP-000160,257,Cross-Sell,47.12,P3,Monitor,71.0,MEDIUM,"{""target_category"": ""Personal Care"", ""territory_category_rank"": 4, ""territory_category_orders_90d"": 1691, ""current_category_count_90d"": 4}","Introduce Personal Care during the next outlet visit and assess fit, expected demand, and an initial reorder quantity.",0.0,2089.46,0.0,0.0,0.0,1.0,0.0,Personal Care,4.0,1691.0,4.0,,,,,,,,,,,
1128,400,OPP-000231,378,Cross-Sell,47.12,P3,Monitor,71.0,MEDIUM,"{""target_category"": ""Personal Care"", ""territory_category_rank"": 4, ""territory_category_orders_90d"": 1691, ""current_category_count_90d"": 4}","Introduce Personal Care during the next outlet visit and assess fit, expected demand, and an initial reorder quantity.",5206.59,0.0,0.0,15.697545056738116,1.135081398961189,0.0,0.0,Personal Care,4.0,1691.0,4.0,,,,,,,,,,,
1129,401,OPP-000272,437,Cross-Sell,47.12,P3,Monitor,71.0,MEDIUM,"{""target_category"": ""Personal Care"", ""territory_category_rank"": 4, ""territory_category_orders_90d"": 1691, ""current_category_count_90d"": 4}","Introduce Personal Care during the next outlet visit and assess fit, expected demand, and an initial reorder quantity.",443.304,12284.42,221.652,1.332296277418067,0.0966440846091378,2.0,0.0,Personal Care,4.0,1691.0,4.0,,,,,,,,,,,
1130,402,OPP-000325,522,Cross-Sell,47.12,P3,Monitor,71.0,MEDIUM,"{""target_category"": ""Personal Care"", ""territory_category_rank"": 4, ""territory_category_orders_90d"": 1691, ""current_category_count_90d"": 4}","Introduce Personal Care during the next outlet visit and assess fit, expected demand, and an initial reorder quantity.",0.0,2649.18,0.0,0.0,0.0,1.0,1.0,Personal Care,4.0,1691.0,4.0,,,,,,,,,,,
1131,403,OPP-000474,752,Cross-Sell,47.12,P3,Monitor,71.0,MEDIUM,"{""target_category"": ""Personal Care"", ""territory_category_rank"": 4, ""territory_category_orders_90d"": 1691, ""current_category_count_90d"": 4}","Introduce Personal Care during the next outlet visit and assess fit, expected demand, and an initial reorder quantity.",3747.77,0.0,0.0,11.377295862453774,0.8170460924683478,0.0,0.0,Personal Care,4.0,1691.0,4.0,,,,,,,,,,,
1132,404,OPP-000631,989,Cross-Sell,47.12,P3,Monitor,71.0,MEDIUM,"{""target_category"": ""Personal Care"", ""territory_category_rank"": 4, ""territory_category_orders_90d"": 1691, ""current_category_count_90d"": 4}","Introduce Personal Care during the next outlet visit and assess fit, expected demand, and an initial reorder quantity.",5754.950000000001,7085.110000000001,5754.950000000001,16.040371359424224,1.254628595098077,1.0,0.0,Personal Care,4.0,1691.0,4.0,,,,,,,,,,,
1133,405,OPP-000905,1407,Cross-Sell,47.12,P3,Monitor,71.0,MEDIUM,"{""target_category"": ""Personal Care"", ""territory_category_rank"": 4, ""territory_category_orders_90d"": 1691, ""current_category_count_90d"": 4}","Introduce Personal Care during the next outlet visit and assess fit, expected demand, and an initial reorder quantity.",0.0,1209.78,0.0,0.0,0.0,2.0,1.0,Personal Care,4.0,1691.0,4.0,,,,,,,,,,,
1134,406,OPP-000927,1431,Cross-Sell,47.12,P3,Monitor,71.0,MEDIUM,"{""target_category"": ""Personal Care"", ""territory_category_rank"": 4, ""territory_category_orders_90d"": 1691, ""current_category_count_90d"": 4}","Introduce Personal Care during the next outlet visit and assess fit, expected demand, and an initial reorder quantity.",0.0,5465.74,0.0,0.0,0.0,0.0,0.0,Personal Care,4.0,1691.0,4.0,,,,,,,,,,,
1135,407,OPP-000935,1446,Cross-Sell,47.12,P3,Monitor,71.0,MEDIUM,"{""target_category"": ""Personal Care"", ""territory_category_rank"": 4, ""territory_category_orders_90d"": 1691, ""current_category_count_90d"": 4}","Introduce Personal Care during the next outlet visit and assess fit, expected demand, and an initial reorder quantity.",0.0,587.94,0.0,0.0,0.0,2.0,1.0,Personal Care,4.0,1691.0,4.0,,,,,,,,,,,
1136,408,OPP-001015,1558,Cross-Sell,47.12,P3,Monitor,71.0,MEDIUM,"{""target_category"": ""Personal Care"", ""territory_category_rank"": 4, ""territory_category_orders_90d"": 1691, ""current_category_count_90d"": 4}","Introduce Personal Care during the next outlet visit and assess fit, expected demand, and an initial reorder quantity.",3404.51,2807.9,1702.255,17.088194298397298,2.797851795238448,2.0,0.0,Personal Care,4.0,1691.0,4.0,,,,,,,,,,,
1137,409,OPP-001057,1621,Cross-Sell,47.12,P3,Monitor,71.0,MEDIUM,"{""target_category"": ""Personal Care"", ""territory_category_rank"": 4, ""territory_category_orders_90d"": 1691, ""current_category_count_90d"": 4}","Introduce Personal Care during the next outlet visit and assess fit, expected demand, and an initial reorder quantity.",0.0,6404.91,0.0,0.0,0.0,0.0,0.0,Personal Care,4.0,1691.0,4.0,,,,,,,,,,,
1138,410,OPP-001209,1824,Cross-Sell,47.12,P3,Monitor,71.0,MEDIUM,"{""target_category"": ""Personal Care"", ""territory_category_rank"": 4, ""territory_category_orders_90d"": 1691, ""current_category_count_90d"": 4}","Introduce Personal Care during the next outlet visit and assess fit, expected demand, and an initial reorder quantity.",839.23,0.0,0.0,4.962933087955265,0.6896854942761109,0.0,0.0,Personal Care,4.0,1691.0,4.0,,,,,,,,,,,
1139,411,OPP-001272,1911,Cross-Sell,47.12,P3,Monitor,71.0,MEDIUM,"{""target_category"": ""Personal Care"", ""territory_category_rank"": 4, ""territory_category_orders_90d"": 1691, ""current_category_count_90d"": 4}","Introduce Personal Care during the next outlet visit and assess fit, expected demand, and an initial reorder quantity.",3872.38,0.0,1936.19,19.276908112133604,3.182350862486954,2.0,1.0,Personal Care,4.0,1691.0,4.0,,,,,,,,,,,
1140,412,OPP-001424,2132,Cross-Sell,47.12,P3,Monitor,71.0,MEDIUM,"{""target_category"": ""Personal Care"", ""territory_category_rank"": 4, ""territory_category_orders_90d"": 1691, ""current_category_count_90d"": 4}","Introduce Personal Care during the next outlet visit and assess fit, expected demand, and an initial reorder quantity.",2863.84,923.84,954.6133333333332,15.50460454011445,2.3535251431999544,3.0,1.0,Personal Care,4.0,1691.0,4.0,,,,,,,,,,,
1141,413,OPP-001717,2537,Cross-Sell,47.12,P3,Monitor,71.0,MEDIUM,"{""target_category"": ""Personal Care"", ""territory_category_rank"": 4, ""territory_category_orders_90d"": 1691, ""current_category_count_90d"": 4}","Introduce Personal Care during the next outlet visit and assess fit, expected demand, and an initial reorder quantity.",7043.18,0.0,2347.726666666667,33.03257867959359,5.788138030784909,3.0,3.0,Personal Care,4.0,1691.0,4.0,,,,,,,,,,,
1142,414,OPP-001806,2636,Cross-Sell,47.12,P3,Monitor,71.0,MEDIUM,"{""target_category"": ""Personal Care"", ""territory_category_rank"": 4, ""territory_category_orders_90d"": 1691, ""current_category_count_90d"": 4}","Introduce Personal Care during the next outlet visit and assess fit, expected demand, and an initial reorder quantity.",496.99,1653.9299999999998,496.99,2.385228372214458,0.4084301011645012,1.0,0.0,Personal Care,4.0,1691.0,4.0,,,,,,,,,,,
1144,229,OPP-001732,2552,Inactive Outlet,47.08,P3,Monitor,70.0,MEDIUM,"{""revenue_previous_30d"": 3879.44, ""revenue_30d"": 0.0, ""orders_previous_30d"": 1, ""orders_30d"": 0, ""days_since_last_order"": 52}","Prioritize a win-back visit, diagnose the reason for inactivity, and attempt a targeted reorder based on the outlet's prior mix.",0.0,3879.44,0.0,0.0,0.0,1.0,0.0,,,,,3879.44,0.0,,,1.0,0.0,,52.0,,,
1143,391,OPP-001367,2056,Revenue Recovery,47.08,P3,Monitor,60.0,MEDIUM,"{""revenue_previous_30d"": 35146.61, ""revenue_30d"": 20287.65, ""revenue_growth_30d"": -0.4228, ""revenue_gap_vs_previous_30d"": 14858.96, ""orders_previous_30d"": 6, ""orders_30d"": 4, ""revenue_index_vs_peer"": 1.058}","Review the outlet's recent order decline, identify the lost SKU/category demand, and schedule a recovery visit with a targeted reorder proposal.",20287.65,35146.61,6762.55,30.04776059010033,1.057843745836767,3.0,2.0,,,,,35146.61,20287.65,-0.4228,14858.96,6.0,4.0,1.058,,,,
1145,230,OPP-000648,1019,Inactive Outlet,47.03,P3,Monitor,70.0,MEDIUM,"{""revenue_previous_30d"": 5762.52, ""revenue_30d"": 0.0, ""orders_previous_30d"": 2, ""orders_30d"": 0, ""days_since_last_order"": 34}","Prioritize a win-back visit, diagnose the reason for inactivity, and attempt a targeted reorder based on the outlet's prior mix.",0.0,5762.52,0.0,0.0,0.0,0.0,0.0,,,,,5762.52,0.0,,,2.0,0.0,,34.0,,,
1146,231,OPP-001376,2077,Inactive Outlet,47.01,P3,Monitor,70.0,MEDIUM,"{""revenue_previous_30d"": 4462.34, ""revenue_30d"": 0.0, ""orders_previous_30d"": 1, ""orders_30d"": 0, ""days_since_last_order"": 48}","Prioritize a win-back visit, diagnose the reason for inactivity, and attempt a targeted reorder based on the outlet's prior mix.",0.0,4462.34,0.0,0.0,0.0,4.0,2.0,,,,,4462.34,0.0,,,1.0,0.0,,48.0,,,
1147,392,OPP-000446,703,Revenue Recovery,47.0,P3,Monitor,75.56,MEDIUM,"{""revenue_previous_30d"": 2255.81, ""revenue_30d"": 390.63, ""revenue_growth_30d"": -0.8268, ""revenue_gap_vs_previous_30d"": 1865.18, ""orders_previous_30d"": 2, ""orders_30d"": 1, ""revenue_index_vs_peer"": 0.321}","Review the outlet's recent order decline, identify the lost SKU/category demand, and schedule a recovery visit with a targeted reorder proposal.",390.63,2255.81,0.0,2.196583018107204,0.3210226572323167,0.0,0.0,,,,,2255.81,390.63,-0.8268,1865.18,2.0,1.0,0.321,,,,
1148,415,OPP-000293,466,Cross-Sell,46.88,P3,Monitor,87.0,HIGH,"{""target_category"": ""Beverages"", ""territory_category_rank"": 2, ""territory_category_orders_90d"": 708, ""current_category_count_90d"": 3}","Introduce Beverages during the next outlet visit and assess fit, expected demand, and an initial reorder quantity.",3598.5600000000004,0.0,3598.5600000000004,17.372044725812543,2.841611522607748,1.0,0.0,Beverages,2.0,708.0,3.0,,,,,,,,,,,
1149,416,OPP-000730,1127,Cross-Sell,46.88,P3,Monitor,87.0,HIGH,"{""target_category"": ""Beverages"", ""territory_category_rank"": 2, ""territory_category_orders_90d"": 708, ""current_category_count_90d"": 3}","Introduce Beverages during the next outlet visit and assess fit, expected demand, and an initial reorder quantity.",1301.74,2181.01,433.91333333333336,3.173482524929125,0.2897068969354372,3.0,2.0,Beverages,2.0,708.0,3.0,,,,,,,,,,,
1150,417,OPP-001097,1679,Cross-Sell,46.88,P3,Monitor,87.0,HIGH,"{""target_category"": ""Beverages"", ""territory_category_rank"": 2, ""territory_category_orders_90d"": 708, ""current_category_count_90d"": 3}","Introduce Beverages during the next outlet visit and assess fit, expected demand, and an initial reorder quantity.",1474.47,1063.33,491.49,7.213519129056863,1.16431876687882,3.0,1.0,Beverages,2.0,708.0,3.0,,,,,,,,,,,
1151,418,OPP-002000,2928,Cross-Sell,46.88,P3,Monitor,87.0,HIGH,"{""target_category"": ""Beverages"", ""territory_category_rank"": 2, ""territory_category_orders_90d"": 708, ""current_category_count_90d"": 3}","Introduce Beverages during the next outlet visit and assess fit, expected demand, and an initial reorder quantity.",5112.41,0.0,1278.1025,31.63890233200608,4.037026800802287,4.0,4.0,Beverages,2.0,708.0,3.0,,,,,,,,,,,
1152,232,OPP-001641,2426,Inactive Outlet,46.87,P3,Monitor,70.0,MEDIUM,"{""revenue_previous_30d"": 6087.22, ""revenue_30d"": 0.0, ""orders_previous_30d"": 2, ""orders_30d"": 0, ""days_since_last_order"": 32}","Prioritize a win-back visit, diagnose the reason for inactivity, and attempt a targeted reorder based on the outlet's prior mix.",0.0,6087.219999999999,0.0,0.0,0.0,0.0,0.0,,,,,6087.22,0.0,,,2.0,0.0,,32.0,,,
1154,233,OPP-000558,878,Inactive Outlet,46.86,P3,Monitor,70.0,MEDIUM,"{""revenue_previous_30d"": 5018.44, ""revenue_30d"": 0.0, ""orders_previous_30d"": 3, ""orders_30d"": 0, ""days_since_last_order"": 34}","Prioritize a win-back visit, diagnose the reason for inactivity, and attempt a targeted reorder based on the outlet's prior mix.",0.0,5018.44,0.0,0.0,0.0,2.0,0.0,,,,,5018.44,0.0,,,3.0,0.0,,34.0,,,
1153,393,OPP-000501,787,Revenue Recovery,46.86,P3,Monitor,67.82,MEDIUM,"{""revenue_previous_30d"": 4490.93, ""revenue_30d"": 615.35, ""revenue_growth_30d"": -0.863, ""revenue_gap_vs_previous_30d"": 3875.58, ""orders_previous_30d"": 1, ""orders_30d"": 1, ""revenue_index_vs_peer"": 0.506}","Review the outlet's recent order decline, identify the lost SKU/category demand, and schedule a recovery visit with a targeted reorder proposal.",615.35,4490.93,0.0,3.46675861027684,0.505699234897233,0.0,0.0,,,,,4490.93,615.35,-0.863,3875.58,1.0,1.0,0.506,,,,
1155,234,OPP-000998,1541,Inactive Outlet,46.81,P3,Monitor,70.0,MEDIUM,"{""revenue_previous_30d"": 5451.29, ""revenue_30d"": 0.0, ""orders_previous_30d"": 2, ""orders_30d"": 0, ""days_since_last_order"": 36}","Prioritize a win-back visit, diagnose the reason for inactivity, and attempt a targeted reorder based on the outlet's prior mix.",0.0,5451.29,0.0,0.0,0.0,0.0,0.0,,,,,5451.29,0.0,,,2.0,0.0,,36.0,,,
1156,394,OPP-000764,1181,Revenue Recovery,46.79,P3,Monitor,60.0,MEDIUM,"{""revenue_previous_30d"": 17036.58, ""revenue_30d"": 8164.59, ""revenue_growth_30d"": -0.5208, ""revenue_gap_vs_previous_30d"": 8871.99, ""orders_previous_30d"": 5, ""orders_30d"": 2, ""revenue_index_vs_peer"": 1.443}","Review the outlet's recent order decline, identify the lost SKU/category demand, and schedule a recovery visit with a targeted reorder proposal.",8164.59,17036.58,4082.295,30.59029599091763,1.443453217568406,2.0,0.0,,,,,17036.58,8164.59,-0.5208,8871.99,5.0,2.0,1.443,,,,
1157,395,OPP-001458,2178,Revenue Recovery,46.7,P3,Monitor,60.0,MEDIUM,"{""revenue_previous_30d"": 10901.24, ""revenue_30d"": 4296.39, ""revenue_growth_30d"": -0.6059, ""revenue_gap_vs_previous_30d"": 6604.85, ""orders_previous_30d"": 4, ""orders_30d"": 1, ""revenue_index_vs_peer"": 0.956}","Review the outlet's recent order decline, identify the lost SKU/category demand, and schedule a recovery visit with a targeted reorder proposal.",4296.39,10901.24,4296.39,18.69903870768274,0.9561769746066364,1.0,1.0,,,,,10901.24,4296.39,-0.6059,6604.85,4.0,1.0,0.956,,,,
1158,235,OPP-001965,2871,Inactive Outlet,46.67,P3,Monitor,70.0,MEDIUM,"{""revenue_previous_30d"": 5550.45, ""revenue_30d"": 0.0, ""orders_previous_30d"": 3, ""orders_30d"": 0, ""days_since_last_order"": 30}","Prioritize a win-back visit, diagnose the reason for inactivity, and attempt a targeted reorder based on the outlet's prior mix.",0.0,5550.45,0.0,18.4763553847638,0.0,2.0,0.0,,,,,5550.45,0.0,,,3.0,0.0,,30.0,,,
1160,397,OPP-001396,2101,Revenue Recovery,46.64,P3,Monitor,64.46,MEDIUM,"{""revenue_previous_30d"": 6797.79, ""revenue_30d"": 1266.38, ""revenue_growth_30d"": -0.8137, ""revenue_gap_vs_previous_30d"": 5531.41, ""orders_previous_30d"": 2, ""orders_30d"": 1, ""revenue_index_vs_peer"": 1.0}","Review the outlet's recent order decline, identify the lost SKU/category demand, and schedule a recovery visit with a targeted reorder proposal.",1266.38,6797.79,422.1266666666667,6.760090918893642,1.0,3.0,2.0,,,,,6797.79,1266.38,-0.8137,5531.41,2.0,1.0,1.0,,,,
1159,396,OPP-000742,1153,Revenue Recovery,46.64,P3,Monitor,60.0,MEDIUM,"{""revenue_previous_30d"": 19136.91, ""revenue_30d"": 11734.24, ""revenue_growth_30d"": -0.3868, ""revenue_gap_vs_previous_30d"": 7402.67, ""orders_previous_30d"": 4, ""orders_30d"": 2, ""revenue_index_vs_peer"": 0.59}","Review the outlet's recent order decline, identify the lost SKU/category demand, and schedule a recovery visit with a targeted reorder proposal.",11734.24,19136.91,3911.413333333333,16.17843731680025,0.5900594070160018,3.0,2.0,,,,,19136.91,11734.24,-0.3868,7402.67,4.0,2.0,0.59,,,,
1161,419,OPP-001126,1717,Cross-Sell,46.62,P3,Monitor,94.0,HIGH,"{""target_category"": ""Snacks"", ""territory_category_rank"": 1, ""territory_category_orders_90d"": 579, ""current_category_count_90d"": 3}","Introduce Snacks during the next outlet visit and assess fit, expected demand, and an initial reorder quantity.",0.0,0.0,0.0,0.0,0.0,0.0,0.0,Snacks,1.0,579.0,3.0,,,,,,,,,,,
1162,420,OPP-001156,1755,Cross-Sell,46.62,P3,Monitor,94.0,HIGH,"{""target_category"": ""Snacks"", ""territory_category_rank"": 1, ""territory_category_orders_90d"": 579, ""current_category_count_90d"": 3}","Introduce Snacks during the next outlet visit and assess fit, expected demand, and an initial reorder quantity.",0.0,3828.03,0.0,0.0,0.0,0.0,0.0,Snacks,1.0,579.0,3.0,,,,,,,,,,,
1163,421,OPP-001404,2111,Cross-Sell,46.62,P3,Monitor,94.0,HIGH,"{""target_category"": ""Snacks"", ""territory_category_rank"": 1, ""territory_category_orders_90d"": 579, ""current_category_count_90d"": 3}","Introduce Snacks during the next outlet visit and assess fit, expected demand, and an initial reorder quantity.",0.0,0.0,0.0,0.0,0.0,3.0,1.0,Snacks,1.0,579.0,3.0,,,,,,,,,,,
1164,398,OPP-001783,2612,Revenue Recovery,46.6,P3,Monitor,75.24,MEDIUM,"{""revenue_previous_30d"": 1842.45, ""revenue_30d"": 201.82, ""revenue_growth_30d"": -0.8905, ""revenue_gap_vs_previous_30d"": 1640.63, ""orders_previous_30d"": 1, ""orders_30d"": 1, ""revenue_index_vs_peer"": 0.14}","Review the outlet's recent order decline, identify the lost SKU/category demand, and schedule a recovery visit with a targeted reorder proposal.",201.82,1842.45,100.91,1.166115734473217,0.1397616393011225,2.0,1.0,,,,,1842.45,201.82,-0.8905,1640.63,1.0,1.0,0.14,,,,
1166,400,OPP-001028,1575,Revenue Recovery,46.59,P3,Monitor,62.27,MEDIUM,"{""revenue_previous_30d"": 7509.49, ""revenue_30d"": 1901.61, ""revenue_growth_30d"": -0.7468, ""revenue_gap_vs_previous_30d"": 5607.88, ""orders_previous_30d"": 3, ""orders_30d"": 1, ""revenue_index_vs_peer"": 1.024}","Review the outlet's recent order decline, identify the lost SKU/category demand, and schedule a recovery visit with a targeted reorder proposal.",1901.61,7509.49,950.805,9.09757644823221,1.0242432403317894,2.0,2.0,,,,,7509.49,1901.61,-0.7468,5607.88,3.0,1.0,1.024,,,,
1165,399,OPP-000055,86,Revenue Recovery,46.59,P3,Monitor,60.0,MEDIUM,"{""revenue_previous_30d"": 40554.12, ""revenue_30d"": 24124.04, ""revenue_growth_30d"": -0.4051, ""revenue_gap_vs_previous_30d"": 16430.08, ""orders_previous_30d"": 4, ""orders_30d"": 3, ""revenue_index_vs_peer"": 1.096}","Review the outlet's recent order decline, identify the lost SKU/category demand, and schedule a recovery visit with a targeted reorder proposal.",24124.04,40554.12,12062.02,37.78462548581607,1.0956150039602666,2.0,1.0,,,,,40554.12,24124.04,-0.4051,16430.08,4.0,3.0,1.096,,,,
1167,422,OPP-000711,1105,Cross-Sell,46.57,P3,Monitor,89.0,HIGH,"{""target_category"": ""Beverages"", ""territory_category_rank"": 2, ""territory_category_orders_90d"": 611, ""current_category_count_90d"": 2}","Introduce Beverages during the next outlet visit and assess fit, expected demand, and an initial reorder quantity.",0.0,0.0,0.0,0.0,0.0,5.0,3.0,Beverages,2.0,611.0,2.0,,,,,,,,,,,
1168,401,OPP-000853,1316,Revenue Recovery,46.55,P3,Monitor,60.0,MEDIUM,"{""revenue_previous_30d"": 19601.27, ""revenue_30d"": 8829.0, ""revenue_growth_30d"": -0.5496, ""revenue_gap_vs_previous_30d"": 10772.27, ""orders_previous_30d"": 4, ""orders_30d"": 3, ""revenue_index_vs_peer"": 1.44}","Review the outlet's recent order decline, identify the lost SKU/category demand, and schedule a recovery visit with a targeted reorder proposal.",8829.0,19601.27,4414.5,21.18270460599665,1.4404181764491872,2.0,1.0,,,,,19601.27,8829.0,-0.5496,10772.27,4.0,3.0,1.44,,,,
1169,402,OPP-001827,2676,Revenue Recovery,46.49,P3,Monitor,73.06,MEDIUM,"{""revenue_previous_30d"": 1495.48, ""revenue_30d"": 468.85, ""revenue_growth_30d"": -0.6865, ""revenue_gap_vs_previous_30d"": 1026.63, ""orders_previous_30d"": 4, ""orders_30d"": 1, ""revenue_index_vs_peer"": 0.083}","Review the outlet's recent order decline, identify the lost SKU/category demand, and schedule a recovery visit with a targeted reorder proposal.",468.85,1495.48,468.85,1.2054220725546594,0.0831826754358729,1.0,0.0,,,,,1495.48,468.85,-0.6865,1026.63,4.0,1.0,0.083,,,,
1170,236,OPP-001314,1978,Inactive Outlet,46.43,P3,Monitor,70.0,MEDIUM,"{""revenue_previous_30d"": 5419.9, ""revenue_30d"": 0.0, ""orders_previous_30d"": 2, ""orders_30d"": 0, ""days_since_last_order"": 36}","Prioritize a win-back visit, diagnose the reason for inactivity, and attempt a targeted reorder based on the outlet's prior mix.",0.0,5419.9,0.0,0.0,0.0,0.0,0.0,,,,,5419.9,0.0,,,2.0,0.0,,36.0,,,
1171,237,OPP-001317,1983,Inactive Outlet,46.4,P3,Monitor,70.0,MEDIUM,"{""revenue_previous_30d"": 5598.93, ""revenue_30d"": 0.0, ""orders_previous_30d"": 2, ""orders_30d"": 0, ""days_since_last_order"": 34}","Prioritize a win-back visit, diagnose the reason for inactivity, and attempt a targeted reorder based on the outlet's prior mix.",0.0,5598.93,0.0,0.0,0.0,4.0,1.0,,,,,5598.93,0.0,,,2.0,0.0,,34.0,,,
1172,403,OPP-000423,664,Revenue Recovery,46.35,P3,Monitor,60.0,MEDIUM,"{""revenue_previous_30d"": 11785.42, ""revenue_30d"": 4859.72, ""revenue_growth_30d"": -0.5876, ""revenue_gap_vs_previous_30d"": 6925.7, ""orders_previous_30d"": 2, ""orders_30d"": 1, ""revenue_index_vs_peer"": 0.859}","Review the outlet's recent order decline, identify the lost SKU/category demand, and schedule a recovery visit with a targeted reorder proposal.",4859.72,11785.42,1619.9066666666668,12.909556703846206,0.8591709406695908,3.0,3.0,,,,,11785.42,4859.72,-0.5876,6925.7,2.0,1.0,0.859,,,,
1173,404,OPP-000926,1430,Revenue Recovery,46.35,P3,Monitor,60.0,MEDIUM,"{""revenue_previous_30d"": 26451.75, ""revenue_30d"": 14942.89, ""revenue_growth_30d"": -0.4351, ""revenue_gap_vs_previous_30d"": 11508.86, ""orders_previous_30d"": 4, ""orders_30d"": 4, ""revenue_index_vs_peer"": 0.751}","Review the outlet's recent order decline, identify the lost SKU/category demand, and schedule a recovery visit with a targeted reorder proposal.",14942.89,26451.75,7471.445,22.35932323906876,0.7514072332341372,2.0,1.0,,,,,26451.75,14942.89,-0.4351,11508.86,4.0,4.0,0.751,,,,
1174,405,OPP-000491,774,Revenue Recovery,46.33,P3,Monitor,60.0,MEDIUM,"{""revenue_previous_30d"": 13781.77, ""revenue_30d"": 5214.39, ""revenue_growth_30d"": -0.6216, ""revenue_gap_vs_previous_30d"": 8567.38, ""orders_previous_30d"": 3, ""orders_30d"": 2, ""revenue_index_vs_peer"": 1.137}","Review the outlet's recent order decline, identify the lost SKU/category demand, and schedule a recovery visit with a targeted reorder proposal.",5214.39,13781.77,2607.195,13.531842606389857,1.1367818660446154,2.0,1.0,,,,,13781.77,5214.39,-0.6216,8567.38,3.0,2.0,1.137,,,,
1175,406,OPP-000677,1057,Revenue Recovery,46.32,P3,Monitor,60.0,MEDIUM,"{""revenue_previous_30d"": 11412.82, ""revenue_30d"": 4787.39, ""revenue_growth_30d"": -0.5805, ""revenue_gap_vs_previous_30d"": 6625.43, ""orders_previous_30d"": 4, ""orders_30d"": 2, ""revenue_index_vs_peer"": 0.818}","Review the outlet's recent order decline, identify the lost SKU/category demand, and schedule a recovery visit with a targeted reorder proposal.",4787.39,11412.82,4787.39,11.785716835461706,0.817940604615085,1.0,0.0,,,,,11412.82,4787.39,-0.5805,6625.43,4.0,2.0,0.818,,,,
1176,238,OPP-001467,2187,Inactive Outlet,46.31,P3,Monitor,70.0,MEDIUM,"{""revenue_previous_30d"": 5400.9, ""revenue_30d"": 0.0, ""orders_previous_30d"": 2, ""orders_30d"": 0, ""days_since_last_order"": 36}","Prioritize a win-back visit, diagnose the reason for inactivity, and attempt a targeted reorder based on the outlet's prior mix.",0.0,5400.9,0.0,0.0,0.0,1.0,0.0,,,,,5400.9,0.0,,,2.0,0.0,,36.0,,,
1177,407,OPP-000512,801,Revenue Recovery,46.29,P3,Monitor,60.0,MEDIUM,"{""revenue_previous_30d"": 8979.23, ""revenue_30d"": 2987.84, ""revenue_growth_30d"": -0.6673, ""revenue_gap_vs_previous_30d"": 5991.39, ""orders_previous_30d"": 2, ""orders_30d"": 2, ""revenue_index_vs_peer"": 0.618}","Review the outlet's recent order decline, identify the lost SKU/category demand, and schedule a recovery visit with a targeted reorder proposal.",2987.838,8979.23,0.0,8.944768448761929,0.6178836132020845,0.0,0.0,,,,,8979.23,2987.84,-0.6673,5991.39,2.0,2.0,0.618,,,,
1178,239,OPP-001310,1967,Inactive Outlet,46.27,P3,Monitor,70.0,MEDIUM,"{""revenue_previous_30d"": 3320.91, ""revenue_30d"": 0.0, ""orders_previous_30d"": 2, ""orders_30d"": 0, ""days_since_last_order"": 50}","Prioritize a win-back visit, diagnose the reason for inactivity, and attempt a targeted reorder based on the outlet's prior mix.",0.0,3320.91,0.0,0.0,0.0,2.0,1.0,,,,,3320.91,0.0,,,2.0,0.0,,50.0,,,
1179,408,OPP-001461,2183,Revenue Recovery,46.25,P3,Monitor,60.0,MEDIUM,"{""revenue_previous_30d"": 44718.06, ""revenue_30d"": 29794.76, ""revenue_growth_30d"": -0.3337, ""revenue_gap_vs_previous_30d"": 14923.3, ""orders_previous_30d"": 8, ""orders_30d"": 4, ""revenue_index_vs_peer"": 1.205}","Review the outlet's recent order decline, identify the lost SKU/category demand, and schedule a recovery visit with a targeted reorder proposal.",29794.76,44718.06,9931.586666666668,55.33449915585646,1.2049269960820854,3.0,2.0,,,,,44718.06,29794.76,-0.3337,14923.3,8.0,4.0,1.205,,,,
1180,240,OPP-001907,2790,Inactive Outlet,46.23,P3,Monitor,70.0,MEDIUM,"{""revenue_previous_30d"": 4937.38, ""revenue_30d"": 0.0, ""orders_previous_30d"": 3, ""orders_30d"": 0, ""days_since_last_order"": 34}","Prioritize a win-back visit, diagnose the reason for inactivity, and attempt a targeted reorder based on the outlet's prior mix.",0.0,4937.38,0.0,0.0,0.0,3.0,2.0,,,,,4937.38,0.0,,,3.0,0.0,,34.0,,,
1181,409,OPP-000242,393,Revenue Recovery,46.17,P3,Monitor,60.0,MEDIUM,"{""revenue_previous_30d"": 6765.52, ""revenue_30d"": 2215.53, ""revenue_growth_30d"": -0.6725, ""revenue_gap_vs_previous_30d"": 4549.99, ""orders_previous_30d"": 2, ""orders_30d"": 2, ""revenue_index_vs_peer"": 0.392}","Review the outlet's recent order decline, identify the lost SKU/category demand, and schedule a recovery visit with a targeted reorder proposal.",2215.5255,6765.52,0.0,5.23013633372017,0.3916923460430777,0.0,0.0,,,,,6765.52,2215.53,-0.6725,4549.99,2.0,2.0,0.392,,,,
1183,423,OPP-000865,1334,Cross-Sell,46.1,P3,Monitor,80.0,HIGH,"{""target_category"": ""Home Care"", ""territory_category_rank"": 3, ""territory_category_orders_90d"": 825, ""current_category_count_90d"": 3}","Introduce Home Care during the next outlet visit and assess fit, expected demand, and an initial reorder quantity.",0.0,0.0,0.0,0.0,0.0,1.0,1.0,Home Care,3.0,825.0,3.0,,,,,,,,,,,
1184,424,OPP-001089,1664,Cross-Sell,46.1,P3,Monitor,80.0,HIGH,"{""target_category"": ""Home Care"", ""territory_category_rank"": 3, ""territory_category_orders_90d"": 825, ""current_category_count_90d"": 3}","Introduce Home Care during the next outlet visit and assess fit, expected demand, and an initial reorder quantity.",3165.6,0.0,3165.6,15.924702757494888,1.8152833369651236,1.0,1.0,Home Care,3.0,825.0,3.0,,,,,,,,,,,
1182,410,OPP-000372,596,Revenue Recovery,46.1,P3,Monitor,61.15,MEDIUM,"{""revenue_previous_30d"": 7555.26, ""revenue_30d"": 1764.33, ""revenue_growth_30d"": -0.7665, ""revenue_gap_vs_previous_30d"": 5790.93, ""orders_previous_30d"": 2, ""orders_30d"": 1, ""revenue_index_vs_peer"": 1.765}","Review the outlet's recent order decline, identify the lost SKU/category demand, and schedule a recovery visit with a targeted reorder proposal.",1764.33,7555.26,588.11,8.723997929179726,1.765000700266101,3.0,2.0,,,,,7555.26,1764.33,-0.7665,5790.93,2.0,1.0,1.765,,,,
1185,241,OPP-001444,2160,Inactive Outlet,46.04,P3,Monitor,70.0,MEDIUM,"{""revenue_previous_30d"": 4836.65, ""revenue_30d"": 0.0, ""orders_previous_30d"": 2, ""orders_30d"": 0, ""days_since_last_order"": 39}","Prioritize a win-back visit, diagnose the reason for inactivity, and attempt a targeted reorder based on the outlet's prior mix.",0.0,4836.65,0.0,0.0,0.0,0.0,0.0,,,,,4836.65,0.0,,,2.0,0.0,,39.0,,,
1186,411,OPP-000066,118,Revenue Recovery,45.97,P3,Monitor,60.0,MEDIUM,"{""revenue_previous_30d"": 9727.41, ""revenue_30d"": 4155.56, ""revenue_growth_30d"": -0.5728, ""revenue_gap_vs_previous_30d"": 5571.85, ""orders_previous_30d"": 2, ""orders_30d"": 1, ""revenue_index_vs_peer"": 0.678}","Review the outlet's recent order decline, identify the lost SKU/category demand, and schedule a recovery visit with a targeted reorder proposal.",4155.56,9727.41,1385.1866666666667,9.617889131213149,0.6779640001500946,3.0,3.0,,,,,9727.41,4155.56,-0.5728,5571.85,2.0,1.0,0.678,,,,
1187,412,OPP-000338,543,Revenue Recovery,45.96,P3,Monitor,60.0,MEDIUM,"{""revenue_previous_30d"": 40822.55, ""revenue_30d"": 24178.2, ""revenue_growth_30d"": -0.4077, ""revenue_gap_vs_previous_30d"": 16644.35, ""orders_previous_30d"": 6, ""orders_30d"": 5, ""revenue_index_vs_peer"": 1.126}","Review the outlet's recent order decline, identify the lost SKU/category demand, and schedule a recovery visit with a targeted reorder proposal.",24178.2,40822.55,12089.1,42.511061083342646,1.1257882676027515,2.0,1.0,,,,,40822.55,24178.2,-0.4077,16644.35,6.0,5.0,1.126,,,,
1188,413,OPP-000449,707,Revenue Recovery,45.91,P3,Monitor,60.0,MEDIUM,"{""revenue_previous_30d"": 14935.52, ""revenue_30d"": 5189.31, ""revenue_growth_30d"": -0.6526, ""revenue_gap_vs_previous_30d"": 9746.21, ""orders_previous_30d"": 3, ""orders_30d"": 3, ""revenue_index_vs_peer"": 1.188}","Review the outlet's recent order decline, identify the lost SKU/category demand, and schedule a recovery visit with a targeted reorder proposal.",5189.31,14935.52,0.0,11.900474041248078,1.1876264452520666,0.0,0.0,,,,,14935.52,5189.31,-0.6526,9746.21,3.0,3.0,1.188,,,,
1189,414,OPP-000752,1167,Revenue Recovery,45.84,P3,Monitor,60.0,MEDIUM,"{""revenue_previous_30d"": 44769.52, ""revenue_30d"": 30795.61, ""revenue_growth_30d"": -0.3121, ""revenue_gap_vs_previous_30d"": 13973.91, ""orders_previous_30d"": 10, ""orders_30d"": 4, ""revenue_index_vs_peer"": 1.542}","Review the outlet's recent order decline, identify the lost SKU/category demand, and schedule a recovery visit with a targeted reorder proposal.",30795.61,44769.52,15397.805,49.430108382936346,1.541900999349355,2.0,1.0,,,,,44769.52,30795.61,-0.3121,13973.91,10.0,4.0,1.542,,,,
1190,415,OPP-000069,120,Revenue Recovery,45.78,P3,Monitor,60.0,MEDIUM,"{""revenue_previous_30d"": 8566.13, ""revenue_30d"": 3519.54, ""revenue_growth_30d"": -0.5891, ""revenue_gap_vs_previous_30d"": 5046.59, ""orders_previous_30d"": 3, ""orders_30d"": 1, ""revenue_index_vs_peer"": 0.699}","Review the outlet's recent order decline, identify the lost SKU/category demand, and schedule a recovery visit with a targeted reorder proposal.",3519.54,8566.130000000001,3519.54,8.653839770426899,0.698981577839388,1.0,1.0,,,,,8566.13,3519.54,-0.5891,5046.59,3.0,1.0,0.699,,,,
1191,416,OPP-000116,200,Revenue Recovery,45.75,P3,Monitor,60.0,MEDIUM,"{""revenue_previous_30d"": 9649.07, ""revenue_30d"": 3433.82, ""revenue_growth_30d"": -0.6441, ""revenue_gap_vs_previous_30d"": 6215.25, ""orders_previous_30d"": 4, ""orders_30d"": 3, ""revenue_index_vs_peer"": 0.764}","Review the outlet's recent order decline, identify the lost SKU/category demand, and schedule a recovery visit with a targeted reorder proposal.",3433.82,9649.07,1716.91,9.23837770534003,0.7642089333006922,2.0,1.0,,,,,9649.07,3433.82,-0.6441,6215.25,4.0,3.0,0.764,,,,
1193,418,OPP-001347,2027,Revenue Recovery,45.71,P3,Monitor,62.48,MEDIUM,"{""revenue_previous_30d"": 6114.44, ""revenue_30d"": 947.35, ""revenue_growth_30d"": -0.8451, ""revenue_gap_vs_previous_30d"": 5167.09, ""orders_previous_30d"": 2, ""orders_30d"": 2, ""revenue_index_vs_peer"": 0.779}","Review the outlet's recent order decline, identify the lost SKU/category demand, and schedule a recovery visit with a targeted reorder proposal.",947.35,6114.4400000000005,947.35,5.391422325900623,0.7785393193790423,1.0,1.0,,,,,6114.44,947.35,-0.8451,5167.09,2.0,2.0,0.779,,,,
1192,417,OPP-000796,1227,Revenue Recovery,45.71,P3,Monitor,60.0,MEDIUM,"{""revenue_previous_30d"": 5334.68, ""revenue_30d"": 1560.09, ""revenue_growth_30d"": -0.7076, ""revenue_gap_vs_previous_30d"": 3774.59, ""orders_previous_30d"": 2, ""orders_30d"": 2, ""revenue_index_vs_peer"": 0.31}","Review the outlet's recent order decline, identify the lost SKU/category demand, and schedule a recovery visit with a targeted reorder proposal.",1560.087,5334.68,520.029,3.819169939912629,0.3098336921378127,3.0,2.0,,,,,5334.68,1560.09,-0.7076,3774.59,2.0,2.0,0.31,,,,
1194,419,OPP-000286,455,Revenue Recovery,45.68,P3,Monitor,68.79,MEDIUM,"{""revenue_previous_30d"": 3406.78, ""revenue_30d"": 493.11, ""revenue_growth_30d"": -0.8553, ""revenue_gap_vs_previous_30d"": 2913.67, ""orders_previous_30d"": 1, ""orders_30d"": 1, ""revenue_index_vs_peer"": 0.405}","Review the outlet's recent order decline, identify the lost SKU/category demand, and schedule a recovery visit with a targeted reorder proposal.",493.11,3406.78,0.0,2.2808248546125056,0.4052414881289909,0.0,0.0,,,,,3406.78,493.11,-0.8553,2913.67,1.0,1.0,0.405,,,,
1195,425,OPP-000098,166,Cross-Sell,45.62,P3,Monitor,92.0,HIGH,"{""target_category"": ""Snacks"", ""territory_category_rank"": 1, ""territory_category_orders_90d"": 670, ""current_category_count_90d"": 4}","Introduce Snacks during the next outlet visit and assess fit, expected demand, and an initial reorder quantity.",7393.3,6647.42,3696.65,29.11560382148044,1.3117083807188643,2.0,1.0,Snacks,1.0,670.0,4.0,,,,,,,,,,,
1196,426,OPP-000485,766,Cross-Sell,45.62,P3,Monitor,92.0,HIGH,"{""target_category"": ""Snacks"", ""territory_category_rank"": 1, ""territory_category_orders_90d"": 670, ""current_category_count_90d"": 4}","Introduce Snacks during the next outlet visit and assess fit, expected demand, and an initial reorder quantity.",0.0,1296.25,0.0,0.0,0.0,0.0,0.0,Snacks,1.0,670.0,4.0,,,,,,,,,,,
1198,427,OPP-001050,1610,Cross-Sell,45.62,P3,Monitor,92.0,HIGH,"{""target_category"": ""Snacks"", ""territory_category_rank"": 1, ""territory_category_orders_90d"": 670, ""current_category_count_90d"": 4}","Introduce Snacks during the next outlet visit and assess fit, expected demand, and an initial reorder quantity.",1979.03,0.0,0.0,10.178493821763336,1.458654873779252,0.0,0.0,Snacks,1.0,670.0,4.0,,,,,,,,,,,
1199,428,OPP-001267,1904,Cross-Sell,45.62,P3,Monitor,92.0,HIGH,"{""target_category"": ""Snacks"", ""territory_category_rank"": 1, ""territory_category_orders_90d"": 670, ""current_category_count_90d"": 4}","Introduce Snacks during the next outlet visit and assess fit, expected demand, and an initial reorder quantity.",2631.37,3827.49,657.8425,15.210371887832489,1.9394656347890176,4.0,1.0,Snacks,1.0,670.0,4.0,,,,,,,,,,,
1200,429,OPP-001414,2122,Cross-Sell,45.62,P3,Monitor,92.0,HIGH,"{""target_category"": ""Snacks"", ""territory_category_rank"": 1, ""territory_category_orders_90d"": 670, ""current_category_count_90d"": 4}","Introduce Snacks during the next outlet visit and assess fit, expected demand, and an initial reorder quantity.",0.0,1176.3200000000002,0.0,0.0,0.0,3.0,2.0,Snacks,1.0,670.0,4.0,,,,,,,,,,,
1201,430,OPP-001613,2393,Cross-Sell,45.62,P3,Monitor,92.0,HIGH,"{""target_category"": ""Snacks"", ""territory_category_rank"": 1, ""territory_category_orders_90d"": 670, ""current_category_count_90d"": 4}","Introduce Snacks during the next outlet visit and assess fit, expected demand, and an initial reorder quantity.",0.0,0.0,0.0,0.0,0.0,1.0,1.0,Snacks,1.0,670.0,4.0,,,,,,,,,,,
1202,431,OPP-001843,2701,Cross-Sell,45.62,P3,Monitor,92.0,HIGH,"{""target_category"": ""Snacks"", ""territory_category_rank"": 1, ""territory_category_orders_90d"": 670, ""current_category_count_90d"": 4}","Introduce Snacks during the next outlet visit and assess fit, expected demand, and an initial reorder quantity.",11079.72,5525.530000000001,0.0,26.605705723372907,1.965747579567773,0.0,0.0,Snacks,1.0,670.0,4.0,,,,,,,,,,,
1197,420,OPP-000790,1220,Revenue Recovery,45.62,P3,Monitor,69.64,MEDIUM,"{""revenue_previous_30d"": 2304.73, ""revenue_30d"": 456.42, ""revenue_growth_30d"": -0.802, ""revenue_gap_vs_previous_30d"": 1848.31, ""orders_previous_30d"": 1, ""orders_30d"": 1, ""revenue_index_vs_peer"": 0.1}","Review the outlet's recent order decline, identify the lost SKU/category demand, and schedule a recovery visit with a targeted reorder proposal.",456.42,2304.73,456.42,7.9142736676523855,0.0995034854124995,1.0,1.0,,,,,2304.73,456.42,-0.802,1848.31,1.0,1.0,0.1,,,,
1203,242,OPP-002047,2981,Inactive Outlet,45.57,P3,Monitor,70.0,MEDIUM,"{""revenue_previous_30d"": 4337.31, ""revenue_30d"": 0.0, ""orders_previous_30d"": 2, ""orders_30d"": 0, ""days_since_last_order"": 41}","Prioritize a win-back visit, diagnose the reason for inactivity, and attempt a targeted reorder based on the outlet's prior mix.",0.0,4337.31,0.0,0.0,0.0,0.0,0.0,,,,,4337.31,0.0,,,2.0,0.0,,41.0,,,
1204,421,OPP-000252,410,Revenue Recovery,45.48,P3,Monitor,72.83,MEDIUM,"{""revenue_previous_30d"": 2325.75, ""revenue_30d"": 487.15, ""revenue_growth_30d"": -0.7905, ""revenue_gap_vs_previous_30d"": 1838.6, ""orders_previous_30d"": 2, ""orders_30d"": 1, ""revenue_index_vs_peer"": 0.334}","Review the outlet's recent order decline, identify the lost SKU/category demand, and schedule a recovery visit with a targeted reorder proposal.",487.15,2325.75,487.15,2.4511444124825967,0.3339960920091872,1.0,0.0,,,,,2325.75,487.15,-0.7905,1838.6,2.0,1.0,0.334,,,,
1205,422,OPP-000957,1480,Revenue Recovery,45.48,P3,Monitor,60.0,MEDIUM,"{""revenue_previous_30d"": 37679.92, ""revenue_30d"": 23401.07, ""revenue_growth_30d"": -0.379, ""revenue_gap_vs_previous_30d"": 14278.85, ""orders_previous_30d"": 6, ""orders_30d"": 4, ""revenue_index_vs_peer"": 1.157}","Review the outlet's recent order decline, identify the lost SKU/category demand, and schedule a recovery visit with a targeted reorder proposal.",23401.07,37679.92,0.0,49.96280680967708,1.1568406445779529,0.0,0.0,,,,,37679.92,23401.07,-0.379,14278.85,6.0,4.0,1.157,,,,
1206,243,OPP-000953,1474,Inactive Outlet,45.39,P3,Monitor,70.0,MEDIUM,"{""revenue_previous_30d"": 4645.2, ""revenue_30d"": 0.0, ""orders_previous_30d"": 1, ""orders_30d"": 0, ""days_since_last_order"": 45}","Prioritize a win-back visit, diagnose the reason for inactivity, and attempt a targeted reorder based on the outlet's prior mix.",0.0,4645.2,0.0,0.0,0.0,0.0,0.0,,,,,4645.2,0.0,,,1.0,0.0,,45.0,,,
1207,423,OPP-000662,1033,Revenue Recovery,45.35,P3,Monitor,60.0,MEDIUM,"{""revenue_previous_30d"": 29647.12, ""revenue_30d"": 19449.02, ""revenue_growth_30d"": -0.344, ""revenue_gap_vs_previous_30d"": 10198.1, ""orders_previous_30d"": 7, ""orders_30d"": 3, ""revenue_index_vs_peer"": 0.883}","Review the outlet's recent order decline, identify the lost SKU/category demand, and schedule a recovery visit with a targeted reorder proposal.",19449.02,29647.12,6483.006666666667,27.48629996823017,0.8832947600950464,3.0,2.0,,,,,29647.12,19449.02,-0.344,10198.1,7.0,3.0,0.883,,,,
1208,424,OPP-000671,1048,Revenue Recovery,45.3,P3,Monitor,60.0,MEDIUM,"{""revenue_previous_30d"": 14307.37, ""revenue_30d"": 6780.34, ""revenue_growth_30d"": -0.5261, ""revenue_gap_vs_previous_30d"": 7527.03, ""orders_previous_30d"": 4, ""orders_30d"": 1, ""revenue_index_vs_peer"": 1.402}","Review the outlet's recent order decline, identify the lost SKU/category demand, and schedule a recovery visit with a targeted reorder proposal.",6780.34,14307.37,1356.068,18.64245724960009,1.4021713954834971,5.0,3.0,,,,,14307.37,6780.34,-0.5261,7527.03,4.0,1.0,1.402,,,,
1209,244,OPP-000946,1465,Inactive Outlet,45.28,P3,Monitor,70.0,MEDIUM,"{""revenue_previous_30d"": 4038.58, ""revenue_30d"": 0.0, ""orders_previous_30d"": 3, ""orders_30d"": 0, ""days_since_last_order"": 38}","Prioritize a win-back visit, diagnose the reason for inactivity, and attempt a targeted reorder based on the outlet's prior mix.",0.0,4038.58,0.0,0.0,0.0,1.0,1.0,,,,,4038.58,0.0,,,3.0,0.0,,38.0,,,
1210,245,OPP-000928,1431,Inactive Outlet,45.13,P3,Monitor,70.0,MEDIUM,"{""revenue_previous_30d"": 5465.74, ""revenue_30d"": 0.0, ""orders_previous_30d"": 1, ""orders_30d"": 0, ""days_since_last_order"": 40}","Prioritize a win-back visit, diagnose the reason for inactivity, and attempt a targeted reorder based on the outlet's prior mix.",0.0,5465.74,0.0,0.0,0.0,0.0,0.0,,,,,5465.74,0.0,,,1.0,0.0,,40.0,,,
1211,425,OPP-001365,2052,Revenue Recovery,45.12,P3,Monitor,60.0,MEDIUM,"{""revenue_previous_30d"": 24784.53, ""revenue_30d"": 15171.95, ""revenue_growth_30d"": -0.3878, ""revenue_gap_vs_previous_30d"": 9612.58, ""orders_previous_30d"": 4, ""orders_30d"": 3, ""revenue_index_vs_peer"": 0.75}","Review the outlet's recent order decline, identify the lost SKU/category demand, and schedule a recovery visit with a targeted reorder proposal.",15171.95,24784.53,3792.9875,20.589075866082084,0.750031020697108,4.0,4.0,,,,,24784.53,15171.95,-0.3878,9612.58,4.0,3.0,0.75,,,,
1212,426,OPP-001858,2725,Revenue Recovery,45.09,P3,Monitor,75.16,MEDIUM,"{""revenue_previous_30d"": 1294.66, ""revenue_30d"": 157.0, ""revenue_growth_30d"": -0.8787, ""revenue_gap_vs_previous_30d"": 1137.66, ""orders_previous_30d"": 1, ""orders_30d"": 1, ""revenue_index_vs_peer"": 0.09}","Review the outlet's recent order decline, identify the lost SKU/category demand, and schedule a recovery visit with a targeted reorder proposal.",157.0,1294.66,0.0,0.8374695617153723,0.0900301629717982,0.0,0.0,,,,,1294.66,157.0,-0.8787,1137.66,1.0,1.0,0.09,,,,
1213,427,OPP-001286,1933,Revenue Recovery,45.05,P3,Monitor,60.0,MEDIUM,"{""revenue_previous_30d"": 12669.65, ""revenue_30d"": 5078.51, ""revenue_growth_30d"": -0.5992, ""revenue_gap_vs_previous_30d"": 7591.14, ""orders_previous_30d"": 2, ""orders_30d"": 1, ""revenue_index_vs_peer"": 1.107}","Review the outlet's recent order decline, identify the lost SKU/category demand, and schedule a recovery visit with a targeted reorder proposal.",5078.51,12669.65,1692.8366666666668,14.23091160319303,1.107158857416925,3.0,1.0,,,,,12669.65,5078.51,-0.5992,7591.14,2.0,1.0,1.107,,,,
1214,432,OPP-000504,791,Cross-Sell,44.95,P3,Monitor,73.0,MEDIUM,"{""target_category"": ""Personal Care"", ""territory_category_rank"": 4, ""territory_category_orders_90d"": 932, ""current_category_count_90d"": 3}","Introduce Personal Care during the next outlet visit and assess fit, expected demand, and an initial reorder quantity.",0.0,1858.77,0.0,0.0,0.0,5.0,4.0,Personal Care,4.0,932.0,3.0,,,,,,,,,,,
1215,433,OPP-000761,1177,Cross-Sell,44.95,P3,Monitor,73.0,MEDIUM,"{""target_category"": ""Personal Care"", ""territory_category_rank"": 4, ""territory_category_orders_90d"": 932, ""current_category_count_90d"": 3}","Introduce Personal Care during the next outlet visit and assess fit, expected demand, and an initial reorder quantity.",0.0,0.0,0.0,0.0,0.0,2.0,0.0,Personal Care,4.0,932.0,3.0,,,,,,,,,,,
1216,246,OPP-001363,2049,Inactive Outlet,44.95,P3,Monitor,70.0,MEDIUM,"{""revenue_previous_30d"": 3117.71, ""revenue_30d"": 0.0, ""orders_previous_30d"": 1, ""orders_30d"": 0, ""days_since_last_order"": 57}","Prioritize a win-back visit, diagnose the reason for inactivity, and attempt a targeted reorder based on the outlet's prior mix.",0.0,3117.71,0.0,0.0,0.0,0.0,0.0,,,,,3117.71,0.0,,,1.0,0.0,,57.0,,,
1217,434,OPP-000689,1075,Cross-Sell,44.91,P3,Monitor,91.0,HIGH,"{""target_category"": ""Beverages"", ""territory_category_rank"": 2, ""territory_category_orders_90d"": 398, ""current_category_count_90d"": 1}","Introduce Beverages during the next outlet visit and assess fit, expected demand, and an initial reorder quantity.",0.0,0.0,0.0,0.0,0.0,2.0,0.0,Beverages,2.0,398.0,1.0,,,,,,,,,,,
1218,435,OPP-001542,2291,Cross-Sell,44.91,P3,Monitor,91.0,HIGH,"{""target_category"": ""Beverages"", ""territory_category_rank"": 2, ""territory_category_orders_90d"": 398, ""current_category_count_90d"": 1}","Introduce Beverages during the next outlet visit and assess fit, expected demand, and an initial reorder quantity.",0.0,0.0,0.0,0.0,0.0,1.0,1.0,Beverages,2.0,398.0,1.0,,,,,,,,,,,
1219,428,OPP-001774,2594,Revenue Recovery,44.91,P3,Monitor,60.0,MEDIUM,"{""revenue_previous_30d"": 32555.89, ""revenue_30d"": 19877.12, ""revenue_growth_30d"": -0.3894, ""revenue_gap_vs_previous_30d"": 12678.77, ""orders_previous_30d"": 6, ""orders_30d"": 4, ""revenue_index_vs_peer"": 0.977}","Review the outlet's recent order decline, identify the lost SKU/category demand, and schedule a recovery visit with a targeted reorder proposal.",19877.120000000003,32555.89,0.0,33.911406409809125,0.9769246742395852,0.0,0.0,,,,,32555.89,19877.12,-0.3894,12678.77,6.0,4.0,0.977,,,,
1220,429,OPP-002025,2951,Revenue Recovery,44.9,P3,Monitor,66.56,MEDIUM,"{""revenue_previous_30d"": 3715.21, ""revenue_30d"": 615.2, ""revenue_growth_30d"": -0.8344, ""revenue_gap_vs_previous_30d"": 3100.01, ""orders_previous_30d"": 1, ""orders_30d"": 1, ""revenue_index_vs_peer"": 0.456}","Review the outlet's recent order decline, identify the lost SKU/category demand, and schedule a recovery visit with a targeted reorder proposal.",615.2,3715.21,615.2,3.4601025207229323,0.4563290435040611,1.0,1.0,,,,,3715.21,615.2,-0.8344,3100.01,1.0,1.0,0.456,,,,
1221,430,OPP-001329,1999,Revenue Recovery,44.89,P3,Monitor,74.59,MEDIUM,"{""revenue_previous_30d"": 1447.37, ""revenue_30d"": 174.91, ""revenue_growth_30d"": -0.8792, ""revenue_gap_vs_previous_30d"": 1272.46, ""orders_previous_30d"": 1, ""orders_30d"": 1, ""revenue_index_vs_peer"": 0.13}","Review the outlet's recent order decline, identify the lost SKU/category demand, and schedule a recovery visit with a targeted reorder proposal.",174.91,1447.37,87.455,0.8419955067257104,0.1297407558506101,2.0,0.0,,,,,1447.37,174.91,-0.8792,1272.46,1.0,1.0,0.13,,,,
1222,431,OPP-001776,2601,Revenue Recovery,44.88,P3,Monitor,60.0,MEDIUM,"{""revenue_previous_30d"": 41881.83, ""revenue_30d"": 24391.25, ""revenue_growth_30d"": -0.4176, ""revenue_gap_vs_previous_30d"": 17490.58, ""orders_previous_30d"": 5, ""orders_30d"": 5, ""revenue_index_vs_peer"": 1.119}","Review the outlet's recent order decline, identify the lost SKU/category demand, and schedule a recovery visit with a targeted reorder proposal.",24391.25,41881.83,6097.8125,33.83958776365501,1.1191352221385626,4.0,3.0,,,,,41881.83,24391.25,-0.4176,17490.58,5.0,5.0,1.119,,,,
1223,436,OPP-000108,183,Cross-Sell,44.65,P3,Monitor,92.0,HIGH,"{""target_category"": ""Snacks"", ""territory_category_rank"": 1, ""territory_category_orders_90d"": 651, ""current_category_count_90d"": 4}","Introduce Snacks during the next outlet visit and assess fit, expected demand, and an initial reorder quantity.",2138.43,2308.98,2138.43,10.289823063142652,1.4981294661622528,1.0,0.0,Snacks,1.0,651.0,4.0,,,,,,,,,,,
1224,437,OPP-000964,1490,Cross-Sell,44.65,P3,Monitor,92.0,HIGH,"{""target_category"": ""Snacks"", ""territory_category_rank"": 1, ""territory_category_orders_90d"": 651, ""current_category_count_90d"": 4}","Introduce Snacks during the next outlet visit and assess fit, expected demand, and an initial reorder quantity.",0.0,0.0,0.0,0.0,0.0,2.0,1.0,Snacks,1.0,651.0,4.0,,,,,,,,,,,
1225,438,OPP-001454,2176,Cross-Sell,44.65,P3,Monitor,92.0,HIGH,"{""target_category"": ""Snacks"", ""territory_category_rank"": 1, ""territory_category_orders_90d"": 651, ""current_category_count_90d"": 4}","Introduce Snacks during the next outlet visit and assess fit, expected demand, and an initial reorder quantity.",0.0,7412.16,0.0,0.0,0.0,0.0,0.0,Snacks,1.0,651.0,4.0,,,,,,,,,,,
1226,439,OPP-001753,2576,Cross-Sell,44.5,P3,Monitor,80.0,HIGH,"{""target_category"": ""Beverages"", ""territory_category_rank"": 3, ""territory_category_orders_90d"": 806, ""current_category_count_90d"": 3}","Introduce Beverages during the next outlet visit and assess fit, expected demand, and an initial reorder quantity.",296.26,0.0,296.26,1.625896682624155,0.1595712592911774,1.0,1.0,Beverages,3.0,806.0,3.0,,,,,,,,,,,
1227,432,OPP-001703,2521,Revenue Recovery,44.49,P3,Monitor,60.0,MEDIUM,"{""revenue_previous_30d"": 4793.35, ""revenue_30d"": 1716.49, ""revenue_growth_30d"": -0.6419, ""revenue_gap_vs_previous_30d"": 3076.86, ""orders_previous_30d"": 3, ""orders_30d"": 2, ""revenue_index_vs_peer"": 0.349}","Review the outlet's recent order decline, identify the lost SKU/category demand, and schedule a recovery visit with a targeted reorder proposal.",1716.489,4793.35,858.2445,4.50012151585723,0.3493367850023353,2.0,1.0,,,,,4793.35,1716.49,-0.6419,3076.86,3.0,2.0,0.349,,,,
1228,433,OPP-000525,827,Revenue Recovery,44.48,P3,Monitor,60.0,MEDIUM,"{""revenue_previous_30d"": 6795.38, ""revenue_30d"": 2719.35, ""revenue_growth_30d"": -0.5998, ""revenue_gap_vs_previous_30d"": 4076.03, ""orders_previous_30d"": 2, ""orders_30d"": 1, ""revenue_index_vs_peer"": 0.524}","Review the outlet's recent order decline, identify the lost SKU/category demand, and schedule a recovery visit with a targeted reorder proposal.",2719.35,6795.38,2719.35,6.781685272544268,0.5240231473184607,1.0,0.0,,,,,6795.38,2719.35,-0.5998,4076.03,2.0,1.0,0.524,,,,
1229,247,OPP-001131,1722,Inactive Outlet,44.45,P3,Monitor,70.0,MEDIUM,"{""revenue_previous_30d"": 5868.76, ""revenue_30d"": 0.0, ""orders_previous_30d"": 2, ""orders_30d"": 0, ""days_since_last_order"": 30}","Prioritize a win-back visit, diagnose the reason for inactivity, and attempt a targeted reorder based on the outlet's prior mix.",0.0,5868.76,0.0,14.909622710048293,0.0,3.0,1.0,,,,,5868.76,0.0,,,2.0,0.0,,30.0,,,
1230,434,OPP-000171,270,Revenue Recovery,44.43,P3,Monitor,60.0,MEDIUM,"{""revenue_previous_30d"": 42113.13, ""revenue_30d"": 28037.01, ""revenue_growth_30d"": -0.3342, ""revenue_gap_vs_previous_30d"": 14076.12, ""orders_previous_30d"": 8, ""orders_30d"": 5, ""revenue_index_vs_peer"": 1.404}","Review the outlet's recent order decline, identify the lost SKU/category demand, and schedule a recovery visit with a targeted reorder proposal.",28037.01,42113.13,9345.67,38.27395800527729,1.4037810498888594,3.0,3.0,,,,,42113.13,28037.01,-0.3342,14076.12,8.0,5.0,1.404,,,,
1231,435,OPP-001637,2421,Revenue Recovery,44.41,P3,Monitor,60.0,MEDIUM,"{""revenue_previous_30d"": 27315.36, ""revenue_30d"": 17771.46, ""revenue_growth_30d"": -0.3494, ""revenue_gap_vs_previous_30d"": 9543.9, ""orders_previous_30d"": 4, ""orders_30d"": 3, ""revenue_index_vs_peer"": 0.719}","Review the outlet's recent order decline, identify the lost SKU/category demand, and schedule a recovery visit with a targeted reorder proposal.",17771.46,27315.36,8885.73,25.00909794795889,0.7186938882472266,2.0,1.0,,,,,27315.36,17771.46,-0.3494,9543.9,4.0,3.0,0.719,,,,
1232,248,OPP-000743,1154,Inactive Outlet,44.36,P3,Monitor,70.0,MEDIUM,"{""revenue_previous_30d"": 5559.52, ""revenue_30d"": 0.0, ""orders_previous_30d"": 2, ""orders_30d"": 0, ""days_since_last_order"": 32}","Prioritize a win-back visit, diagnose the reason for inactivity, and attempt a targeted reorder based on the outlet's prior mix.",0.0,5559.52,0.0,0.0,0.0,1.0,0.0,,,,,5559.52,0.0,,,2.0,0.0,,32.0,,,
1233,249,OPP-001278,1925,Inactive Outlet,44.34,P3,Monitor,70.0,MEDIUM,"{""revenue_previous_30d"": 5193.05, ""revenue_30d"": 0.0, ""orders_previous_30d"": 2, ""orders_30d"": 0, ""days_since_last_order"": 35}","Prioritize a win-back visit, diagnose the reason for inactivity, and attempt a targeted reorder based on the outlet's prior mix.",0.0,5193.049999999999,0.0,0.0,0.0,0.0,0.0,,,,,5193.05,0.0,,,2.0,0.0,,35.0,,,
1234,436,OPP-000824,1264,Revenue Recovery,44.31,P3,Monitor,60.0,MEDIUM,"{""revenue_previous_30d"": 13940.18, ""revenue_30d"": 5780.39, ""revenue_growth_30d"": -0.5853, ""revenue_gap_vs_previous_30d"": 8159.79, ""orders_previous_30d"": 3, ""orders_30d"": 2, ""revenue_index_vs_peer"": 1.176}","Review the outlet's recent order decline, identify the lost SKU/category demand, and schedule a recovery visit with a targeted reorder proposal.",5780.389999999999,13940.18,5780.389999999999,15.25867785349701,1.1764146805832425,1.0,0.0,,,,,13940.18,5780.39,-0.5853,8159.79,3.0,2.0,1.176,,,,
1235,250,OPP-002036,2967,Inactive Outlet,44.29,P3,Monitor,70.0,MEDIUM,"{""revenue_previous_30d"": 3674.47, ""revenue_30d"": 0.0, ""orders_previous_30d"": 2, ""orders_30d"": 0, ""days_since_last_order"": 44}","Prioritize a win-back visit, diagnose the reason for inactivity, and attempt a targeted reorder based on the outlet's prior mix.",0.0,3674.47,0.0,0.0,0.0,1.0,1.0,,,,,3674.47,0.0,,,2.0,0.0,,44.0,,,
1236,251,OPP-000005,9,Inactive Outlet,44.28,P3,Monitor,70.0,MEDIUM,"{""revenue_previous_30d"": 5695.48, ""revenue_30d"": 0.0, ""orders_previous_30d"": 2, ""orders_30d"": 0, ""days_since_last_order"": 31}","Prioritize a win-back visit, diagnose the reason for inactivity, and attempt a targeted reorder based on the outlet's prior mix.",0.0,5695.48,0.0,0.0,0.0,5.0,0.0,,,,,5695.48,0.0,,,2.0,0.0,,31.0,,,
1237,437,OPP-000819,1257,Revenue Recovery,44.23,P3,Monitor,60.0,MEDIUM,"{""revenue_previous_30d"": 6340.07, ""revenue_30d"": 2118.28, ""revenue_growth_30d"": -0.6659, ""revenue_gap_vs_previous_30d"": 4221.79, ""orders_previous_30d"": 1, ""orders_30d"": 1, ""revenue_index_vs_peer"": 0.421}","Review the outlet's recent order decline, identify the lost SKU/category demand, and schedule a recovery visit with a targeted reorder proposal.",2118.28,6340.07,1059.14,5.1608986183142855,0.420690970043136,2.0,1.0,,,,,6340.07,2118.28,-0.6659,4221.79,1.0,1.0,0.421,,,,
1238,252,OPP-001939,2838,Inactive Outlet,44.21,P3,Monitor,70.0,MEDIUM,"{""revenue_previous_30d"": 4298.95, ""revenue_30d"": 0.0, ""orders_previous_30d"": 1, ""orders_30d"": 0, ""days_since_last_order"": 46}","Prioritize a win-back visit, diagnose the reason for inactivity, and attempt a targeted reorder based on the outlet's prior mix.",0.0,4298.95,0.0,0.0,0.0,0.0,0.0,,,,,4298.95,0.0,,,1.0,0.0,,46.0,,,
1239,253,OPP-001118,1706,Inactive Outlet,44.2,P3,Monitor,70.0,MEDIUM,"{""revenue_previous_30d"": 3449.67, ""revenue_30d"": 0.0, ""orders_previous_30d"": 2, ""orders_30d"": 0, ""days_since_last_order"": 46}","Prioritize a win-back visit, diagnose the reason for inactivity, and attempt a targeted reorder based on the outlet's prior mix.",0.0,3449.67,0.0,0.0,0.0,1.0,0.0,,,,,3449.67,0.0,,,2.0,0.0,,46.0,,,
1240,254,OPP-001345,2024,Inactive Outlet,44.18,P3,Monitor,70.0,MEDIUM,"{""revenue_previous_30d"": 3459.16, ""revenue_30d"": 0.0, ""orders_previous_30d"": 1, ""orders_30d"": 0, ""days_since_last_order"": 52}","Prioritize a win-back visit, diagnose the reason for inactivity, and attempt a targeted reorder based on the outlet's prior mix.",0.0,3459.16,0.0,0.0,0.0,3.0,0.0,,,,,3459.16,0.0,,,1.0,0.0,,52.0,,,
1241,438,OPP-000063,114,Revenue Recovery,44.12,P3,Monitor,60.0,MEDIUM,"{""revenue_previous_30d"": 11378.04, ""revenue_30d"": 4523.49, ""revenue_growth_30d"": -0.6024, ""revenue_gap_vs_previous_30d"": 6854.55, ""orders_previous_30d"": 3, ""orders_30d"": 2, ""revenue_index_vs_peer"": 0.898}","Review the outlet's recent order decline, identify the lost SKU/category demand, and schedule a recovery visit with a targeted reorder proposal.",4523.494500000001,11378.04,2261.7472500000003,12.440467334211014,0.8983672079185899,2.0,1.0,,,,,11378.04,4523.49,-0.6024,6854.55,3.0,2.0,0.898,,,,
1242,439,OPP-001307,1964,Revenue Recovery,44.1,P3,Monitor,60.0,MEDIUM,"{""revenue_previous_30d"": 8552.07, ""revenue_30d"": 3075.91, ""revenue_growth_30d"": -0.6403, ""revenue_gap_vs_previous_30d"": 5476.16, ""orders_previous_30d"": 2, ""orders_30d"": 2, ""revenue_index_vs_peer"": 0.611}","Review the outlet's recent order decline, identify the lost SKU/category demand, and schedule a recovery visit with a targeted reorder proposal.",3075.9120000000003,8552.07,1537.956,8.672729856472928,0.610876939331591,2.0,1.0,,,,,8552.07,3075.91,-0.6403,5476.16,2.0,2.0,0.611,,,,
1243,440,OPP-001593,2364,Revenue Recovery,44.07,P3,Monitor,60.0,MEDIUM,"{""revenue_previous_30d"": 12562.85, ""revenue_30d"": 5739.09, ""revenue_growth_30d"": -0.5432, ""revenue_gap_vs_previous_30d"": 6823.76, ""orders_previous_30d"": 5, ""orders_30d"": 2, ""revenue_index_vs_peer"": 0.936}","Review the outlet's recent order decline, identify the lost SKU/category demand, and schedule a recovery visit with a targeted reorder proposal.",5739.09,12562.85,2869.545,14.353886405739663,0.9363109697902102,2.0,2.0,,,,,12562.85,5739.09,-0.5432,6823.76,5.0,2.0,0.936,,,,
1244,441,OPP-000270,434,Revenue Recovery,44.02,P3,Monitor,60.0,MEDIUM,"{""revenue_previous_30d"": 11011.99, ""revenue_30d"": 4765.73, ""revenue_growth_30d"": -0.5672, ""revenue_gap_vs_previous_30d"": 6246.26, ""orders_previous_30d"": 4, ""orders_30d"": 1, ""revenue_index_vs_peer"": 3.267}","Review the outlet's recent order decline, identify the lost SKU/category demand, and schedule a recovery visit with a targeted reorder proposal.",4765.73,11011.99,4765.73,22.95508284479972,3.2674436940797364,1.0,1.0,,,,,11011.99,4765.73,-0.5672,6246.26,4.0,1.0,3.267,,,,
1246,255,OPP-001719,2539,Inactive Outlet,43.98,P3,Monitor,70.0,MEDIUM,"{""revenue_previous_30d"": 4973.51, ""revenue_30d"": 0.0, ""orders_previous_30d"": 3, ""orders_30d"": 0, ""days_since_last_order"": 31}","Prioritize a win-back visit, diagnose the reason for inactivity, and attempt a targeted reorder based on the outlet's prior mix.",0.0,4973.51,0.0,0.0,0.0,0.0,0.0,,,,,4973.51,0.0,,,3.0,0.0,,31.0,,,
1245,442,OPP-000200,329,Revenue Recovery,43.98,P3,Monitor,60.54,MEDIUM,"{""revenue_previous_30d"": 7070.33, ""revenue_30d"": 1965.2, ""revenue_growth_30d"": -0.722, ""revenue_gap_vs_previous_30d"": 5105.13, ""orders_previous_30d"": 3, ""orders_30d"": 1, ""revenue_index_vs_peer"": 1.127}","Review the outlet's recent order decline, identify the lost SKU/category demand, and schedule a recovery visit with a targeted reorder proposal.",1965.2,7070.33,982.6,10.297027212823394,1.126925326574381,2.0,2.0,,,,,7070.33,1965.2,-0.722,5105.13,3.0,1.0,1.127,,,,
1247,440,OPP-000699,1089,Cross-Sell,43.93,P3,Monitor,80.0,HIGH,"{""target_category"": ""Beverages"", ""territory_category_rank"": 3, ""territory_category_orders_90d"": 798, ""current_category_count_90d"": 3}","Introduce Beverages during the next outlet visit and assess fit, expected demand, and an initial reorder quantity.",0.0,3159.45,0.0,0.0,0.0,3.0,0.0,Beverages,3.0,798.0,3.0,,,,,,,,,,,
1248,441,OPP-000804,1238,Cross-Sell,43.93,P3,Monitor,80.0,HIGH,"{""target_category"": ""Beverages"", ""territory_category_rank"": 3, ""territory_category_orders_90d"": 798, ""current_category_count_90d"": 3}","Introduce Beverages during the next outlet visit and assess fit, expected demand, and an initial reorder quantity.",304.58,734.41,304.58,1.407109000360347,0.2109235957701709,1.0,0.0,Beverages,3.0,798.0,3.0,,,,,,,,,,,
1249,442,OPP-000960,1483,Cross-Sell,43.93,P3,Monitor,80.0,HIGH,"{""target_category"": ""Beverages"", ""territory_category_rank"": 3, ""territory_category_orders_90d"": 798, ""current_category_count_90d"": 3}","Introduce Beverages during the next outlet visit and assess fit, expected demand, and an initial reorder quantity.",0.0,0.0,0.0,0.0,0.0,0.0,0.0,Beverages,3.0,798.0,3.0,,,,,,,,,,,
1250,443,OPP-001462,2184,Cross-Sell,43.93,P3,Monitor,80.0,HIGH,"{""target_category"": ""Beverages"", ""territory_category_rank"": 3, ""territory_category_orders_90d"": 798, ""current_category_count_90d"": 3}","Introduce Beverages during the next outlet visit and assess fit, expected demand, and an initial reorder quantity.",0.0,0.0,0.0,0.0,0.0,1.0,0.0,Beverages,3.0,798.0,3.0,,,,,,,,,,,
1251,444,OPP-001744,2564,Cross-Sell,43.93,P3,Monitor,80.0,HIGH,"{""target_category"": ""Beverages"", ""territory_category_rank"": 3, ""territory_category_orders_90d"": 798, ""current_category_count_90d"": 3}","Introduce Beverages during the next outlet visit and assess fit, expected demand, and an initial reorder quantity.",4628.15,0.0,4628.15,23.38139127904392,3.2050234413412464,1.0,1.0,Beverages,3.0,798.0,3.0,,,,,,,,,,,
1252,445,OPP-001894,2776,Cross-Sell,43.93,P3,Monitor,80.0,HIGH,"{""target_category"": ""Beverages"", ""territory_category_rank"": 3, ""territory_category_orders_90d"": 798, ""current_category_count_90d"": 3}","Introduce Beverages during the next outlet visit and assess fit, expected demand, and an initial reorder quantity.",0.0,1048.44,0.0,0.0,0.0,4.0,2.0,Beverages,3.0,798.0,3.0,,,,,,,,,,,
1253,443,OPP-000588,915,Revenue Recovery,43.9,P3,Monitor,60.0,MEDIUM,"{""revenue_previous_30d"": 18819.1, ""revenue_30d"": 12788.43, ""revenue_growth_30d"": -0.3205, ""revenue_gap_vs_previous_30d"": 6030.67, ""orders_previous_30d"": 5, ""orders_30d"": 1, ""revenue_index_vs_peer"": 0.629}","Review the outlet's recent order decline, identify the lost SKU/category demand, and schedule a recovery visit with a targeted reorder proposal.",12788.43,18819.1,1826.918571428572,22.383057358418974,0.6285283185786341,7.0,3.0,,,,,18819.1,12788.43,-0.3205,6030.67,5.0,1.0,0.629,,,,
1254,256,OPP-000301,478,Inactive Outlet,43.82,P3,Monitor,70.0,MEDIUM,"{""revenue_previous_30d"": 3088.4, ""revenue_30d"": 0.0, ""orders_previous_30d"": 3, ""orders_30d"": 0, ""days_since_last_order"": 45}","Prioritize a win-back visit, diagnose the reason for inactivity, and attempt a targeted reorder based on the outlet's prior mix.",0.0,3088.4,0.0,0.0,0.0,0.0,0.0,,,,,3088.4,0.0,,,3.0,0.0,,45.0,,,
1255,257,OPP-000410,646,Inactive Outlet,43.79,P3,Monitor,70.0,MEDIUM,"{""revenue_previous_30d"": 4086.29, ""revenue_30d"": 0.0, ""orders_previous_30d"": 1, ""orders_30d"": 0, ""days_since_last_order"": 47}","Prioritize a win-back visit, diagnose the reason for inactivity, and attempt a targeted reorder based on the outlet's prior mix.",0.0,4086.29,0.0,0.0,0.0,1.0,0.0,,,,,4086.29,0.0,,,1.0,0.0,,47.0,,,
1256,258,OPP-000509,796,Inactive Outlet,43.71,P3,Monitor,70.0,MEDIUM,"{""revenue_previous_30d"": 3244.25, ""revenue_30d"": 0.0, ""orders_previous_30d"": 1, ""orders_30d"": 0, ""days_since_last_order"": 54}","Prioritize a win-back visit, diagnose the reason for inactivity, and attempt a targeted reorder based on the outlet's prior mix.",0.0,3244.25,0.0,0.0,0.0,6.0,2.0,,,,,3244.25,0.0,,,1.0,0.0,,54.0,,,
1257,444,OPP-000593,922,Revenue Recovery,43.54,P3,Monitor,68.0,MEDIUM,"{""revenue_previous_30d"": 3160.96, ""revenue_30d"": 753.16, ""revenue_growth_30d"": -0.7617, ""revenue_gap_vs_previous_30d"": 2407.8, ""orders_previous_30d"": 2, ""orders_30d"": 1, ""revenue_index_vs_peer"": 0.522}","Review the outlet's recent order decline, identify the lost SKU/category demand, and schedule a recovery visit with a targeted reorder proposal.",753.16,3160.96,753.16,4.255679814846625,0.5215681114658283,1.0,0.0,,,,,3160.96,753.16,-0.7617,2407.8,2.0,1.0,0.522,,,,
1258,259,OPP-001387,2092,Inactive Outlet,43.52,P3,Monitor,70.0,MEDIUM,"{""revenue_previous_30d"": 3288.0, ""revenue_30d"": 0.0, ""orders_previous_30d"": 2, ""orders_30d"": 0, ""days_since_last_order"": 47}","Prioritize a win-back visit, diagnose the reason for inactivity, and attempt a targeted reorder based on the outlet's prior mix.",0.0,3288.0,0.0,0.0,0.0,3.0,1.0,,,,,3288.0,0.0,,,2.0,0.0,,47.0,,,
1259,445,OPP-002014,2942,Revenue Recovery,43.49,P3,Monitor,60.0,MEDIUM,"{""revenue_previous_30d"": 9351.52, ""revenue_30d"": 3618.17, ""revenue_growth_30d"": -0.6131, ""revenue_gap_vs_previous_30d"": 5733.35, ""orders_previous_30d"": 3, ""orders_30d"": 2, ""revenue_index_vs_peer"": 0.805}","Review the outlet's recent order decline, identify the lost SKU/category demand, and schedule a recovery visit with a targeted reorder proposal.",3618.1665,9351.52,1206.0555000000002,10.29033594779644,0.8052359067945608,3.0,1.0,,,,,9351.52,3618.17,-0.6131,5733.35,3.0,2.0,0.805,,,,
1260,260,OPP-000993,1530,Inactive Outlet,43.44,P3,Monitor,70.0,MEDIUM,"{""revenue_previous_30d"": 2881.84, ""revenue_30d"": 0.0, ""orders_previous_30d"": 1, ""orders_30d"": 0, ""days_since_last_order"": 57}","Prioritize a win-back visit, diagnose the reason for inactivity, and attempt a targeted reorder based on the outlet's prior mix.",0.0,2881.84,0.0,0.0,0.0,0.0,0.0,,,,,2881.84,0.0,,,1.0,0.0,,57.0,,,
1261,446,OPP-000394,621,Revenue Recovery,43.41,P3,Monitor,60.0,MEDIUM,"{""revenue_previous_30d"": 27618.54, ""revenue_30d"": 17920.8, ""revenue_growth_30d"": -0.3511, ""revenue_gap_vs_previous_30d"": 9697.74, ""orders_previous_30d"": 6, ""orders_30d"": 4, ""revenue_index_vs_peer"": 0.834}","Review the outlet's recent order decline, identify the lost SKU/category demand, and schedule a recovery visit with a targeted reorder proposal.",17920.800000000003,27618.54,0.0,24.37165882125588,0.8344304533031985,0.0,0.0,,,,,27618.54,17920.8,-0.3511,9697.74,6.0,4.0,0.834,,,,
1262,261,OPP-001706,2528,Inactive Outlet,43.35,P3,Monitor,70.0,MEDIUM,"{""revenue_previous_30d"": 4751.61, ""revenue_30d"": 0.0, ""orders_previous_30d"": 3, ""orders_30d"": 0, ""days_since_last_order"": 31}","Prioritize a win-back visit, diagnose the reason for inactivity, and attempt a targeted reorder based on the outlet's prior mix.",0.0,4751.61,0.0,0.0,0.0,0.0,0.0,,,,,4751.61,0.0,,,3.0,0.0,,31.0,,,
1263,447,OPP-001884,2764,Revenue Recovery,43.34,P3,Monitor,60.0,MEDIUM,"{""revenue_previous_30d"": 37624.16, ""revenue_30d"": 22519.16, ""revenue_growth_30d"": -0.4015, ""revenue_gap_vs_previous_30d"": 15105.0, ""orders_previous_30d"": 5, ""orders_30d"": 5, ""revenue_index_vs_peer"": 1.023}","Review the outlet's recent order decline, identify the lost SKU/category demand, and schedule a recovery visit with a targeted reorder proposal.",22519.16,37624.16,22519.16,36.36996155493522,1.0227279333221913,1.0,1.0,,,,,37624.16,22519.16,-0.4015,15105.0,5.0,5.0,1.023,,,,
1264,446,OPP-001435,2145,Cross-Sell,43.28,P3,Monitor,82.0,HIGH,"{""target_category"": ""Home Care"", ""territory_category_rank"": 3, ""territory_category_orders_90d"": 694, ""current_category_count_90d"": 2}","Introduce Home Care during the next outlet visit and assess fit, expected demand, and an initial reorder quantity.",0.0,0.0,0.0,0.0,0.0,2.0,0.0,Home Care,3.0,694.0,2.0,,,,,,,,,,,
1265,448,OPP-001541,2290,Revenue Recovery,43.24,P3,Monitor,68.92,MEDIUM,"{""revenue_previous_30d"": 1540.04, ""revenue_30d"": 334.32, ""revenue_growth_30d"": -0.7829, ""revenue_gap_vs_previous_30d"": 1205.72, ""orders_previous_30d"": 1, ""orders_30d"": 1, ""revenue_index_vs_peer"": 0.059}","Review the outlet's recent order decline, identify the lost SKU/category demand, and schedule a recovery visit with a targeted reorder proposal.",334.32,1540.04,167.16,0.9605154927368056,0.0591058803562052,2.0,1.0,,,,,1540.04,334.32,-0.7829,1205.72,1.0,1.0,0.059,,,,
1266,449,OPP-000975,1505,Revenue Recovery,43.16,P3,Monitor,64.82,MEDIUM,"{""revenue_previous_30d"": 2484.65, ""revenue_30d"": 654.52, ""revenue_growth_30d"": -0.7366, ""revenue_gap_vs_previous_30d"": 1830.13, ""orders_previous_30d"": 1, ""orders_30d"": 1, ""revenue_index_vs_peer"": 0.116}","Review the outlet's recent order decline, identify the lost SKU/category demand, and schedule a recovery visit with a targeted reorder proposal.",654.52,2484.65,0.0,1.970290907799224,0.1157154247748966,0.0,0.0,,,,,2484.65,654.52,-0.7366,1830.13,1.0,1.0,0.116,,,,
1267,450,OPP-001597,2370,Revenue Recovery,42.95,P3,Monitor,60.0,MEDIUM,"{""revenue_previous_30d"": 4112.1, ""revenue_30d"": 1271.1, ""revenue_growth_30d"": -0.6909, ""revenue_gap_vs_previous_30d"": 2841.0, ""orders_previous_30d"": 2, ""orders_30d"": 2, ""revenue_index_vs_peer"": 0.277}","Review the outlet's recent order decline, identify the lost SKU/category demand, and schedule a recovery visit with a targeted reorder proposal.",1271.0970000000002,4112.1,254.21940000000004,2.935802976690903,0.2771100779925768,5.0,3.0,,,,,4112.1,1271.1,-0.6909,2841.0,2.0,2.0,0.277,,,,
1268,451,OPP-001080,1650,Revenue Recovery,42.85,P3,Monitor,64.84,MEDIUM,"{""revenue_previous_30d"": 5404.93, ""revenue_30d"": 1266.96, ""revenue_growth_30d"": -0.7656, ""revenue_gap_vs_previous_30d"": 4137.97, ""orders_previous_30d"": 4, ""orders_30d"": 1, ""revenue_index_vs_peer"": 1.041}","Review the outlet's recent order decline, identify the lost SKU/category demand, and schedule a recovery visit with a targeted reorder proposal.",1266.96,5404.93,422.32,7.254874003425417,1.0411972091417865,3.0,2.0,,,,,5404.93,1266.96,-0.7656,4137.97,4.0,1.0,1.041,,,,
1269,452,OPP-000781,1206,Revenue Recovery,42.8,P3,Monitor,60.0,MEDIUM,"{""revenue_previous_30d"": 9272.61, ""revenue_30d"": 2918.18, ""revenue_growth_30d"": -0.6853, ""revenue_gap_vs_previous_30d"": 6354.43, ""orders_previous_30d"": 4, ""orders_30d"": 3, ""revenue_index_vs_peer"": 2.165}","Review the outlet's recent order decline, identify the lost SKU/category demand, and schedule a recovery visit with a targeted reorder proposal.",2918.1800000000003,9272.61,583.6360000000001,16.38015328363085,2.164581092608389,5.0,1.0,,,,,9272.61,2918.18,-0.6853,6354.43,4.0,3.0,2.165,,,,
1270,262,OPP-000584,911,Inactive Outlet,42.75,P3,Monitor,70.0,MEDIUM,"{""revenue_previous_30d"": 4328.85, ""revenue_30d"": 0.0, ""orders_previous_30d"": 3, ""orders_30d"": 0, ""days_since_last_order"": 33}","Prioritize a win-back visit, diagnose the reason for inactivity, and attempt a targeted reorder based on the outlet's prior mix.",0.0,4328.85,0.0,0.0,0.0,1.0,1.0,,,,,4328.85,0.0,,,3.0,0.0,,33.0,,,
1271,263,OPP-001218,1839,Inactive Outlet,42.75,P3,Monitor,70.0,MEDIUM,"{""revenue_previous_30d"": 3236.3, ""revenue_30d"": 0.0, ""orders_previous_30d"": 1, ""orders_30d"": 0, ""days_since_last_order"": 53}","Prioritize a win-back visit, diagnose the reason for inactivity, and attempt a targeted reorder based on the outlet's prior mix.",0.0,3236.3,0.0,0.0,0.0,4.0,4.0,,,,,3236.3,0.0,,,1.0,0.0,,53.0,,,
1272,264,OPP-000878,1360,Inactive Outlet,42.72,P3,Monitor,70.0,MEDIUM,"{""revenue_previous_30d"": 4612.44, ""revenue_30d"": 0.0, ""orders_previous_30d"": 3, ""orders_30d"": 0, ""days_since_last_order"": 31}","Prioritize a win-back visit, diagnose the reason for inactivity, and attempt a targeted reorder based on the outlet's prior mix.",0.0,4612.4400000000005,0.0,0.0,0.0,3.0,0.0,,,,,4612.44,0.0,,,3.0,0.0,,31.0,,,
1273,447,OPP-000214,355,Cross-Sell,42.68,P3,Monitor,94.0,HIGH,"{""target_category"": ""Snacks"", ""territory_category_rank"": 1, ""territory_category_orders_90d"": 423, ""current_category_count_90d"": 3}","Introduce Snacks during the next outlet visit and assess fit, expected demand, and an initial reorder quantity.",0.0,1770.05,0.0,0.0,0.0,3.0,0.0,Snacks,1.0,423.0,3.0,,,,,,,,,,,
1274,448,OPP-000609,943,Cross-Sell,42.68,P3,Monitor,94.0,HIGH,"{""target_category"": ""Snacks"", ""territory_category_rank"": 1, ""territory_category_orders_90d"": 423, ""current_category_count_90d"": 3}","Introduce Snacks during the next outlet visit and assess fit, expected demand, and an initial reorder quantity.",2186.31,1748.49,546.5775,13.39085398382668,2.1871411136231766,4.0,3.0,Snacks,1.0,423.0,3.0,,,,,,,,,,,
1275,449,OPP-001069,1639,Cross-Sell,42.68,P3,Monitor,94.0,HIGH,"{""target_category"": ""Snacks"", ""territory_category_rank"": 1, ""territory_category_orders_90d"": 423, ""current_category_count_90d"": 3}","Introduce Snacks during the next outlet visit and assess fit, expected demand, and an initial reorder quantity.",0.0,3147.96,0.0,0.0,0.0,1.0,0.0,Snacks,1.0,423.0,3.0,,,,,,,,,,,
1276,450,OPP-001260,1897,Cross-Sell,42.68,P3,Monitor,94.0,HIGH,"{""target_category"": ""Snacks"", ""territory_category_rank"": 1, ""territory_category_orders_90d"": 423, ""current_category_count_90d"": 3}","Introduce Snacks during the next outlet visit and assess fit, expected demand, and an initial reorder quantity.",0.0,3211.13,0.0,0.0,0.0,2.0,1.0,Snacks,1.0,423.0,3.0,,,,,,,,,,,
1277,453,OPP-001653,2444,Revenue Recovery,42.54,P3,Monitor,60.0,MEDIUM,"{""revenue_previous_30d"": 7213.99, ""revenue_30d"": 2237.99, ""revenue_growth_30d"": -0.6898, ""revenue_gap_vs_previous_30d"": 4976.0, ""orders_previous_30d"": 3, ""orders_30d"": 1, ""revenue_index_vs_peer"": 1.55}","Review the outlet's recent order decline, identify the lost SKU/category demand, and schedule a recovery visit with a targeted reorder proposal.",2237.99,7213.99,2237.99,10.997845140016755,1.5498223721113826,1.0,0.0,,,,,7213.99,2237.99,-0.6898,4976.0,3.0,1.0,1.55,,,,
1278,454,OPP-000154,251,Revenue Recovery,42.5,P3,Monitor,60.0,MEDIUM,"{""revenue_previous_30d"": 11477.88, ""revenue_30d"": 4997.37, ""revenue_growth_30d"": -0.5646, ""revenue_gap_vs_previous_30d"": 6480.51, ""orders_previous_30d"": 3, ""orders_30d"": 2, ""revenue_index_vs_peer"": 0.884}","Review the outlet's recent order decline, identify the lost SKU/category demand, and schedule a recovery visit with a targeted reorder proposal.",4997.367,11477.88,4997.367,12.4102101435401,0.8835061497907638,1.0,1.0,,,,,11477.88,4997.37,-0.5646,6480.51,3.0,2.0,0.884,,,,
1279,455,OPP-000832,1283,Revenue Recovery,42.5,P3,Monitor,60.0,MEDIUM,"{""revenue_previous_30d"": 4977.57, ""revenue_30d"": 2045.62, ""revenue_growth_30d"": -0.589, ""revenue_gap_vs_previous_30d"": 2931.95, ""orders_previous_30d"": 2, ""orders_30d"": 1, ""revenue_index_vs_peer"": 0.423}","Review the outlet's recent order decline, identify the lost SKU/category demand, and schedule a recovery visit with a targeted reorder proposal.",2045.62,4977.570000000001,1022.81,4.819570620414697,0.4230333360906608,2.0,2.0,,,,,4977.57,2045.62,-0.589,2931.95,2.0,1.0,0.423,,,,
1280,456,OPP-000454,719,Revenue Recovery,42.49,P3,Monitor,60.0,MEDIUM,"{""revenue_previous_30d"": 8363.43, ""revenue_30d"": 3624.81, ""revenue_growth_30d"": -0.5666, ""revenue_gap_vs_previous_30d"": 4738.62, ""orders_previous_30d"": 3, ""orders_30d"": 2, ""revenue_index_vs_peer"": 0.619}","Review the outlet's recent order decline, identify the lost SKU/category demand, and schedule a recovery visit with a targeted reorder proposal.",3624.81,8363.43,1208.27,9.515305613510815,0.6193101633697705,3.0,1.0,,,,,8363.43,3624.81,-0.5666,4738.62,3.0,2.0,0.619,,,,
1281,457,OPP-001635,2418,Revenue Recovery,42.47,P3,Monitor,60.0,MEDIUM,"{""revenue_previous_30d"": 13530.34, ""revenue_30d"": 7867.94, ""revenue_growth_30d"": -0.4185, ""revenue_gap_vs_previous_30d"": 5662.4, ""orders_previous_30d"": 3, ""orders_30d"": 5, ""revenue_index_vs_peer"": 0.389}","Review the outlet's recent order decline, identify the lost SKU/category demand, and schedule a recovery visit with a targeted reorder proposal.",7867.94,13530.34,7867.94,13.282182697242256,0.3889545555438559,1.0,1.0,,,,,13530.34,7867.94,-0.4185,5662.4,3.0,5.0,0.389,,,,
1282,458,OPP-001604,2380,Revenue Recovery,42.44,P3,Monitor,62.4,MEDIUM,"{""revenue_previous_30d"": 5859.43, ""revenue_30d"": 1473.34, ""revenue_growth_30d"": -0.7486, ""revenue_gap_vs_previous_30d"": 4386.09, ""orders_previous_30d"": 3, ""orders_30d"": 1, ""revenue_index_vs_peer"": 1.01}","Review the outlet's recent order decline, identify the lost SKU/category demand, and schedule a recovery visit with a targeted reorder proposal.",1473.34,5859.43,736.67,7.927755160460983,1.0101402077405643,2.0,1.0,,,,,5859.43,1473.34,-0.7486,4386.09,3.0,1.0,1.01,,,,
1283,459,OPP-000682,1064,Revenue Recovery,42.28,P3,Monitor,60.0,MEDIUM,"{""revenue_previous_30d"": 7455.64, ""revenue_30d"": 2239.98, ""revenue_growth_30d"": -0.6996, ""revenue_gap_vs_previous_30d"": 5215.66, ""orders_previous_30d"": 2, ""orders_30d"": 1, ""revenue_index_vs_peer"": 1.841}","Review the outlet's recent order decline, identify the lost SKU/category demand, and schedule a recovery visit with a targeted reorder proposal.",2239.98,7455.639999999999,559.995,11.67886180133453,1.8408323266191664,4.0,3.0,,,,,7455.64,2239.98,-0.6996,5215.66,2.0,1.0,1.841,,,,
1284,265,OPP-001161,1760,Inactive Outlet,42.25,P3,Monitor,70.0,MEDIUM,"{""revenue_previous_30d"": 5424.28, ""revenue_30d"": 0.0, ""orders_previous_30d"": 1, ""orders_30d"": 0, ""days_since_last_order"": 37}","Prioritize a win-back visit, diagnose the reason for inactivity, and attempt a targeted reorder based on the outlet's prior mix.",0.0,5424.28,0.0,0.0,0.0,3.0,2.0,,,,,5424.28,0.0,,,1.0,0.0,,37.0,,,
1285,266,OPP-001836,2693,Inactive Outlet,42.19,P3,Monitor,70.0,MEDIUM,"{""revenue_previous_30d"": 4191.45, ""revenue_30d"": 0.0, ""orders_previous_30d"": 2, ""orders_30d"": 0, ""days_since_last_order"": 38}","Prioritize a win-back visit, diagnose the reason for inactivity, and attempt a targeted reorder based on the outlet's prior mix.",0.0,4191.45,0.0,0.0,0.0,5.0,4.0,,,,,4191.45,0.0,,,2.0,0.0,,38.0,,,
1286,460,OPP-000982,1517,Revenue Recovery,42.11,P3,Monitor,60.0,MEDIUM,"{""revenue_previous_30d"": 24545.12, ""revenue_30d"": 16868.99, ""revenue_growth_30d"": -0.3127, ""revenue_gap_vs_previous_30d"": 7676.13, ""orders_previous_30d"": 5, ""orders_30d"": 3, ""revenue_index_vs_peer"": 0.682}","Review the outlet's recent order decline, identify the lost SKU/category demand, and schedule a recovery visit with a targeted reorder proposal.",16868.99,24545.12,5622.996666666667,33.395666292934656,0.6821971866072671,3.0,3.0,,,,,24545.12,16868.99,-0.3127,7676.13,5.0,3.0,0.682,,,,
1287,267,OPP-001083,1656,Inactive Outlet,42.06,P3,Monitor,70.0,MEDIUM,"{""revenue_previous_30d"": 5467.23, ""revenue_30d"": 0.0, ""orders_previous_30d"": 2, ""orders_30d"": 0, ""days_since_last_order"": 30}","Prioritize a win-back visit, diagnose the reason for inactivity, and attempt a targeted reorder based on the outlet's prior mix.",0.0,5467.23,0.0,25.76504330929876,0.0,2.0,0.0,,,,,5467.23,0.0,,,2.0,0.0,,30.0,,,
1288,461,OPP-001370,2059,Revenue Recovery,42.01,P3,Monitor,60.77,MEDIUM,"{""revenue_previous_30d"": 5328.24, ""revenue_30d"": 1377.8, ""revenue_growth_30d"": -0.7414, ""revenue_gap_vs_previous_30d"": 3950.44, ""orders_previous_30d"": 3, ""orders_30d"": 2, ""revenue_index_vs_peer"": 0.742}","Review the outlet's recent order decline, identify the lost SKU/category demand, and schedule a recovery visit with a targeted reorder proposal.",1377.8,5328.24,459.26666666666665,17.297978369427145,0.7421092319293332,3.0,2.0,,,,,5328.24,1377.8,-0.7414,3950.44,3.0,2.0,0.742,,,,
1289,268,OPP-001628,2406,Inactive Outlet,41.92,P3,Monitor,70.0,MEDIUM,"{""revenue_previous_30d"": 4190.46, ""revenue_30d"": 0.0, ""orders_previous_30d"": 1, ""orders_30d"": 0, ""days_since_last_order"": 44}","Prioritize a win-back visit, diagnose the reason for inactivity, and attempt a targeted reorder based on the outlet's prior mix.",0.0,4190.46,0.0,0.0,0.0,2.0,2.0,,,,,4190.46,0.0,,,1.0,0.0,,44.0,,,
1290,451,OPP-000845,1306,Cross-Sell,41.88,P3,Monitor,85.0,HIGH,"{""target_category"": ""Beverages"", ""territory_category_rank"": 2, ""territory_category_orders_90d"": 708, ""current_category_count_90d"": 4}","Introduce Beverages during the next outlet visit and assess fit, expected demand, and an initial reorder quantity.",0.0,0.0,0.0,0.0,0.0,2.0,1.0,Beverages,2.0,708.0,4.0,,,,,,,,,,,
1291,452,OPP-000883,1368,Cross-Sell,41.88,P3,Monitor,85.0,HIGH,"{""target_category"": ""Beverages"", ""territory_category_rank"": 2, ""territory_category_orders_90d"": 708, ""current_category_count_90d"": 4}","Introduce Beverages during the next outlet visit and assess fit, expected demand, and an initial reorder quantity.",3513.99,13801.73,3513.99,9.917571593555648,0.7820510537912001,1.0,1.0,Beverages,2.0,708.0,4.0,,,,,,,,,,,
1292,453,OPP-001595,2367,Cross-Sell,41.88,P3,Monitor,85.0,HIGH,"{""target_category"": ""Beverages"", ""territory_category_rank"": 2, ""territory_category_orders_90d"": 708, ""current_category_count_90d"": 4}","Introduce Beverages during the next outlet visit and assess fit, expected demand, and an initial reorder quantity.",0.0,519.46,0.0,0.0,0.0,2.0,0.0,Beverages,2.0,708.0,4.0,,,,,,,,,,,
1293,454,OPP-002027,2953,Cross-Sell,41.88,P3,Monitor,85.0,HIGH,"{""target_category"": ""Beverages"", ""territory_category_rank"": 2, ""territory_category_orders_90d"": 708, ""current_category_count_90d"": 4}","Introduce Beverages during the next outlet visit and assess fit, expected demand, and an initial reorder quantity.",0.0,2221.9,0.0,0.0,0.0,0.0,0.0,Beverages,2.0,708.0,4.0,,,,,,,,,,,
1294,462,OPP-001692,2509,Revenue Recovery,41.81,P3,Monitor,60.18,MEDIUM,"{""revenue_previous_30d"": 5377.55, ""revenue_30d"": 979.38, ""revenue_growth_30d"": -0.8179, ""revenue_gap_vs_previous_30d"": 4398.17, ""orders_previous_30d"": 1, ""orders_30d"": 1, ""revenue_index_vs_peer"": 0.805}","Review the outlet's recent order decline, identify the lost SKU/category demand, and schedule a recovery visit with a targeted reorder proposal.",979.38,5377.55,326.46,5.901098841507613,0.8048618130716699,3.0,3.0,,,,,5377.55,979.38,-0.8179,4398.17,1.0,1.0,0.805,,,,
1295,269,OPP-002052,2990,Inactive Outlet,41.76,P3,Monitor,70.0,MEDIUM,"{""revenue_previous_30d"": 2654.13, ""revenue_30d"": 0.0, ""orders_previous_30d"": 3, ""orders_30d"": 0, ""days_since_last_order"": 46}","Prioritize a win-back visit, diagnose the reason for inactivity, and attempt a targeted reorder based on the outlet's prior mix.",0.0,2654.13,0.0,0.0,0.0,3.0,3.0,,,,,2654.13,0.0,,,3.0,0.0,,46.0,,,
1296,463,OPP-000411,650,Revenue Recovery,41.75,P3,Monitor,60.0,MEDIUM,"{""revenue_previous_30d"": 14215.72, ""revenue_30d"": 6354.9, ""revenue_growth_30d"": -0.553, ""revenue_gap_vs_previous_30d"": 7860.82, ""orders_previous_30d"": 4, ""orders_30d"": 3, ""revenue_index_vs_peer"": 1.124}","Review the outlet's recent order decline, identify the lost SKU/category demand, and schedule a recovery visit with a targeted reorder proposal.",6354.9,14215.72,2118.3,18.98139823570279,1.1235102867780822,3.0,1.0,,,,,14215.72,6354.9,-0.553,7860.82,4.0,3.0,1.124,,,,
1297,455,OPP-000226,371,Cross-Sell,41.62,P3,Monitor,92.0,HIGH,"{""target_category"": ""Snacks"", ""territory_category_rank"": 1, ""territory_category_orders_90d"": 579, ""current_category_count_90d"": 4}","Introduce Snacks during the next outlet visit and assess fit, expected demand, and an initial reorder quantity.",7377.63,1099.76,3688.815,35.08098798494362,6.922607039306391,2.0,1.0,Snacks,1.0,579.0,4.0,,,,,,,,,,,
1298,456,OPP-001983,2906,Cross-Sell,41.62,P3,Monitor,92.0,HIGH,"{""target_category"": ""Snacks"", ""territory_category_rank"": 1, ""territory_category_orders_90d"": 579, ""current_category_count_90d"": 4}","Introduce Snacks during the next outlet visit and assess fit, expected demand, and an initial reorder quantity.",4670.92,3199.26,1167.73,14.179904202800088,0.7980413396252849,4.0,2.0,Snacks,1.0,579.0,4.0,,,,,,,,,,,
1299,464,OPP-001342,2018,Revenue Recovery,41.59,P3,Monitor,60.0,MEDIUM,"{""revenue_previous_30d"": 4918.87, ""revenue_30d"": 2188.96, ""revenue_growth_30d"": -0.555, ""revenue_gap_vs_previous_30d"": 2729.91, ""orders_previous_30d"": 2, ""orders_30d"": 1, ""revenue_index_vs_peer"": 0.374}","Review the outlet's recent order decline, identify the lost SKU/category demand, and schedule a recovery visit with a targeted reorder proposal.",2188.96,4918.87,2188.96,5.266545229960237,0.3739906850869129,1.0,0.0,,,,,4918.87,2188.96,-0.555,2729.91,2.0,1.0,0.374,,,,
1300,457,OPP-000441,696,Cross-Sell,41.57,P3,Monitor,87.0,HIGH,"{""target_category"": ""Beverages"", ""territory_category_rank"": 2, ""territory_category_orders_90d"": 611, ""current_category_count_90d"": 3}","Introduce Beverages during the next outlet visit and assess fit, expected demand, and an initial reorder quantity.",0.0,604.13,0.0,0.0,0.0,2.0,2.0,Beverages,2.0,611.0,3.0,,,,,,,,,,,
1301,458,OPP-000829,1269,Cross-Sell,41.57,P3,Monitor,87.0,HIGH,"{""target_category"": ""Beverages"", ""territory_category_rank"": 2, ""territory_category_orders_90d"": 611, ""current_category_count_90d"": 3}","Introduce Beverages during the next outlet visit and assess fit, expected demand, and an initial reorder quantity.",0.0,0.0,0.0,0.0,0.0,3.0,1.0,Beverages,2.0,611.0,3.0,,,,,,,,,,,
1302,459,OPP-000983,1518,Cross-Sell,41.57,P3,Monitor,87.0,HIGH,"{""target_category"": ""Beverages"", ""territory_category_rank"": 2, ""territory_category_orders_90d"": 611, ""current_category_count_90d"": 3}","Introduce Beverages during the next outlet visit and assess fit, expected demand, and an initial reorder quantity.",0.0,892.6,0.0,0.0,0.0,0.0,0.0,Beverages,2.0,611.0,3.0,,,,,,,,,,,
1303,460,OPP-001598,2372,Cross-Sell,41.57,P3,Monitor,87.0,HIGH,"{""target_category"": ""Beverages"", ""territory_category_rank"": 2, ""territory_category_orders_90d"": 611, ""current_category_count_90d"": 3}","Introduce Beverages during the next outlet visit and assess fit, expected demand, and an initial reorder quantity.",621.56,6495.29,310.78,20.82126511233832,0.110276258385243,2.0,1.0,Beverages,2.0,611.0,3.0,,,,,,,,,,,
1304,461,OPP-001767,2588,Cross-Sell,41.57,P3,Monitor,87.0,HIGH,"{""target_category"": ""Beverages"", ""territory_category_rank"": 2, ""territory_category_orders_90d"": 611, ""current_category_count_90d"": 3}","Introduce Beverages during the next outlet visit and assess fit, expected demand, and an initial reorder quantity.",0.0,0.0,0.0,0.0,0.0,1.0,1.0,Beverages,2.0,611.0,3.0,,,,,,,,,,,
1305,462,OPP-001791,2619,Cross-Sell,41.57,P3,Monitor,87.0,HIGH,"{""target_category"": ""Beverages"", ""territory_category_rank"": 2, ""territory_category_orders_90d"": 611, ""current_category_count_90d"": 3}","Introduce Beverages during the next outlet visit and assess fit, expected demand, and an initial reorder quantity.",1683.69,271.07,1683.69,9.283797397301138,1.240972913211719,1.0,1.0,Beverages,2.0,611.0,3.0,,,,,,,,,,,
1306,270,OPP-000915,1414,Inactive Outlet,41.46,P3,Monitor,70.0,MEDIUM,"{""revenue_previous_30d"": 2531.68, ""revenue_30d"": 0.0, ""orders_previous_30d"": 1, ""orders_30d"": 0, ""days_since_last_order"": 59}","Prioritize a win-back visit, diagnose the reason for inactivity, and attempt a targeted reorder based on the outlet's prior mix.",0.0,2531.68,0.0,0.0,0.0,0.0,0.0,,,,,2531.68,0.0,,,1.0,0.0,,59.0,,,
1307,271,OPP-001240,1867,Inactive Outlet,41.45,P3,Monitor,70.0,MEDIUM,"{""revenue_previous_30d"": 2938.21, ""revenue_30d"": 0.0, ""orders_previous_30d"": 1, ""orders_30d"": 0, ""days_since_last_order"": 54}","Prioritize a win-back visit, diagnose the reason for inactivity, and attempt a targeted reorder based on the outlet's prior mix.",0.0,2938.21,0.0,0.0,0.0,6.0,3.0,,,,,2938.21,0.0,,,1.0,0.0,,54.0,,,
1308,465,OPP-001863,2732,Revenue Recovery,41.37,P3,Monitor,60.0,MEDIUM,"{""revenue_previous_30d"": 8100.85, ""revenue_30d"": 2952.84, ""revenue_growth_30d"": -0.6355, ""revenue_gap_vs_previous_30d"": 5148.01, ""orders_previous_30d"": 2, ""orders_30d"": 2, ""revenue_index_vs_peer"": 0.676}","Review the outlet's recent order decline, identify the lost SKU/category demand, and schedule a recovery visit with a targeted reorder proposal.",2952.84,8100.85,1476.42,8.602106683555249,0.6757875078956763,2.0,1.0,,,,,8100.85,2952.84,-0.6355,5148.01,2.0,2.0,0.676,,,,
1309,466,OPP-000610,945,Revenue Recovery,41.31,P3,Monitor,60.0,MEDIUM,"{""revenue_previous_30d"": 15187.77, ""revenue_30d"": 10022.89, ""revenue_growth_30d"": -0.3401, ""revenue_gap_vs_previous_30d"": 5164.88, ""orders_previous_30d"": 2, ""orders_30d"": 1, ""revenue_index_vs_peer"": 0.489}","Review the outlet's recent order decline, identify the lost SKU/category demand, and schedule a recovery visit with a targeted reorder proposal.",10022.89,15187.77,1670.4816666666666,16.8441797955686,0.4888093949192136,6.0,5.0,,,,,15187.77,10022.89,-0.3401,5164.88,2.0,1.0,0.489,,,,
1311,272,OPP-001094,1676,Inactive Outlet,41.23,P3,Monitor,70.0,MEDIUM,"{""revenue_previous_30d"": 2754.62, ""revenue_30d"": 0.0, ""orders_previous_30d"": 1, ""orders_30d"": 0, ""days_since_last_order"": 56}","Prioritize a win-back visit, diagnose the reason for inactivity, and attempt a targeted reorder based on the outlet's prior mix.",0.0,2754.62,0.0,0.0,0.0,1.0,0.0,,,,,2754.62,0.0,,,1.0,0.0,,56.0,,,
1310,467,OPP-000381,606,Revenue Recovery,41.23,P3,Monitor,65.08,MEDIUM,"{""revenue_previous_30d"": 3261.89, ""revenue_30d"": 861.03, ""revenue_growth_30d"": -0.736, ""revenue_gap_vs_previous_30d"": 2400.86, ""orders_previous_30d"": 2, ""orders_30d"": 1, ""revenue_index_vs_peer"": 0.596}","Review the outlet's recent order decline, identify the lost SKU/category demand, and schedule a recovery visit with a targeted reorder proposal.",861.03,3261.89,430.515,4.308163560410507,0.5962687755794547,2.0,2.0,,,,,3261.89,861.03,-0.736,2400.86,2.0,1.0,0.596,,,,
1312,273,OPP-001155,1753,Inactive Outlet,41.15,P3,Monitor,70.0,MEDIUM,"{""revenue_previous_30d"": 2854.98, ""revenue_30d"": 0.0, ""orders_previous_30d"": 1, ""orders_30d"": 0, ""days_since_last_order"": 55}","Prioritize a win-back visit, diagnose the reason for inactivity, and attempt a targeted reorder based on the outlet's prior mix.",0.0,2854.98,0.0,0.0,0.0,2.0,1.0,,,,,2854.98,0.0,,,1.0,0.0,,55.0,,,
1313,274,OPP-000040,67,Inactive Outlet,41.13,P3,Monitor,70.0,MEDIUM,"{""revenue_previous_30d"": 4335.93, ""revenue_30d"": 0.0, ""orders_previous_30d"": 1, ""orders_30d"": 0, ""days_since_last_order"": 42}","Prioritize a win-back visit, diagnose the reason for inactivity, and attempt a targeted reorder based on the outlet's prior mix.",0.0,4335.93,0.0,0.0,0.0,3.0,2.0,,,,,4335.93,0.0,,,1.0,0.0,,42.0,,,
1314,463,OPP-000232,379,Cross-Sell,41.1,P3,Monitor,78.0,MEDIUM,"{""target_category"": ""Home Care"", ""territory_category_rank"": 3, ""territory_category_orders_90d"": 825, ""current_category_count_90d"": 4}","Introduce Home Care during the next outlet visit and assess fit, expected demand, and an initial reorder quantity.",4511.91,0.0,1127.9775,21.558337681400403,2.5873120548667896,4.0,4.0,Home Care,3.0,825.0,4.0,,,,,,,,,,,
1315,464,OPP-000797,1228,Cross-Sell,41.1,P3,Monitor,78.0,MEDIUM,"{""target_category"": ""Home Care"", ""territory_category_rank"": 3, ""territory_category_orders_90d"": 825, ""current_category_count_90d"": 4}","Introduce Home Care during the next outlet visit and assess fit, expected demand, and an initial reorder quantity.",5802.84,0.0,5802.84,35.610469754506205,3.32758363630108,1.0,1.0,Home Care,3.0,825.0,4.0,,,,,,,,,,,
1316,465,OPP-000897,1399,Cross-Sell,41.1,P3,Monitor,78.0,MEDIUM,"{""target_category"": ""Home Care"", ""territory_category_rank"": 3, ""territory_category_orders_90d"": 825, ""current_category_count_90d"": 4}","Introduce Home Care during the next outlet visit and assess fit, expected demand, and an initial reorder quantity.",0.0,2320.78,0.0,0.0,0.0,0.0,0.0,Home Care,3.0,825.0,4.0,,,,,,,,,,,
1317,466,OPP-001014,1557,Cross-Sell,41.1,P3,Monitor,78.0,MEDIUM,"{""target_category"": ""Home Care"", ""territory_category_rank"": 3, ""territory_category_orders_90d"": 825, ""current_category_count_90d"": 4}","Introduce Home Care during the next outlet visit and assess fit, expected demand, and an initial reorder quantity.",0.0,0.0,0.0,0.0,0.0,3.0,2.0,Home Care,3.0,825.0,4.0,,,,,,,,,,,
1318,467,OPP-001170,1771,Cross-Sell,41.1,P3,Monitor,78.0,MEDIUM,"{""target_category"": ""Home Care"", ""territory_category_rank"": 3, ""territory_category_orders_90d"": 825, ""current_category_count_90d"": 4}","Introduce Home Care during the next outlet visit and assess fit, expected demand, and an initial reorder quantity.",1527.35,8484.84,1527.35,3.884030654178229,0.2491814137274511,1.0,1.0,Home Care,3.0,825.0,4.0,,,,,,,,,,,
1319,468,OPP-001204,1817,Cross-Sell,41.1,P3,Monitor,78.0,MEDIUM,"{""target_category"": ""Home Care"", ""territory_category_rank"": 3, ""territory_category_orders_90d"": 825, ""current_category_count_90d"": 4}","Introduce Home Care during the next outlet visit and assess fit, expected demand, and an initial reorder quantity.",1153.64,2449.49,576.82,6.068563553058638,0.6615439312788871,2.0,0.0,Home Care,3.0,825.0,4.0,,,,,,,,,,,
1320,469,OPP-001275,1920,Cross-Sell,41.1,P3,Monitor,78.0,MEDIUM,"{""target_category"": ""Home Care"", ""territory_category_rank"": 3, ""territory_category_orders_90d"": 825, ""current_category_count_90d"": 4}","Introduce Home Care during the next outlet visit and assess fit, expected demand, and an initial reorder quantity.",4788.62,0.0,4788.62,22.116416680676227,2.745988783503263,1.0,1.0,Home Care,3.0,825.0,4.0,,,,,,,,,,,
1321,470,OPP-001364,2050,Cross-Sell,41.1,P3,Monitor,78.0,MEDIUM,"{""target_category"": ""Home Care"", ""territory_category_rank"": 3, ""territory_category_orders_90d"": 825, ""current_category_count_90d"": 4}","Introduce Home Care during the next outlet visit and assess fit, expected demand, and an initial reorder quantity.",9757.64,0.0,4878.82,25.21449781167398,1.5919223032333951,2.0,2.0,Home Care,3.0,825.0,4.0,,,,,,,,,,,
1322,471,OPP-001986,2909,Cross-Sell,41.1,P3,Monitor,78.0,MEDIUM,"{""target_category"": ""Home Care"", ""territory_category_rank"": 3, ""territory_category_orders_90d"": 825, ""current_category_count_90d"": 4}","Introduce Home Care during the next outlet visit and assess fit, expected demand, and an initial reorder quantity.",370.42,846.05,185.21,6.841473002932373,0.2124138405605954,2.0,2.0,Home Care,3.0,825.0,4.0,,,,,,,,,,,
1323,275,OPP-001792,2620,Inactive Outlet,41.02,P3,Monitor,70.0,MEDIUM,"{""revenue_previous_30d"": 3702.39, ""revenue_30d"": 0.0, ""orders_previous_30d"": 3, ""orders_30d"": 0, ""days_since_last_order"": 35}","Prioritize a win-back visit, diagnose the reason for inactivity, and attempt a targeted reorder based on the outlet's prior mix.",0.0,3702.39,0.0,0.0,0.0,0.0,0.0,,,,,3702.39,0.0,,,3.0,0.0,,35.0,,,
1324,276,OPP-000326,522,Inactive Outlet,40.86,P3,Monitor,70.0,MEDIUM,"{""revenue_previous_30d"": 2649.18, ""revenue_30d"": 0.0, ""orders_previous_30d"": 2, ""orders_30d"": 0, ""days_since_last_order"": 50}","Prioritize a win-back visit, diagnose the reason for inactivity, and attempt a targeted reorder based on the outlet's prior mix.",0.0,2649.18,0.0,0.0,0.0,1.0,1.0,,,,,2649.18,0.0,,,2.0,0.0,,50.0,,,
1325,277,OPP-002035,2966,Inactive Outlet,40.83,P3,Monitor,70.0,MEDIUM,"{""revenue_previous_30d"": 3667.33, ""revenue_30d"": 0.0, ""orders_previous_30d"": 2, ""orders_30d"": 0, ""days_since_last_order"": 40}","Prioritize a win-back visit, diagnose the reason for inactivity, and attempt a targeted reorder based on the outlet's prior mix.",0.0,3667.33,0.0,0.0,0.0,0.0,0.0,,,,,3667.33,0.0,,,2.0,0.0,,40.0,,,
1326,468,OPP-001554,2308,Revenue Recovery,40.81,P3,Monitor,60.32,MEDIUM,"{""revenue_previous_30d"": 4956.05, ""revenue_30d"": 950.22, ""revenue_growth_30d"": -0.8083, ""revenue_gap_vs_previous_30d"": 4005.83, ""orders_previous_30d"": 2, ""orders_30d"": 2, ""revenue_index_vs_peer"": 0.75}","Review the outlet's recent order decline, identify the lost SKU/category demand, and schedule a recovery visit with a targeted reorder proposal.",950.2245,4956.05,475.11225,5.52111035254129,0.7503470522276093,2.0,1.0,,,,,4956.05,950.22,-0.8083,4005.83,2.0,2.0,0.75,,,,
1327,469,OPP-000476,754,Revenue Recovery,40.75,P3,Monitor,60.0,MEDIUM,"{""revenue_previous_30d"": 3010.16, ""revenue_30d"": 1306.63, ""revenue_growth_30d"": -0.5659, ""revenue_gap_vs_previous_30d"": 1703.53, ""orders_previous_30d"": 2, ""orders_30d"": 1, ""revenue_index_vs_peer"": 0.213}","Review the outlet's recent order decline, identify the lost SKU/category demand, and schedule a recovery visit with a targeted reorder proposal.",1306.63,3010.16,435.54333333333335,4.003847478547151,0.2131717750474347,3.0,1.0,,,,,3010.16,1306.63,-0.5659,1703.53,2.0,1.0,0.213,,,,
1328,470,OPP-001142,1738,Revenue Recovery,40.72,P3,Monitor,60.0,MEDIUM,"{""revenue_previous_30d"": 21314.7, ""revenue_30d"": 13424.75, ""revenue_growth_30d"": -0.3702, ""revenue_gap_vs_previous_30d"": 7889.95, ""orders_previous_30d"": 3, ""orders_30d"": 3, ""revenue_index_vs_peer"": 0.664}","Review the outlet's recent order decline, identify the lost SKU/category demand, and schedule a recovery visit with a targeted reorder proposal.",13424.75,21314.7,4474.916666666667,22.385499995497803,0.6636575354587578,3.0,3.0,,,,,21314.7,13424.75,-0.3702,7889.95,3.0,3.0,0.664,,,,
1329,278,OPP-001834,2690,Inactive Outlet,40.69,P3,Monitor,70.0,MEDIUM,"{""revenue_previous_30d"": 3353.23, ""revenue_30d"": 0.0, ""orders_previous_30d"": 2, ""orders_30d"": 0, ""days_since_last_order"": 43}","Prioritize a win-back visit, diagnose the reason for inactivity, and attempt a targeted reorder based on the outlet's prior mix.",0.0,3353.23,0.0,0.0,0.0,0.0,0.0,,,,,3353.23,0.0,,,2.0,0.0,,43.0,,,
1330,279,OPP-000825,1265,Inactive Outlet,40.66,P3,Monitor,70.0,MEDIUM,"{""revenue_previous_30d"": 4661.26, ""revenue_30d"": 0.0, ""orders_previous_30d"": 2, ""orders_30d"": 0, ""days_since_last_order"": 33}","Prioritize a win-back visit, diagnose the reason for inactivity, and attempt a targeted reorder based on the outlet's prior mix.",0.0,4661.26,0.0,0.0,0.0,1.0,0.0,,,,,4661.26,0.0,,,2.0,0.0,,33.0,,,
1331,280,OPP-001584,2353,Inactive Outlet,40.61,P3,Monitor,70.0,MEDIUM,"{""revenue_previous_30d"": 2626.6, ""revenue_30d"": 0.0, ""orders_previous_30d"": 2, ""orders_30d"": 0, ""days_since_last_order"": 50}","Prioritize a win-back visit, diagnose the reason for inactivity, and attempt a targeted reorder based on the outlet's prior mix.",0.0,2626.6,0.0,0.0,0.0,0.0,0.0,,,,,2626.6,0.0,,,2.0,0.0,,50.0,,,
1332,471,OPP-000275,440,Revenue Recovery,40.54,P3,Monitor,60.0,MEDIUM,"{""revenue_previous_30d"": 5117.1, ""revenue_30d"": 1822.92, ""revenue_growth_30d"": -0.6438, ""revenue_gap_vs_previous_30d"": 3294.18, ""orders_previous_30d"": 1, ""orders_30d"": 1, ""revenue_index_vs_peer"": 0.406}","Review the outlet's recent order decline, identify the lost SKU/category demand, and schedule a recovery visit with a targeted reorder proposal.",1822.92,5117.1,0.0,4.216031243018265,0.4056973716422228,0.0,0.0,,,,,5117.1,1822.92,-0.6438,3294.18,1.0,1.0,0.406,,,,
1333,281,OPP-000668,1042,Inactive Outlet,40.5,P3,Monitor,70.0,MEDIUM,"{""revenue_previous_30d"": 2907.89, ""revenue_30d"": 0.0, ""orders_previous_30d"": 2, ""orders_30d"": 0, ""days_since_last_order"": 47}","Prioritize a win-back visit, diagnose the reason for inactivity, and attempt a targeted reorder based on the outlet's prior mix.",0.0,2907.8900000000003,0.0,0.0,0.0,1.0,0.0,,,,,2907.89,0.0,,,2.0,0.0,,47.0,,,
1335,282,OPP-001700,2518,Inactive Outlet,40.5,P3,Monitor,70.0,MEDIUM,"{""revenue_previous_30d"": 3256.76, ""revenue_30d"": 0.0, ""orders_previous_30d"": 1, ""orders_30d"": 0, ""days_since_last_order"": 50}","Prioritize a win-back visit, diagnose the reason for inactivity, and attempt a targeted reorder based on the outlet's prior mix.",0.0,3256.76,0.0,0.0,0.0,0.0,0.0,,,,,3256.76,0.0,,,1.0,0.0,,50.0,,,
1334,472,OPP-000925,1426,Revenue Recovery,40.5,P3,Monitor,60.0,MEDIUM,"{""revenue_previous_30d"": 28801.41, ""revenue_30d"": 18913.69, ""revenue_growth_30d"": -0.3433, ""revenue_gap_vs_previous_30d"": 9887.72, ""orders_previous_30d"": 8, ""orders_30d"": 5, ""revenue_index_vs_peer"": 4.209}","Review the outlet's recent order decline, identify the lost SKU/category demand, and schedule a recovery visit with a targeted reorder proposal.",18913.69,28801.41,18913.69,46.52718123413932,4.20930941624196,1.0,1.0,,,,,28801.41,18913.69,-0.3433,9887.72,8.0,5.0,4.209,,,,
1336,473,OPP-000149,247,Revenue Recovery,40.35,P3,Monitor,60.0,MEDIUM,"{""revenue_previous_30d"": 28570.36, ""revenue_30d"": 18324.38, ""revenue_growth_30d"": -0.3586, ""revenue_gap_vs_previous_30d"": 10245.98, ""orders_previous_30d"": 4, ""orders_30d"": 3, ""revenue_index_vs_peer"": 3.789}","Review the outlet's recent order decline, identify the lost SKU/category demand, and schedule a recovery visit with a targeted reorder proposal.",18324.38,28570.36,9162.19,55.10554760979682,3.789473901894284,2.0,1.0,,,,,28570.36,18324.38,-0.3586,10245.98,4.0,3.0,3.789,,,,
1337,283,OPP-000077,127,Inactive Outlet,40.33,P3,Monitor,70.0,MEDIUM,"{""revenue_previous_30d"": 2843.39, ""revenue_30d"": 0.0, ""orders_previous_30d"": 2, ""orders_30d"": 0, ""days_since_last_order"": 48}","Prioritize a win-back visit, diagnose the reason for inactivity, and attempt a targeted reorder based on the outlet's prior mix.",0.0,2843.39,0.0,0.0,0.0,1.0,1.0,,,,,2843.39,0.0,,,2.0,0.0,,48.0,,,
1338,472,OPP-001105,1692,Cross-Sell,40.29,P3,Monitor,94.0,HIGH,"{""target_category"": ""Personal Care"", ""territory_category_rank"": 1, ""territory_category_orders_90d"": 94, ""current_category_count_90d"": 3}","Introduce Personal Care during the next outlet visit and assess fit, expected demand, and an initial reorder quantity.",2316.54,0.0,2316.54,13.653024094091965,1.0,1.0,0.0,Personal Care,1.0,94.0,3.0,,,,,,,,,,,
1339,473,OPP-001150,1750,Cross-Sell,40.29,P3,Monitor,94.0,HIGH,"{""target_category"": ""Personal Care"", ""territory_category_rank"": 1, ""territory_category_orders_90d"": 94, ""current_category_count_90d"": 3}","Introduce Personal Care during the next outlet visit and assess fit, expected demand, and an initial reorder quantity.",367.12,2944.75,367.12,1.8286720758406771,0.158477729717596,1.0,0.0,Personal Care,1.0,94.0,3.0,,,,,,,,,,,
1340,474,OPP-001395,2100,Cross-Sell,40.29,P3,Monitor,94.0,HIGH,"{""target_category"": ""Personal Care"", ""territory_category_rank"": 1, ""territory_category_orders_90d"": 94, ""current_category_count_90d"": 3}","Introduce Personal Care during the next outlet visit and assess fit, expected demand, and an initial reorder quantity.",0.0,0.0,0.0,0.0,0.0,1.0,0.0,Personal Care,1.0,94.0,3.0,,,,,,,,,,,
1341,284,OPP-001772,2591,Inactive Outlet,40.27,P3,Monitor,70.0,MEDIUM,"{""revenue_previous_30d"": 4625.69, ""revenue_30d"": 0.0, ""orders_previous_30d"": 1, ""orders_30d"": 0, ""days_since_last_order"": 39}","Prioritize a win-back visit, diagnose the reason for inactivity, and attempt a targeted reorder based on the outlet's prior mix.",0.0,4625.69,0.0,0.0,0.0,4.0,3.0,,,,,4625.69,0.0,,,1.0,0.0,,39.0,,,
1342,285,OPP-001281,1927,Inactive Outlet,40.24,P3,Monitor,70.0,MEDIUM,"{""revenue_previous_30d"": 2898.68, ""revenue_30d"": 0.0, ""orders_previous_30d"": 1, ""orders_30d"": 0, ""days_since_last_order"": 53}","Prioritize a win-back visit, diagnose the reason for inactivity, and attempt a targeted reorder based on the outlet's prior mix.",0.0,2898.68,0.0,0.0,0.0,4.0,0.0,,,,,2898.68,0.0,,,1.0,0.0,,53.0,,,
1343,286,OPP-001159,1758,Inactive Outlet,40.22,P3,Monitor,70.0,MEDIUM,"{""revenue_previous_30d"": 2300.05, ""revenue_30d"": 0.0, ""orders_previous_30d"": 2, ""orders_30d"": 0, ""days_since_last_order"": 53}","Prioritize a win-back visit, diagnose the reason for inactivity, and attempt a targeted reorder based on the outlet's prior mix.",0.0,2300.05,0.0,0.0,0.0,2.0,1.0,,,,,2300.05,0.0,,,2.0,0.0,,53.0,,,
1344,474,OPP-000579,903,Revenue Recovery,40.21,P3,Monitor,62.12,MEDIUM,"{""revenue_previous_30d"": 4182.12, ""revenue_30d"": 1120.03, ""revenue_growth_30d"": -0.7322, ""revenue_gap_vs_previous_30d"": 3062.09, ""orders_previous_30d"": 2, ""orders_30d"": 1, ""revenue_index_vs_peer"": 0.776}","Review the outlet's recent order decline, identify the lost SKU/category demand, and schedule a recovery visit with a targeted reorder proposal.",1120.03,4182.12,373.3433333333333,6.784544978208262,0.7756279301676557,3.0,2.0,,,,,4182.12,1120.03,-0.7322,3062.09,2.0,1.0,0.776,,,,
1345,475,OPP-000885,1373,Revenue Recovery,40.21,P3,Monitor,60.0,MEDIUM,"{""revenue_previous_30d"": 6387.05, ""revenue_30d"": 2436.15, ""revenue_growth_30d"": -0.6186, ""revenue_gap_vs_previous_30d"": 3950.9, ""orders_previous_30d"": 1, ""orders_30d"": 1, ""revenue_index_vs_peer"": 0.484}","Review the outlet's recent order decline, identify the lost SKU/category demand, and schedule a recovery visit with a targeted reorder proposal.",2436.15,6387.05,2436.15,6.217734408319204,0.4838200363835686,1.0,1.0,,,,,6387.05,2436.15,-0.6186,3950.9,1.0,1.0,0.484,,,,
1346,287,OPP-001575,2339,Inactive Outlet,40.17,P3,Monitor,70.0,MEDIUM,"{""revenue_previous_30d"": 3294.47, ""revenue_30d"": 0.0, ""orders_previous_30d"": 1, ""orders_30d"": 0, ""days_since_last_order"": 49}","Prioritize a win-back visit, diagnose the reason for inactivity, and attempt a targeted reorder based on the outlet's prior mix.",0.0,3294.47,0.0,0.0,0.0,1.0,0.0,,,,,3294.47,0.0,,,1.0,0.0,,49.0,,,
1347,288,OPP-002019,2945,Inactive Outlet,40.16,P3,Monitor,70.0,MEDIUM,"{""revenue_previous_30d"": 4596.62, ""revenue_30d"": 0.0, ""orders_previous_30d"": 2, ""orders_30d"": 0, ""days_since_last_order"": 33}","Prioritize a win-back visit, diagnose the reason for inactivity, and attempt a targeted reorder based on the outlet's prior mix.",0.0,4596.62,0.0,0.0,0.0,4.0,3.0,,,,,4596.62,0.0,,,2.0,0.0,,33.0,,,
1349,477,OPP-001187,1796,Revenue Recovery,40.15,P3,Monitor,67.1,MEDIUM,"{""revenue_previous_30d"": 1608.17, ""revenue_30d"": 516.28, ""revenue_growth_30d"": -0.679, ""revenue_gap_vs_previous_30d"": 1091.89, ""orders_previous_30d"": 3, ""orders_30d"": 1, ""revenue_index_vs_peer"": 0.362}","Review the outlet's recent order decline, identify the lost SKU/category demand, and schedule a recovery visit with a targeted reorder proposal.",516.28,1608.17,258.14,6.296474743015702,0.3616925879220961,2.0,2.0,,,,,1608.17,516.28,-0.679,1091.89,3.0,1.0,0.362,,,,
1348,476,OPP-000820,1259,Revenue Recovery,40.15,P3,Monitor,60.0,MEDIUM,"{""revenue_previous_30d"": 25602.2, ""revenue_30d"": 17773.08, ""revenue_growth_30d"": -0.3058, ""revenue_gap_vs_previous_30d"": 7829.12, ""orders_previous_30d"": 6, ""orders_30d"": 3, ""revenue_index_vs_peer"": 0.828}","Review the outlet's recent order decline, identify the lost SKU/category demand, and schedule a recovery visit with a targeted reorder proposal.",17773.08,25602.2,1615.7345454545457,28.611236810243785,0.8275522968279324,11.0,7.0,,,,,25602.2,17773.08,-0.3058,7829.12,6.0,3.0,0.828,,,,
1350,478,OPP-000243,394,Revenue Recovery,40.04,P3,Monitor,60.0,MEDIUM,"{""revenue_previous_30d"": 5217.03, ""revenue_30d"": 894.33, ""revenue_growth_30d"": -0.8286, ""revenue_gap_vs_previous_30d"": 4322.7, ""orders_previous_30d"": 2, ""orders_30d"": 2, ""revenue_index_vs_peer"": 0.895}","Review the outlet's recent order decline, identify the lost SKU/category demand, and schedule a recovery visit with a targeted reorder proposal.",894.3300000000002,5217.03,894.3300000000002,4.221719956835389,0.8946699745903445,1.0,1.0,,,,,5217.03,894.33,-0.8286,4322.7,2.0,2.0,0.895,,,,
1351,479,OPP-001839,2697,Revenue Recovery,40.03,P3,Monitor,60.0,MEDIUM,"{""revenue_previous_30d"": 18747.72, ""revenue_30d"": 12117.64, ""revenue_growth_30d"": -0.3536, ""revenue_gap_vs_previous_30d"": 6630.08, ""orders_previous_30d"": 6, ""orders_30d"": 3, ""revenue_index_vs_peer"": 0.795}","Review the outlet's recent order decline, identify the lost SKU/category demand, and schedule a recovery visit with a targeted reorder proposal.",12117.64,18747.72,12117.64,16.400050779681955,0.7953148668835176,1.0,0.0,,,,,18747.72,12117.64,-0.3536,6630.08,6.0,3.0,0.795,,,,
1352,475,OPP-000045,74,Cross-Sell,39.95,P3,Monitor,71.0,MEDIUM,"{""target_category"": ""Personal Care"", ""territory_category_rank"": 4, ""territory_category_orders_90d"": 932, ""current_category_count_90d"": 4}","Introduce Personal Care during the next outlet visit and assess fit, expected demand, and an initial reorder quantity.",3505.38,5851.32,0.0,21.209083159030307,2.403332076377224,0.0,0.0,Personal Care,4.0,932.0,4.0,,,,,,,,,,,
1353,476,OPP-000148,245,Cross-Sell,39.95,P3,Monitor,71.0,MEDIUM,"{""target_category"": ""Personal Care"", ""territory_category_rank"": 4, ""territory_category_orders_90d"": 932, ""current_category_count_90d"": 4}","Introduce Personal Care during the next outlet visit and assess fit, expected demand, and an initial reorder quantity.",2529.34,0.0,632.335,13.50770113168532,1.7341469267423126,4.0,2.0,Personal Care,4.0,932.0,4.0,,,,,,,,,,,
1354,477,OPP-000238,387,Cross-Sell,39.95,P3,Monitor,71.0,MEDIUM,"{""target_category"": ""Personal Care"", ""territory_category_rank"": 4, ""territory_category_orders_90d"": 932, ""current_category_count_90d"": 4}","Introduce Personal Care during the next outlet visit and assess fit, expected demand, and an initial reorder quantity.",0.0,0.0,0.0,0.0,0.0,2.0,2.0,Personal Care,4.0,932.0,4.0,,,,,,,,,,,
1355,478,OPP-000943,1458,Cross-Sell,39.95,P3,Monitor,71.0,MEDIUM,"{""target_category"": ""Personal Care"", ""territory_category_rank"": 4, ""territory_category_orders_90d"": 932, ""current_category_count_90d"": 4}","Introduce Personal Care during the next outlet visit and assess fit, expected demand, and an initial reorder quantity.",6430.08,11814.42,1286.016,14.993092304302358,1.47158929666688,5.0,3.0,Personal Care,4.0,932.0,4.0,,,,,,,,,,,
1356,479,OPP-000977,1512,Cross-Sell,39.95,P3,Monitor,71.0,MEDIUM,"{""target_category"": ""Personal Care"", ""territory_category_rank"": 4, ""territory_category_orders_90d"": 932, ""current_category_count_90d"": 4}","Introduce Personal Care during the next outlet visit and assess fit, expected demand, and an initial reorder quantity.",0.0,1943.3,0.0,0.0,0.0,2.0,0.0,Personal Care,4.0,932.0,4.0,,,,,,,,,,,
1357,480,OPP-001252,1881,Cross-Sell,39.95,P3,Monitor,71.0,MEDIUM,"{""target_category"": ""Personal Care"", ""territory_category_rank"": 4, ""territory_category_orders_90d"": 932, ""current_category_count_90d"": 4}","Introduce Personal Care during the next outlet visit and assess fit, expected demand, and an initial reorder quantity.",3296.95,0.0,3296.95,17.53113059162215,2.2604298789894077,1.0,1.0,Personal Care,4.0,932.0,4.0,,,,,,,,,,,
1358,481,OPP-001451,2171,Cross-Sell,39.95,P3,Monitor,71.0,MEDIUM,"{""target_category"": ""Personal Care"", ""territory_category_rank"": 4, ""territory_category_orders_90d"": 932, ""current_category_count_90d"": 4}","Introduce Personal Care during the next outlet visit and assess fit, expected demand, and an initial reorder quantity.",0.0,5827.91,0.0,0.0,0.0,3.0,3.0,Personal Care,4.0,932.0,4.0,,,,,,,,,,,
1359,482,OPP-001668,2467,Cross-Sell,39.95,P3,Monitor,71.0,MEDIUM,"{""target_category"": ""Personal Care"", ""territory_category_rank"": 4, ""territory_category_orders_90d"": 932, ""current_category_count_90d"": 4}","Introduce Personal Care during the next outlet visit and assess fit, expected demand, and an initial reorder quantity.",5646.81,2320.15,0.0,13.67107123843446,1.2923299797687595,0.0,0.0,Personal Care,4.0,932.0,4.0,,,,,,,,,,,
1360,483,OPP-001725,2546,Cross-Sell,39.95,P3,Monitor,71.0,MEDIUM,"{""target_category"": ""Personal Care"", ""territory_category_rank"": 4, ""territory_category_orders_90d"": 932, ""current_category_count_90d"": 4}","Introduce Personal Care during the next outlet visit and assess fit, expected demand, and an initial reorder quantity.",3062.12,16598.579999999998,3062.12,8.383281074485351,0.7007973488836199,1.0,1.0,Personal Care,4.0,932.0,4.0,,,,,,,,,,,
1361,484,OPP-001957,2861,Cross-Sell,39.95,P3,Monitor,71.0,MEDIUM,"{""target_category"": ""Personal Care"", ""territory_category_rank"": 4, ""territory_category_orders_90d"": 932, ""current_category_count_90d"": 4}","Introduce Personal Care during the next outlet visit and assess fit, expected demand, and an initial reorder quantity.",719.8,0.0,359.9,3.352043242196068,0.4935038222892599,2.0,2.0,Personal Care,4.0,932.0,4.0,,,,,,,,,,,
1362,289,OPP-000029,48,Inactive Outlet,39.92,P3,Monitor,70.0,MEDIUM,"{""revenue_previous_30d"": 5124.0, ""revenue_30d"": 0.0, ""orders_previous_30d"": 2, ""orders_30d"": 0, ""days_since_last_order"": 30}","Prioritize a win-back visit, diagnose the reason for inactivity, and attempt a targeted reorder based on the outlet's prior mix.",0.0,5124.0,0.0,15.37495193316757,0.0,0.0,0.0,,,,,5124.0,0.0,,,2.0,0.0,,30.0,,,
1363,485,OPP-000127,214,Cross-Sell,39.91,P3,Monitor,89.0,HIGH,"{""target_category"": ""Beverages"", ""territory_category_rank"": 2, ""territory_category_orders_90d"": 398, ""current_category_count_90d"": 2}","Introduce Beverages during the next outlet visit and assess fit, expected demand, and an initial reorder quantity.",0.0,1080.88,0.0,0.0,0.0,0.0,0.0,Beverages,2.0,398.0,2.0,,,,,,,,,,,
1364,486,OPP-000224,370,Cross-Sell,39.91,P3,Monitor,89.0,HIGH,"{""target_category"": ""Beverages"", ""territory_category_rank"": 2, ""territory_category_orders_90d"": 398, ""current_category_count_90d"": 2}","Introduce Beverages during the next outlet visit and assess fit, expected demand, and an initial reorder quantity.",0.0,1687.23,0.0,0.0,0.0,2.0,1.0,Beverages,2.0,398.0,2.0,,,,,,,,,,,
1365,487,OPP-000891,1384,Cross-Sell,39.91,P3,Monitor,89.0,HIGH,"{""target_category"": ""Beverages"", ""territory_category_rank"": 2, ""territory_category_orders_90d"": 398, ""current_category_count_90d"": 2}","Introduce Beverages during the next outlet visit and assess fit, expected demand, and an initial reorder quantity.",0.0,0.0,0.0,0.0,0.0,2.0,1.0,Beverages,2.0,398.0,2.0,,,,,,,,,,,
1366,480,OPP-001999,2926,Revenue Recovery,39.9,P3,Monitor,60.0,MEDIUM,"{""revenue_previous_30d"": 8405.09, ""revenue_30d"": 3847.93, ""revenue_growth_30d"": -0.5422, ""revenue_gap_vs_previous_30d"": 4557.16, ""orders_previous_30d"": 3, ""orders_30d"": 2, ""revenue_index_vs_peer"": 0.68}","Review the outlet's recent order decline, identify the lost SKU/category demand, and schedule a recovery visit with a targeted reorder proposal.",3847.93,8405.09,769.586,10.681650489371734,0.6802922056683798,5.0,2.0,,,,,8405.09,3847.93,-0.5422,4557.16,3.0,2.0,0.68,,,,
1367,290,OPP-001620,2398,Inactive Outlet,39.84,P3,Monitor,70.0,MEDIUM,"{""revenue_previous_30d"": 3101.07, ""revenue_30d"": 0.0, ""orders_previous_30d"": 2, ""orders_30d"": 0, ""days_since_last_order"": 45}","Prioritize a win-back visit, diagnose the reason for inactivity, and attempt a targeted reorder based on the outlet's prior mix.",0.0,3101.07,0.0,0.0,0.0,1.0,1.0,,,,,3101.07,0.0,,,2.0,0.0,,45.0,,,
1368,291,OPP-000780,1204,Inactive Outlet,39.8,P3,Monitor,70.0,MEDIUM,"{""revenue_previous_30d"": 5123.89, ""revenue_30d"": 0.0, ""orders_previous_30d"": 2, ""orders_30d"": 0, ""days_since_last_order"": 30}","Prioritize a win-back visit, diagnose the reason for inactivity, and attempt a targeted reorder based on the outlet's prior mix.",0.0,5123.89,0.0,24.10538179768949,0.0,0.0,0.0,,,,,5123.89,0.0,,,2.0,0.0,,30.0,,,
1369,481,OPP-000422,663,Revenue Recovery,39.74,P3,Monitor,60.0,MEDIUM,"{""revenue_previous_30d"": 8020.96, ""revenue_30d"": 3669.5, ""revenue_growth_30d"": -0.5425, ""revenue_gap_vs_previous_30d"": 4351.46, ""orders_previous_30d"": 3, ""orders_30d"": 1, ""revenue_index_vs_peer"": 0.817}","Review the outlet's recent order decline, identify the lost SKU/category demand, and schedule a recovery visit with a targeted reorder proposal.",3669.5,8020.959999999999,3669.5,22.748699373115706,0.8166603609819063,1.0,1.0,,,,,8020.96,3669.5,-0.5425,4351.46,3.0,1.0,0.817,,,,
1370,292,OPP-001401,2107,Inactive Outlet,39.67,P3,Monitor,70.0,MEDIUM,"{""revenue_previous_30d"": 5111.82, ""revenue_30d"": 0.0, ""orders_previous_30d"": 2, ""orders_30d"": 0, ""days_since_last_order"": 30}","Prioritize a win-back visit, diagnose the reason for inactivity, and attempt a targeted reorder based on the outlet's prior mix.",0.0,5111.82,0.0,15.563251336068015,0.0,0.0,0.0,,,,,5111.82,0.0,,,2.0,0.0,,30.0,,,
1371,482,OPP-001059,1622,Revenue Recovery,39.64,P3,Monitor,60.0,MEDIUM,"{""revenue_previous_30d"": 12705.11, ""revenue_30d"": 5985.78, ""revenue_growth_30d"": -0.5289, ""revenue_gap_vs_previous_30d"": 6719.33, ""orders_previous_30d"": 3, ""orders_30d"": 2, ""revenue_index_vs_peer"": 1.305}","Review the outlet's recent order decline, identify the lost SKU/category demand, and schedule a recovery visit with a targeted reorder proposal.",5985.78,12705.11,5985.78,18.51552379267295,1.304951520337477,1.0,1.0,,,,,12705.11,5985.78,-0.5289,6719.33,3.0,2.0,1.305,,,,
1372,483,OPP-000168,266,Revenue Recovery,39.56,P3,Monitor,60.0,MEDIUM,"{""revenue_previous_30d"": 18387.96, ""revenue_30d"": 9532.04, ""revenue_growth_30d"": -0.4816, ""revenue_gap_vs_previous_30d"": 8855.92, ""orders_previous_30d"": 4, ""orders_30d"": 4, ""revenue_index_vs_peer"": 1.555}","Review the outlet's recent order decline, identify the lost SKU/category demand, and schedule a recovery visit with a targeted reorder proposal.",9532.04,18387.96,3177.346666666667,28.83942961583996,1.555116510889196,3.0,3.0,,,,,18387.96,9532.04,-0.4816,8855.92,4.0,4.0,1.555,,,,
1374,488,OPP-000104,178,Cross-Sell,39.5,P3,Monitor,78.0,MEDIUM,"{""target_category"": ""Beverages"", ""territory_category_rank"": 3, ""territory_category_orders_90d"": 806, ""current_category_count_90d"": 4}","Introduce Beverages during the next outlet visit and assess fit, expected demand, and an initial reorder quantity.",0.0,1238.98,0.0,0.0,0.0,2.0,0.0,Beverages,3.0,806.0,4.0,,,,,,,,,,,
1375,489,OPP-000442,698,Cross-Sell,39.5,P3,Monitor,78.0,MEDIUM,"{""target_category"": ""Beverages"", ""territory_category_rank"": 3, ""territory_category_orders_90d"": 806, ""current_category_count_90d"": 4}","Introduce Beverages during the next outlet visit and assess fit, expected demand, and an initial reorder quantity.",5302.31,4417.56,2651.155,15.699137782228204,1.0965154272479112,2.0,2.0,Beverages,3.0,806.0,4.0,,,,,,,,,,,
1377,490,OPP-001084,1659,Cross-Sell,39.5,P3,Monitor,78.0,MEDIUM,"{""target_category"": ""Beverages"", ""territory_category_rank"": 3, ""territory_category_orders_90d"": 806, ""current_category_count_90d"": 4}","Introduce Beverages during the next outlet visit and assess fit, expected demand, and an initial reorder quantity.",5204.94,0.0,1301.235,13.847075971973512,1.0763793531309451,4.0,3.0,Beverages,3.0,806.0,4.0,,,,,,,,,,,
1378,491,OPP-001474,2196,Cross-Sell,39.5,P3,Monitor,78.0,MEDIUM,"{""target_category"": ""Beverages"", ""territory_category_rank"": 3, ""territory_category_orders_90d"": 806, ""current_category_count_90d"": 4}","Introduce Beverages during the next outlet visit and assess fit, expected demand, and an initial reorder quantity.",0.0,5509.17,0.0,0.0,0.0,4.0,2.0,Beverages,3.0,806.0,4.0,,,,,,,,,,,
1379,492,OPP-001536,2284,Cross-Sell,39.5,P3,Monitor,78.0,MEDIUM,"{""target_category"": ""Beverages"", ""territory_category_rank"": 3, ""territory_category_orders_90d"": 806, ""current_category_count_90d"": 4}","Introduce Beverages during the next outlet visit and assess fit, expected demand, and an initial reorder quantity.",10817.4,3612.38,3605.8,16.17627464764406,0.5640435898792933,3.0,2.0,Beverages,3.0,806.0,4.0,,,,,,,,,,,
1373,293,OPP-000013,18,Inactive Outlet,39.5,P3,Monitor,70.0,MEDIUM,"{""revenue_previous_30d"": 4927.22, ""revenue_30d"": 0.0, ""orders_previous_30d"": 2, ""orders_30d"": 0, ""days_since_last_order"": 31}","Prioritize a win-back visit, diagnose the reason for inactivity, and attempt a targeted reorder based on the outlet's prior mix.",0.0,4927.22,0.0,0.0,0.0,1.0,0.0,,,,,4927.22,0.0,,,2.0,0.0,,31.0,,,
1376,294,OPP-000700,1089,Inactive Outlet,39.5,P3,Monitor,70.0,MEDIUM,"{""revenue_previous_30d"": 3159.45, ""revenue_30d"": 0.0, ""orders_previous_30d"": 1, ""orders_30d"": 0, ""days_since_last_order"": 50}","Prioritize a win-back visit, diagnose the reason for inactivity, and attempt a targeted reorder based on the outlet's prior mix.",0.0,3159.45,0.0,0.0,0.0,3.0,0.0,,,,,3159.45,0.0,,,1.0,0.0,,50.0,,,
1380,295,OPP-001282,1928,Inactive Outlet,39.47,P3,Monitor,70.0,MEDIUM,"{""revenue_previous_30d"": 3865.5, ""revenue_30d"": 0.0, ""orders_previous_30d"": 2, ""orders_30d"": 0, ""days_since_last_order"": 37}","Prioritize a win-back visit, diagnose the reason for inactivity, and attempt a targeted reorder based on the outlet's prior mix.",0.0,3865.5,0.0,0.0,0.0,1.0,0.0,,,,,3865.5,0.0,,,2.0,0.0,,37.0,,,
1381,296,OPP-000679,1060,Inactive Outlet,39.45,P3,Monitor,70.0,MEDIUM,"{""revenue_previous_30d"": 3875.87, ""revenue_30d"": 0.0, ""orders_previous_30d"": 1, ""orders_30d"": 0, ""days_since_last_order"": 43}","Prioritize a win-back visit, diagnose the reason for inactivity, and attempt a targeted reorder based on the outlet's prior mix.",0.0,3875.87,0.0,0.0,0.0,1.0,0.0,,,,,3875.87,0.0,,,1.0,0.0,,43.0,,,
1382,484,OPP-001054,1615,Revenue Recovery,39.43,P3,Monitor,60.0,MEDIUM,"{""revenue_previous_30d"": 6854.12, ""revenue_30d"": 2230.63, ""revenue_growth_30d"": -0.6746, ""revenue_gap_vs_previous_30d"": 4623.49, ""orders_previous_30d"": 2, ""orders_30d"": 1, ""revenue_index_vs_peer"": 1.655}","Review the outlet's recent order decline, identify the lost SKU/category demand, and schedule a recovery visit with a targeted reorder proposal.",2230.63,6854.12,2230.63,11.108527046852792,1.6545859140303378,1.0,1.0,,,,,6854.12,2230.63,-0.6746,4623.49,2.0,1.0,1.655,,,,
1384,297,OPP-001979,2901,Inactive Outlet,39.4,P3,Monitor,70.0,MEDIUM,"{""revenue_previous_30d"": 3371.59, ""revenue_30d"": 0.0, ""orders_previous_30d"": 2, ""orders_30d"": 0, ""days_since_last_order"": 41}","Prioritize a win-back visit, diagnose the reason for inactivity, and attempt a targeted reorder based on the outlet's prior mix.",0.0,3371.59,0.0,0.0,0.0,0.0,0.0,,,,,3371.59,0.0,,,2.0,0.0,,41.0,,,
1383,485,OPP-000555,874,Revenue Recovery,39.4,P3,Monitor,60.0,MEDIUM,"{""revenue_previous_30d"": 6066.72, ""revenue_30d"": 2012.66, ""revenue_growth_30d"": -0.6682, ""revenue_gap_vs_previous_30d"": 4054.06, ""orders_previous_30d"": 4, ""orders_30d"": 1, ""revenue_index_vs_peer"": 1.493}","Review the outlet's recent order decline, identify the lost SKU/category demand, and schedule a recovery visit with a targeted reorder proposal.",2012.66,6066.72,2012.66,12.335067970780624,1.492905092163335,1.0,0.0,,,,,6066.72,2012.66,-0.6682,4054.06,4.0,1.0,1.493,,,,
1385,486,OPP-001480,2202,Revenue Recovery,39.36,P3,Monitor,63.8,MEDIUM,"{""revenue_previous_30d"": 2727.24, ""revenue_30d"": 793.3, ""revenue_growth_30d"": -0.7091, ""revenue_gap_vs_previous_30d"": 1933.94, ""orders_previous_30d"": 2, ""orders_30d"": 1, ""revenue_index_vs_peer"": 0.556}","Review the outlet's recent order decline, identify the lost SKU/category demand, and schedule a recovery visit with a targeted reorder proposal.",793.3,2727.24,264.43333333333334,4.190764575492928,0.5557657278968754,3.0,1.0,,,,,2727.24,793.3,-0.7091,1933.94,2.0,1.0,0.556,,,,
1386,298,OPP-001702,2520,Inactive Outlet,39.31,P3,Monitor,70.0,MEDIUM,"{""revenue_previous_30d"": 3467.08, ""revenue_30d"": 0.0, ""orders_previous_30d"": 1, ""orders_30d"": 0, ""days_since_last_order"": 46}","Prioritize a win-back visit, diagnose the reason for inactivity, and attempt a targeted reorder based on the outlet's prior mix.",0.0,3467.08,0.0,0.0,0.0,1.0,0.0,,,,,3467.08,0.0,,,1.0,0.0,,46.0,,,
1387,299,OPP-001917,2801,Inactive Outlet,39.29,P3,Monitor,70.0,MEDIUM,"{""revenue_previous_30d"": 2541.06, ""revenue_30d"": 0.0, ""orders_previous_30d"": 3, ""orders_30d"": 0, ""days_since_last_order"": 45}","Prioritize a win-back visit, diagnose the reason for inactivity, and attempt a targeted reorder based on the outlet's prior mix.",0.0,2541.06,0.0,0.0,0.0,0.0,0.0,,,,,2541.06,0.0,,,3.0,0.0,,45.0,,,
1388,300,OPP-001337,2012,Inactive Outlet,39.26,P3,Monitor,70.0,MEDIUM,"{""revenue_previous_30d"": 3958.49, ""revenue_30d"": 0.0, ""orders_previous_30d"": 2, ""orders_30d"": 0, ""days_since_last_order"": 36}","Prioritize a win-back visit, diagnose the reason for inactivity, and attempt a targeted reorder based on the outlet's prior mix.",0.0,3958.49,0.0,0.0,0.0,5.0,3.0,,,,,3958.49,0.0,,,2.0,0.0,,36.0,,,
1389,301,OPP-000939,1451,Inactive Outlet,39.25,P3,Monitor,70.0,MEDIUM,"{""revenue_previous_30d"": 2794.72, ""revenue_30d"": 0.0, ""orders_previous_30d"": 2, ""orders_30d"": 0, ""days_since_last_order"": 47}","Prioritize a win-back visit, diagnose the reason for inactivity, and attempt a targeted reorder based on the outlet's prior mix.",0.0,2794.7200000000003,0.0,0.0,0.0,3.0,1.0,,,,,2794.72,0.0,,,2.0,0.0,,47.0,,,
1390,302,OPP-000990,1525,Inactive Outlet,39.23,P3,Monitor,70.0,MEDIUM,"{""revenue_previous_30d"": 3280.68, ""revenue_30d"": 0.0, ""orders_previous_30d"": 2, ""orders_30d"": 0, ""days_since_last_order"": 42}","Prioritize a win-back visit, diagnose the reason for inactivity, and attempt a targeted reorder based on the outlet's prior mix.",0.0,3280.6800000000003,0.0,0.0,0.0,5.0,4.0,,,,,3280.68,0.0,,,2.0,0.0,,42.0,,,
1391,487,OPP-000762,1179,Revenue Recovery,39.18,P3,Monitor,60.0,MEDIUM,"{""revenue_previous_30d"": 16516.15, ""revenue_30d"": 9659.95, ""revenue_growth_30d"": -0.4151, ""revenue_gap_vs_previous_30d"": 6856.2, ""orders_previous_30d"": 5, ""orders_30d"": 2, ""revenue_index_vs_peer"": 2.15}","Review the outlet's recent order decline, identify the lost SKU/category demand, and schedule a recovery visit with a targeted reorder proposal.",9659.95,16516.15,9659.95,29.19096489632319,2.1498564529410458,1.0,1.0,,,,,16516.15,9659.95,-0.4151,6856.2,5.0,2.0,2.15,,,,
1392,488,OPP-002060,3000,Revenue Recovery,39.16,P3,Monitor,61.56,MEDIUM,"{""revenue_previous_30d"": 3972.03, ""revenue_30d"": 1099.83, ""revenue_growth_30d"": -0.7231, ""revenue_gap_vs_previous_30d"": 2872.2, ""orders_previous_30d"": 2, ""orders_30d"": 1, ""revenue_index_vs_peer"": 0.771}","Review the outlet's recent order decline, identify the lost SKU/category demand, and schedule a recovery visit with a targeted reorder proposal.",1099.83,3972.03,0.0,6.786267407923882,0.7705128205128204,0.0,0.0,,,,,3972.03,1099.83,-0.7231,2872.2,2.0,1.0,0.771,,,,
1393,489,OPP-001970,2881,Revenue Recovery,39.12,P3,Monitor,60.0,MEDIUM,"{""revenue_previous_30d"": 7140.7, ""revenue_30d"": 3132.62, ""revenue_growth_30d"": -0.5613, ""revenue_gap_vs_previous_30d"": 4008.08, ""orders_previous_30d"": 2, ""orders_30d"": 1, ""revenue_index_vs_peer"": 0.717}","Review the outlet's recent order decline, identify the lost SKU/category demand, and schedule a recovery visit with a targeted reorder proposal.",3132.62,7140.7,0.0,8.013367293872497,0.7169319919075038,0.0,0.0,,,,,7140.7,3132.62,-0.5613,4008.08,2.0,1.0,0.717,,,,
1394,303,OPP-001113,1702,Inactive Outlet,39.09,P3,Monitor,70.0,MEDIUM,"{""revenue_previous_30d"": 3798.21, ""revenue_30d"": 0.0, ""orders_previous_30d"": 2, ""orders_30d"": 0, ""days_since_last_order"": 37}","Prioritize a win-back visit, diagnose the reason for inactivity, and attempt a targeted reorder based on the outlet's prior mix.",0.0,3798.21,0.0,0.0,0.0,2.0,0.0,,,,,3798.21,0.0,,,2.0,0.0,,37.0,,,
1395,490,OPP-000377,600,Revenue Recovery,39.05,P3,Monitor,60.0,MEDIUM,"{""revenue_previous_30d"": 3626.34, ""revenue_30d"": 1314.77, ""revenue_growth_30d"": -0.6374, ""revenue_gap_vs_previous_30d"": 2311.57, ""orders_previous_30d"": 1, ""orders_30d"": 2, ""revenue_index_vs_peer"": 0.287}","Review the outlet's recent order decline, identify the lost SKU/category demand, and schedule a recovery visit with a targeted reorder proposal.",1314.77,3626.34,657.385,3.2468138615543567,0.2866311675995617,2.0,2.0,,,,,3626.34,1314.77,-0.6374,2311.57,1.0,2.0,0.287,,,,
1396,491,OPP-001750,2572,Revenue Recovery,39.02,P3,Monitor,60.0,MEDIUM,"{""revenue_previous_30d"": 29329.16, ""revenue_30d"": 20504.7, ""revenue_growth_30d"": -0.3009, ""revenue_gap_vs_previous_30d"": 8824.46, ""orders_previous_30d"": 6, ""orders_30d"": 3, ""revenue_index_vs_peer"": 1.0}","Review the outlet's recent order decline, identify the lost SKU/category demand, and schedule a recovery visit with a targeted reorder proposal.",20504.7,29329.16,0.0,33.41632262534075,1.0,0.0,0.0,,,,,29329.16,20504.7,-0.3009,8824.46,6.0,3.0,1.0,,,,
1397,493,OPP-000010,15,Cross-Sell,39.01,P3,Monitor,64.0,MEDIUM,"{""target_category"": ""Confectionery"", ""territory_category_rank"": 5, ""territory_category_orders_90d"": 1542, ""current_category_count_90d"": 4}","Introduce Confectionery during the next outlet visit and assess fit, expected demand, and an initial reorder quantity.",5373.78,8112.650000000001,1791.26,9.319784002475204,0.2502145931739465,3.0,2.0,Confectionery,5.0,1542.0,4.0,,,,,,,,,,,
1398,494,OPP-000089,149,Cross-Sell,39.01,P3,Monitor,64.0,MEDIUM,"{""target_category"": ""Confectionery"", ""territory_category_rank"": 5, ""territory_category_orders_90d"": 1542, ""current_category_count_90d"": 4}","Introduce Confectionery during the next outlet visit and assess fit, expected demand, and an initial reorder quantity.",0.0,0.0,0.0,0.0,0.0,0.0,0.0,Confectionery,5.0,1542.0,4.0,,,,,,,,,,,
1399,495,OPP-000142,239,Cross-Sell,39.01,P3,Monitor,64.0,MEDIUM,"{""target_category"": ""Confectionery"", ""territory_category_rank"": 5, ""territory_category_orders_90d"": 1542, ""current_category_count_90d"": 4}","Introduce Confectionery during the next outlet visit and assess fit, expected demand, and an initial reorder quantity.",1525.54,0.0,1525.54,8.483795568966638,1.1315803137633051,1.0,0.0,Confectionery,5.0,1542.0,4.0,,,,,,,,,,,
1400,496,OPP-000202,333,Cross-Sell,39.01,P3,Monitor,64.0,MEDIUM,"{""target_category"": ""Confectionery"", ""territory_category_rank"": 5, ""territory_category_orders_90d"": 1542, ""current_category_count_90d"": 4}","Introduce Confectionery during the next outlet visit and assess fit, expected demand, and an initial reorder quantity.",3240.3,2060.56,0.0,20.061715018765877,2.403515929236361,0.0,0.0,Confectionery,5.0,1542.0,4.0,,,,,,,,,,,
1401,497,OPP-000295,470,Cross-Sell,39.01,P3,Monitor,64.0,MEDIUM,"{""target_category"": ""Confectionery"", ""territory_category_rank"": 5, ""territory_category_orders_90d"": 1542, ""current_category_count_90d"": 4}","Introduce Confectionery during the next outlet visit and assess fit, expected demand, and an initial reorder quantity.",10459.26,0.0,10459.26,28.482947011706887,1.8491378624504755,1.0,0.0,Confectionery,5.0,1542.0,4.0,,,,,,,,,,,
1402,498,OPP-000515,812,Cross-Sell,39.01,P3,Monitor,64.0,MEDIUM,"{""target_category"": ""Confectionery"", ""territory_category_rank"": 5, ""territory_category_orders_90d"": 1542, ""current_category_count_90d"": 4}","Introduce Confectionery during the next outlet visit and assess fit, expected demand, and an initial reorder quantity.",10374.82,359.37,5187.41,27.74195549551602,1.834209349237751,2.0,1.0,Confectionery,5.0,1542.0,4.0,,,,,,,,,,,
1403,499,OPP-000614,954,Cross-Sell,39.01,P3,Monitor,64.0,MEDIUM,"{""target_category"": ""Confectionery"", ""territory_category_rank"": 5, ""territory_category_orders_90d"": 1542, ""current_category_count_90d"": 4}","Introduce Confectionery during the next outlet visit and assess fit, expected demand, and an initial reorder quantity.",1429.99,1027.57,476.66333333333336,7.128653148718205,1.060705411118941,3.0,1.0,Confectionery,5.0,1542.0,4.0,,,,,,,,,,,
1404,500,OPP-000779,1204,Cross-Sell,39.01,P3,Monitor,64.0,MEDIUM,"{""target_category"": ""Confectionery"", ""territory_category_rank"": 5, ""territory_category_orders_90d"": 1542, ""current_category_count_90d"": 4}","Introduce Confectionery during the next outlet visit and assess fit, expected demand, and an initial reorder quantity.",0.0,5123.89,0.0,24.10538179768949,0.0,0.0,0.0,Confectionery,5.0,1542.0,4.0,,,,,,,,,,,
1405,501,OPP-000809,1245,Cross-Sell,39.01,P3,Monitor,64.0,MEDIUM,"{""target_category"": ""Confectionery"", ""territory_category_rank"": 5, ""territory_category_orders_90d"": 1542, ""current_category_count_90d"": 4}","Introduce Confectionery during the next outlet visit and assess fit, expected demand, and an initial reorder quantity.",4105.85,1051.84,0.0,23.692507792961692,3.045543893483663,0.0,0.0,Confectionery,5.0,1542.0,4.0,,,,,,,,,,,
1406,502,OPP-000849,1311,Cross-Sell,39.01,P3,Monitor,64.0,MEDIUM,"{""target_category"": ""Confectionery"", ""territory_category_rank"": 5, ""territory_category_orders_90d"": 1542, ""current_category_count_90d"": 4}","Introduce Confectionery during the next outlet visit and assess fit, expected demand, and an initial reorder quantity.",0.0,5683.389999999999,0.0,0.0,0.0,0.0,0.0,Confectionery,5.0,1542.0,4.0,,,,,,,,,,,
1407,503,OPP-000956,1479,Cross-Sell,39.01,P3,Monitor,64.0,MEDIUM,"{""target_category"": ""Confectionery"", ""territory_category_rank"": 5, ""territory_category_orders_90d"": 1542, ""current_category_count_90d"": 4}","Introduce Confectionery during the next outlet visit and assess fit, expected demand, and an initial reorder quantity.",4896.27,971.21,2448.135,23.62899314478475,3.63184363757742,2.0,1.0,Confectionery,5.0,1542.0,4.0,,,,,,,,,,,
1408,504,OPP-001198,1811,Cross-Sell,39.01,P3,Monitor,64.0,MEDIUM,"{""target_category"": ""Confectionery"", ""territory_category_rank"": 5, ""territory_category_orders_90d"": 1542, ""current_category_count_90d"": 4}","Introduce Confectionery during the next outlet visit and assess fit, expected demand, and an initial reorder quantity.",0.0,2616.84,0.0,0.0,0.0,3.0,2.0,Confectionery,5.0,1542.0,4.0,,,,,,,,,,,
1409,505,OPP-001214,1836,Cross-Sell,39.01,P3,Monitor,64.0,MEDIUM,"{""target_category"": ""Confectionery"", ""territory_category_rank"": 5, ""territory_category_orders_90d"": 1542, ""current_category_count_90d"": 4}","Introduce Confectionery during the next outlet visit and assess fit, expected demand, and an initial reorder quantity.",0.0,3444.8,0.0,0.0,0.0,1.0,0.0,Confectionery,5.0,1542.0,4.0,,,,,,,,,,,
1410,506,OPP-001410,2119,Cross-Sell,39.01,P3,Monitor,64.0,MEDIUM,"{""target_category"": ""Confectionery"", ""territory_category_rank"": 5, ""territory_category_orders_90d"": 1542, ""current_category_count_90d"": 4}","Introduce Confectionery during the next outlet visit and assess fit, expected demand, and an initial reorder quantity.",6214.26,0.0,0.0,14.663750714397295,1.0986459322276614,0.0,0.0,Confectionery,5.0,1542.0,4.0,,,,,,,,,,,
1411,507,OPP-001513,2255,Cross-Sell,39.01,P3,Monitor,64.0,MEDIUM,"{""target_category"": ""Confectionery"", ""territory_category_rank"": 5, ""territory_category_orders_90d"": 1542, ""current_category_count_90d"": 4}","Introduce Confectionery during the next outlet visit and assess fit, expected demand, and an initial reorder quantity.",948.84,5078.13,316.28000000000003,2.296478123627992,0.1677495319370117,3.0,3.0,Confectionery,5.0,1542.0,4.0,,,,,,,,,,,
1412,508,OPP-001531,2277,Cross-Sell,39.01,P3,Monitor,64.0,MEDIUM,"{""target_category"": ""Confectionery"", ""territory_category_rank"": 5, ""territory_category_orders_90d"": 1542, ""current_category_count_90d"": 4}","Introduce Confectionery during the next outlet visit and assess fit, expected demand, and an initial reorder quantity.",0.0,1033.32,0.0,0.0,0.0,1.0,1.0,Confectionery,5.0,1542.0,4.0,,,,,,,,,,,
1413,509,OPP-001603,2379,Cross-Sell,39.01,P3,Monitor,64.0,MEDIUM,"{""target_category"": ""Confectionery"", ""territory_category_rank"": 5, ""territory_category_orders_90d"": 1542, ""current_category_count_90d"": 4}","Introduce Confectionery during the next outlet visit and assess fit, expected demand, and an initial reorder quantity.",2082.46,0.0,2082.46,5.074139907628169,0.3681671201441227,1.0,0.0,Confectionery,5.0,1542.0,4.0,,,,,,,,,,,
1414,510,OPP-001764,2586,Cross-Sell,39.01,P3,Monitor,64.0,MEDIUM,"{""target_category"": ""Confectionery"", ""territory_category_rank"": 5, ""territory_category_orders_90d"": 1542, ""current_category_count_90d"": 4}","Introduce Confectionery during the next outlet visit and assess fit, expected demand, and an initial reorder quantity.",0.0,10724.14,0.0,0.0,0.0,2.0,0.0,Confectionery,5.0,1542.0,4.0,,,,,,,,,,,
1415,511,OPP-001808,2638,Cross-Sell,39.01,P3,Monitor,64.0,MEDIUM,"{""target_category"": ""Confectionery"", ""territory_category_rank"": 5, ""territory_category_orders_90d"": 1542, ""current_category_count_90d"": 4}","Introduce Confectionery during the next outlet visit and assess fit, expected demand, and an initial reorder quantity.",0.0,0.0,0.0,0.0,0.0,1.0,0.0,Confectionery,5.0,1542.0,4.0,,,,,,,,,,,
1416,512,OPP-001833,2688,Cross-Sell,39.01,P3,Monitor,64.0,MEDIUM,"{""target_category"": ""Confectionery"", ""territory_category_rank"": 5, ""territory_category_orders_90d"": 1542, ""current_category_count_90d"": 4}","Introduce Confectionery during the next outlet visit and assess fit, expected demand, and an initial reorder quantity.",0.0,0.0,0.0,0.0,0.0,1.0,0.0,Confectionery,5.0,1542.0,4.0,,,,,,,,,,,
1417,513,OPP-001864,2733,Cross-Sell,39.01,P3,Monitor,64.0,MEDIUM,"{""target_category"": ""Confectionery"", ""territory_category_rank"": 5, ""territory_category_orders_90d"": 1542, ""current_category_count_90d"": 4}","Introduce Confectionery during the next outlet visit and assess fit, expected demand, and an initial reorder quantity.",3997.69,0.0,3997.69,10.89442003289836,0.7067689245070531,1.0,0.0,Confectionery,5.0,1542.0,4.0,,,,,,,,,,,
1418,514,OPP-001927,2823,Cross-Sell,39.01,P3,Monitor,64.0,MEDIUM,"{""target_category"": ""Confectionery"", ""territory_category_rank"": 5, ""territory_category_orders_90d"": 1542, ""current_category_count_90d"": 4}","Introduce Confectionery during the next outlet visit and assess fit, expected demand, and an initial reorder quantity.",0.0,0.0,0.0,0.0,0.0,0.0,0.0,Confectionery,5.0,1542.0,4.0,,,,,,,,,,,
1419,492,OPP-000188,305,Revenue Recovery,38.99,P3,Monitor,60.0,MEDIUM,"{""revenue_previous_30d"": 23499.63, ""revenue_30d"": 14467.65, ""revenue_growth_30d"": -0.3843, ""revenue_gap_vs_previous_30d"": 9031.98, ""orders_previous_30d"": 5, ""orders_30d"": 4, ""revenue_index_vs_peer"": 2.36}","Review the outlet's recent order decline, identify the lost SKU/category demand, and schedule a recovery visit with a targeted reorder proposal.",14467.65,23499.63,7233.825,40.184780021337225,2.360342737626581,2.0,0.0,,,,,23499.63,14467.65,-0.3843,9031.98,5.0,4.0,2.36,,,,
1420,515,OPP-000367,589,Cross-Sell,38.93,P3,Monitor,78.0,MEDIUM,"{""target_category"": ""Beverages"", ""territory_category_rank"": 3, ""territory_category_orders_90d"": 798, ""current_category_count_90d"": 4}","Introduce Beverages during the next outlet visit and assess fit, expected demand, and an initial reorder quantity.",0.0,342.25,0.0,0.0,0.0,1.0,0.0,Beverages,3.0,798.0,4.0,,,,,,,,,,,
1421,516,OPP-000713,1109,Cross-Sell,38.93,P3,Monitor,78.0,MEDIUM,"{""target_category"": ""Beverages"", ""territory_category_rank"": 3, ""territory_category_orders_90d"": 798, ""current_category_count_90d"": 4}","Introduce Beverages during the next outlet visit and assess fit, expected demand, and an initial reorder quantity.",861.19,2847.2,430.595,4.766226916433435,0.5963795766015942,2.0,2.0,Beverages,3.0,798.0,4.0,,,,,,,,,,,
1422,517,OPP-000729,1126,Cross-Sell,38.93,P3,Monitor,78.0,MEDIUM,"{""target_category"": ""Beverages"", ""territory_category_rank"": 3, ""territory_category_orders_90d"": 798, ""current_category_count_90d"": 4}","Introduce Beverages during the next outlet visit and assess fit, expected demand, and an initial reorder quantity.",1598.69,1527.88,0.0,7.89834601562585,1.1071030380255258,0.0,0.0,Beverages,3.0,798.0,4.0,,,,,,,,,,,
1423,518,OPP-000861,1327,Cross-Sell,38.93,P3,Monitor,78.0,MEDIUM,"{""target_category"": ""Beverages"", ""territory_category_rank"": 3, ""territory_category_orders_90d"": 798, ""current_category_count_90d"": 4}","Introduce Beverages during the next outlet visit and assess fit, expected demand, and an initial reorder quantity.",6182.6,413.88,6182.6,16.89122825998165,1.2278660004289768,1.0,1.0,Beverages,3.0,798.0,4.0,,,,,,,,,,,
1424,519,OPP-001076,1648,Cross-Sell,38.93,P3,Monitor,78.0,MEDIUM,"{""target_category"": ""Beverages"", ""territory_category_rank"": 3, ""territory_category_orders_90d"": 798, ""current_category_count_90d"": 4}","Introduce Beverages during the next outlet visit and assess fit, expected demand, and an initial reorder quantity.",0.0,1947.78,0.0,0.0,0.0,5.0,2.0,Beverages,3.0,798.0,4.0,,,,,,,,,,,
1425,493,OPP-000269,433,Revenue Recovery,38.77,P3,Monitor,60.0,MEDIUM,"{""revenue_previous_30d"": 24750.51, ""revenue_30d"": 17052.27, ""revenue_growth_30d"": -0.311, ""revenue_gap_vs_previous_30d"": 7698.24, ""orders_previous_30d"": 4, ""orders_30d"": 3, ""revenue_index_vs_peer"": 0.774}","Review the outlet's recent order decline, identify the lost SKU/category demand, and schedule a recovery visit with a targeted reorder proposal.",17052.27,24750.51,3410.454,23.602796635201383,0.7744442002078231,5.0,4.0,,,,,24750.51,17052.27,-0.311,7698.24,4.0,3.0,0.774,,,,
1426,494,OPP-000003,5,Revenue Recovery,38.76,P3,Monitor,60.0,MEDIUM,"{""revenue_previous_30d"": 5236.78, ""revenue_30d"": 1632.33, ""revenue_growth_30d"": -0.6883, ""revenue_gap_vs_previous_30d"": 3604.45, ""orders_previous_30d"": 3, ""orders_30d"": 1, ""revenue_index_vs_peer"": 0.936}","Review the outlet's recent order decline, identify the lost SKU/category demand, and schedule a recovery visit with a targeted reorder proposal.",1632.33,5236.78,544.11,14.914706460014925,0.9360441778583144,3.0,1.0,,,,,5236.78,1632.33,-0.6883,3604.45,3.0,1.0,0.936,,,,
1427,304,OPP-000402,630,Inactive Outlet,38.57,P3,Monitor,70.0,MEDIUM,"{""revenue_previous_30d"": 4402.29, ""revenue_30d"": 0.0, ""orders_previous_30d"": 2, ""orders_30d"": 0, ""days_since_last_order"": 32}","Prioritize a win-back visit, diagnose the reason for inactivity, and attempt a targeted reorder based on the outlet's prior mix.",0.0,4402.29,0.0,0.0,0.0,2.0,0.0,,,,,4402.29,0.0,,,2.0,0.0,,32.0,,,
1428,495,OPP-000714,1109,Revenue Recovery,38.56,P3,Monitor,62.38,MEDIUM,"{""revenue_previous_30d"": 2847.2, ""revenue_30d"": 861.19, ""revenue_growth_30d"": -0.6975, ""revenue_gap_vs_previous_30d"": 1986.01, ""orders_previous_30d"": 2, ""orders_30d"": 1, ""revenue_index_vs_peer"": 0.596}","Review the outlet's recent order decline, identify the lost SKU/category demand, and schedule a recovery visit with a targeted reorder proposal.",861.19,2847.2,430.595,4.766226916433435,0.5963795766015942,2.0,2.0,,,,,2847.2,861.19,-0.6975,1986.01,2.0,1.0,0.596,,,,
1430,520,OPP-002031,2963,Cross-Sell,38.54,P3,Monitor,82.0,HIGH,"{""target_category"": ""Home Care"", ""territory_category_rank"": 3, ""territory_category_orders_90d"": 587, ""current_category_count_90d"": 2}","Introduce Home Care during the next outlet visit and assess fit, expected demand, and an initial reorder quantity.",0.0,0.0,0.0,0.0,0.0,4.0,3.0,Home Care,3.0,587.0,2.0,,,,,,,,,,,
1429,496,OPP-001129,1720,Revenue Recovery,38.54,P3,Monitor,60.0,MEDIUM,"{""revenue_previous_30d"": 2947.31, ""revenue_30d"": 1074.94, ""revenue_growth_30d"": -0.6353, ""revenue_gap_vs_previous_30d"": 1872.37, ""orders_previous_30d"": 1, ""orders_30d"": 1, ""revenue_index_vs_peer"": 0.213}","Review the outlet's recent order decline, identify the lost SKU/category demand, and schedule a recovery visit with a targeted reorder proposal.",1074.94,2947.31,537.47,2.62268251717404,0.2134833692137812,2.0,1.0,,,,,2947.31,1074.94,-0.6353,1872.37,1.0,1.0,0.213,,,,
1431,497,OPP-001807,2636,Revenue Recovery,38.53,P3,Monitor,65.34,MEDIUM,"{""revenue_previous_30d"": 1653.93, ""revenue_30d"": 496.99, ""revenue_growth_30d"": -0.6995, ""revenue_gap_vs_previous_30d"": 1156.94, ""orders_previous_30d"": 2, ""orders_30d"": 1, ""revenue_index_vs_peer"": 0.408}","Review the outlet's recent order decline, identify the lost SKU/category demand, and schedule a recovery visit with a targeted reorder proposal.",496.99,1653.9299999999998,496.99,2.385228372214458,0.4084301011645012,1.0,0.0,,,,,1653.93,496.99,-0.6995,1156.94,2.0,1.0,0.408,,,,
1432,498,OPP-000794,1223,Revenue Recovery,38.44,P3,Monitor,60.0,MEDIUM,"{""revenue_previous_30d"": 8126.64, ""revenue_30d"": 4225.63, ""revenue_growth_30d"": -0.48, ""revenue_gap_vs_previous_30d"": 3901.01, ""orders_previous_30d"": 3, ""orders_30d"": 1, ""revenue_index_vs_peer"": 0.689}","Review the outlet's recent order decline, identify the lost SKU/category demand, and schedule a recovery visit with a targeted reorder proposal.",4225.63,8126.639999999999,4225.63,10.94658990084775,0.6893956573733129,1.0,0.0,,,,,8126.64,4225.63,-0.48,3901.01,3.0,1.0,0.689,,,,
1433,499,OPP-000630,985,Revenue Recovery,38.42,P3,Monitor,62.12,MEDIUM,"{""revenue_previous_30d"": 2877.57, ""revenue_30d"": 877.87, ""revenue_growth_30d"": -0.6949, ""revenue_gap_vs_previous_30d"": 1999.7, ""orders_previous_30d"": 2, ""orders_30d"": 1, ""revenue_index_vs_peer"": 0.602}","Review the outlet's recent order decline, identify the lost SKU/category demand, and schedule a recovery visit with a targeted reorder proposal.",877.87,2877.57,877.87,4.096554884465178,0.6018785780398341,1.0,1.0,,,,,2877.57,877.87,-0.6949,1999.7,2.0,1.0,0.602,,,,
1434,305,OPP-000489,771,Inactive Outlet,38.35,P3,Monitor,70.0,MEDIUM,"{""revenue_previous_30d"": 3504.35, ""revenue_30d"": 0.0, ""orders_previous_30d"": 3, ""orders_30d"": 0, ""days_since_last_order"": 33}","Prioritize a win-back visit, diagnose the reason for inactivity, and attempt a targeted reorder based on the outlet's prior mix.",0.0,3504.35,0.0,0.0,0.0,1.0,0.0,,,,,3504.35,0.0,,,3.0,0.0,,33.0,,,
1435,306,OPP-000499,785,Inactive Outlet,38.35,P3,Monitor,70.0,MEDIUM,"{""revenue_previous_30d"": 4126.8, ""revenue_30d"": 0.0, ""orders_previous_30d"": 2, ""orders_30d"": 0, ""days_since_last_order"": 34}","Prioritize a win-back visit, diagnose the reason for inactivity, and attempt a targeted reorder based on the outlet's prior mix.",0.0,4126.8,0.0,0.0,0.0,2.0,1.0,,,,,4126.8,0.0,,,2.0,0.0,,34.0,,,
1436,307,OPP-000767,1184,Inactive Outlet,38.29,P3,Monitor,70.0,MEDIUM,"{""revenue_previous_30d"": 2299.74, ""revenue_30d"": 0.0, ""orders_previous_30d"": 1, ""orders_30d"": 0, ""days_since_last_order"": 57}","Prioritize a win-back visit, diagnose the reason for inactivity, and attempt a targeted reorder based on the outlet's prior mix.",0.0,2299.74,0.0,0.0,0.0,1.0,0.0,,,,,2299.74,0.0,,,1.0,0.0,,57.0,,,
1437,521,OPP-000113,196,Cross-Sell,38.28,P3,Monitor,80.0,HIGH,"{""target_category"": ""Home Care"", ""territory_category_rank"": 3, ""territory_category_orders_90d"": 694, ""current_category_count_90d"": 3}","Introduce Home Care during the next outlet visit and assess fit, expected demand, and an initial reorder quantity.",1425.62,3136.76,1425.62,3.932686244122156,0.3172768343978812,1.0,1.0,Home Care,3.0,694.0,3.0,,,,,,,,,,,
1438,522,OPP-000632,990,Cross-Sell,38.28,P3,Monitor,80.0,HIGH,"{""target_category"": ""Home Care"", ""territory_category_rank"": 3, ""territory_category_orders_90d"": 694, ""current_category_count_90d"": 3}","Introduce Home Care during the next outlet visit and assess fit, expected demand, and an initial reorder quantity.",0.0,0.0,0.0,0.0,0.0,1.0,1.0,Home Care,3.0,694.0,3.0,,,,,,,,,,,
1439,523,OPP-000788,1218,Cross-Sell,38.28,P3,Monitor,80.0,HIGH,"{""target_category"": ""Home Care"", ""territory_category_rank"": 3, ""territory_category_orders_90d"": 694, ""current_category_count_90d"": 3}","Introduce Home Care during the next outlet visit and assess fit, expected demand, and an initial reorder quantity.",606.08,2986.47,151.52,1.817243060457033,0.1348852736296263,4.0,2.0,Home Care,3.0,694.0,3.0,,,,,,,,,,,
1440,524,OPP-001146,1742,Cross-Sell,38.28,P3,Monitor,80.0,HIGH,"{""target_category"": ""Home Care"", ""territory_category_rank"": 3, ""territory_category_orders_90d"": 694, ""current_category_count_90d"": 3}","Introduce Home Care during the next outlet visit and assess fit, expected demand, and an initial reorder quantity.",2949.91,951.86,0.0,8.106852120459955,0.6565130305120958,0.0,0.0,Home Care,3.0,694.0,3.0,,,,,,,,,,,
1441,525,OPP-001358,2045,Cross-Sell,38.28,P3,Monitor,80.0,HIGH,"{""target_category"": ""Home Care"", ""territory_category_rank"": 3, ""territory_category_orders_90d"": 694, ""current_category_count_90d"": 3}","Introduce Home Care during the next outlet visit and assess fit, expected demand, and an initial reorder quantity.",0.0,238.76,0.0,0.0,0.0,5.0,4.0,Home Care,3.0,694.0,3.0,,,,,,,,,,,
1442,526,OPP-001439,2156,Cross-Sell,38.28,P3,Monitor,80.0,HIGH,"{""target_category"": ""Home Care"", ""territory_category_rank"": 3, ""territory_category_orders_90d"": 694, ""current_category_count_90d"": 3}","Introduce Home Care during the next outlet visit and assess fit, expected demand, and an initial reorder quantity.",0.0,1365.99,0.0,0.0,0.0,0.0,0.0,Home Care,3.0,694.0,3.0,,,,,,,,,,,
1443,527,OPP-001470,2189,Cross-Sell,38.28,P3,Monitor,80.0,HIGH,"{""target_category"": ""Home Care"", ""territory_category_rank"": 3, ""territory_category_orders_90d"": 694, ""current_category_count_90d"": 3}","Introduce Home Care during the next outlet visit and assess fit, expected demand, and an initial reorder quantity.",0.0,1277.76,0.0,0.0,0.0,3.0,3.0,Home Care,3.0,694.0,3.0,,,,,,,,,,,
1444,528,OPP-001517,2260,Cross-Sell,38.28,P3,Monitor,80.0,HIGH,"{""target_category"": ""Home Care"", ""territory_category_rank"": 3, ""territory_category_orders_90d"": 694, ""current_category_count_90d"": 3}","Introduce Home Care during the next outlet visit and assess fit, expected demand, and an initial reorder quantity.",0.0,2672.27,0.0,0.0,0.0,3.0,1.0,Home Care,3.0,694.0,3.0,,,,,,,,,,,
1445,529,OPP-001704,2524,Cross-Sell,38.28,P3,Monitor,80.0,HIGH,"{""target_category"": ""Home Care"", ""territory_category_rank"": 3, ""territory_category_orders_90d"": 694, ""current_category_count_90d"": 3}","Introduce Home Care during the next outlet visit and assess fit, expected demand, and an initial reorder quantity.",0.0,0.0,0.0,0.0,0.0,2.0,0.0,Home Care,3.0,694.0,3.0,,,,,,,,,,,
1446,500,OPP-000114,196,Revenue Recovery,38.18,P3,Monitor,60.0,MEDIUM,"{""revenue_previous_30d"": 3136.76, ""revenue_30d"": 1425.62, ""revenue_growth_30d"": -0.5455, ""revenue_gap_vs_previous_30d"": 1711.14, ""orders_previous_30d"": 2, ""orders_30d"": 1, ""revenue_index_vs_peer"": 0.317}","Review the outlet's recent order decline, identify the lost SKU/category demand, and schedule a recovery visit with a targeted reorder proposal.",1425.62,3136.76,1425.62,3.932686244122156,0.3172768343978812,1.0,1.0,,,,,3136.76,1425.62,-0.5455,1711.14,2.0,1.0,0.317,,,,
1448,530,OPP-001941,2842,Cross-Sell,38.11,P3,Monitor,89.0,HIGH,"{""target_category"": ""Snacks"", ""territory_category_rank"": 2, ""territory_category_orders_90d"": 87, ""current_category_count_90d"": 2}","Introduce Snacks during the next outlet visit and assess fit, expected demand, and an initial reorder quantity.",0.0,194.86,0.0,0.0,0.0,1.0,1.0,Snacks,2.0,87.0,2.0,,,,,,,,,,,
1447,501,OPP-000882,1367,Revenue Recovery,38.11,P3,Monitor,60.0,MEDIUM,"{""revenue_previous_30d"": 7522.44, ""revenue_30d"": 2836.31, ""revenue_growth_30d"": -0.623, ""revenue_gap_vs_previous_30d"": 4686.13, ""orders_previous_30d"": 2, ""orders_30d"": 1, ""revenue_index_vs_peer"": 1.987}","Review the outlet's recent order decline, identify the lost SKU/category demand, and schedule a recovery visit with a targeted reorder proposal.",2836.31,7522.44,567.262,14.228753891033502,1.9870463780299843,5.0,3.0,,,,,7522.44,2836.31,-0.623,4686.13,2.0,1.0,1.987,,,,
1449,502,OPP-001429,2139,Revenue Recovery,37.81,P3,Monitor,60.0,MEDIUM,"{""revenue_previous_30d"": 33086.37, ""revenue_30d"": 22917.83, ""revenue_growth_30d"": -0.3073, ""revenue_gap_vs_previous_30d"": 10168.54, ""orders_previous_30d"": 6, ""orders_30d"": 5, ""revenue_index_vs_peer"": 1.504}","Review the outlet's recent order decline, identify the lost SKU/category demand, and schedule a recovery visit with a targeted reorder proposal.",22917.83,33086.369999999995,7639.276666666668,58.19742327071202,1.504161777021688,3.0,1.0,,,,,33086.37,22917.83,-0.3073,10168.54,6.0,5.0,1.504,,,,
1450,308,OPP-002053,2992,Inactive Outlet,37.75,P3,Monitor,70.0,MEDIUM,"{""revenue_previous_30d"": 2440.53, ""revenue_30d"": 0.0, ""orders_previous_30d"": 1, ""orders_30d"": 0, ""days_since_last_order"": 55}","Prioritize a win-back visit, diagnose the reason for inactivity, and attempt a targeted reorder based on the outlet's prior mix.",0.0,2440.53,0.0,0.0,0.0,0.0,0.0,,,,,2440.53,0.0,,,1.0,0.0,,55.0,,,
1451,309,OPP-000268,432,Inactive Outlet,37.72,P3,Monitor,70.0,MEDIUM,"{""revenue_previous_30d"": 3388.69, ""revenue_30d"": 0.0, ""orders_previous_30d"": 1, ""orders_30d"": 0, ""days_since_last_order"": 45}","Prioritize a win-back visit, diagnose the reason for inactivity, and attempt a targeted reorder based on the outlet's prior mix.",0.0,3388.69,0.0,0.0,0.0,2.0,0.0,,,,,3388.69,0.0,,,1.0,0.0,,45.0,,,
1453,531,OPP-000106,180,Cross-Sell,37.68,P3,Monitor,92.0,HIGH,"{""target_category"": ""Snacks"", ""territory_category_rank"": 1, ""territory_category_orders_90d"": 423, ""current_category_count_90d"": 4}","Introduce Snacks during the next outlet visit and assess fit, expected demand, and an initial reorder quantity.",4790.32,2749.0199999999995,1197.58,17.529191198070286,0.8139120388069083,4.0,1.0,Snacks,1.0,423.0,4.0,,,,,,,,,,,
1454,532,OPP-000757,1175,Cross-Sell,37.68,P3,Monitor,92.0,HIGH,"{""target_category"": ""Snacks"", ""territory_category_rank"": 1, ""territory_category_orders_90d"": 423, ""current_category_count_90d"": 4}","Introduce Snacks during the next outlet visit and assess fit, expected demand, and an initial reorder quantity.",871.23,5312.13,435.615,2.4987925213187387,0.1480286464306649,2.0,2.0,Snacks,1.0,423.0,4.0,,,,,,,,,,,
1452,503,OPP-000036,61,Revenue Recovery,37.68,P3,Monitor,61.17,MEDIUM,"{""revenue_previous_30d"": 3737.0, ""revenue_30d"": 1008.64, ""revenue_growth_30d"": -0.7301, ""revenue_gap_vs_previous_30d"": 2728.36, ""orders_previous_30d"": 2, ""orders_30d"": 1, ""revenue_index_vs_peer"": 0.829}","Review the outlet's recent order decline, identify the lost SKU/category demand, and schedule a recovery visit with a targeted reorder proposal.",1008.64,3737.0,1008.64,5.2828650995382,0.8289079000353378,1.0,0.0,,,,,3737.0,1008.64,-0.7301,2728.36,2.0,1.0,0.829,,,,
1455,310,OPP-000727,1121,Inactive Outlet,37.66,P3,Monitor,70.0,MEDIUM,"{""revenue_previous_30d"": 3143.98, ""revenue_30d"": 0.0, ""orders_previous_30d"": 3, ""orders_30d"": 0, ""days_since_last_order"": 37}","Prioritize a win-back visit, diagnose the reason for inactivity, and attempt a targeted reorder based on the outlet's prior mix.",0.0,3143.98,0.0,0.0,0.0,1.0,1.0,,,,,3143.98,0.0,,,3.0,0.0,,37.0,,,
1456,504,OPP-001594,2366,Revenue Recovery,37.47,P3,Monitor,60.0,MEDIUM,"{""revenue_previous_30d"": 13963.91, ""revenue_30d"": 6632.41, ""revenue_growth_30d"": -0.525, ""revenue_gap_vs_previous_30d"": 7331.5, ""orders_previous_30d"": 3, ""orders_30d"": 3, ""revenue_index_vs_peer"": 1.127}","Review the outlet's recent order decline, identify the lost SKU/category demand, and schedule a recovery visit with a targeted reorder proposal.",6632.41,13963.91,1658.1025,18.277023079653357,1.1268972313547587,4.0,2.0,,,,,13963.91,6632.41,-0.525,7331.5,3.0,3.0,1.127,,,,
1479,311,OPP-001504,2236,Inactive Outlet,37.41,P3,Monitor,70.0,MEDIUM,"{""revenue_previous_30d"": 1971.04, ""revenue_30d"": 0.0, ""orders_previous_30d"": 2, ""orders_30d"": 0, ""days_since_last_order"": 54}","Prioritize a win-back visit, diagnose the reason for inactivity, and attempt a targeted reorder based on the outlet's prior mix.",0.0,1971.04,0.0,0.0,0.0,0.0,0.0,,,,,1971.04,0.0,,,2.0,0.0,,54.0,,,
1457,533,OPP-000039,67,Cross-Sell,37.41,P3,Monitor,64.0,MEDIUM,"{""target_category"": ""Confectionery"", ""territory_category_rank"": 5, ""territory_category_orders_90d"": 1473, ""current_category_count_90d"": 4}","Introduce Confectionery during the next outlet visit and assess fit, expected demand, and an initial reorder quantity.",0.0,4335.93,0.0,0.0,0.0,3.0,2.0,Confectionery,5.0,1473.0,4.0,,,,,,,,,,,
1458,534,OPP-000050,80,Cross-Sell,37.41,P3,Monitor,64.0,MEDIUM,"{""target_category"": ""Confectionery"", ""territory_category_rank"": 5, ""territory_category_orders_90d"": 1473, ""current_category_count_90d"": 4}","Introduce Confectionery during the next outlet visit and assess fit, expected demand, and an initial reorder quantity.",0.0,2030.34,0.0,0.0,0.0,2.0,0.0,Confectionery,5.0,1473.0,4.0,,,,,,,,,,,
1459,535,OPP-000056,97,Cross-Sell,37.41,P3,Monitor,64.0,MEDIUM,"{""target_category"": ""Confectionery"", ""territory_category_rank"": 5, ""territory_category_orders_90d"": 1473, ""current_category_count_90d"": 4}","Introduce Confectionery during the next outlet visit and assess fit, expected demand, and an initial reorder quantity.",2996.85,0.0,749.2125,15.49513225811622,2.462833756564187,4.0,1.0,Confectionery,5.0,1473.0,4.0,,,,,,,,,,,
1460,536,OPP-000138,232,Cross-Sell,37.41,P3,Monitor,64.0,MEDIUM,"{""target_category"": ""Confectionery"", ""territory_category_rank"": 5, ""territory_category_orders_90d"": 1473, ""current_category_count_90d"": 4}","Introduce Confectionery during the next outlet visit and assess fit, expected demand, and an initial reorder quantity.",779.66,0.0,259.88666666666666,4.031761381118474,0.6407304224912272,3.0,3.0,Confectionery,5.0,1473.0,4.0,,,,,,,,,,,
1461,537,OPP-000150,249,Cross-Sell,37.41,P3,Monitor,64.0,MEDIUM,"{""target_category"": ""Confectionery"", ""territory_category_rank"": 5, ""territory_category_orders_90d"": 1473, ""current_category_count_90d"": 4}","Introduce Confectionery during the next outlet visit and assess fit, expected demand, and an initial reorder quantity.",0.0,7354.91,0.0,0.0,0.0,2.0,0.0,Confectionery,5.0,1473.0,4.0,,,,,,,,,,,
1462,538,OPP-000193,318,Cross-Sell,37.41,P3,Monitor,64.0,MEDIUM,"{""target_category"": ""Confectionery"", ""territory_category_rank"": 5, ""territory_category_orders_90d"": 1473, ""current_category_count_90d"": 4}","Introduce Confectionery during the next outlet visit and assess fit, expected demand, and an initial reorder quantity.",0.0,0.0,0.0,0.0,0.0,1.0,1.0,Confectionery,5.0,1473.0,4.0,,,,,,,,,,,
1463,539,OPP-000197,325,Cross-Sell,37.41,P3,Monitor,64.0,MEDIUM,"{""target_category"": ""Confectionery"", ""territory_category_rank"": 5, ""territory_category_orders_90d"": 1473, ""current_category_count_90d"": 4}","Introduce Confectionery during the next outlet visit and assess fit, expected demand, and an initial reorder quantity.",11813.89,3290.15,5906.945,35.70075394142834,2.575529624643692,2.0,1.0,Confectionery,5.0,1473.0,4.0,,,,,,,,,,,
1464,540,OPP-000198,326,Cross-Sell,37.41,P3,Monitor,64.0,MEDIUM,"{""target_category"": ""Confectionery"", ""territory_category_rank"": 5, ""territory_category_orders_90d"": 1473, ""current_category_count_90d"": 4}","Introduce Confectionery during the next outlet visit and assess fit, expected demand, and an initial reorder quantity.",6045.12,2326.54,1511.28,16.487197515705482,1.3178881506875444,4.0,1.0,Confectionery,5.0,1473.0,4.0,,,,,,,,,,,
1465,541,OPP-000283,452,Cross-Sell,37.41,P3,Monitor,64.0,MEDIUM,"{""target_category"": ""Confectionery"", ""territory_category_rank"": 5, ""territory_category_orders_90d"": 1473, ""current_category_count_90d"": 4}","Introduce Confectionery during the next outlet visit and assess fit, expected demand, and an initial reorder quantity.",2276.28,0.0,1138.14,10.926491899502082,1.870663938265822,2.0,1.0,Confectionery,5.0,1473.0,4.0,,,,,,,,,,,
1466,542,OPP-000386,613,Cross-Sell,37.41,P3,Monitor,64.0,MEDIUM,"{""target_category"": ""Confectionery"", ""territory_category_rank"": 5, ""territory_category_orders_90d"": 1473, ""current_category_count_90d"": 4}","Introduce Confectionery during the next outlet visit and assess fit, expected demand, and an initial reorder quantity.",3833.8,0.0,1916.9,11.31424763558549,0.8358013723641398,2.0,0.0,Confectionery,5.0,1473.0,4.0,,,,,,,,,,,
1467,543,OPP-000412,651,Cross-Sell,37.41,P3,Monitor,64.0,MEDIUM,"{""target_category"": ""Confectionery"", ""territory_category_rank"": 5, ""territory_category_orders_90d"": 1473, ""current_category_count_90d"": 4}","Introduce Confectionery during the next outlet visit and assess fit, expected demand, and an initial reorder quantity.",3984.13,1232.23,3984.13,21.10847675838629,3.274187848754551,1.0,0.0,Confectionery,5.0,1473.0,4.0,,,,,,,,,,,
1468,544,OPP-000437,692,Cross-Sell,37.41,P3,Monitor,64.0,MEDIUM,"{""target_category"": ""Confectionery"", ""territory_category_rank"": 5, ""territory_category_orders_90d"": 1473, ""current_category_count_90d"": 4}","Introduce Confectionery during the next outlet visit and assess fit, expected demand, and an initial reorder quantity.",0.0,718.09,0.0,4.283470560199378,0.0,2.0,1.0,Confectionery,5.0,1473.0,4.0,,,,,,,,,,,
1469,545,OPP-000857,1322,Cross-Sell,37.41,P3,Monitor,64.0,MEDIUM,"{""target_category"": ""Confectionery"", ""territory_category_rank"": 5, ""territory_category_orders_90d"": 1473, ""current_category_count_90d"": 4}","Introduce Confectionery during the next outlet visit and assess fit, expected demand, and an initial reorder quantity.",0.0,2220.23,0.0,0.0,0.0,0.0,0.0,Confectionery,5.0,1473.0,4.0,,,,,,,,,,,
1470,546,OPP-001036,1585,Cross-Sell,37.41,P3,Monitor,64.0,MEDIUM,"{""target_category"": ""Confectionery"", ""territory_category_rank"": 5, ""territory_category_orders_90d"": 1473, ""current_category_count_90d"": 4}","Introduce Confectionery during the next outlet visit and assess fit, expected demand, and an initial reorder quantity.",0.0,0.0,0.0,0.0,0.0,4.0,1.0,Confectionery,5.0,1473.0,4.0,,,,,,,,,,,
1471,547,OPP-001047,1603,Cross-Sell,37.41,P3,Monitor,64.0,MEDIUM,"{""target_category"": ""Confectionery"", ""territory_category_rank"": 5, ""territory_category_orders_90d"": 1473, ""current_category_count_90d"": 4}","Introduce Confectionery during the next outlet visit and assess fit, expected demand, and an initial reorder quantity.",2215.37,1886.25,2215.37,13.593945783021637,1.8206076444532104,1.0,0.0,Confectionery,5.0,1473.0,4.0,,,,,,,,,,,
1472,548,OPP-001116,1705,Cross-Sell,37.41,P3,Monitor,64.0,MEDIUM,"{""target_category"": ""Confectionery"", ""territory_category_rank"": 5, ""territory_category_orders_90d"": 1473, ""current_category_count_90d"": 4}","Introduce Confectionery during the next outlet visit and assess fit, expected demand, and an initial reorder quantity.",2241.2,0.0,747.0666666666666,10.935200690110111,1.8418349317488885,3.0,2.0,Confectionery,5.0,1473.0,4.0,,,,,,,,,,,
1473,549,OPP-001246,1874,Cross-Sell,37.41,P3,Monitor,64.0,MEDIUM,"{""target_category"": ""Confectionery"", ""territory_category_rank"": 5, ""territory_category_orders_90d"": 1473, ""current_category_count_90d"": 4}","Introduce Confectionery during the next outlet visit and assess fit, expected demand, and an initial reorder quantity.",0.0,2006.2,0.0,0.0,0.0,0.0,0.0,Confectionery,5.0,1473.0,4.0,,,,,,,,,,,
1474,550,OPP-001321,1988,Cross-Sell,37.41,P3,Monitor,64.0,MEDIUM,"{""target_category"": ""Confectionery"", ""territory_category_rank"": 5, ""territory_category_orders_90d"": 1473, ""current_category_count_90d"": 4}","Introduce Confectionery during the next outlet visit and assess fit, expected demand, and an initial reorder quantity.",5254.030000000001,4844.049999999999,0.0,30.71998606090053,4.3178011718974725,0.0,0.0,Confectionery,5.0,1473.0,4.0,,,,,,,,,,,
1475,551,OPP-001359,2046,Cross-Sell,37.41,P3,Monitor,64.0,MEDIUM,"{""target_category"": ""Confectionery"", ""territory_category_rank"": 5, ""territory_category_orders_90d"": 1473, ""current_category_count_90d"": 4}","Introduce Confectionery during the next outlet visit and assess fit, expected demand, and an initial reorder quantity.",0.0,2018.93,0.0,0.0,0.0,0.0,0.0,Confectionery,5.0,1473.0,4.0,,,,,,,,,,,
1476,552,OPP-001393,2099,Cross-Sell,37.41,P3,Monitor,64.0,MEDIUM,"{""target_category"": ""Confectionery"", ""territory_category_rank"": 5, ""territory_category_orders_90d"": 1473, ""current_category_count_90d"": 4}","Introduce Confectionery during the next outlet visit and assess fit, expected demand, and an initial reorder quantity.",8424.900000000001,16641.8,1684.9800000000002,12.37165812583822,0.4164880813785351,5.0,4.0,Confectionery,5.0,1473.0,4.0,,,,,,,,,,,
1477,553,OPP-001460,2180,Cross-Sell,37.41,P3,Monitor,64.0,MEDIUM,"{""target_category"": ""Confectionery"", ""territory_category_rank"": 5, ""territory_category_orders_90d"": 1473, ""current_category_count_90d"": 4}","Introduce Confectionery during the next outlet visit and assess fit, expected demand, and an initial reorder quantity.",4418.88,1536.58,0.0,12.686599557048783,0.963353844309158,0.0,0.0,Confectionery,5.0,1473.0,4.0,,,,,,,,,,,
1478,554,OPP-001489,2221,Cross-Sell,37.41,P3,Monitor,64.0,MEDIUM,"{""target_category"": ""Confectionery"", ""territory_category_rank"": 5, ""territory_category_orders_90d"": 1473, ""current_category_count_90d"": 4}","Introduce Confectionery during the next outlet visit and assess fit, expected demand, and an initial reorder quantity.",1535.0,3769.06,0.0,14.11331394105044,0.334643201674306,0.0,0.0,Confectionery,5.0,1473.0,4.0,,,,,,,,,,,
1480,555,OPP-001508,2241,Cross-Sell,37.41,P3,Monitor,64.0,MEDIUM,"{""target_category"": ""Confectionery"", ""territory_category_rank"": 5, ""territory_category_orders_90d"": 1473, ""current_category_count_90d"": 4}","Introduce Confectionery during the next outlet visit and assess fit, expected demand, and an initial reorder quantity.",2088.68,1519.91,1044.34,11.31847670821926,1.716492854383932,2.0,1.0,Confectionery,5.0,1473.0,4.0,,,,,,,,,,,
1481,556,OPP-001560,2319,Cross-Sell,37.41,P3,Monitor,64.0,MEDIUM,"{""target_category"": ""Confectionery"", ""territory_category_rank"": 5, ""territory_category_orders_90d"": 1473, ""current_category_count_90d"": 4}","Introduce Confectionery during the next outlet visit and assess fit, expected demand, and an initial reorder quantity.",3385.38,2170.35,677.076,8.095693024735127,0.7380419557551545,5.0,4.0,Confectionery,5.0,1473.0,4.0,,,,,,,,,,,
1482,557,OPP-001567,2330,Cross-Sell,37.41,P3,Monitor,64.0,MEDIUM,"{""target_category"": ""Confectionery"", ""territory_category_rank"": 5, ""territory_category_orders_90d"": 1473, ""current_category_count_90d"": 4}","Introduce Confectionery during the next outlet visit and assess fit, expected demand, and an initial reorder quantity.",1638.5,3140.76,273.0833333333333,8.784349971505144,1.3465315615163993,6.0,2.0,Confectionery,5.0,1473.0,4.0,,,,,,,,,,,
1483,558,OPP-001571,2335,Cross-Sell,37.41,P3,Monitor,64.0,MEDIUM,"{""target_category"": ""Confectionery"", ""territory_category_rank"": 5, ""territory_category_orders_90d"": 1473, ""current_category_count_90d"": 4}","Introduce Confectionery during the next outlet visit and assess fit, expected demand, and an initial reorder quantity.",0.0,1978.04,0.0,0.0,0.0,1.0,1.0,Confectionery,5.0,1473.0,4.0,,,,,,,,,,,
1484,559,OPP-001609,2388,Cross-Sell,37.41,P3,Monitor,64.0,MEDIUM,"{""target_category"": ""Confectionery"", ""territory_category_rank"": 5, ""territory_category_orders_90d"": 1473, ""current_category_count_90d"": 4}","Introduce Confectionery during the next outlet visit and assess fit, expected demand, and an initial reorder quantity.",0.0,1473.3200000000002,0.0,0.0,0.0,2.0,1.0,Confectionery,5.0,1473.0,4.0,,,,,,,,,,,
1485,560,OPP-001699,2518,Cross-Sell,37.41,P3,Monitor,64.0,MEDIUM,"{""target_category"": ""Confectionery"", ""territory_category_rank"": 5, ""territory_category_orders_90d"": 1473, ""current_category_count_90d"": 4}","Introduce Confectionery during the next outlet visit and assess fit, expected demand, and an initial reorder quantity.",0.0,3256.76,0.0,0.0,0.0,0.0,0.0,Confectionery,5.0,1473.0,4.0,,,,,,,,,,,
1486,561,OPP-001777,2602,Cross-Sell,37.41,P3,Monitor,64.0,MEDIUM,"{""target_category"": ""Confectionery"", ""territory_category_rank"": 5, ""territory_category_orders_90d"": 1473, ""current_category_count_90d"": 4}","Introduce Confectionery during the next outlet visit and assess fit, expected demand, and an initial reorder quantity.",10433.79,2005.97,0.0,26.85909810409668,2.274655955177432,0.0,0.0,Confectionery,5.0,1473.0,4.0,,,,,,,,,,,
1487,562,OPP-001837,2694,Cross-Sell,37.41,P3,Monitor,64.0,MEDIUM,"{""target_category"": ""Confectionery"", ""territory_category_rank"": 5, ""territory_category_orders_90d"": 1473, ""current_category_count_90d"": 4}","Introduce Confectionery during the next outlet visit and assess fit, expected demand, and an initial reorder quantity.",1941.81,0.0,1941.81,10.750368299808502,1.5957939893000666,1.0,1.0,Confectionery,5.0,1473.0,4.0,,,,,,,,,,,
1488,563,OPP-001872,2752,Cross-Sell,37.41,P3,Monitor,64.0,MEDIUM,"{""target_category"": ""Confectionery"", ""territory_category_rank"": 5, ""territory_category_orders_90d"": 1473, ""current_category_count_90d"": 4}","Introduce Confectionery during the next outlet visit and assess fit, expected demand, and an initial reorder quantity.",0.0,2913.65,0.0,0.0,0.0,0.0,0.0,Confectionery,5.0,1473.0,4.0,,,,,,,,,,,
1489,564,OPP-002003,2932,Cross-Sell,37.41,P3,Monitor,64.0,MEDIUM,"{""target_category"": ""Confectionery"", ""territory_category_rank"": 5, ""territory_category_orders_90d"": 1473, ""current_category_count_90d"": 4}","Introduce Confectionery during the next outlet visit and assess fit, expected demand, and an initial reorder quantity.",0.0,5394.73,0.0,0.0,0.0,0.0,0.0,Confectionery,5.0,1473.0,4.0,,,,,,,,,,,
1490,565,OPP-002008,2937,Cross-Sell,37.41,P3,Monitor,64.0,MEDIUM,"{""target_category"": ""Confectionery"", ""territory_category_rank"": 5, ""territory_category_orders_90d"": 1473, ""current_category_count_90d"": 4}","Introduce Confectionery during the next outlet visit and assess fit, expected demand, and an initial reorder quantity.",0.0,4377.54,0.0,0.0,0.0,4.0,3.0,Confectionery,5.0,1473.0,4.0,,,,,,,,,,,
1491,566,OPP-002058,2999,Cross-Sell,37.41,P3,Monitor,64.0,MEDIUM,"{""target_category"": ""Confectionery"", ""territory_category_rank"": 5, ""territory_category_orders_90d"": 1473, ""current_category_count_90d"": 4}","Introduce Confectionery during the next outlet visit and assess fit, expected demand, and an initial reorder quantity.",2326.77,0.0,1163.385,11.43556305441792,1.9121569981016249,2.0,1.0,Confectionery,5.0,1473.0,4.0,,,,,,,,,,,
1492,505,OPP-000216,359,Revenue Recovery,37.4,P3,Monitor,60.0,MEDIUM,"{""revenue_previous_30d"": 17128.49, ""revenue_30d"": 11254.62, ""revenue_growth_30d"": -0.3429, ""revenue_gap_vs_previous_30d"": 5873.87, ""orders_previous_30d"": 3, ""orders_30d"": 5, ""revenue_index_vs_peer"": 0.564}","Review the outlet's recent order decline, identify the lost SKU/category demand, and schedule a recovery visit with a targeted reorder proposal.",11254.62,17128.49,3751.54,17.82392816849035,0.5635059615736542,3.0,2.0,,,,,17128.49,11254.62,-0.3429,5873.87,3.0,5.0,0.564,,,,
1494,312,OPP-001261,1897,Inactive Outlet,37.39,P3,Monitor,70.0,MEDIUM,"{""revenue_previous_30d"": 3211.13, ""revenue_30d"": 0.0, ""orders_previous_30d"": 2, ""orders_30d"": 0, ""days_since_last_order"": 41}","Prioritize a win-back visit, diagnose the reason for inactivity, and attempt a targeted reorder based on the outlet's prior mix.",0.0,3211.13,0.0,0.0,0.0,2.0,1.0,,,,,3211.13,0.0,,,2.0,0.0,,41.0,,,
1493,506,OPP-000092,151,Revenue Recovery,37.39,P3,Monitor,60.0,MEDIUM,"{""revenue_previous_30d"": 9079.99, ""revenue_30d"": 4248.28, ""revenue_growth_30d"": -0.5321, ""revenue_gap_vs_previous_30d"": 4831.71, ""orders_previous_30d"": 4, ""orders_30d"": 2, ""revenue_index_vs_peer"": 0.926}","Review the outlet's recent order decline, identify the lost SKU/category demand, and schedule a recovery visit with a targeted reorder proposal.",4248.28,9079.99,4248.28,10.064638772460338,0.9261615770742154,1.0,1.0,,,,,9079.99,4248.28,-0.5321,4831.71,4.0,2.0,0.926,,,,
1495,313,OPP-000236,385,Inactive Outlet,37.36,P3,Monitor,70.0,MEDIUM,"{""revenue_previous_30d"": 4344.07, ""revenue_30d"": 0.0, ""orders_previous_30d"": 2, ""orders_30d"": 0, ""days_since_last_order"": 31}","Prioritize a win-back visit, diagnose the reason for inactivity, and attempt a targeted reorder based on the outlet's prior mix.",0.0,4344.07,0.0,0.0,0.0,2.0,2.0,,,,,4344.07,0.0,,,2.0,0.0,,31.0,,,
1496,314,OPP-001406,2113,Inactive Outlet,37.34,P3,Monitor,70.0,MEDIUM,"{""revenue_previous_30d"": 3917.6, ""revenue_30d"": 0.0, ""orders_previous_30d"": 2, ""orders_30d"": 0, ""days_since_last_order"": 34}","Prioritize a win-back visit, diagnose the reason for inactivity, and attempt a targeted reorder based on the outlet's prior mix.",0.0,3917.6,0.0,0.0,0.0,2.0,1.0,,,,,3917.6,0.0,,,2.0,0.0,,34.0,,,
1497,315,OPP-001385,2090,Inactive Outlet,37.3,P3,Monitor,70.0,MEDIUM,"{""revenue_previous_30d"": 3261.65, ""revenue_30d"": 0.0, ""orders_previous_30d"": 1, ""orders_30d"": 0, ""days_since_last_order"": 46}","Prioritize a win-back visit, diagnose the reason for inactivity, and attempt a targeted reorder based on the outlet's prior mix.",0.0,3261.65,0.0,0.0,0.0,1.0,0.0,,,,,3261.65,0.0,,,1.0,0.0,,46.0,,,
1498,507,OPP-000090,150,Revenue Recovery,37.27,P3,Monitor,60.0,MEDIUM,"{""revenue_previous_30d"": 6557.43, ""revenue_30d"": 2112.5, ""revenue_growth_30d"": -0.6778, ""revenue_gap_vs_previous_30d"": 4444.93, ""orders_previous_30d"": 3, ""orders_30d"": 2, ""revenue_index_vs_peer"": 1.736}","Review the outlet's recent order decline, identify the lost SKU/category demand, and schedule a recovery visit with a targeted reorder proposal.",2112.5,6557.43,2112.5,23.28658081642069,1.7360683086380186,1.0,0.0,,,,,6557.43,2112.5,-0.6778,4444.93,3.0,2.0,1.736,,,,
1499,316,OPP-001587,2356,Inactive Outlet,37.2,P3,Monitor,70.0,MEDIUM,"{""revenue_previous_30d"": 2297.44, ""revenue_30d"": 0.0, ""orders_previous_30d"": 1, ""orders_30d"": 0, ""days_since_last_order"": 56}","Prioritize a win-back visit, diagnose the reason for inactivity, and attempt a targeted reorder based on the outlet's prior mix.",0.0,2297.44,0.0,0.0,0.0,3.0,0.0,,,,,2297.44,0.0,,,1.0,0.0,,56.0,,,
1500,567,OPP-000022,37,Cross-Sell,37.17,P3,Monitor,87.0,HIGH,"{""target_category"": ""Beverages"", ""territory_category_rank"": 2, ""territory_category_orders_90d"": 500, ""current_category_count_90d"": 3}","Introduce Beverages during the next outlet visit and assess fit, expected demand, and an initial reorder quantity.",615.5,668.8399999999999,307.75,3.67883721249932,0.5775384009082976,2.0,2.0,Beverages,2.0,500.0,3.0,,,,,,,,,,,
1501,568,OPP-001109,1698,Cross-Sell,37.17,P3,Monitor,87.0,HIGH,"{""target_category"": ""Beverages"", ""territory_category_rank"": 2, ""territory_category_orders_90d"": 500, ""current_category_count_90d"": 3}","Introduce Beverages during the next outlet visit and assess fit, expected demand, and an initial reorder quantity.",9208.86,0.0,2302.215,21.51714914118189,1.573362628951406,4.0,4.0,Beverages,2.0,500.0,3.0,,,,,,,,,,,
1502,569,OPP-001298,1948,Cross-Sell,37.17,P3,Monitor,87.0,HIGH,"{""target_category"": ""Beverages"", ""territory_category_rank"": 2, ""territory_category_orders_90d"": 500, ""current_category_count_90d"": 3}","Introduce Beverages during the next outlet visit and assess fit, expected demand, and an initial reorder quantity.",0.0,0.0,0.0,0.0,0.0,2.0,2.0,Beverages,2.0,500.0,3.0,,,,,,,,,,,
1503,508,OPP-002026,2952,Revenue Recovery,37.09,P3,Monitor,60.0,MEDIUM,"{""revenue_previous_30d"": 6270.92, ""revenue_30d"": 2139.91, ""revenue_growth_30d"": -0.6588, ""revenue_gap_vs_previous_30d"": 4131.01, ""orders_previous_30d"": 2, ""orders_30d"": 1, ""revenue_index_vs_peer"": 1.499}","Review the outlet's recent order decline, identify the lost SKU/category demand, and schedule a recovery visit with a targeted reorder proposal.",2139.91,6270.92,2139.91,11.905910420390898,1.4991663163794309,1.0,0.0,,,,,6270.92,2139.91,-0.6588,4131.01,2.0,1.0,1.499,,,,
1504,509,OPP-002043,2976,Revenue Recovery,37.06,P3,Monitor,60.0,MEDIUM,"{""revenue_previous_30d"": 9039.43, ""revenue_30d"": 3805.05, ""revenue_growth_30d"": -0.5791, ""revenue_gap_vs_previous_30d"": 5234.38, ""orders_previous_30d"": 3, ""orders_30d"": 2, ""revenue_index_vs_peer"": 2.049}","Review the outlet's recent order decline, identify the lost SKU/category demand, and schedule a recovery visit with a targeted reorder proposal.",3805.05,9039.43,3805.05,21.68845078097346,2.049472153398686,1.0,0.0,,,,,9039.43,3805.05,-0.5791,5234.38,3.0,2.0,2.049,,,,
1505,510,OPP-000064,115,Revenue Recovery,37.02,P3,Monitor,60.63,MEDIUM,"{""revenue_previous_30d"": 3675.82, ""revenue_30d"": 1015.85, ""revenue_growth_30d"": -0.7236, ""revenue_gap_vs_previous_30d"": 2659.97, ""orders_previous_30d"": 2, ""orders_30d"": 1, ""revenue_index_vs_peer"": 0.835}","Review the outlet's recent order decline, identify the lost SKU/category demand, and schedule a recovery visit with a targeted reorder proposal.",1015.85,3675.82,507.925,5.960071015110073,0.8348331319905,2.0,2.0,,,,,3675.82,1015.85,-0.7236,2659.97,2.0,1.0,0.835,,,,
1506,317,OPP-000384,610,Inactive Outlet,36.97,P3,Monitor,70.0,MEDIUM,"{""revenue_previous_30d"": 2552.3, ""revenue_30d"": 0.0, ""orders_previous_30d"": 1, ""orders_30d"": 0, ""days_since_last_order"": 53}","Prioritize a win-back visit, diagnose the reason for inactivity, and attempt a targeted reorder based on the outlet's prior mix.",0.0,2552.3,0.0,0.0,0.0,0.0,0.0,,,,,2552.3,0.0,,,1.0,0.0,,53.0,,,
1507,318,OPP-001306,1963,Inactive Outlet,36.9,P3,Monitor,70.0,MEDIUM,"{""revenue_previous_30d"": 5034.31, ""revenue_30d"": 0.0, ""orders_previous_30d"": 1, ""orders_30d"": 0, ""days_since_last_order"": 33}","Prioritize a win-back visit, diagnose the reason for inactivity, and attempt a targeted reorder based on the outlet's prior mix.",0.0,5034.31,0.0,0.0,0.0,1.0,1.0,,,,,5034.31,0.0,,,1.0,0.0,,33.0,,,
1508,511,OPP-000203,335,Revenue Recovery,36.89,P3,Monitor,60.0,MEDIUM,"{""revenue_previous_30d"": 27920.85, ""revenue_30d"": 18772.58, ""revenue_growth_30d"": -0.3277, ""revenue_gap_vs_previous_30d"": 9148.27, ""orders_previous_30d"": 3, ""orders_30d"": 3, ""revenue_index_vs_peer"": 0.923}","Review the outlet's recent order decline, identify the lost SKU/category demand, and schedule a recovery visit with a targeted reorder proposal.",18772.58,27920.85,4693.145,33.319157923882315,0.9226385211306544,4.0,4.0,,,,,27920.85,18772.58,-0.3277,9148.27,3.0,3.0,0.923,,,,
1509,319,OPP-001233,1857,Inactive Outlet,36.84,P3,Monitor,70.0,MEDIUM,"{""revenue_previous_30d"": 3832.63, ""revenue_30d"": 0.0, ""orders_previous_30d"": 2, ""orders_30d"": 0, ""days_since_last_order"": 34}","Prioritize a win-back visit, diagnose the reason for inactivity, and attempt a targeted reorder based on the outlet's prior mix.",0.0,3832.63,0.0,0.0,0.0,4.0,2.0,,,,,3832.63,0.0,,,2.0,0.0,,34.0,,,
1510,320,OPP-001518,2260,Inactive Outlet,36.81,P3,Monitor,70.0,MEDIUM,"{""revenue_previous_30d"": 2672.27, ""revenue_30d"": 0.0, ""orders_previous_30d"": 1, ""orders_30d"": 0, ""days_since_last_order"": 51}","Prioritize a win-back visit, diagnose the reason for inactivity, and attempt a targeted reorder based on the outlet's prior mix.",0.0,2672.27,0.0,0.0,0.0,3.0,1.0,,,,,2672.27,0.0,,,1.0,0.0,,51.0,,,
1511,512,OPP-001869,2744,Revenue Recovery,36.81,P3,Monitor,60.0,MEDIUM,"{""revenue_previous_30d"": 13795.97, ""revenue_30d"": 7256.57, ""revenue_growth_30d"": -0.474, ""revenue_gap_vs_previous_30d"": 6539.4, ""orders_previous_30d"": 4, ""orders_30d"": 3, ""revenue_index_vs_peer"": 1.283}","Review the outlet's recent order decline, identify the lost SKU/category demand, and schedule a recovery visit with a targeted reorder proposal.",7256.57,13795.97,7256.57,18.057143283723224,1.2829204301759631,1.0,0.0,,,,,13795.97,7256.57,-0.474,6539.4,4.0,3.0,1.283,,,,
1512,321,OPP-001425,2134,Inactive Outlet,36.79,P3,Monitor,70.0,MEDIUM,"{""revenue_previous_30d"": 4164.38, ""revenue_30d"": 0.0, ""orders_previous_30d"": 1, ""orders_30d"": 0, ""days_since_last_order"": 38}","Prioritize a win-back visit, diagnose the reason for inactivity, and attempt a targeted reorder based on the outlet's prior mix.",0.0,4164.38,0.0,0.0,0.0,6.0,1.0,,,,,4164.38,0.0,,,1.0,0.0,,38.0,,,
1513,513,OPP-001661,2458,Revenue Recovery,36.64,P3,Monitor,60.0,MEDIUM,"{""revenue_previous_30d"": 10624.0, ""revenue_30d"": 4892.88, ""revenue_growth_30d"": -0.5395, ""revenue_gap_vs_previous_30d"": 5731.12, ""orders_previous_30d"": 3, ""orders_30d"": 3, ""revenue_index_vs_peer"": 0.868}","Review the outlet's recent order decline, identify the lost SKU/category demand, and schedule a recovery visit with a targeted reorder proposal.",4892.88,10624.0,4892.88,26.209542028848627,0.8680875524937062,1.0,0.0,,,,,10624.0,4892.88,-0.5395,5731.12,3.0,3.0,0.868,,,,
1514,514,OPP-001297,1947,Revenue Recovery,36.62,P3,Monitor,60.0,MEDIUM,"{""revenue_previous_30d"": 5811.34, ""revenue_30d"": 2423.86, ""revenue_growth_30d"": -0.5829, ""revenue_gap_vs_previous_30d"": 3387.48, ""orders_previous_30d"": 1, ""orders_30d"": 2, ""revenue_index_vs_peer"": 0.528}","Review the outlet's recent order decline, identify the lost SKU/category demand, and schedule a recovery visit with a targeted reorder proposal.",2423.862,5811.34,0.0,6.869628899884196,0.5284227622779718,0.0,0.0,,,,,5811.34,2423.86,-0.5829,3387.48,1.0,2.0,0.528,,,,
1515,570,OPP-000240,391,Cross-Sell,36.57,P3,Monitor,85.0,HIGH,"{""target_category"": ""Beverages"", ""territory_category_rank"": 2, ""territory_category_orders_90d"": 611, ""current_category_count_90d"": 4}","Introduce Beverages during the next outlet visit and assess fit, expected demand, and an initial reorder quantity.",1475.75,1805.04,368.9375,18.423217547707733,1.0338727756760544,4.0,3.0,Beverages,2.0,611.0,4.0,,,,,,,,,,,
1516,571,OPP-000720,1114,Cross-Sell,36.57,P3,Monitor,85.0,HIGH,"{""target_category"": ""Beverages"", ""territory_category_rank"": 2, ""territory_category_orders_90d"": 611, ""current_category_count_90d"": 4}","Introduce Beverages during the next outlet visit and assess fit, expected demand, and an initial reorder quantity.",0.0,4161.78,0.0,0.0,0.0,0.0,0.0,Beverages,2.0,611.0,4.0,,,,,,,,,,,
1517,572,OPP-000987,1524,Cross-Sell,36.57,P3,Monitor,85.0,HIGH,"{""target_category"": ""Beverages"", ""territory_category_rank"": 2, ""territory_category_orders_90d"": 611, ""current_category_count_90d"": 4}","Introduce Beverages during the next outlet visit and assess fit, expected demand, and an initial reorder quantity.",1356.75,3145.59,452.25,7.732765209481421,1.0,3.0,2.0,Beverages,2.0,611.0,4.0,,,,,,,,,,,
1518,573,OPP-001064,1631,Cross-Sell,36.57,P3,Monitor,85.0,HIGH,"{""target_category"": ""Beverages"", ""territory_category_rank"": 2, ""territory_category_orders_90d"": 611, ""current_category_count_90d"": 4}","Introduce Beverages during the next outlet visit and assess fit, expected demand, and an initial reorder quantity.",3823.25,327.95,1911.625,20.498856900205027,2.678471346504133,2.0,1.0,Beverages,2.0,611.0,4.0,,,,,,,,,,,
1520,574,OPP-001938,2837,Cross-Sell,36.57,P3,Monitor,85.0,HIGH,"{""target_category"": ""Beverages"", ""territory_category_rank"": 2, ""territory_category_orders_90d"": 611, ""current_category_count_90d"": 4}","Introduce Beverages during the next outlet visit and assess fit, expected demand, and an initial reorder quantity.",2843.01,3039.79,947.67,13.529612758432302,2.095456053067993,3.0,3.0,Beverages,2.0,611.0,4.0,,,,,,,,,,,
1519,322,OPP-001215,1836,Inactive Outlet,36.57,P3,Monitor,70.0,MEDIUM,"{""revenue_previous_30d"": 3444.8, ""revenue_30d"": 0.0, ""orders_previous_30d"": 2, ""orders_30d"": 0, ""days_since_last_order"": 37}","Prioritize a win-back visit, diagnose the reason for inactivity, and attempt a targeted reorder based on the outlet's prior mix.",0.0,3444.8,0.0,0.0,0.0,1.0,0.0,,,,,3444.8,0.0,,,2.0,0.0,,37.0,,,
1521,323,OPP-001859,2726,Inactive Outlet,36.53,P3,Monitor,70.0,MEDIUM,"{""revenue_previous_30d"": 2134.51, ""revenue_30d"": 0.0, ""orders_previous_30d"": 1, ""orders_30d"": 0, ""days_since_last_order"": 57}","Prioritize a win-back visit, diagnose the reason for inactivity, and attempt a targeted reorder based on the outlet's prior mix.",0.0,2134.51,0.0,0.0,0.0,2.0,0.0,,,,,2134.51,0.0,,,1.0,0.0,,57.0,,,
1522,515,OPP-000280,450,Revenue Recovery,36.46,P3,Monitor,60.0,MEDIUM,"{""revenue_previous_30d"": 4987.06, ""revenue_30d"": 1427.4, ""revenue_growth_30d"": -0.7138, ""revenue_gap_vs_previous_30d"": 3559.66, ""orders_previous_30d"": 2, ""orders_30d"": 1, ""revenue_index_vs_peer"": 1.0}","Review the outlet's recent order decline, identify the lost SKU/category demand, and schedule a recovery visit with a targeted reorder proposal.",1427.4,4987.06,0.0,8.404766587254949,1.0,0.0,0.0,,,,,4987.06,1427.4,-0.7138,3559.66,2.0,1.0,1.0,,,,
1523,516,OPP-001123,1714,Revenue Recovery,36.45,P3,Monitor,60.0,MEDIUM,"{""revenue_previous_30d"": 5565.2, ""revenue_30d"": 2558.45, ""revenue_growth_30d"": -0.5403, ""revenue_gap_vs_previous_30d"": 3006.75, ""orders_previous_30d"": 2, ""orders_30d"": 2, ""revenue_index_vs_peer"": 0.417}","Review the outlet's recent order decline, identify the lost SKU/category demand, and schedule a recovery visit with a targeted reorder proposal.",2558.45,5565.2,0.0,6.622347708910227,0.4174015045346497,0.0,0.0,,,,,5565.2,2558.45,-0.5403,3006.75,2.0,2.0,0.417,,,,
1524,324,OPP-000398,627,Inactive Outlet,36.35,P3,Monitor,70.0,MEDIUM,"{""revenue_previous_30d"": 1997.73, ""revenue_30d"": 0.0, ""orders_previous_30d"": 1, ""orders_30d"": 0, ""days_since_last_order"": 58}","Prioritize a win-back visit, diagnose the reason for inactivity, and attempt a targeted reorder based on the outlet's prior mix.",0.0,1997.73,0.0,0.0,0.0,1.0,0.0,,,,,1997.73,0.0,,,1.0,0.0,,58.0,,,
1525,517,OPP-001490,2221,Revenue Recovery,36.34,P3,Monitor,60.0,MEDIUM,"{""revenue_previous_30d"": 3769.06, ""revenue_30d"": 1535.0, ""revenue_growth_30d"": -0.5927, ""revenue_gap_vs_previous_30d"": 2234.06, ""orders_previous_30d"": 1, ""orders_30d"": 1, ""revenue_index_vs_peer"": 0.335}","Review the outlet's recent order decline, identify the lost SKU/category demand, and schedule a recovery visit with a targeted reorder proposal.",1535.0,3769.06,0.0,14.11331394105044,0.334643201674306,0.0,0.0,,,,,3769.06,1535.0,-0.5927,2234.06,1.0,1.0,0.335,,,,
1526,325,OPP-001866,2739,Inactive Outlet,36.24,P3,Monitor,70.0,MEDIUM,"{""revenue_previous_30d"": 3474.77, ""revenue_30d"": 0.0, ""orders_previous_30d"": 2, ""orders_30d"": 0, ""days_since_last_order"": 36}","Prioritize a win-back visit, diagnose the reason for inactivity, and attempt a targeted reorder based on the outlet's prior mix.",0.0,3474.7700000000004,0.0,0.0,0.0,4.0,2.0,,,,,3474.77,0.0,,,2.0,0.0,,36.0,,,
1527,326,OPP-001881,2760,Inactive Outlet,36.23,P3,Monitor,70.0,MEDIUM,"{""revenue_previous_30d"": 3585.0, ""revenue_30d"": 0.0, ""orders_previous_30d"": 3, ""orders_30d"": 0, ""days_since_last_order"": 30}","Prioritize a win-back visit, diagnose the reason for inactivity, and attempt a targeted reorder based on the outlet's prior mix.",0.0,3585.0,0.0,17.23471405238791,0.0,0.0,0.0,,,,,3585.0,0.0,,,3.0,0.0,,30.0,,,
1528,518,OPP-000363,580,Revenue Recovery,36.11,P3,Monitor,60.0,MEDIUM,"{""revenue_previous_30d"": 6746.05, ""revenue_30d"": 2559.2, ""revenue_growth_30d"": -0.6206, ""revenue_gap_vs_previous_30d"": 4186.85, ""orders_previous_30d"": 4, ""orders_30d"": 2, ""revenue_index_vs_peer"": 1.793}","Review the outlet's recent order decline, identify the lost SKU/category demand, and schedule a recovery visit with a targeted reorder proposal.",2559.2,6746.05,639.8,14.930780616355598,1.792910186352809,4.0,3.0,,,,,6746.05,2559.2,-0.6206,4186.85,4.0,2.0,1.793,,,,
1529,327,OPP-001199,1811,Inactive Outlet,36.07,P3,Monitor,70.0,MEDIUM,"{""revenue_previous_30d"": 2616.84, ""revenue_30d"": 0.0, ""orders_previous_30d"": 2, ""orders_30d"": 0, ""days_since_last_order"": 45}","Prioritize a win-back visit, diagnose the reason for inactivity, and attempt a targeted reorder based on the outlet's prior mix.",0.0,2616.84,0.0,0.0,0.0,3.0,2.0,,,,,2616.84,0.0,,,2.0,0.0,,45.0,,,
1530,519,OPP-001338,2013,Revenue Recovery,35.99,P3,Monitor,60.0,MEDIUM,"{""revenue_previous_30d"": 8535.07, ""revenue_30d"": 4183.18, ""revenue_growth_30d"": -0.5099, ""revenue_gap_vs_previous_30d"": 4351.89, ""orders_previous_30d"": 4, ""orders_30d"": 1, ""revenue_index_vs_peer"": 2.868}","Review the outlet's recent order decline, identify the lost SKU/category demand, and schedule a recovery visit with a targeted reorder proposal.",4183.18,8535.07,0.0,24.437859936135983,2.8680401768880057,0.0,0.0,,,,,8535.07,4183.18,-0.5099,4351.89,4.0,1.0,2.868,,,,
1531,520,OPP-001809,2639,Revenue Recovery,35.97,P3,Monitor,60.0,MEDIUM,"{""revenue_previous_30d"": 10361.69, ""revenue_30d"": 5190.97, ""revenue_growth_30d"": -0.499, ""revenue_gap_vs_previous_30d"": 5170.72, ""orders_previous_30d"": 2, ""orders_30d"": 1, ""revenue_index_vs_peer"": 1.073}","Review the outlet's recent order decline, identify the lost SKU/category demand, and schedule a recovery visit with a targeted reorder proposal.",5190.97,10361.69,0.0,12.573912432645852,1.0734903631400443,0.0,0.0,,,,,10361.69,5190.97,-0.499,5170.72,2.0,1.0,1.073,,,,
1532,575,OPP-000033,52,Cross-Sell,35.93,P3,Monitor,73.0,MEDIUM,"{""target_category"": ""Personal Care"", ""territory_category_rank"": 4, ""territory_category_orders_90d"": 787, ""current_category_count_90d"": 3}","Introduce Personal Care during the next outlet visit and assess fit, expected demand, and an initial reorder quantity.",0.0,0.0,0.0,0.0,0.0,2.0,2.0,Personal Care,4.0,787.0,3.0,,,,,,,,,,,
1533,576,OPP-000553,872,Cross-Sell,35.93,P3,Monitor,73.0,MEDIUM,"{""target_category"": ""Personal Care"", ""territory_category_rank"": 4, ""territory_category_orders_90d"": 787, ""current_category_count_90d"": 3}","Introduce Personal Care during the next outlet visit and assess fit, expected demand, and an initial reorder quantity.",587.25,0.0,293.625,2.8686824870414687,0.4066743765711239,2.0,2.0,Personal Care,4.0,787.0,3.0,,,,,,,,,,,
1534,577,OPP-000753,1168,Cross-Sell,35.93,P3,Monitor,73.0,MEDIUM,"{""target_category"": ""Personal Care"", ""territory_category_rank"": 4, ""territory_category_orders_90d"": 787, ""current_category_count_90d"": 3}","Introduce Personal Care during the next outlet visit and assess fit, expected demand, and an initial reorder quantity.",2467.37,0.0,2467.37,12.337750655797873,1.32897231498438,1.0,0.0,Personal Care,4.0,787.0,3.0,,,,,,,,,,,
1535,578,OPP-001004,1546,Cross-Sell,35.93,P3,Monitor,73.0,MEDIUM,"{""target_category"": ""Personal Care"", ""territory_category_rank"": 4, ""territory_category_orders_90d"": 787, ""current_category_count_90d"": 3}","Introduce Personal Care during the next outlet visit and assess fit, expected demand, and an initial reorder quantity.",2196.13,1020.49,0.0,11.367832697769686,1.1828773025961437,0.0,0.0,Personal Care,4.0,787.0,3.0,,,,,,,,,,,
1536,579,OPP-001632,2414,Cross-Sell,35.93,P3,Monitor,73.0,MEDIUM,"{""target_category"": ""Personal Care"", ""territory_category_rank"": 4, ""territory_category_orders_90d"": 787, ""current_category_count_90d"": 3}","Introduce Personal Care during the next outlet visit and assess fit, expected demand, and an initial reorder quantity.",0.0,2625.25,0.0,4.831333521486447,0.0,1.0,1.0,Personal Care,4.0,787.0,3.0,,,,,,,,,,,
1537,580,OPP-001718,2538,Cross-Sell,35.93,P3,Monitor,73.0,MEDIUM,"{""target_category"": ""Personal Care"", ""territory_category_rank"": 4, ""territory_category_orders_90d"": 787, ""current_category_count_90d"": 3}","Introduce Personal Care during the next outlet visit and assess fit, expected demand, and an initial reorder quantity.",1645.96,0.0,822.98,7.65039005852737,1.1398378150038435,2.0,1.0,Personal Care,4.0,787.0,3.0,,,,,,,,,,,
1538,521,OPP-001303,1958,Revenue Recovery,35.85,P3,Monitor,60.0,MEDIUM,"{""revenue_previous_30d"": 7036.35, ""revenue_30d"": 2787.01, ""revenue_growth_30d"": -0.6039, ""revenue_gap_vs_previous_30d"": 4249.34, ""orders_previous_30d"": 4, ""orders_30d"": 2, ""revenue_index_vs_peer"": 1.93}","Review the outlet's recent order decline, identify the lost SKU/category demand, and schedule a recovery visit with a targeted reorder proposal.",2787.01,7036.35,0.0,16.1707818750961,1.9300222294550669,0.0,0.0,,,,,7036.35,2787.01,-0.6039,4249.34,4.0,2.0,1.93,,,,
1539,328,OPP-001315,1979,Inactive Outlet,35.8,P3,Monitor,70.0,MEDIUM,"{""revenue_previous_30d"": 3953.66, ""revenue_30d"": 0.0, ""orders_previous_30d"": 2, ""orders_30d"": 0, ""days_since_last_order"": 32}","Prioritize a win-back visit, diagnose the reason for inactivity, and attempt a targeted reorder based on the outlet's prior mix.",0.0,3953.66,0.0,0.0,0.0,3.0,0.0,,,,,3953.66,0.0,,,2.0,0.0,,32.0,,,
1540,522,OPP-001951,2851,Revenue Recovery,35.67,P3,Monitor,60.0,MEDIUM,"{""revenue_previous_30d"": 11156.72, ""revenue_30d"": 5013.68, ""revenue_growth_30d"": -0.5506, ""revenue_gap_vs_previous_30d"": 6143.05, ""orders_previous_30d"": 2, ""orders_30d"": 2, ""revenue_index_vs_peer"": 1.02}","Review the outlet's recent order decline, identify the lost SKU/category demand, and schedule a recovery visit with a targeted reorder proposal.",5013.675,11156.72,5013.675,12.66650177756848,1.0203742089501209,1.0,1.0,,,,,11156.72,5013.68,-0.5506,6143.05,2.0,2.0,1.02,,,,
1541,523,OPP-000118,203,Revenue Recovery,35.57,P3,Monitor,60.0,MEDIUM,"{""revenue_previous_30d"": 18547.27, ""revenue_30d"": 10673.54, ""revenue_growth_30d"": -0.4245, ""revenue_gap_vs_previous_30d"": 7873.73, ""orders_previous_30d"": 3, ""orders_30d"": 3, ""revenue_index_vs_peer"": 2.327}","Review the outlet's recent order decline, identify the lost SKU/category demand, and schedule a recovery visit with a targeted reorder proposal.",10673.54,18547.27,10673.54,24.705661506739958,2.3269235171327507,1.0,0.0,,,,,18547.27,10673.54,-0.4245,7873.73,3.0,3.0,2.327,,,,
1542,524,OPP-001856,2724,Revenue Recovery,35.47,P3,Monitor,60.0,MEDIUM,"{""revenue_previous_30d"": 5854.25, ""revenue_30d"": 2227.71, ""revenue_growth_30d"": -0.6195, ""revenue_gap_vs_previous_30d"": 3626.54, ""orders_previous_30d"": 3, ""orders_30d"": 1, ""revenue_index_vs_peer"": 1.652}","Review the outlet's recent order decline, identify the lost SKU/category demand, and schedule a recovery visit with a targeted reorder proposal.",2227.71,5854.25,2227.71,12.669897114777593,1.6524199829395838,1.0,1.0,,,,,5854.25,2227.71,-0.6195,3626.54,3.0,1.0,1.652,,,,
1543,329,OPP-001326,1996,Inactive Outlet,35.42,P3,Monitor,70.0,MEDIUM,"{""revenue_previous_30d"": 1582.92, ""revenue_30d"": 0.0, ""orders_previous_30d"": 2, ""orders_30d"": 0, ""days_since_last_order"": 56}","Prioritize a win-back visit, diagnose the reason for inactivity, and attempt a targeted reorder based on the outlet's prior mix.",0.0,1582.92,0.0,0.0,0.0,1.0,1.0,,,,,1582.92,0.0,,,2.0,0.0,,56.0,,,
1544,330,OPP-000123,211,Inactive Outlet,35.36,P3,Monitor,70.0,MEDIUM,"{""revenue_previous_30d"": 2184.15, ""revenue_30d"": 0.0, ""orders_previous_30d"": 1, ""orders_30d"": 0, ""days_since_last_order"": 55}","Prioritize a win-back visit, diagnose the reason for inactivity, and attempt a targeted reorder based on the outlet's prior mix.",0.0,2184.15,0.0,0.0,0.0,4.0,4.0,,,,,2184.15,0.0,,,1.0,0.0,,55.0,,,
1545,525,OPP-000421,662,Revenue Recovery,35.26,P3,Monitor,60.0,MEDIUM,"{""revenue_previous_30d"": 11764.02, ""revenue_30d"": 6135.18, ""revenue_growth_30d"": -0.4785, ""revenue_gap_vs_previous_30d"": 5628.84, ""orders_previous_30d"": 3, ""orders_30d"": 2, ""revenue_index_vs_peer"": 1.085}","Review the outlet's recent order decline, identify the lost SKU/category demand, and schedule a recovery visit with a targeted reorder proposal.",6135.18,11764.02,3067.59,17.193551108187844,1.0846650366229451,2.0,0.0,,,,,11764.02,6135.18,-0.4785,5628.84,3.0,2.0,1.085,,,,
1546,526,OPP-000821,1260,Revenue Recovery,35.26,P3,Monitor,60.0,MEDIUM,"{""revenue_previous_30d"": 2797.06, ""revenue_30d"": 896.07, ""revenue_growth_30d"": -0.6796, ""revenue_gap_vs_previous_30d"": 1900.99, ""orders_previous_30d"": 2, ""orders_30d"": 1, ""revenue_index_vs_peer"": 0.708}","Review the outlet's recent order decline, identify the lost SKU/category demand, and schedule a recovery visit with a targeted reorder proposal.",896.07,2797.06,448.035,5.369337843384576,0.707583821601731,2.0,0.0,,,,,2797.06,896.07,-0.6796,1900.99,2.0,1.0,0.708,,,,
1547,331,OPP-000170,268,Inactive Outlet,35.22,P3,Monitor,70.0,MEDIUM,"{""revenue_previous_30d"": 4012.3, ""revenue_30d"": 0.0, ""orders_previous_30d"": 2, ""orders_30d"": 0, ""days_since_last_order"": 31}","Prioritize a win-back visit, diagnose the reason for inactivity, and attempt a targeted reorder based on the outlet's prior mix.",0.0,4012.3,0.0,0.0,0.0,2.0,1.0,,,,,4012.3,0.0,,,2.0,0.0,,31.0,,,
1548,527,OPP-001600,2374,Revenue Recovery,35.18,P3,Monitor,60.0,MEDIUM,"{""revenue_previous_30d"": 12471.78, ""revenue_30d"": 7832.98, ""revenue_growth_30d"": -0.3719, ""revenue_gap_vs_previous_30d"": 4638.8, ""orders_previous_30d"": 3, ""orders_30d"": 3, ""revenue_index_vs_peer"": 0.514}","Review the outlet's recent order decline, identify the lost SKU/category demand, and schedule a recovery visit with a targeted reorder proposal.",7832.98,12471.78,1305.496666666667,11.7740819522088,0.5141005547285821,6.0,2.0,,,,,12471.78,7832.98,-0.3719,4638.8,3.0,3.0,0.514,,,,
1549,528,OPP-002039,2971,Revenue Recovery,35.16,P3,Monitor,60.0,MEDIUM,"{""revenue_previous_30d"": 10442.75, ""revenue_30d"": 5666.13, ""revenue_growth_30d"": -0.4574, ""revenue_gap_vs_previous_30d"": 4776.62, ""orders_previous_30d"": 3, ""orders_30d"": 1, ""revenue_index_vs_peer"": 1.153}","Review the outlet's recent order decline, identify the lost SKU/category demand, and schedule a recovery visit with a targeted reorder proposal.",5666.13,10442.75,5666.13,17.354107555019773,1.1531606888277657,1.0,1.0,,,,,10442.75,5666.13,-0.4574,4776.62,3.0,1.0,1.153,,,,
1550,581,OPP-000590,919,Cross-Sell,34.91,P3,Monitor,87.0,HIGH,"{""target_category"": ""Beverages"", ""territory_category_rank"": 2, ""territory_category_orders_90d"": 398, ""current_category_count_90d"": 3}","Introduce Beverages during the next outlet visit and assess fit, expected demand, and an initial reorder quantity.",1378.43,0.0,1378.43,7.019197474284551,1.378954002520958,1.0,0.0,Beverages,2.0,398.0,3.0,,,,,,,,,,,
1551,582,OPP-000866,1335,Cross-Sell,34.91,P3,Monitor,87.0,HIGH,"{""target_category"": ""Beverages"", ""territory_category_rank"": 2, ""territory_category_orders_90d"": 398, ""current_category_count_90d"": 3}","Introduce Beverages during the next outlet visit and assess fit, expected demand, and an initial reorder quantity.",781.58,1051.48,390.79,7.158224675254464,0.7818771133030552,2.0,2.0,Beverages,2.0,398.0,3.0,,,,,,,,,,,
1552,583,OPP-000922,1423,Cross-Sell,34.91,P3,Monitor,87.0,HIGH,"{""target_category"": ""Beverages"", ""territory_category_rank"": 2, ""territory_category_orders_90d"": 398, ""current_category_count_90d"": 3}","Introduce Beverages during the next outlet visit and assess fit, expected demand, and an initial reorder quantity.",0.0,199.26,0.0,0.0,0.0,3.0,2.0,Beverages,2.0,398.0,3.0,,,,,,,,,,,
1553,584,OPP-001107,1696,Cross-Sell,34.91,P3,Monitor,87.0,HIGH,"{""target_category"": ""Beverages"", ""territory_category_rank"": 2, ""territory_category_orders_90d"": 398, ""current_category_count_90d"": 3}","Introduce Beverages during the next outlet visit and assess fit, expected demand, and an initial reorder quantity.",805.63,2419.15,805.63,4.102767023862997,0.8059362557771953,1.0,0.0,Beverages,2.0,398.0,3.0,,,,,,,,,,,
1554,585,OPP-001525,2269,Cross-Sell,34.91,P3,Monitor,87.0,HIGH,"{""target_category"": ""Beverages"", ""territory_category_rank"": 2, ""territory_category_orders_90d"": 398, ""current_category_count_90d"": 3}","Introduce Beverages during the next outlet visit and assess fit, expected demand, and an initial reorder quantity.",0.0,2638.54,0.0,6.279815756870663,0.0,3.0,2.0,Beverages,2.0,398.0,3.0,,,,,,,,,,,
1555,529,OPP-001937,2836,Revenue Recovery,34.91,P3,Monitor,60.0,MEDIUM,"{""revenue_previous_30d"": 2698.13, ""revenue_30d"": 765.54, ""revenue_growth_30d"": -0.7163, ""revenue_gap_vs_previous_30d"": 1932.59, ""orders_previous_30d"": 1, ""orders_30d"": 1, ""revenue_index_vs_peer"": 0.536}","Review the outlet's recent order decline, identify the lost SKU/category demand, and schedule a recovery visit with a targeted reorder proposal.",765.54,2698.13,765.54,3.917150080667073,0.5363177805800756,1.0,1.0,,,,,2698.13,765.54,-0.7163,1932.59,1.0,1.0,0.536,,,,
1556,530,OPP-001574,2338,Revenue Recovery,34.71,P3,Monitor,60.0,MEDIUM,"{""revenue_previous_30d"": 5225.86, ""revenue_30d"": 2983.44, ""revenue_growth_30d"": -0.4291, ""revenue_gap_vs_previous_30d"": 2242.42, ""orders_previous_30d"": 3, ""orders_30d"": 1, ""revenue_index_vs_peer"": 0.507}","Review the outlet's recent order decline, identify the lost SKU/category demand, and schedule a recovery visit with a targeted reorder proposal.",2983.44,5225.860000000001,2983.44,7.3859371503152,0.5069092947982772,1.0,1.0,,,,,5225.86,2983.44,-0.4291,2242.42,3.0,1.0,0.507,,,,
1557,332,OPP-001931,2825,Inactive Outlet,34.65,P3,Monitor,70.0,MEDIUM,"{""revenue_previous_30d"": 2187.73, ""revenue_30d"": 0.0, ""orders_previous_30d"": 1, ""orders_30d"": 0, ""days_since_last_order"": 54}","Prioritize a win-back visit, diagnose the reason for inactivity, and attempt a targeted reorder based on the outlet's prior mix.",0.0,2187.73,0.0,0.0,0.0,2.0,0.0,,,,,2187.73,0.0,,,1.0,0.0,,54.0,,,
1558,531,OPP-001742,2562,Revenue Recovery,34.54,P3,Monitor,60.0,MEDIUM,"{""revenue_previous_30d"": 8119.75, ""revenue_30d"": 3621.53, ""revenue_growth_30d"": -0.554, ""revenue_gap_vs_previous_30d"": 4498.22, ""orders_previous_30d"": 3, ""orders_30d"": 3, ""revenue_index_vs_peer"": 0.79}","Review the outlet's recent order decline, identify the lost SKU/category demand, and schedule a recovery visit with a targeted reorder proposal.",3621.53,8119.75,3621.53,8.629026647185695,0.7895246867488921,1.0,1.0,,,,,8119.75,3621.53,-0.554,4498.22,3.0,3.0,0.79,,,,
1559,333,OPP-001077,1648,Inactive Outlet,34.51,P3,Monitor,70.0,MEDIUM,"{""revenue_previous_30d"": 1947.78, ""revenue_30d"": 0.0, ""orders_previous_30d"": 1, ""orders_30d"": 0, ""days_since_last_order"": 57}","Prioritize a win-back visit, diagnose the reason for inactivity, and attempt a targeted reorder based on the outlet's prior mix.",0.0,1947.78,0.0,0.0,0.0,5.0,2.0,,,,,1947.78,0.0,,,1.0,0.0,,57.0,,,
1560,334,OPP-000376,599,Inactive Outlet,34.36,P3,Monitor,70.0,MEDIUM,"{""revenue_previous_30d"": 3580.93, ""revenue_30d"": 0.0, ""orders_previous_30d"": 1, ""orders_30d"": 0, ""days_since_last_order"": 39}","Prioritize a win-back visit, diagnose the reason for inactivity, and attempt a targeted reorder based on the outlet's prior mix.",0.0,3580.93,0.0,0.0,0.0,2.0,1.0,,,,,3580.93,0.0,,,1.0,0.0,,39.0,,,
1561,335,OPP-000048,75,Inactive Outlet,34.21,P3,Monitor,70.0,MEDIUM,"{""revenue_previous_30d"": 1841.06, ""revenue_30d"": 0.0, ""orders_previous_30d"": 1, ""orders_30d"": 0, ""days_since_last_order"": 58}","Prioritize a win-back visit, diagnose the reason for inactivity, and attempt a targeted reorder based on the outlet's prior mix.",0.0,1841.06,0.0,0.0,0.0,2.0,1.0,,,,,1841.06,0.0,,,1.0,0.0,,58.0,,,
1562,532,OPP-001546,2299,Revenue Recovery,34.14,P3,Monitor,60.0,MEDIUM,"{""revenue_previous_30d"": 3225.74, ""revenue_30d"": 938.85, ""revenue_growth_30d"": -0.709, ""revenue_gap_vs_previous_30d"": 2286.89, ""orders_previous_30d"": 2, ""orders_30d"": 1, ""revenue_index_vs_peer"": 0.881}","Review the outlet's recent order decline, identify the lost SKU/category demand, and schedule a recovery visit with a targeted reorder proposal.",938.85,3225.74,469.425,4.335158023055274,0.8809454552278719,2.0,0.0,,,,,3225.74,938.85,-0.709,2286.89,2.0,1.0,0.881,,,,
1563,336,OPP-000908,1408,Inactive Outlet,34.06,P3,Monitor,70.0,MEDIUM,"{""revenue_previous_30d"": 2334.86, ""revenue_30d"": 0.0, ""orders_previous_30d"": 2, ""orders_30d"": 0, ""days_since_last_order"": 45}","Prioritize a win-back visit, diagnose the reason for inactivity, and attempt a targeted reorder based on the outlet's prior mix.",0.0,2334.86,0.0,0.0,0.0,2.0,0.0,,,,,2334.86,0.0,,,2.0,0.0,,45.0,,,
1564,337,OPP-000141,238,Inactive Outlet,34.04,P3,Monitor,70.0,MEDIUM,"{""revenue_previous_30d"": 3213.41, ""revenue_30d"": 0.0, ""orders_previous_30d"": 1, ""orders_30d"": 0, ""days_since_last_order"": 43}","Prioritize a win-back visit, diagnose the reason for inactivity, and attempt a targeted reorder based on the outlet's prior mix.",0.0,3213.41,0.0,0.0,0.0,2.0,0.0,,,,,3213.41,0.0,,,1.0,0.0,,43.0,,,
1565,338,OPP-000920,1418,Inactive Outlet,33.95,P3,Monitor,70.0,MEDIUM,"{""revenue_previous_30d"": 3413.23, ""revenue_30d"": 0.0, ""orders_previous_30d"": 2, ""orders_30d"": 0, ""days_since_last_order"": 34}","Prioritize a win-back visit, diagnose the reason for inactivity, and attempt a targeted reorder based on the outlet's prior mix.",0.0,3413.23,0.0,0.0,0.0,3.0,1.0,,,,,3413.23,0.0,,,2.0,0.0,,34.0,,,
1566,533,OPP-000060,104,Revenue Recovery,33.9,P3,Monitor,60.0,MEDIUM,"{""revenue_previous_30d"": 5015.98, ""revenue_30d"": 1735.58, ""revenue_growth_30d"": -0.654, ""revenue_gap_vs_previous_30d"": 3280.4, ""orders_previous_30d"": 2, ""orders_30d"": 1, ""revenue_index_vs_peer"": 1.216}","Review the outlet's recent order decline, identify the lost SKU/category demand, and schedule a recovery visit with a targeted reorder proposal.",1735.58,5015.98,1735.58,8.406988983501165,1.2159030404932043,1.0,0.0,,,,,5015.98,1735.58,-0.654,3280.4,2.0,1.0,1.216,,,,
1567,339,OPP-001736,2558,Inactive Outlet,33.84,P3,Monitor,70.0,MEDIUM,"{""revenue_previous_30d"": 4232.43, ""revenue_30d"": 0.0, ""orders_previous_30d"": 1, ""orders_30d"": 0, ""days_since_last_order"": 34}","Prioritize a win-back visit, diagnose the reason for inactivity, and attempt a targeted reorder based on the outlet's prior mix.",0.0,4232.43,0.0,0.0,0.0,1.0,0.0,,,,,4232.43,0.0,,,1.0,0.0,,34.0,,,
1568,534,OPP-001046,1597,Revenue Recovery,33.82,P3,Monitor,60.0,MEDIUM,"{""revenue_previous_30d"": 4569.78, ""revenue_30d"": 2075.0, ""revenue_growth_30d"": -0.5459, ""revenue_gap_vs_previous_30d"": 2494.78, ""orders_previous_30d"": 1, ""orders_30d"": 1, ""revenue_index_vs_peer"": 0.452}","Review the outlet's recent order decline, identify the lost SKU/category demand, and schedule a recovery visit with a targeted reorder proposal.",2075.0,4569.78,0.0,6.050192396118197,0.4523678459115212,0.0,0.0,,,,,4569.78,2075.0,-0.5459,2494.78,1.0,1.0,0.452,,,,
1569,340,OPP-000494,781,Inactive Outlet,33.81,P3,Monitor,70.0,MEDIUM,"{""revenue_previous_30d"": 4505.31, ""revenue_30d"": 0.0, ""orders_previous_30d"": 1, ""orders_30d"": 0, ""days_since_last_order"": 32}","Prioritize a win-back visit, diagnose the reason for inactivity, and attempt a targeted reorder based on the outlet's prior mix.",0.0,4505.31,0.0,0.0,0.0,3.0,0.0,,,,,4505.31,0.0,,,1.0,0.0,,32.0,,,
1570,535,OPP-001400,2106,Revenue Recovery,33.7,P3,Monitor,60.0,MEDIUM,"{""revenue_previous_30d"": 6647.7, ""revenue_30d"": 2960.96, ""revenue_growth_30d"": -0.5546, ""revenue_gap_vs_previous_30d"": 3686.74, ""orders_previous_30d"": 3, ""orders_30d"": 1, ""revenue_index_vs_peer"": 2.778}","Review the outlet's recent order decline, identify the lost SKU/category demand, and schedule a recovery visit with a targeted reorder proposal.",2960.96,6647.7,2960.96,15.458670860037882,2.778339729575033,1.0,1.0,,,,,6647.7,2960.96,-0.5546,3686.74,3.0,1.0,2.778,,,,
1571,341,OPP-001570,2332,Inactive Outlet,33.6,P3,Monitor,70.0,MEDIUM,"{""revenue_previous_30d"": 2680.99, ""revenue_30d"": 0.0, ""orders_previous_30d"": 1, ""orders_30d"": 0, ""days_since_last_order"": 47}","Prioritize a win-back visit, diagnose the reason for inactivity, and attempt a targeted reorder based on the outlet's prior mix.",0.0,2680.99,0.0,0.0,0.0,2.0,1.0,,,,,2680.99,0.0,,,1.0,0.0,,47.0,,,
1572,342,OPP-000057,99,Inactive Outlet,33.55,P3,Monitor,70.0,MEDIUM,"{""revenue_previous_30d"": 2622.1, ""revenue_30d"": 0.0, ""orders_previous_30d"": 1, ""orders_30d"": 0, ""days_since_last_order"": 48}","Prioritize a win-back visit, diagnose the reason for inactivity, and attempt a targeted reorder based on the outlet's prior mix.",0.0,2622.1,0.0,0.0,0.0,1.0,1.0,,,,,2622.1,0.0,,,1.0,0.0,,48.0,,,
1573,586,OPP-000053,83,Cross-Sell,33.54,P3,Monitor,80.0,HIGH,"{""target_category"": ""Home Care"", ""territory_category_rank"": 3, ""territory_category_orders_90d"": 587, ""current_category_count_90d"": 3}","Introduce Home Care during the next outlet visit and assess fit, expected demand, and an initial reorder quantity.",0.0,0.0,0.0,0.0,0.0,4.0,2.0,Home Care,3.0,587.0,3.0,,,,,,,,,,,
1574,587,OPP-000185,299,Cross-Sell,33.54,P3,Monitor,80.0,HIGH,"{""target_category"": ""Home Care"", ""territory_category_rank"": 3, ""territory_category_orders_90d"": 587, ""current_category_count_90d"": 3}","Introduce Home Care during the next outlet visit and assess fit, expected demand, and an initial reorder quantity.",0.0,0.0,0.0,0.0,0.0,2.0,2.0,Home Care,3.0,587.0,3.0,,,,,,,,,,,
1575,588,OPP-000627,979,Cross-Sell,33.54,P3,Monitor,80.0,HIGH,"{""target_category"": ""Home Care"", ""territory_category_rank"": 3, ""territory_category_orders_90d"": 587, ""current_category_count_90d"": 3}","Introduce Home Care during the next outlet visit and assess fit, expected demand, and an initial reorder quantity.",0.0,0.0,0.0,0.0,0.0,1.0,1.0,Home Care,3.0,587.0,3.0,,,,,,,,,,,
1576,589,OPP-001547,2300,Cross-Sell,33.54,P3,Monitor,80.0,HIGH,"{""target_category"": ""Home Care"", ""territory_category_rank"": 3, ""territory_category_orders_90d"": 587, ""current_category_count_90d"": 3}","Introduce Home Care during the next outlet visit and assess fit, expected demand, and an initial reorder quantity.",326.56,1158.51,326.56,1.6844094637650286,0.2287795992714025,1.0,1.0,Home Care,3.0,587.0,3.0,,,,,,,,,,,
1577,590,OPP-001612,2391,Cross-Sell,33.54,P3,Monitor,80.0,HIGH,"{""target_category"": ""Home Care"", ""territory_category_rank"": 3, ""territory_category_orders_90d"": 587, ""current_category_count_90d"": 3}","Introduce Home Care during the next outlet visit and assess fit, expected demand, and an initial reorder quantity.",2034.86,0.0,2034.86,10.660962266503624,1.4998046803021927,1.0,1.0,Home Care,3.0,587.0,3.0,,,,,,,,,,,
1578,343,OPP-000209,344,Inactive Outlet,33.52,P3,Monitor,70.0,MEDIUM,"{""revenue_previous_30d"": 2060.74, ""revenue_30d"": 0.0, ""orders_previous_30d"": 1, ""orders_30d"": 0, ""days_since_last_order"": 54}","Prioritize a win-back visit, diagnose the reason for inactivity, and attempt a targeted reorder based on the outlet's prior mix.",0.0,2060.74,0.0,0.0,0.0,1.0,1.0,,,,,2060.74,0.0,,,1.0,0.0,,54.0,,,
1579,536,OPP-000379,602,Revenue Recovery,33.45,P3,Monitor,60.0,MEDIUM,"{""revenue_previous_30d"": 8080.03, ""revenue_30d"": 3967.57, ""revenue_growth_30d"": -0.509, ""revenue_gap_vs_previous_30d"": 4112.46, ""orders_previous_30d"": 3, ""orders_30d"": 2, ""revenue_index_vs_peer"": 0.865}","Review the outlet's recent order decline, identify the lost SKU/category demand, and schedule a recovery visit with a targeted reorder proposal.",3967.57,8080.03,1983.785,12.263432742401363,0.8649643828449031,2.0,2.0,,,,,8080.03,3967.57,-0.509,4112.46,3.0,2.0,0.865,,,,
1580,344,OPP-000602,932,Inactive Outlet,33.44,P3,Monitor,70.0,MEDIUM,"{""revenue_previous_30d"": 2592.19, ""revenue_30d"": 0.0, ""orders_previous_30d"": 2, ""orders_30d"": 0, ""days_since_last_order"": 42}","Prioritize a win-back visit, diagnose the reason for inactivity, and attempt a targeted reorder based on the outlet's prior mix.",0.0,2592.19,0.0,0.0,0.0,0.0,0.0,,,,,2592.19,0.0,,,2.0,0.0,,42.0,,,
1581,537,OPP-000254,413,Revenue Recovery,33.41,P3,Monitor,60.0,MEDIUM,"{""revenue_previous_30d"": 8763.19, ""revenue_30d"": 4557.27, ""revenue_growth_30d"": -0.48, ""revenue_gap_vs_previous_30d"": 4205.92, ""orders_previous_30d"": 2, ""orders_30d"": 1, ""revenue_index_vs_peer"": 0.927}","Review the outlet's recent order decline, identify the lost SKU/category demand, and schedule a recovery visit with a targeted reorder proposal.",4557.27,8763.19,4557.27,10.790741396272834,0.92748747599757,1.0,1.0,,,,,8763.19,4557.27,-0.48,4205.92,2.0,1.0,0.927,,,,
1582,345,OPP-001820,2661,Inactive Outlet,33.33,P3,Monitor,70.0,MEDIUM,"{""revenue_previous_30d"": 3214.48, ""revenue_30d"": 0.0, ""orders_previous_30d"": 1, ""orders_30d"": 0, ""days_since_last_order"": 42}","Prioritize a win-back visit, diagnose the reason for inactivity, and attempt a targeted reorder based on the outlet's prior mix.",0.0,3214.48,0.0,0.0,0.0,3.0,1.0,,,,,3214.48,0.0,,,1.0,0.0,,42.0,,,
1584,346,OPP-000723,1117,Inactive Outlet,33.32,P3,Monitor,70.0,MEDIUM,"{""revenue_previous_30d"": 2871.08, ""revenue_30d"": 0.0, ""orders_previous_30d"": 1, ""orders_30d"": 0, ""days_since_last_order"": 45}","Prioritize a win-back visit, diagnose the reason for inactivity, and attempt a targeted reorder based on the outlet's prior mix.",0.0,2871.08,0.0,0.0,0.0,1.0,0.0,,,,,2871.08,0.0,,,1.0,0.0,,45.0,,,
1583,538,OPP-000186,301,Revenue Recovery,33.32,P3,Monitor,60.0,MEDIUM,"{""revenue_previous_30d"": 12487.69, ""revenue_30d"": 7078.01, ""revenue_growth_30d"": -0.4332, ""revenue_gap_vs_previous_30d"": 5409.68, ""orders_previous_30d"": 3, ""orders_30d"": 2, ""revenue_index_vs_peer"": 1.62}","Review the outlet's recent order decline, identify the lost SKU/category demand, and schedule a recovery visit with a targeted reorder proposal.",7078.01,12487.69,3539.005,30.51400282499405,1.6198746761628384,2.0,0.0,,,,,12487.69,7078.01,-0.4332,5409.68,3.0,2.0,1.62,,,,
1585,347,OPP-001842,2700,Inactive Outlet,33.3,P3,Monitor,70.0,MEDIUM,"{""revenue_previous_30d"": 1926.43, ""revenue_30d"": 0.0, ""orders_previous_30d"": 1, ""orders_30d"": 0, ""days_since_last_order"": 56}","Prioritize a win-back visit, diagnose the reason for inactivity, and attempt a targeted reorder based on the outlet's prior mix.",0.0,1926.43,0.0,0.0,0.0,1.0,1.0,,,,,1926.43,0.0,,,1.0,0.0,,56.0,,,
1586,591,OPP-000076,127,Cross-Sell,33.28,P3,Monitor,78.0,MEDIUM,"{""target_category"": ""Home Care"", ""territory_category_rank"": 3, ""territory_category_orders_90d"": 694, ""current_category_count_90d"": 4}","Introduce Home Care during the next outlet visit and assess fit, expected demand, and an initial reorder quantity.",0.0,2843.39,0.0,0.0,0.0,1.0,1.0,Home Care,3.0,694.0,4.0,,,,,,,,,,,
1587,592,OPP-000081,133,Cross-Sell,33.28,P3,Monitor,78.0,MEDIUM,"{""target_category"": ""Home Care"", ""territory_category_rank"": 3, ""territory_category_orders_90d"": 694, ""current_category_count_90d"": 4}","Introduce Home Care during the next outlet visit and assess fit, expected demand, and an initial reorder quantity.",0.0,5627.35,0.0,0.0,0.0,2.0,2.0,Home Care,3.0,694.0,4.0,,,,,,,,,,,
1588,593,OPP-000854,1320,Cross-Sell,33.28,P3,Monitor,78.0,MEDIUM,"{""target_category"": ""Home Care"", ""territory_category_rank"": 3, ""territory_category_orders_90d"": 694, ""current_category_count_90d"": 4}","Introduce Home Care during the next outlet visit and assess fit, expected demand, and an initial reorder quantity.",3721.15,3219.34,1240.3833333333332,18.61017922265499,2.938415009712724,3.0,2.0,Home Care,3.0,694.0,4.0,,,,,,,,,,,
1589,594,OPP-000938,1451,Cross-Sell,33.28,P3,Monitor,78.0,MEDIUM,"{""target_category"": ""Home Care"", ""territory_category_rank"": 3, ""territory_category_orders_90d"": 694, ""current_category_count_90d"": 4}","Introduce Home Care during the next outlet visit and assess fit, expected demand, and an initial reorder quantity.",0.0,2794.7200000000003,0.0,0.0,0.0,3.0,1.0,Home Care,3.0,694.0,4.0,,,,,,,,,,,
1590,595,OPP-001137,1729,Cross-Sell,33.28,P3,Monitor,78.0,MEDIUM,"{""target_category"": ""Home Care"", ""territory_category_rank"": 3, ""territory_category_orders_90d"": 694, ""current_category_count_90d"": 4}","Introduce Home Care during the next outlet visit and assess fit, expected demand, and an initial reorder quantity.",0.0,1414.5500000000002,0.0,0.0,0.0,0.0,0.0,Home Care,3.0,694.0,4.0,,,,,,,,,,,
1591,596,OPP-001438,2153,Cross-Sell,33.28,P3,Monitor,78.0,MEDIUM,"{""target_category"": ""Home Care"", ""territory_category_rank"": 3, ""territory_category_orders_90d"": 694, ""current_category_count_90d"": 4}","Introduce Home Care during the next outlet visit and assess fit, expected demand, and an initial reorder quantity.",3052.56,0.0,3052.56,14.926739389387333,2.410461314929168,1.0,0.0,Home Care,3.0,694.0,4.0,,,,,,,,,,,
1592,597,OPP-001484,2213,Cross-Sell,33.28,P3,Monitor,78.0,MEDIUM,"{""target_category"": ""Home Care"", ""territory_category_rank"": 3, ""territory_category_orders_90d"": 694, ""current_category_count_90d"": 4}","Introduce Home Care during the next outlet visit and assess fit, expected demand, and an initial reorder quantity.",5489.33,0.0,2744.665,29.28195509978951,4.334662581531609,2.0,1.0,Home Care,3.0,694.0,4.0,,,,,,,,,,,
1593,348,OPP-001412,2120,Inactive Outlet,33.18,P3,Monitor,70.0,MEDIUM,"{""revenue_previous_30d"": 2586.27, ""revenue_30d"": 0.0, ""orders_previous_30d"": 1, ""orders_30d"": 0, ""days_since_last_order"": 48}","Prioritize a win-back visit, diagnose the reason for inactivity, and attempt a targeted reorder based on the outlet's prior mix.",0.0,2586.27,0.0,0.0,0.0,0.0,0.0,,,,,2586.27,0.0,,,1.0,0.0,,48.0,,,
1594,349,OPP-001549,2302,Inactive Outlet,33.13,P3,Monitor,70.0,MEDIUM,"{""revenue_previous_30d"": 4244.36, ""revenue_30d"": 0.0, ""orders_previous_30d"": 1, ""orders_30d"": 0, ""days_since_last_order"": 33}","Prioritize a win-back visit, diagnose the reason for inactivity, and attempt a targeted reorder based on the outlet's prior mix.",0.0,4244.36,0.0,0.0,0.0,1.0,1.0,,,,,4244.36,0.0,,,1.0,0.0,,33.0,,,
1595,539,OPP-001289,1937,Revenue Recovery,33.12,P3,Monitor,60.0,MEDIUM,"{""revenue_previous_30d"": 1802.58, ""revenue_30d"": 571.28, ""revenue_growth_30d"": -0.6831, ""revenue_gap_vs_previous_30d"": 1231.3, ""orders_previous_30d"": 1, ""orders_30d"": 1, ""revenue_index_vs_peer"": 0.421}","Review the outlet's recent order decline, identify the lost SKU/category demand, and schedule a recovery visit with a targeted reorder proposal.",571.28,1802.58,571.28,2.6572584114964286,0.4210650451446471,1.0,0.0,,,,,1802.58,571.28,-0.6831,1231.3,1.0,1.0,0.421,,,,
1596,540,OPP-001524,2267,Revenue Recovery,33.12,P3,Monitor,60.0,MEDIUM,"{""revenue_previous_30d"": 14241.92, ""revenue_30d"": 8873.97, ""revenue_growth_30d"": -0.3769, ""revenue_gap_vs_previous_30d"": 5367.95, ""orders_previous_30d"": 4, ""orders_30d"": 2, ""revenue_index_vs_peer"": 1.762}","Review the outlet's recent order decline, identify the lost SKU/category demand, and schedule a recovery visit with a targeted reorder proposal.",8873.970000000001,14241.92,0.0,27.35321179391625,1.7623727965300564,0.0,0.0,,,,,14241.92,8873.97,-0.3769,5367.95,4.0,2.0,1.762,,,,
1597,350,OPP-001163,1761,Inactive Outlet,33.0,P3,Monitor,70.0,MEDIUM,"{""revenue_previous_30d"": 3720.21, ""revenue_30d"": 0.0, ""orders_previous_30d"": 2, ""orders_30d"": 0, ""days_since_last_order"": 30}","Prioritize a win-back visit, diagnose the reason for inactivity, and attempt a targeted reorder based on the outlet's prior mix.",0.0,3720.21,0.0,3.1032813965458743,0.0,1.0,0.0,,,,,3720.21,0.0,,,2.0,0.0,,30.0,,,
1598,351,OPP-001769,2589,Inactive Outlet,33.0,P3,Monitor,70.0,MEDIUM,"{""revenue_previous_30d"": 2482.1, ""revenue_30d"": 0.0, ""orders_previous_30d"": 1, ""orders_30d"": 0, ""days_since_last_order"": 49}","Prioritize a win-back visit, diagnose the reason for inactivity, and attempt a targeted reorder based on the outlet's prior mix.",0.0,2482.1,0.0,0.0,0.0,0.0,0.0,,,,,2482.1,0.0,,,1.0,0.0,,49.0,,,
1600,352,OPP-000750,1163,Inactive Outlet,32.99,P3,Monitor,70.0,MEDIUM,"{""revenue_previous_30d"": 3410.53, ""revenue_30d"": 0.0, ""orders_previous_30d"": 2, ""orders_30d"": 0, ""days_since_last_order"": 33}","Prioritize a win-back visit, diagnose the reason for inactivity, and attempt a targeted reorder based on the outlet's prior mix.",0.0,3410.53,0.0,0.0,0.0,0.0,0.0,,,,,3410.53,0.0,,,2.0,0.0,,33.0,,,
1599,541,OPP-000518,815,Revenue Recovery,32.99,P3,Monitor,60.0,MEDIUM,"{""revenue_previous_30d"": 8962.29, ""revenue_30d"": 4055.65, ""revenue_growth_30d"": -0.5475, ""revenue_gap_vs_previous_30d"": 4906.64, ""orders_previous_30d"": 2, ""orders_30d"": 2, ""revenue_index_vs_peer"": 0.928}","Review the outlet's recent order decline, identify the lost SKU/category demand, and schedule a recovery visit with a targeted reorder proposal.",4055.65,8962.289999999999,2027.825,12.28513546015377,0.9281768082243196,2.0,2.0,,,,,8962.29,4055.65,-0.5475,4906.64,2.0,2.0,0.928,,,,
1601,542,OPP-000550,867,Revenue Recovery,32.95,P3,Monitor,60.0,MEDIUM,"{""revenue_previous_30d"": 3074.26, ""revenue_30d"": 1367.4, ""revenue_growth_30d"": -0.5552, ""revenue_gap_vs_previous_30d"": 1706.86, ""orders_previous_30d"": 2, ""orders_30d"": 1, ""revenue_index_vs_peer"": 0.59}","Review the outlet's recent order decline, identify the lost SKU/category demand, and schedule a recovery visit with a targeted reorder proposal.",1367.4,3074.26,1367.4,13.841885512847668,0.5902768784480303,1.0,1.0,,,,,3074.26,1367.4,-0.5552,1706.86,2.0,1.0,0.59,,,,
1602,598,OPP-000002,5,Cross-Sell,32.9,P3,Monitor,71.0,MEDIUM,"{""target_category"": ""Personal Care"", ""territory_category_rank"": 4, ""territory_category_orders_90d"": 809, ""current_category_count_90d"": 4}","Introduce Personal Care during the next outlet visit and assess fit, expected demand, and an initial reorder quantity.",1632.33,5236.78,544.11,14.914706460014925,0.9360441778583144,3.0,1.0,Personal Care,4.0,809.0,4.0,,,,,,,,,,,
1603,599,OPP-000479,758,Cross-Sell,32.9,P3,Monitor,71.0,MEDIUM,"{""target_category"": ""Personal Care"", ""territory_category_rank"": 4, ""territory_category_orders_90d"": 809, ""current_category_count_90d"": 4}","Introduce Personal Care during the next outlet visit and assess fit, expected demand, and an initial reorder quantity.",2636.59,0.0,0.0,6.378239298337796,0.430149751936138,0.0,0.0,Personal Care,4.0,809.0,4.0,,,,,,,,,,,
1604,600,OPP-000551,869,Cross-Sell,32.9,P3,Monitor,71.0,MEDIUM,"{""target_category"": ""Personal Care"", ""territory_category_rank"": 4, ""territory_category_orders_90d"": 809, ""current_category_count_90d"": 4}","Introduce Personal Care during the next outlet visit and assess fit, expected demand, and an initial reorder quantity.",14417.15,7554.59,4805.716666666666,23.68831645960212,0.6547678520822282,3.0,2.0,Personal Care,4.0,809.0,4.0,,,,,,,,,,,
1605,601,OPP-000830,1273,Cross-Sell,32.9,P3,Monitor,71.0,MEDIUM,"{""target_category"": ""Personal Care"", ""territory_category_rank"": 4, ""territory_category_orders_90d"": 809, ""current_category_count_90d"": 4}","Introduce Personal Care during the next outlet visit and assess fit, expected demand, and an initial reorder quantity.",0.0,0.0,0.0,0.0,0.0,1.0,0.0,Personal Care,4.0,809.0,4.0,,,,,,,,,,,
1606,602,OPP-000886,1374,Cross-Sell,32.9,P3,Monitor,71.0,MEDIUM,"{""target_category"": ""Personal Care"", ""territory_category_rank"": 4, ""territory_category_orders_90d"": 809, ""current_category_count_90d"": 4}","Introduce Personal Care during the next outlet visit and assess fit, expected demand, and an initial reorder quantity.",1590.12,0.0,530.04,8.920804382645576,0.9118392531510556,3.0,1.0,Personal Care,4.0,809.0,4.0,,,,,,,,,,,
1607,603,OPP-001362,2049,Cross-Sell,32.9,P3,Monitor,71.0,MEDIUM,"{""target_category"": ""Personal Care"", ""territory_category_rank"": 4, ""territory_category_orders_90d"": 809, ""current_category_count_90d"": 4}","Introduce Personal Care during the next outlet visit and assess fit, expected demand, and an initial reorder quantity.",0.0,3117.71,0.0,0.0,0.0,0.0,0.0,Personal Care,4.0,809.0,4.0,,,,,,,,,,,
1608,604,OPP-001857,2725,Cross-Sell,32.9,P3,Monitor,71.0,MEDIUM,"{""target_category"": ""Personal Care"", ""territory_category_rank"": 4, ""territory_category_orders_90d"": 809, ""current_category_count_90d"": 4}","Introduce Personal Care during the next outlet visit and assess fit, expected demand, and an initial reorder quantity.",157.0,1294.66,0.0,0.8374695617153723,0.0900301629717982,0.0,0.0,Personal Care,4.0,809.0,4.0,,,,,,,,,,,
1609,543,OPP-001876,2756,Revenue Recovery,32.89,P3,Monitor,60.0,MEDIUM,"{""revenue_previous_30d"": 4594.42, ""revenue_30d"": 1620.56, ""revenue_growth_30d"": -0.6473, ""revenue_gap_vs_previous_30d"": 2973.86, ""orders_previous_30d"": 2, ""orders_30d"": 1, ""revenue_index_vs_peer"": 1.111}","Review the outlet's recent order decline, identify the lost SKU/category demand, and schedule a recovery visit with a targeted reorder proposal.",1620.56,4594.42,405.14,9.120348119324968,1.1110760686983647,4.0,2.0,,,,,4594.42,1620.56,-0.6473,2973.86,2.0,1.0,1.111,,,,
1610,544,OPP-000877,1355,Revenue Recovery,32.83,P3,Monitor,60.0,MEDIUM,"{""revenue_previous_30d"": 11829.48, ""revenue_30d"": 7053.51, ""revenue_growth_30d"": -0.4037, ""revenue_gap_vs_previous_30d"": 4775.97, ""orders_previous_30d"": 5, ""orders_30d"": 2, ""revenue_index_vs_peer"": 1.247}","Review the outlet's recent order decline, identify the lost SKU/category demand, and schedule a recovery visit with a targeted reorder proposal.",7053.51,11829.48,7053.51,17.04311187185705,1.2470205735561648,1.0,0.0,,,,,11829.48,7053.51,-0.4037,4775.97,5.0,2.0,1.247,,,,
1611,545,OPP-001300,1950,Revenue Recovery,32.83,P3,Monitor,60.0,MEDIUM,"{""revenue_previous_30d"": 20083.28, ""revenue_30d"": 13246.05, ""revenue_growth_30d"": -0.3404, ""revenue_gap_vs_previous_30d"": 6837.23, ""orders_previous_30d"": 5, ""orders_30d"": 4, ""revenue_index_vs_peer"": 2.161}","Review the outlet's recent order decline, identify the lost SKU/category demand, and schedule a recovery visit with a targeted reorder proposal.",13246.05,20083.28,2649.21,39.88698829682962,2.1610432875925647,5.0,3.0,,,,,20083.28,13246.05,-0.3404,6837.23,5.0,4.0,2.161,,,,
1612,353,OPP-000936,1447,Inactive Outlet,32.61,P3,Monitor,70.0,MEDIUM,"{""revenue_previous_30d"": 3368.65, ""revenue_30d"": 0.0, ""orders_previous_30d"": 2, ""orders_30d"": 0, ""days_since_last_order"": 33}","Prioritize a win-back visit, diagnose the reason for inactivity, and attempt a targeted reorder based on the outlet's prior mix.",0.0,3368.65,0.0,0.0,0.0,3.0,2.0,,,,,3368.65,0.0,,,2.0,0.0,,33.0,,,
1613,546,OPP-001697,2516,Revenue Recovery,32.61,P3,Monitor,60.0,MEDIUM,"{""revenue_previous_30d"": 5175.3, ""revenue_30d"": 2866.73, ""revenue_growth_30d"": -0.4461, ""revenue_gap_vs_previous_30d"": 2308.57, ""orders_previous_30d"": 2, ""orders_30d"": 1, ""revenue_index_vs_peer"": 0.569}","Review the outlet's recent order decline, identify the lost SKU/category demand, and schedule a recovery visit with a targeted reorder proposal.",2866.73,5175.3,1433.365,12.736297944254495,0.5693333386293404,2.0,2.0,,,,,5175.3,2866.73,-0.4461,2308.57,2.0,1.0,0.569,,,,
1614,547,OPP-000011,15,Revenue Recovery,32.6,P3,Monitor,60.0,MEDIUM,"{""revenue_previous_30d"": 8112.65, ""revenue_30d"": 5373.78, ""revenue_growth_30d"": -0.3376, ""revenue_gap_vs_previous_30d"": 2738.87, ""orders_previous_30d"": 2, ""orders_30d"": 2, ""revenue_index_vs_peer"": 0.25}","Review the outlet's recent order decline, identify the lost SKU/category demand, and schedule a recovery visit with a targeted reorder proposal.",5373.78,8112.650000000001,1791.26,9.319784002475204,0.2502145931739465,3.0,2.0,,,,,8112.65,5373.78,-0.3376,2738.87,2.0,2.0,0.25,,,,
1615,548,OPP-000775,1196,Revenue Recovery,32.59,P3,Monitor,60.0,MEDIUM,"{""revenue_previous_30d"": 15894.95, ""revenue_30d"": 9883.77, ""revenue_growth_30d"": -0.3782, ""revenue_gap_vs_previous_30d"": 6011.18, ""orders_previous_30d"": 4, ""orders_30d"": 3, ""revenue_index_vs_peer"": 2.262}","Review the outlet's recent order decline, identify the lost SKU/category demand, and schedule a recovery visit with a targeted reorder proposal.",9883.77,15894.95,9883.77,22.66327672656157,2.2620014280875527,1.0,1.0,,,,,15894.95,9883.77,-0.3782,6011.18,4.0,3.0,2.262,,,,
1616,354,OPP-001255,1893,Inactive Outlet,32.53,P3,Monitor,70.0,MEDIUM,"{""revenue_previous_30d"": 1558.1, ""revenue_30d"": 0.0, ""orders_previous_30d"": 1, ""orders_30d"": 0, ""days_since_last_order"": 59}","Prioritize a win-back visit, diagnose the reason for inactivity, and attempt a targeted reorder based on the outlet's prior mix.",0.0,1558.1,0.0,0.0,0.0,1.0,0.0,,,,,1558.1,0.0,,,1.0,0.0,,59.0,,,
1617,355,OPP-000537,845,Inactive Outlet,32.45,P3,Monitor,70.0,MEDIUM,"{""revenue_previous_30d"": 2769.28, ""revenue_30d"": 0.0, ""orders_previous_30d"": 2, ""orders_30d"": 0, ""days_since_last_order"": 39}","Prioritize a win-back visit, diagnose the reason for inactivity, and attempt a targeted reorder based on the outlet's prior mix.",0.0,2769.28,0.0,0.0,0.0,4.0,1.0,,,,,2769.28,0.0,,,2.0,0.0,,39.0,,,
1618,549,OPP-000221,367,Revenue Recovery,32.42,P3,Monitor,60.0,MEDIUM,"{""revenue_previous_30d"": 11734.53, ""revenue_30d"": 7141.77, ""revenue_growth_30d"": -0.3914, ""revenue_gap_vs_previous_30d"": 4592.76, ""orders_previous_30d"": 3, ""orders_30d"": 1, ""revenue_index_vs_peer"": 1.267}","Review the outlet's recent order decline, identify the lost SKU/category demand, and schedule a recovery visit with a targeted reorder proposal.",7141.77,11734.53,7141.77,30.85692404540275,1.2670822991311816,1.0,0.0,,,,,11734.53,7141.77,-0.3914,4592.76,3.0,1.0,1.267,,,,
1619,550,OPP-000336,539,Revenue Recovery,32.42,P3,Monitor,60.0,MEDIUM,"{""revenue_previous_30d"": 5230.12, ""revenue_30d"": 1452.1, ""revenue_growth_30d"": -0.7224, ""revenue_gap_vs_previous_30d"": 3778.02, ""orders_previous_30d"": 2, ""orders_30d"": 2, ""revenue_index_vs_peer"": 1.193}","Review the outlet's recent order decline, identify the lost SKU/category demand, and schedule a recovery visit with a targeted reorder proposal.",1452.096,5230.12,1452.096,7.911523199879701,1.1933433593846303,1.0,1.0,,,,,5230.12,1452.1,-0.7224,3778.02,2.0,2.0,1.193,,,,
1620,551,OPP-000673,1050,Revenue Recovery,32.39,P3,Monitor,60.0,MEDIUM,"{""revenue_previous_30d"": 9481.31, ""revenue_30d"": 4839.55, ""revenue_growth_30d"": -0.4896, ""revenue_gap_vs_previous_30d"": 4641.76, ""orders_previous_30d"": 3, ""orders_30d"": 2, ""revenue_index_vs_peer"": 3.59}","Review the outlet's recent order decline, identify the lost SKU/category demand, and schedule a recovery visit with a targeted reorder proposal.",4839.55,9481.31,4839.55,26.644530563953094,3.5897711678967474,1.0,1.0,,,,,9481.31,4839.55,-0.4896,4641.76,3.0,2.0,3.59,,,,
1621,552,OPP-001066,1635,Revenue Recovery,32.3,P3,Monitor,60.0,MEDIUM,"{""revenue_previous_30d"": 3169.75, ""revenue_30d"": 1831.2, ""revenue_growth_30d"": -0.4223, ""revenue_gap_vs_previous_30d"": 1338.55, ""orders_previous_30d"": 3, ""orders_30d"": 1, ""revenue_index_vs_peer"": 0.419}","Review the outlet's recent order decline, identify the lost SKU/category demand, and schedule a recovery visit with a targeted reorder proposal.",1831.2,3169.75,915.6,4.791927204156981,0.4190887702884553,2.0,2.0,,,,,3169.75,1831.2,-0.4223,1338.55,3.0,1.0,0.419,,,,
1622,356,OPP-001402,2108,Inactive Outlet,32.19,P3,Monitor,70.0,MEDIUM,"{""revenue_previous_30d"": 3482.96, ""revenue_30d"": 0.0, ""orders_previous_30d"": 1, ""orders_30d"": 0, ""days_since_last_order"": 37}","Prioritize a win-back visit, diagnose the reason for inactivity, and attempt a targeted reorder based on the outlet's prior mix.",0.0,3482.96,0.0,0.0,0.0,2.0,1.0,,,,,3482.96,0.0,,,1.0,0.0,,37.0,,,
1623,605,OPP-001194,1808,Cross-Sell,32.17,P3,Monitor,85.0,HIGH,"{""target_category"": ""Beverages"", ""territory_category_rank"": 2, ""territory_category_orders_90d"": 500, ""current_category_count_90d"": 4}","Introduce Beverages during the next outlet visit and assess fit, expected demand, and an initial reorder quantity.",2080.96,3400.31,2080.96,11.966520700293565,1.9526146397305133,1.0,1.0,Beverages,2.0,500.0,4.0,,,,,,,,,,,
1624,606,OPP-001810,2640,Cross-Sell,32.17,P3,Monitor,85.0,HIGH,"{""target_category"": ""Beverages"", ""territory_category_rank"": 2, ""territory_category_orders_90d"": 500, ""current_category_count_90d"": 4}","Introduce Beverages during the next outlet visit and assess fit, expected demand, and an initial reorder quantity.",0.0,9583.48,0.0,8.204125060239278,0.0,1.0,1.0,Beverages,2.0,500.0,4.0,,,,,,,,,,,
1625,553,OPP-001787,2616,Revenue Recovery,32.14,P3,Monitor,60.0,MEDIUM,"{""revenue_previous_30d"": 10967.37, ""revenue_30d"": 5715.63, ""revenue_growth_30d"": -0.4789, ""revenue_gap_vs_previous_30d"": 5251.74, ""orders_previous_30d"": 2, ""orders_30d"": 2, ""revenue_index_vs_peer"": 0.932}","Review the outlet's recent order decline, identify the lost SKU/category demand, and schedule a recovery visit with a targeted reorder proposal.",5715.63,10967.37,0.0,15.561893980048664,0.932483558937396,0.0,0.0,,,,,10967.37,5715.63,-0.4789,5251.74,2.0,2.0,0.932,,,,
1626,554,OPP-001067,1637,Revenue Recovery,32.09,P3,Monitor,60.0,MEDIUM,"{""revenue_previous_30d"": 5738.13, ""revenue_30d"": 1778.85, ""revenue_growth_30d"": -0.69, ""revenue_gap_vs_previous_30d"": 3959.28, ""orders_previous_30d"": 2, ""orders_30d"": 2, ""revenue_index_vs_peer"": 1.02}","Review the outlet's recent order decline, identify the lost SKU/category demand, and schedule a recovery visit with a targeted reorder proposal.",1778.85,5738.13,0.0,9.252194265652427,1.0200646840916128,0.0,0.0,,,,,5738.13,1778.85,-0.69,3959.28,2.0,2.0,1.02,,,,
1627,555,OPP-000656,1028,Revenue Recovery,32.07,P3,Monitor,60.0,MEDIUM,"{""revenue_previous_30d"": 2542.66, ""revenue_30d"": 952.88, ""revenue_growth_30d"": -0.6252, ""revenue_gap_vs_previous_30d"": 1589.78, ""orders_previous_30d"": 2, ""orders_30d"": 1, ""revenue_index_vs_peer"": 0.707}","Review the outlet's recent order decline, identify the lost SKU/category demand, and schedule a recovery visit with a targeted reorder proposal.",952.88,2542.66,317.62666666666667,4.375971284869816,0.7068056225197492,3.0,1.0,,,,,2542.66,952.88,-0.6252,1589.78,2.0,1.0,0.707,,,,
1628,357,OPP-001949,2849,Inactive Outlet,32.04,P3,Monitor,70.0,MEDIUM,"{""revenue_previous_30d"": 2449.44, ""revenue_30d"": 0.0, ""orders_previous_30d"": 1, ""orders_30d"": 0, ""days_since_last_order"": 48}","Prioritize a win-back visit, diagnose the reason for inactivity, and attempt a targeted reorder based on the outlet's prior mix.",0.0,2449.44,0.0,0.0,0.0,5.0,5.0,,,,,2449.44,0.0,,,1.0,0.0,,48.0,,,
1629,358,OPP-000505,791,Inactive Outlet,31.97,P3,Monitor,70.0,MEDIUM,"{""revenue_previous_30d"": 1858.77, ""revenue_30d"": 0.0, ""orders_previous_30d"": 1, ""orders_30d"": 0, ""days_since_last_order"": 55}","Prioritize a win-back visit, diagnose the reason for inactivity, and attempt a targeted reorder based on the outlet's prior mix.",0.0,1858.77,0.0,0.0,0.0,5.0,4.0,,,,,1858.77,0.0,,,1.0,0.0,,55.0,,,
1630,556,OPP-000359,576,Revenue Recovery,31.91,P3,Monitor,60.0,MEDIUM,"{""revenue_previous_30d"": 3640.78, ""revenue_30d"": 1298.1, ""revenue_growth_30d"": -0.6435, ""revenue_gap_vs_previous_30d"": 2342.68, ""orders_previous_30d"": 2, ""orders_30d"": 1, ""revenue_index_vs_peer"": 0.909}","Review the outlet's recent order decline, identify the lost SKU/category demand, and schedule a recovery visit with a targeted reorder proposal.",1298.1,3640.78,649.05,7.218552363560128,0.9094157208911308,2.0,2.0,,,,,3640.78,1298.1,-0.6435,2342.68,2.0,1.0,0.909,,,,
1631,557,OPP-000818,1256,Revenue Recovery,31.85,P3,Monitor,60.0,MEDIUM,"{""revenue_previous_30d"": 8292.47, ""revenue_30d"": 4195.09, ""revenue_growth_30d"": -0.4941, ""revenue_gap_vs_previous_30d"": 4097.38, ""orders_previous_30d"": 4, ""orders_30d"": 2, ""revenue_index_vs_peer"": 3.448}","Review the outlet's recent order decline, identify the lost SKU/category demand, and schedule a recovery visit with a targeted reorder proposal.",4195.09,8292.47,1398.3633333333337,20.859533571940727,3.447556355448173,3.0,1.0,,,,,8292.47,4195.09,-0.4941,4097.38,4.0,2.0,3.448,,,,
1632,558,OPP-001213,1832,Revenue Recovery,31.73,P3,Monitor,60.0,MEDIUM,"{""revenue_previous_30d"": 8818.96, ""revenue_30d"": 4502.93, ""revenue_growth_30d"": -0.4894, ""revenue_gap_vs_previous_30d"": 4316.03, ""orders_previous_30d"": 2, ""orders_30d"": 2, ""revenue_index_vs_peer"": 0.796}","Review the outlet's recent order decline, identify the lost SKU/category demand, and schedule a recovery visit with a targeted reorder proposal.",4502.93,8818.96,2251.465,11.259329160590587,0.7960924917216055,2.0,2.0,,,,,8818.96,4502.93,-0.4894,4316.03,2.0,2.0,0.796,,,,
1633,559,OPP-001861,2729,Revenue Recovery,31.69,P3,Monitor,60.0,MEDIUM,"{""revenue_previous_30d"": 6287.39, ""revenue_30d"": 3651.37, ""revenue_growth_30d"": -0.4193, ""revenue_gap_vs_previous_30d"": 2636.02, ""orders_previous_30d"": 3, ""orders_30d"": 1, ""revenue_index_vs_peer"": 0.725}","Review the outlet's recent order decline, identify the lost SKU/category demand, and schedule a recovery visit with a targeted reorder proposal.",3651.37,6287.389999999999,1217.1233333333332,10.65560494853231,0.7251630508178359,3.0,3.0,,,,,6287.39,3651.37,-0.4193,2636.02,3.0,1.0,0.725,,,,
1634,560,OPP-001511,2252,Revenue Recovery,31.64,P3,Monitor,60.0,MEDIUM,"{""revenue_previous_30d"": 4819.0, ""revenue_30d"": 2113.02, ""revenue_growth_30d"": -0.5615, ""revenue_gap_vs_previous_30d"": 2705.98, ""orders_previous_30d"": 4, ""orders_30d"": 1, ""revenue_index_vs_peer"": 1.669}","Review the outlet's recent order decline, identify the lost SKU/category demand, and schedule a recovery visit with a targeted reorder proposal.",2113.02,4819.0,1056.51,12.690048645726984,1.668551303716104,2.0,1.0,,,,,4819.0,2113.02,-0.5615,2705.98,4.0,1.0,1.669,,,,
1635,561,OPP-001762,2583,Revenue Recovery,31.64,P3,Monitor,60.0,MEDIUM,"{""revenue_previous_30d"": 2510.21, ""revenue_30d"": 826.9, ""revenue_growth_30d"": -0.6706, ""revenue_gap_vs_previous_30d"": 1683.31, ""orders_previous_30d"": 2, ""orders_30d"": 2, ""revenue_index_vs_peer"": 0.567}","Review the outlet's recent order decline, identify the lost SKU/category demand, and schedule a recovery visit with a targeted reorder proposal.",826.9,2510.21,826.9,4.152932792198172,0.5669329128243804,1.0,1.0,,,,,2510.21,826.9,-0.6706,1683.31,2.0,2.0,0.567,,,,
1636,562,OPP-000303,481,Revenue Recovery,31.55,P3,Monitor,60.0,MEDIUM,"{""revenue_previous_30d"": 7645.94, ""revenue_30d"": 3637.34, ""revenue_growth_30d"": -0.5243, ""revenue_gap_vs_previous_30d"": 4008.6, ""orders_previous_30d"": 1, ""orders_30d"": 1, ""revenue_index_vs_peer"": 0.793}","Review the outlet's recent order decline, identify the lost SKU/category demand, and schedule a recovery visit with a targeted reorder proposal.",3637.34,7645.94,0.0,8.695643858573327,0.7929714027218373,0.0,0.0,,,,,7645.94,3637.34,-0.5243,4008.6,1.0,1.0,0.793,,,,
1637,359,OPP-001012,1554,Inactive Outlet,31.53,P3,Monitor,70.0,MEDIUM,"{""revenue_previous_30d"": 2868.34, ""revenue_30d"": 0.0, ""orders_previous_30d"": 1, ""orders_30d"": 0, ""days_since_last_order"": 43}","Prioritize a win-back visit, diagnose the reason for inactivity, and attempt a targeted reorder based on the outlet's prior mix.",0.0,2868.34,0.0,0.0,0.0,1.0,0.0,,,,,2868.34,0.0,,,1.0,0.0,,43.0,,,
1638,563,OPP-001946,2847,Revenue Recovery,31.43,P3,Monitor,60.0,MEDIUM,"{""revenue_previous_30d"": 6432.87, ""revenue_30d"": 3138.21, ""revenue_growth_30d"": -0.5122, ""revenue_gap_vs_previous_30d"": 3294.66, ""orders_previous_30d"": 3, ""orders_30d"": 1, ""revenue_index_vs_peer"": 1.69}","Review the outlet's recent order decline, identify the lost SKU/category demand, and schedule a recovery visit with a targeted reorder proposal.",3138.21,6432.87,3138.21,14.9655572007983,1.6902994721533988,1.0,1.0,,,,,6432.87,3138.21,-0.5122,3294.66,3.0,1.0,1.69,,,,
1639,564,OPP-001346,2025,Revenue Recovery,31.38,P3,Monitor,60.0,MEDIUM,"{""revenue_previous_30d"": 8110.91, ""revenue_30d"": 3477.63, ""revenue_growth_30d"": -0.5712, ""revenue_gap_vs_previous_30d"": 4633.28, ""orders_previous_30d"": 3, ""orders_30d"": 3, ""revenue_index_vs_peer"": 2.858}","Review the outlet's recent order decline, identify the lost SKU/category demand, and schedule a recovery visit with a targeted reorder proposal.",3477.63,8110.91,0.0,18.459620194573844,2.857942358423116,0.0,0.0,,,,,8110.91,3477.63,-0.5712,4633.28,3.0,3.0,2.858,,,,
1640,565,OPP-000393,620,Revenue Recovery,31.36,P3,Monitor,60.0,MEDIUM,"{""revenue_previous_30d"": 3903.84, ""revenue_30d"": 1348.15, ""revenue_growth_30d"": -0.6547, ""revenue_gap_vs_previous_30d"": 2555.69, ""orders_previous_30d"": 2, ""orders_30d"": 1, ""revenue_index_vs_peer"": 1.0}","Review the outlet's recent order decline, identify the lost SKU/category demand, and schedule a recovery visit with a targeted reorder proposal.",1348.15,3903.84,337.0375,6.492837242007066,1.0,4.0,1.0,,,,,3903.84,1348.15,-0.6547,2555.69,2.0,1.0,1.0,,,,
1641,360,OPP-000144,240,Inactive Outlet,31.19,P3,Monitor,70.0,MEDIUM,"{""revenue_previous_30d"": 3080.0, ""revenue_30d"": 0.0, ""orders_previous_30d"": 3, ""orders_30d"": 0, ""days_since_last_order"": 30}","Prioritize a win-back visit, diagnose the reason for inactivity, and attempt a targeted reorder based on the outlet's prior mix.",0.0,3080.0,0.0,6.123025414209704,0.0,4.0,3.0,,,,,3080.0,0.0,,,3.0,0.0,,30.0,,,
1642,361,OPP-000008,13,Inactive Outlet,31.15,P3,Monitor,70.0,MEDIUM,"{""revenue_previous_30d"": 2076.05, ""revenue_30d"": 0.0, ""orders_previous_30d"": 1, ""orders_30d"": 0, ""days_since_last_order"": 51}","Prioritize a win-back visit, diagnose the reason for inactivity, and attempt a targeted reorder based on the outlet's prior mix.",0.0,2076.05,0.0,0.0,0.0,0.0,0.0,,,,,2076.05,0.0,,,1.0,0.0,,51.0,,,
1643,362,OPP-000343,550,Inactive Outlet,31.12,P3,Monitor,70.0,MEDIUM,"{""revenue_previous_30d"": 2234.07, ""revenue_30d"": 0.0, ""orders_previous_30d"": 1, ""orders_30d"": 0, ""days_since_last_order"": 49}","Prioritize a win-back visit, diagnose the reason for inactivity, and attempt a targeted reorder based on the outlet's prior mix.",0.0,2234.07,0.0,0.0,0.0,1.0,1.0,,,,,2234.07,0.0,,,1.0,0.0,,49.0,,,
1644,566,OPP-001975,2897,Revenue Recovery,31.08,P3,Monitor,60.0,MEDIUM,"{""revenue_previous_30d"": 5531.39, ""revenue_30d"": 2647.79, ""revenue_growth_30d"": -0.5213, ""revenue_gap_vs_previous_30d"": 2883.6, ""orders_previous_30d"": 4, ""orders_30d"": 1, ""revenue_index_vs_peer"": 2.649}","Review the outlet's recent order decline, identify the lost SKU/category demand, and schedule a recovery visit with a targeted reorder proposal.",2647.79,5531.389999999999,661.9475,12.329099448033476,2.648796542686221,4.0,3.0,,,,,5531.39,2647.79,-0.5213,2883.6,4.0,1.0,2.649,,,,
1645,567,OPP-001551,2304,Revenue Recovery,31.03,P3,Monitor,60.0,MEDIUM,"{""revenue_previous_30d"": 11880.79, ""revenue_30d"": 6391.82, ""revenue_growth_30d"": -0.462, ""revenue_gap_vs_previous_30d"": 5488.97, ""orders_previous_30d"": 3, ""orders_30d"": 4, ""revenue_index_vs_peer"": 1.043}","Review the outlet's recent order decline, identify the lost SKU/category demand, and schedule a recovery visit with a targeted reorder proposal.",6391.82,11880.79,0.0,15.480857400140572,1.0428014167619712,0.0,0.0,,,,,11880.79,6391.82,-0.462,5488.97,3.0,4.0,1.043,,,,
1646,568,OPP-000519,818,Revenue Recovery,31.0,P3,Monitor,60.0,MEDIUM,"{""revenue_previous_30d"": 11119.58, ""revenue_30d"": 6589.29, ""revenue_growth_30d"": -0.4074, ""revenue_gap_vs_previous_30d"": 4530.29, ""orders_previous_30d"": 4, ""orders_30d"": 2, ""revenue_index_vs_peer"": 1.309}","Review the outlet's recent order decline, identify the lost SKU/category demand, and schedule a recovery visit with a targeted reorder proposal.",6589.29,11119.58,1647.3225,16.187722144536803,1.3086347423360158,4.0,3.0,,,,,11119.58,6589.29,-0.4074,4530.29,4.0,2.0,1.309,,,,
1647,363,OPP-000131,218,Inactive Outlet,30.99,P3,Monitor,70.0,MEDIUM,"{""revenue_previous_30d"": 1562.58, ""revenue_30d"": 0.0, ""orders_previous_30d"": 1, ""orders_30d"": 0, ""days_since_last_order"": 57}","Prioritize a win-back visit, diagnose the reason for inactivity, and attempt a targeted reorder based on the outlet's prior mix.",0.0,1562.58,0.0,0.0,0.0,2.0,2.0,,,,,1562.58,0.0,,,1.0,0.0,,57.0,,,
1648,569,OPP-001800,2628,Revenue Recovery,30.99,P3,Monitor,60.0,MEDIUM,"{""revenue_previous_30d"": 3449.3, ""revenue_30d"": 1235.74, ""revenue_growth_30d"": -0.6417, ""revenue_gap_vs_previous_30d"": 2213.56, ""orders_previous_30d"": 2, ""orders_30d"": 1, ""revenue_index_vs_peer"": 0.917}","Review the outlet's recent order decline, identify the lost SKU/category demand, and schedule a recovery visit with a targeted reorder proposal.",1235.74,3449.3,1235.74,6.427241425941145,0.9166190705781996,1.0,1.0,,,,,3449.3,1235.74,-0.6417,2213.56,2.0,1.0,0.917,,,,
1649,607,OPP-000047,75,Cross-Sell,30.93,P3,Monitor,71.0,MEDIUM,"{""target_category"": ""Personal Care"", ""territory_category_rank"": 4, ""territory_category_orders_90d"": 787, ""current_category_count_90d"": 4}","Introduce Personal Care during the next outlet visit and assess fit, expected demand, and an initial reorder quantity.",0.0,1841.06,0.0,0.0,0.0,2.0,1.0,Personal Care,4.0,787.0,4.0,,,,,,,,,,,
1650,608,OPP-000072,125,Cross-Sell,30.93,P3,Monitor,71.0,MEDIUM,"{""target_category"": ""Personal Care"", ""territory_category_rank"": 4, ""territory_category_orders_90d"": 787, ""current_category_count_90d"": 4}","Introduce Personal Care during the next outlet visit and assess fit, expected demand, and an initial reorder quantity.",0.0,1969.97,0.0,0.0,0.0,1.0,0.0,Personal Care,4.0,787.0,4.0,,,,,,,,,,,
1651,609,OPP-000262,427,Cross-Sell,30.93,P3,Monitor,71.0,MEDIUM,"{""target_category"": ""Personal Care"", ""territory_category_rank"": 4, ""territory_category_orders_90d"": 787, ""current_category_count_90d"": 4}","Introduce Personal Care during the next outlet visit and assess fit, expected demand, and an initial reorder quantity.",0.0,3079.7,0.0,0.0,0.0,3.0,1.0,Personal Care,4.0,787.0,4.0,,,,,,,,,,,
1652,610,OPP-000436,689,Cross-Sell,30.93,P3,Monitor,71.0,MEDIUM,"{""target_category"": ""Personal Care"", ""territory_category_rank"": 4, ""territory_category_orders_90d"": 787, ""current_category_count_90d"": 4}","Introduce Personal Care during the next outlet visit and assess fit, expected demand, and an initial reorder quantity.",0.0,861.97,0.0,0.0,0.0,3.0,2.0,Personal Care,4.0,787.0,4.0,,,,,,,,,,,
1653,611,OPP-000457,724,Cross-Sell,30.93,P3,Monitor,71.0,MEDIUM,"{""target_category"": ""Personal Care"", ""territory_category_rank"": 4, ""territory_category_orders_90d"": 787, ""current_category_count_90d"": 4}","Introduce Personal Care during the next outlet visit and assess fit, expected demand, and an initial reorder quantity.",0.0,0.0,0.0,0.0,0.0,5.0,2.0,Personal Care,4.0,787.0,4.0,,,,,,,,,,,
1654,612,OPP-000658,1030,Cross-Sell,30.93,P3,Monitor,71.0,MEDIUM,"{""target_category"": ""Personal Care"", ""territory_category_rank"": 4, ""territory_category_orders_90d"": 787, ""current_category_count_90d"": 4}","Introduce Personal Care during the next outlet visit and assess fit, expected demand, and an initial reorder quantity.",0.0,0.0,0.0,0.0,0.0,6.0,3.0,Personal Care,4.0,787.0,4.0,,,,,,,,,,,
1655,613,OPP-000763,1180,Cross-Sell,30.93,P3,Monitor,71.0,MEDIUM,"{""target_category"": ""Personal Care"", ""territory_category_rank"": 4, ""territory_category_orders_90d"": 787, ""current_category_count_90d"": 4}","Introduce Personal Care during the next outlet visit and assess fit, expected demand, and an initial reorder quantity.",3856.95,0.0,771.39,17.729639036050425,2.0774264785091026,5.0,3.0,Personal Care,4.0,787.0,4.0,,,,,,,,,,,
1656,614,OPP-000800,1232,Cross-Sell,30.93,P3,Monitor,71.0,MEDIUM,"{""target_category"": ""Personal Care"", ""territory_category_rank"": 4, ""territory_category_orders_90d"": 787, ""current_category_count_90d"": 4}","Introduce Personal Care during the next outlet visit and assess fit, expected demand, and an initial reorder quantity.",1610.4699999999998,0.0,536.8233333333333,9.78979957435918,1.1152607632805411,3.0,3.0,Personal Care,4.0,787.0,4.0,,,,,,,,,,,
1657,615,OPP-000933,1441,Cross-Sell,30.93,P3,Monitor,71.0,MEDIUM,"{""target_category"": ""Personal Care"", ""territory_category_rank"": 4, ""territory_category_orders_90d"": 787, ""current_category_count_90d"": 4}","Introduce Personal Care during the next outlet visit and assess fit, expected demand, and an initial reorder quantity.",0.0,0.0,0.0,0.0,0.0,1.0,1.0,Personal Care,4.0,787.0,4.0,,,,,,,,,,,
1658,616,OPP-001133,1724,Cross-Sell,30.93,P3,Monitor,71.0,MEDIUM,"{""target_category"": ""Personal Care"", ""territory_category_rank"": 4, ""territory_category_orders_90d"": 787, ""current_category_count_90d"": 4}","Introduce Personal Care during the next outlet visit and assess fit, expected demand, and an initial reorder quantity.",378.69,0.0,126.23,2.259857673544287,0.2039696218894754,3.0,2.0,Personal Care,4.0,787.0,4.0,,,,,,,,,,,
1659,617,OPP-001184,1792,Cross-Sell,30.93,P3,Monitor,71.0,MEDIUM,"{""target_category"": ""Personal Care"", ""territory_category_rank"": 4, ""territory_category_orders_90d"": 787, ""current_category_count_90d"": 4}","Introduce Personal Care during the next outlet visit and assess fit, expected demand, and an initial reorder quantity.",3351.36,2962.59,1117.12,19.537721065592123,1.805106107939244,3.0,3.0,Personal Care,4.0,787.0,4.0,,,,,,,,,,,
1660,618,OPP-001493,2226,Cross-Sell,30.93,P3,Monitor,71.0,MEDIUM,"{""target_category"": ""Personal Care"", ""territory_category_rank"": 4, ""territory_category_orders_90d"": 787, ""current_category_count_90d"": 4}","Introduce Personal Care during the next outlet visit and assess fit, expected demand, and an initial reorder quantity.",1975.87,471.41,1975.87,10.657306749442425,1.0642410858558655,1.0,0.0,Personal Care,4.0,787.0,4.0,,,,,,,,,,,
1661,619,OPP-001557,2313,Cross-Sell,30.93,P3,Monitor,71.0,MEDIUM,"{""target_category"": ""Personal Care"", ""territory_category_rank"": 4, ""territory_category_orders_90d"": 787, ""current_category_count_90d"": 4}","Introduce Personal Care during the next outlet visit and assess fit, expected demand, and an initial reorder quantity.",16037.95,0.0,4009.4875,48.44339101169616,3.3166411613863844,4.0,2.0,Personal Care,4.0,787.0,4.0,,,,,,,,,,,
1662,620,OPP-001616,2395,Cross-Sell,30.93,P3,Monitor,71.0,MEDIUM,"{""target_category"": ""Personal Care"", ""territory_category_rank"": 4, ""territory_category_orders_90d"": 787, ""current_category_count_90d"": 4}","Introduce Personal Care during the next outlet visit and assess fit, expected demand, and an initial reorder quantity.",1797.53,5867.799999999999,0.0,4.384846224362799,0.3569899349385531,0.0,0.0,Personal Care,4.0,787.0,4.0,,,,,,,,,,,
1663,621,OPP-001724,2545,Cross-Sell,30.93,P3,Monitor,71.0,MEDIUM,"{""target_category"": ""Personal Care"", ""territory_category_rank"": 4, ""territory_category_orders_90d"": 787, ""current_category_count_90d"": 4}","Introduce Personal Care during the next outlet visit and assess fit, expected demand, and an initial reorder quantity.",8641.48,1027.33,8641.48,46.24522575739008,4.654465151351934,1.0,0.0,Personal Care,4.0,787.0,4.0,,,,,,,,,,,
1664,622,OPP-001798,2625,Cross-Sell,30.93,P3,Monitor,71.0,MEDIUM,"{""target_category"": ""Personal Care"", ""territory_category_rank"": 4, ""territory_category_orders_90d"": 787, ""current_category_count_90d"": 4}","Introduce Personal Care during the next outlet visit and assess fit, expected demand, and an initial reorder quantity.",5587.84,0.0,1862.6133333333332,17.043580108340247,1.109746506621333,3.0,3.0,Personal Care,4.0,787.0,4.0,,,,,,,,,,,
1665,570,OPP-000385,612,Revenue Recovery,30.79,P3,Monitor,60.0,MEDIUM,"{""revenue_previous_30d"": 3539.09, ""revenue_30d"": 1192.61, ""revenue_growth_30d"": -0.663, ""revenue_gap_vs_previous_30d"": 2346.48, ""orders_previous_30d"": 2, ""orders_30d"": 1, ""revenue_index_vs_peer"": 1.119}","Review the outlet's recent order decline, identify the lost SKU/category demand, and schedule a recovery visit with a targeted reorder proposal.",1192.61,3539.09,0.0,6.158820424844533,1.1190545447721278,0.0,0.0,,,,,3539.09,1192.61,-0.663,2346.48,2.0,1.0,1.119,,,,
1666,364,OPP-000997,1539,Inactive Outlet,30.74,P3,Monitor,70.0,MEDIUM,"{""revenue_previous_30d"": 1549.95, ""revenue_30d"": 0.0, ""orders_previous_30d"": 1, ""orders_30d"": 0, ""days_since_last_order"": 57}","Prioritize a win-back visit, diagnose the reason for inactivity, and attempt a targeted reorder based on the outlet's prior mix.",0.0,1549.95,0.0,0.0,0.0,0.0,0.0,,,,,1549.95,0.0,,,1.0,0.0,,57.0,,,
1667,571,OPP-001044,1595,Revenue Recovery,30.74,P3,Monitor,60.0,MEDIUM,"{""revenue_previous_30d"": 4817.57, ""revenue_30d"": 2113.77, ""revenue_growth_30d"": -0.5612, ""revenue_gap_vs_previous_30d"": 2703.8, ""orders_previous_30d"": 3, ""orders_30d"": 1, ""revenue_index_vs_peer"": 1.737}","Review the outlet's recent order decline, identify the lost SKU/category demand, and schedule a recovery visit with a targeted reorder proposal.",2113.77,4817.57,352.295,9.686404060483833,1.73711200414191,6.0,4.0,,,,,4817.57,2113.77,-0.5612,2703.8,3.0,1.0,1.737,,,,
1668,572,OPP-000257,415,Revenue Recovery,30.72,P3,Monitor,60.0,MEDIUM,"{""revenue_previous_30d"": 3721.85, ""revenue_30d"": 1303.95, ""revenue_growth_30d"": -0.6497, ""revenue_gap_vs_previous_30d"": 2417.9, ""orders_previous_30d"": 1, ""orders_30d"": 1, ""revenue_index_vs_peer"": 0.748}","Review the outlet's recent order decline, identify the lost SKU/category demand, and schedule a recovery visit with a targeted reorder proposal.",1303.95,3721.85,651.975,6.560523654512797,0.7477377771151354,2.0,1.0,,,,,3721.85,1303.95,-0.6497,2417.9,1.0,1.0,0.748,,,,
1669,365,OPP-001032,1580,Inactive Outlet,30.66,P3,Monitor,70.0,MEDIUM,"{""revenue_previous_30d"": 2756.7, ""revenue_30d"": 0.0, ""orders_previous_30d"": 2, ""orders_30d"": 0, ""days_since_last_order"": 37}","Prioritize a win-back visit, diagnose the reason for inactivity, and attempt a targeted reorder based on the outlet's prior mix.",0.0,2756.7,0.0,0.0,0.0,1.0,1.0,,,,,2756.7,0.0,,,2.0,0.0,,37.0,,,
1670,366,OPP-001716,2536,Inactive Outlet,30.64,P3,Monitor,70.0,MEDIUM,"{""revenue_previous_30d"": 3498.02, ""revenue_30d"": 0.0, ""orders_previous_30d"": 1, ""orders_30d"": 0, ""days_since_last_order"": 35}","Prioritize a win-back visit, diagnose the reason for inactivity, and attempt a targeted reorder based on the outlet's prior mix.",0.0,3498.02,0.0,0.0,0.0,2.0,2.0,,,,,3498.02,0.0,,,1.0,0.0,,35.0,,,
1671,367,OPP-001873,2752,Inactive Outlet,30.63,P3,Monitor,70.0,MEDIUM,"{""revenue_previous_30d"": 2913.65, ""revenue_30d"": 0.0, ""orders_previous_30d"": 2, ""orders_30d"": 0, ""days_since_last_order"": 35}","Prioritize a win-back visit, diagnose the reason for inactivity, and attempt a targeted reorder based on the outlet's prior mix.",0.0,2913.65,0.0,0.0,0.0,0.0,0.0,,,,,2913.65,0.0,,,2.0,0.0,,35.0,,,
1672,573,OPP-000944,1458,Revenue Recovery,30.61,P3,Monitor,60.0,MEDIUM,"{""revenue_previous_30d"": 11814.42, ""revenue_30d"": 6430.08, ""revenue_growth_30d"": -0.4557, ""revenue_gap_vs_previous_30d"": 5384.34, ""orders_previous_30d"": 2, ""orders_30d"": 3, ""revenue_index_vs_peer"": 1.472}","Review the outlet's recent order decline, identify the lost SKU/category demand, and schedule a recovery visit with a targeted reorder proposal.",6430.08,11814.42,1286.016,14.993092304302358,1.47158929666688,5.0,3.0,,,,,11814.42,6430.08,-0.4557,5384.34,2.0,3.0,1.472,,,,
1673,574,OPP-001695,2514,Revenue Recovery,30.56,P3,Monitor,60.0,MEDIUM,"{""revenue_previous_30d"": 11710.85, ""revenue_30d"": 6894.16, ""revenue_growth_30d"": -0.4113, ""revenue_gap_vs_previous_30d"": 4816.69, ""orders_previous_30d"": 3, ""orders_30d"": 2, ""revenue_index_vs_peer"": 1.223}","Review the outlet's recent order decline, identify the lost SKU/category demand, and schedule a recovery visit with a targeted reorder proposal.",6894.16,11710.85,3447.08,26.28929288213943,1.223151698161412,2.0,2.0,,,,,11710.85,6894.16,-0.4113,4816.69,3.0,2.0,1.223,,,,
1674,623,OPP-000816,1253,Cross-Sell,30.54,P3,Monitor,73.0,MEDIUM,"{""target_category"": ""Personal Care"", ""territory_category_rank"": 4, ""territory_category_orders_90d"": 678, ""current_category_count_90d"": 3}","Introduce Personal Care during the next outlet visit and assess fit, expected demand, and an initial reorder quantity.",1266.97,155.78,1266.97,7.290923362351934,1.0004658949130592,1.0,0.0,Personal Care,4.0,678.0,3.0,,,,,,,,,,,
1675,624,OPP-001652,2442,Cross-Sell,30.54,P3,Monitor,73.0,MEDIUM,"{""target_category"": ""Personal Care"", ""territory_category_rank"": 4, ""territory_category_orders_90d"": 678, ""current_category_count_90d"": 3}","Introduce Personal Care during the next outlet visit and assess fit, expected demand, and an initial reorder quantity.",5994.85,482.46,5994.85,32.32294857368388,4.733847660259953,1.0,1.0,Personal Care,4.0,678.0,3.0,,,,,,,,,,,
1676,575,OPP-001812,2641,Revenue Recovery,30.38,P3,Monitor,60.0,MEDIUM,"{""revenue_previous_30d"": 10254.53, ""revenue_30d"": 5179.6, ""revenue_growth_30d"": -0.4949, ""revenue_gap_vs_previous_30d"": 5074.93, ""orders_previous_30d"": 2, ""orders_30d"": 2, ""revenue_index_vs_peer"": 5.182}","Review the outlet's recent order decline, identify the lost SKU/category demand, and schedule a recovery visit with a targeted reorder proposal.",5179.6,10254.53,863.2666666666668,26.673203307732635,5.181568996218563,6.0,4.0,,,,,10254.53,5179.6,-0.4949,5074.93,2.0,2.0,5.182,,,,
1677,576,OPP-000657,1029,Revenue Recovery,30.28,P3,Monitor,60.0,MEDIUM,"{""revenue_previous_30d"": 6563.58, ""revenue_30d"": 3391.59, ""revenue_growth_30d"": -0.4833, ""revenue_gap_vs_previous_30d"": 3171.99, ""orders_previous_30d"": 3, ""orders_30d"": 1, ""revenue_index_vs_peer"": 2.787}","Review the outlet's recent order decline, identify the lost SKU/category demand, and schedule a recovery visit with a targeted reorder proposal.",3391.59,6563.58,1130.53,19.1112315725058,2.787234042553192,3.0,2.0,,,,,6563.58,3391.59,-0.4833,3171.99,3.0,1.0,2.787,,,,
1678,577,OPP-000638,1000,Revenue Recovery,30.26,P3,Monitor,60.0,MEDIUM,"{""revenue_previous_30d"": 6760.34, ""revenue_30d"": 3523.51, ""revenue_growth_30d"": -0.4788, ""revenue_gap_vs_previous_30d"": 3236.83, ""orders_previous_30d"": 3, ""orders_30d"": 1, ""revenue_index_vs_peer"": 2.614}","Review the outlet's recent order decline, identify the lost SKU/category demand, and schedule a recovery visit with a targeted reorder proposal.",3523.51,6760.34,3523.51,18.05816933169332,2.613588992322813,1.0,1.0,,,,,6760.34,3523.51,-0.4788,3236.83,3.0,1.0,2.614,,,,
1679,368,OPP-000195,321,Inactive Outlet,30.17,P3,Monitor,70.0,MEDIUM,"{""revenue_previous_30d"": 1852.46, ""revenue_30d"": 0.0, ""orders_previous_30d"": 1, ""orders_30d"": 0, ""days_since_last_order"": 53}","Prioritize a win-back visit, diagnose the reason for inactivity, and attempt a targeted reorder based on the outlet's prior mix.",0.0,1852.46,0.0,0.0,0.0,1.0,0.0,,,,,1852.46,0.0,,,1.0,0.0,,53.0,,,
1680,369,OPP-000263,427,Inactive Outlet,30.16,P3,Monitor,70.0,MEDIUM,"{""revenue_previous_30d"": 3079.7, ""revenue_30d"": 0.0, ""orders_previous_30d"": 1, ""orders_30d"": 0, ""days_since_last_order"": 40}","Prioritize a win-back visit, diagnose the reason for inactivity, and attempt a targeted reorder based on the outlet's prior mix.",0.0,3079.7,0.0,0.0,0.0,3.0,1.0,,,,,3079.7,0.0,,,1.0,0.0,,40.0,,,
1681,578,OPP-001388,2093,Revenue Recovery,30.08,P3,Monitor,60.0,MEDIUM,"{""revenue_previous_30d"": 9330.79, ""revenue_30d"": 5539.23, ""revenue_growth_30d"": -0.4063, ""revenue_gap_vs_previous_30d"": 3791.56, ""orders_previous_30d"": 3, ""orders_30d"": 1, ""revenue_index_vs_peer"": 0.979}","Review the outlet's recent order decline, identify the lost SKU/category demand, and schedule a recovery visit with a targeted reorder proposal.",5539.23,9330.79,5539.23,12.813734346391357,0.979304455747495,1.0,1.0,,,,,9330.79,5539.23,-0.4063,3791.56,3.0,1.0,0.979,,,,
1682,579,OPP-001164,1762,Revenue Recovery,30.04,P3,Monitor,60.0,MEDIUM,"{""revenue_previous_30d"": 4013.73, ""revenue_30d"": 1523.39, ""revenue_growth_30d"": -0.6205, ""revenue_gap_vs_previous_30d"": 2490.34, ""orders_previous_30d"": 2, ""orders_30d"": 1, ""revenue_index_vs_peer"": 1.044}","Review the outlet's recent order decline, identify the lost SKU/category demand, and schedule a recovery visit with a targeted reorder proposal.",1523.39,4013.73,0.0,7.827204363615439,1.0444551095265848,0.0,0.0,,,,,4013.73,1523.39,-0.6205,2490.34,2.0,1.0,1.044,,,,
1683,580,OPP-001573,2336,Revenue Recovery,30.01,P3,Monitor,60.0,MEDIUM,"{""revenue_previous_30d"": 5842.46, ""revenue_30d"": 2953.61, ""revenue_growth_30d"": -0.4945, ""revenue_gap_vs_previous_30d"": 2888.85, ""orders_previous_30d"": 2, ""orders_30d"": 2, ""revenue_index_vs_peer"": 0.644}","Review the outlet's recent order decline, identify the lost SKU/category demand, and schedule a recovery visit with a targeted reorder proposal.",2953.61,5842.46,1476.805,7.854437053160074,0.6439123823434835,2.0,1.0,,,,,5842.46,2953.61,-0.4945,2888.85,2.0,2.0,0.644,,,,
1684,581,OPP-000817,1255,Revenue Recovery,29.95,P3,Monitor,60.0,MEDIUM,"{""revenue_previous_30d"": 5345.81, ""revenue_30d"": 2387.84, ""revenue_growth_30d"": -0.5533, ""revenue_gap_vs_previous_30d"": 2957.97, ""orders_previous_30d"": 2, ""orders_30d"": 1, ""revenue_index_vs_peer"": 1.286}","Review the outlet's recent order decline, identify the lost SKU/category demand, and schedule a recovery visit with a targeted reorder proposal.",2387.84,5345.81,1193.92,12.107979175719947,1.2861359474307876,2.0,1.0,,,,,5345.81,2387.84,-0.5533,2957.97,2.0,1.0,1.286,,,,
1685,582,OPP-000810,1247,Revenue Recovery,29.94,P3,Monitor,60.0,MEDIUM,"{""revenue_previous_30d"": 4612.31, ""revenue_30d"": 2057.52, ""revenue_growth_30d"": -0.5539, ""revenue_gap_vs_previous_30d"": 2554.79, ""orders_previous_30d"": 3, ""orders_30d"": 1, ""revenue_index_vs_peer"": 1.526}","Review the outlet's recent order decline, identify the lost SKU/category demand, and schedule a recovery visit with a targeted reorder proposal.",2057.52,4612.31,0.0,11.806662967377202,1.526180321180877,0.0,0.0,,,,,4612.31,2057.52,-0.5539,2554.79,3.0,1.0,1.526,,,,
1686,583,OPP-000374,597,Revenue Recovery,29.93,P3,Monitor,60.0,MEDIUM,"{""revenue_previous_30d"": 1773.65, ""revenue_30d"": 662.33, ""revenue_growth_30d"": -0.6266, ""revenue_gap_vs_previous_30d"": 1111.32, ""orders_previous_30d"": 1, ""orders_30d"": 2, ""revenue_index_vs_peer"": 0.464}","Review the outlet's recent order decline, identify the lost SKU/category demand, and schedule a recovery visit with a targeted reorder proposal.",662.3299999999999,1773.65,132.46599999999998,3.552512096391383,0.4640114894213254,5.0,3.0,,,,,1773.65,662.33,-0.6266,1111.32,1.0,2.0,0.464,,,,
1687,584,OPP-001343,2021,Revenue Recovery,29.92,P3,Monitor,60.0,MEDIUM,"{""revenue_previous_30d"": 10008.44, ""revenue_30d"": 5845.02, ""revenue_growth_30d"": -0.416, ""revenue_gap_vs_previous_30d"": 4163.42, ""orders_previous_30d"": 2, ""orders_30d"": 1, ""revenue_index_vs_peer"": 1.209}","Review the outlet's recent order decline, identify the lost SKU/category demand, and schedule a recovery visit with a targeted reorder proposal.",5845.02,10008.44,1948.34,13.780344651252385,1.2087476218049469,3.0,2.0,,,,,10008.44,5845.02,-0.416,4163.42,2.0,1.0,1.209,,,,
1689,626,OPP-000564,886,Cross-Sell,29.91,P3,Monitor,85.0,HIGH,"{""target_category"": ""Beverages"", ""territory_category_rank"": 2, ""territory_category_orders_90d"": 398, ""current_category_count_90d"": 4}","Introduce Beverages during the next outlet visit and assess fit, expected demand, and an initial reorder quantity.",2665.98,0.0,666.495,12.320750453019738,2.6669934575138554,4.0,2.0,Beverages,2.0,398.0,4.0,,,,,,,,,,,
1690,627,OPP-001266,1903,Cross-Sell,29.91,P3,Monitor,85.0,HIGH,"{""target_category"": ""Beverages"", ""territory_category_rank"": 2, ""territory_category_orders_90d"": 398, ""current_category_count_90d"": 4}","Introduce Beverages during the next outlet visit and assess fit, expected demand, and an initial reorder quantity.",0.0,0.0,0.0,0.0,0.0,2.0,1.0,Beverages,2.0,398.0,4.0,,,,,,,,,,,
1691,628,OPP-001354,2039,Cross-Sell,29.91,P3,Monitor,85.0,HIGH,"{""target_category"": ""Beverages"", ""territory_category_rank"": 2, ""territory_category_orders_90d"": 398, ""current_category_count_90d"": 4}","Introduce Beverages during the next outlet visit and assess fit, expected demand, and an initial reorder quantity.",0.0,2866.3,0.0,0.0,0.0,0.0,0.0,Beverages,2.0,398.0,4.0,,,,,,,,,,,
1692,629,OPP-001627,2406,Cross-Sell,29.91,P3,Monitor,85.0,HIGH,"{""target_category"": ""Beverages"", ""territory_category_rank"": 2, ""territory_category_orders_90d"": 398, ""current_category_count_90d"": 4}","Introduce Beverages during the next outlet visit and assess fit, expected demand, and an initial reorder quantity.",0.0,4190.46,0.0,0.0,0.0,2.0,2.0,Beverages,2.0,398.0,4.0,,,,,,,,,,,
1688,625,OPP-000484,765,Cross-Sell,29.91,P3,Monitor,80.0,HIGH,"{""target_category"": ""Home Care"", ""territory_category_rank"": 3, ""territory_category_orders_90d"": 482, ""current_category_count_90d"": 3}","Introduce Home Care during the next outlet visit and assess fit, expected demand, and an initial reorder quantity.",0.0,0.0,0.0,0.0,0.0,1.0,0.0,Home Care,3.0,482.0,3.0,,,,,,,,,,,
1693,585,OPP-001349,2035,Revenue Recovery,29.82,P3,Monitor,60.0,MEDIUM,"{""revenue_previous_30d"": 1882.46, ""revenue_30d"": 685.92, ""revenue_growth_30d"": -0.6356, ""revenue_gap_vs_previous_30d"": 1196.54, ""orders_previous_30d"": 2, ""orders_30d"": 2, ""revenue_index_vs_peer"": 0.506}","Review the outlet's recent order decline, identify the lost SKU/category demand, and schedule a recovery visit with a targeted reorder proposal.",685.92,1882.46,342.96,3.341836684979079,0.5055610834715312,2.0,1.0,,,,,1882.46,685.92,-0.6356,1196.54,2.0,2.0,0.506,,,,
1694,586,OPP-001893,2775,Revenue Recovery,29.73,P3,Monitor,60.0,MEDIUM,"{""revenue_previous_30d"": 5867.75, ""revenue_30d"": 2566.9, ""revenue_growth_30d"": -0.5625, ""revenue_gap_vs_previous_30d"": 3300.85, ""orders_previous_30d"": 3, ""orders_30d"": 2, ""revenue_index_vs_peer"": 1.892}","Review the outlet's recent order decline, identify the lost SKU/category demand, and schedule a recovery visit with a targeted reorder proposal.",2566.9,5867.75,2566.9,14.972384294891054,1.8919476690620969,1.0,1.0,,,,,5867.75,2566.9,-0.5625,3300.85,3.0,2.0,1.892,,,,
1695,587,OPP-000580,904,Revenue Recovery,29.7,P3,Monitor,60.0,MEDIUM,"{""revenue_previous_30d"": 4716.53, ""revenue_30d"": 1829.64, ""revenue_growth_30d"": -0.6121, ""revenue_gap_vs_previous_30d"": 2886.89, ""orders_previous_30d"": 3, ""orders_30d"": 2, ""revenue_index_vs_peer"": 1.504}","Review the outlet's recent order decline, identify the lost SKU/category demand, and schedule a recovery visit with a targeted reorder proposal.",1829.64,4716.53,1829.64,8.488255139420348,1.5036118438894506,1.0,0.0,,,,,4716.53,1829.64,-0.6121,2886.89,3.0,2.0,1.504,,,,
1696,588,OPP-000434,686,Revenue Recovery,29.59,P3,Monitor,60.0,MEDIUM,"{""revenue_previous_30d"": 8753.4, ""revenue_30d"": 5220.66, ""revenue_growth_30d"": -0.4036, ""revenue_gap_vs_previous_30d"": 3532.74, ""orders_previous_30d"": 4, ""orders_30d"": 1, ""revenue_index_vs_peer"": 1.138}","Review the outlet's recent order decline, identify the lost SKU/category demand, and schedule a recovery visit with a targeted reorder proposal.",5220.66,8753.4,1740.22,13.384962331991249,1.1381487799693697,3.0,2.0,,,,,8753.4,5220.66,-0.4036,3532.74,4.0,1.0,1.138,,,,
1697,370,OPP-001448,2165,Inactive Outlet,29.58,P3,Monitor,70.0,MEDIUM,"{""revenue_previous_30d"": 1591.14, ""revenue_30d"": 0.0, ""orders_previous_30d"": 1, ""orders_30d"": 0, ""days_since_last_order"": 55}","Prioritize a win-back visit, diagnose the reason for inactivity, and attempt a targeted reorder based on the outlet's prior mix.",0.0,1591.14,0.0,0.0,0.0,5.0,2.0,,,,,1591.14,0.0,,,1.0,0.0,,55.0,,,
1698,589,OPP-001335,2009,Revenue Recovery,29.45,P3,Monitor,60.0,MEDIUM,"{""revenue_previous_30d"": 6757.23, ""revenue_30d"": 3682.82, ""revenue_growth_30d"": -0.455, ""revenue_gap_vs_previous_30d"": 3074.41, ""orders_previous_30d"": 2, ""orders_30d"": 2, ""revenue_index_vs_peer"": 0.651}","Review the outlet's recent order decline, identify the lost SKU/category demand, and schedule a recovery visit with a targeted reorder proposal.",3682.82,6757.23,3682.82,9.132351927409752,0.6511016938664742,1.0,1.0,,,,,6757.23,3682.82,-0.455,3074.41,2.0,2.0,0.651,,,,
1699,371,OPP-001416,2123,Inactive Outlet,29.4,P3,Monitor,70.0,MEDIUM,"{""revenue_previous_30d"": 1512.17, ""revenue_30d"": 0.0, ""orders_previous_30d"": 1, ""orders_30d"": 0, ""days_since_last_order"": 56}","Prioritize a win-back visit, diagnose the reason for inactivity, and attempt a targeted reorder based on the outlet's prior mix.",0.0,1512.17,0.0,0.0,0.0,1.0,1.0,,,,,1512.17,0.0,,,1.0,0.0,,56.0,,,
1700,630,OPP-000041,69,Cross-Sell,29.39,P3,Monitor,64.0,MEDIUM,"{""target_category"": ""Confectionery"", ""territory_category_rank"": 5, ""territory_category_orders_90d"": 877, ""current_category_count_90d"": 4}","Introduce Confectionery during the next outlet visit and assess fit, expected demand, and an initial reorder quantity.",0.0,1700.69,0.0,0.0,0.0,0.0,0.0,Confectionery,5.0,877.0,4.0,,,,,,,,,,,
1701,631,OPP-000279,449,Cross-Sell,29.39,P3,Monitor,64.0,MEDIUM,"{""target_category"": ""Confectionery"", ""territory_category_rank"": 5, ""territory_category_orders_90d"": 877, ""current_category_count_90d"": 4}","Introduce Confectionery during the next outlet visit and assess fit, expected demand, and an initial reorder quantity.",3315.26,1325.65,3315.26,15.742364008987876,2.272983442459977,1.0,0.0,Confectionery,5.0,877.0,4.0,,,,,,,,,,,
1702,632,OPP-000327,524,Cross-Sell,29.39,P3,Monitor,64.0,MEDIUM,"{""target_category"": ""Confectionery"", ""territory_category_rank"": 5, ""territory_category_orders_90d"": 877, ""current_category_count_90d"": 4}","Introduce Confectionery during the next outlet visit and assess fit, expected demand, and an initial reorder quantity.",3285.36,3613.09,1642.68,19.402079840406596,2.2524836310033938,2.0,0.0,Confectionery,5.0,877.0,4.0,,,,,,,,,,,
1703,633,OPP-000480,760,Cross-Sell,29.39,P3,Monitor,64.0,MEDIUM,"{""target_category"": ""Confectionery"", ""territory_category_rank"": 5, ""territory_category_orders_90d"": 877, ""current_category_count_90d"": 4}","Introduce Confectionery during the next outlet visit and assess fit, expected demand, and an initial reorder quantity.",2050.93,933.58,2050.93,10.123525041894856,1.406143087312742,1.0,1.0,Confectionery,5.0,877.0,4.0,,,,,,,,,,,
1704,634,OPP-000628,982,Cross-Sell,29.39,P3,Monitor,64.0,MEDIUM,"{""target_category"": ""Confectionery"", ""territory_category_rank"": 5, ""territory_category_orders_90d"": 877, ""current_category_count_90d"": 4}","Introduce Confectionery during the next outlet visit and assess fit, expected demand, and an initial reorder quantity.",4282.45,0.0,1427.4833333333331,24.028388898053358,2.936100922148709,3.0,2.0,Confectionery,5.0,877.0,4.0,,,,,,,,,,,
1705,635,OPP-000629,985,Cross-Sell,29.39,P3,Monitor,64.0,MEDIUM,"{""target_category"": ""Confectionery"", ""territory_category_rank"": 5, ""territory_category_orders_90d"": 877, ""current_category_count_90d"": 4}","Introduce Confectionery during the next outlet visit and assess fit, expected demand, and an initial reorder quantity.",877.87,2877.57,877.87,4.096554884465178,0.6018785780398341,1.0,1.0,Confectionery,5.0,877.0,4.0,,,,,,,,,,,
1706,636,OPP-000680,1062,Cross-Sell,29.39,P3,Monitor,64.0,MEDIUM,"{""target_category"": ""Confectionery"", ""territory_category_rank"": 5, ""territory_category_orders_90d"": 877, ""current_category_count_90d"": 4}","Introduce Confectionery during the next outlet visit and assess fit, expected demand, and an initial reorder quantity.",3236.64,2028.91,1618.32,16.24142551045498,2.2190805937403586,2.0,1.0,Confectionery,5.0,877.0,4.0,,,,,,,,,,,
1707,637,OPP-000726,1121,Cross-Sell,29.39,P3,Monitor,64.0,MEDIUM,"{""target_category"": ""Confectionery"", ""territory_category_rank"": 5, ""territory_category_orders_90d"": 877, ""current_category_count_90d"": 4}","Introduce Confectionery during the next outlet visit and assess fit, expected demand, and an initial reorder quantity.",0.0,3143.98,0.0,0.0,0.0,1.0,1.0,Confectionery,5.0,877.0,4.0,,,,,,,,,,,
1708,638,OPP-000963,1488,Cross-Sell,29.39,P3,Monitor,64.0,MEDIUM,"{""target_category"": ""Confectionery"", ""territory_category_rank"": 5, ""territory_category_orders_90d"": 877, ""current_category_count_90d"": 4}","Introduce Confectionery during the next outlet visit and assess fit, expected demand, and an initial reorder quantity.",4081.97,0.0,4081.97,23.03863938959009,2.7986493435261046,1.0,0.0,Confectionery,5.0,877.0,4.0,,,,,,,,,,,
1709,639,OPP-001162,1761,Cross-Sell,29.39,P3,Monitor,64.0,MEDIUM,"{""target_category"": ""Confectionery"", ""territory_category_rank"": 5, ""territory_category_orders_90d"": 877, ""current_category_count_90d"": 4}","Introduce Confectionery during the next outlet visit and assess fit, expected demand, and an initial reorder quantity.",0.0,3720.21,0.0,3.1032813965458743,0.0,1.0,0.0,Confectionery,5.0,877.0,4.0,,,,,,,,,,,
1710,640,OPP-001222,1845,Cross-Sell,29.39,P3,Monitor,64.0,MEDIUM,"{""target_category"": ""Confectionery"", ""territory_category_rank"": 5, ""territory_category_orders_90d"": 877, ""current_category_count_90d"": 4}","Introduce Confectionery during the next outlet visit and assess fit, expected demand, and an initial reorder quantity.",1871.81,2227.37,623.9366666666666,9.229709466392706,1.2833361900517637,3.0,2.0,Confectionery,5.0,877.0,4.0,,,,,,,,,,,
1711,641,OPP-001232,1857,Cross-Sell,29.39,P3,Monitor,64.0,MEDIUM,"{""target_category"": ""Confectionery"", ""territory_category_rank"": 5, ""territory_category_orders_90d"": 877, ""current_category_count_90d"": 4}","Introduce Confectionery during the next outlet visit and assess fit, expected demand, and an initial reorder quantity.",0.0,3832.63,0.0,0.0,0.0,4.0,2.0,Confectionery,5.0,877.0,4.0,,,,,,,,,,,
1712,642,OPP-001466,2187,Cross-Sell,29.39,P3,Monitor,64.0,MEDIUM,"{""target_category"": ""Confectionery"", ""territory_category_rank"": 5, ""territory_category_orders_90d"": 877, ""current_category_count_90d"": 4}","Introduce Confectionery during the next outlet visit and assess fit, expected demand, and an initial reorder quantity.",0.0,5400.9,0.0,0.0,0.0,1.0,0.0,Confectionery,5.0,877.0,4.0,,,,,,,,,,,
1713,643,OPP-001564,2325,Cross-Sell,29.39,P3,Monitor,64.0,MEDIUM,"{""target_category"": ""Confectionery"", ""territory_category_rank"": 5, ""territory_category_orders_90d"": 877, ""current_category_count_90d"": 4}","Introduce Confectionery during the next outlet visit and assess fit, expected demand, and an initial reorder quantity.",872.29,0.0,218.0725,5.346044353738995,0.5980528607178363,4.0,4.0,Confectionery,5.0,877.0,4.0,,,,,,,,,,,
1714,644,OPP-001655,2446,Cross-Sell,29.39,P3,Monitor,64.0,MEDIUM,"{""target_category"": ""Confectionery"", ""territory_category_rank"": 5, ""territory_category_orders_90d"": 877, ""current_category_count_90d"": 4}","Introduce Confectionery during the next outlet visit and assess fit, expected demand, and an initial reorder quantity.",0.0,6695.64,0.0,0.0,0.0,0.0,0.0,Confectionery,5.0,877.0,4.0,,,,,,,,,,,
1715,645,OPP-001761,2583,Cross-Sell,29.39,P3,Monitor,64.0,MEDIUM,"{""target_category"": ""Confectionery"", ""territory_category_rank"": 5, ""territory_category_orders_90d"": 877, ""current_category_count_90d"": 4}","Introduce Confectionery during the next outlet visit and assess fit, expected demand, and an initial reorder quantity.",826.9,2510.21,826.9,4.152932792198172,0.5669329128243804,1.0,1.0,Confectionery,5.0,877.0,4.0,,,,,,,,,,,
1716,646,OPP-001793,2621,Cross-Sell,29.39,P3,Monitor,64.0,MEDIUM,"{""target_category"": ""Confectionery"", ""territory_category_rank"": 5, ""territory_category_orders_90d"": 877, ""current_category_count_90d"": 4}","Introduce Confectionery during the next outlet visit and assess fit, expected demand, and an initial reorder quantity.",0.0,1353.03,0.0,0.0,0.0,0.0,0.0,Confectionery,5.0,877.0,4.0,,,,,,,,,,,
1717,647,OPP-001816,2650,Cross-Sell,29.39,P3,Monitor,64.0,MEDIUM,"{""target_category"": ""Confectionery"", ""territory_category_rank"": 5, ""territory_category_orders_90d"": 877, ""current_category_count_90d"": 4}","Introduce Confectionery during the next outlet visit and assess fit, expected demand, and an initial reorder quantity.",0.0,4086.33,0.0,0.0,0.0,2.0,0.0,Confectionery,5.0,877.0,4.0,,,,,,,,,,,
1718,648,OPP-001847,2714,Cross-Sell,29.39,P3,Monitor,64.0,MEDIUM,"{""target_category"": ""Confectionery"", ""territory_category_rank"": 5, ""territory_category_orders_90d"": 877, ""current_category_count_90d"": 4}","Introduce Confectionery during the next outlet visit and assess fit, expected demand, and an initial reorder quantity.",0.0,8069.51,0.0,0.0,0.0,1.0,1.0,Confectionery,5.0,877.0,4.0,,,,,,,,,,,
1719,372,OPP-000443,701,Inactive Outlet,29.37,P3,Monitor,70.0,MEDIUM,"{""revenue_previous_30d"": 1689.68, ""revenue_30d"": 0.0, ""orders_previous_30d"": 1, ""orders_30d"": 0, ""days_since_last_order"": 54}","Prioritize a win-back visit, diagnose the reason for inactivity, and attempt a targeted reorder based on the outlet's prior mix.",0.0,1689.68,0.0,0.0,0.0,1.0,0.0,,,,,1689.68,0.0,,,1.0,0.0,,54.0,,,
1720,373,OPP-001070,1639,Inactive Outlet,29.37,P3,Monitor,70.0,MEDIUM,"{""revenue_previous_30d"": 3147.96, ""revenue_30d"": 0.0, ""orders_previous_30d"": 1, ""orders_30d"": 0, ""days_since_last_order"": 38}","Prioritize a win-back visit, diagnose the reason for inactivity, and attempt a targeted reorder based on the outlet's prior mix.",0.0,3147.96,0.0,0.0,0.0,1.0,0.0,,,,,3147.96,0.0,,,1.0,0.0,,38.0,,,
1721,590,OPP-000932,1439,Revenue Recovery,29.31,P3,Monitor,60.0,MEDIUM,"{""revenue_previous_30d"": 7973.49, ""revenue_30d"": 4158.01, ""revenue_growth_30d"": -0.4785, ""revenue_gap_vs_previous_30d"": 3815.48, ""orders_previous_30d"": 1, ""orders_30d"": 2, ""revenue_index_vs_peer"": 0.801}","Review the outlet's recent order decline, identify the lost SKU/category demand, and schedule a recovery visit with a targeted reorder proposal.",4158.01,7973.49,4158.01,11.843425618595331,0.8012552583454254,1.0,1.0,,,,,7973.49,4158.01,-0.4785,3815.48,1.0,2.0,0.801,,,,
1722,374,OPP-000235,383,Inactive Outlet,29.21,P3,Monitor,70.0,MEDIUM,"{""revenue_previous_30d"": 3026.76, ""revenue_30d"": 0.0, ""orders_previous_30d"": 2, ""orders_30d"": 0, ""days_since_last_order"": 33}","Prioritize a win-back visit, diagnose the reason for inactivity, and attempt a targeted reorder based on the outlet's prior mix.",0.0,3026.76,0.0,0.0,0.0,1.0,1.0,,,,,3026.76,0.0,,,2.0,0.0,,33.0,,,
1723,591,OPP-000350,557,Revenue Recovery,29.05,P3,Monitor,60.0,MEDIUM,"{""revenue_previous_30d"": 9779.82, ""revenue_30d"": 5767.26, ""revenue_growth_30d"": -0.4103, ""revenue_gap_vs_previous_30d"": 4012.56, ""orders_previous_30d"": 4, ""orders_30d"": 2, ""revenue_index_vs_peer"": 1.02}","Review the outlet's recent order decline, identify the lost SKU/category demand, and schedule a recovery visit with a targeted reorder proposal.",5767.26,9779.82,0.0,29.723921782745315,1.0196188667837045,0.0,0.0,,,,,9779.82,5767.26,-0.4103,4012.56,4.0,2.0,1.02,,,,
1724,375,OPP-001355,2039,Inactive Outlet,29.04,P3,Monitor,70.0,MEDIUM,"{""revenue_previous_30d"": 2866.3, ""revenue_30d"": 0.0, ""orders_previous_30d"": 2, ""orders_30d"": 0, ""days_since_last_order"": 34}","Prioritize a win-back visit, diagnose the reason for inactivity, and attempt a targeted reorder based on the outlet's prior mix.",0.0,2866.3,0.0,0.0,0.0,0.0,0.0,,,,,2866.3,0.0,,,2.0,0.0,,34.0,,,
1725,592,OPP-000872,1347,Revenue Recovery,29.03,P3,Monitor,60.0,MEDIUM,"{""revenue_previous_30d"": 13420.38, ""revenue_30d"": 9165.18, ""revenue_growth_30d"": -0.3171, ""revenue_gap_vs_previous_30d"": 4255.2, ""orders_previous_30d"": 3, ""orders_30d"": 1, ""revenue_index_vs_peer"": 1.998}","Review the outlet's recent order decline, identify the lost SKU/category demand, and schedule a recovery visit with a targeted reorder proposal.",9165.18,13420.38,0.0,25.434762157036385,1.9980880645741477,0.0,0.0,,,,,13420.38,9165.18,-0.3171,4255.2,3.0,1.0,1.998,,,,
1726,376,OPP-000766,1183,Inactive Outlet,28.93,P3,Monitor,70.0,MEDIUM,"{""revenue_previous_30d"": 1313.05, ""revenue_30d"": 0.0, ""orders_previous_30d"": 1, ""orders_30d"": 0, ""days_since_last_order"": 58}","Prioritize a win-back visit, diagnose the reason for inactivity, and attempt a targeted reorder based on the outlet's prior mix.",0.0,1313.05,0.0,0.0,0.0,1.0,1.0,,,,,1313.05,0.0,,,1.0,0.0,,58.0,,,
1727,377,OPP-000361,577,Inactive Outlet,28.92,P3,Monitor,70.0,MEDIUM,"{""revenue_previous_30d"": 1698.92, ""revenue_30d"": 0.0, ""orders_previous_30d"": 1, ""orders_30d"": 0, ""days_since_last_order"": 53}","Prioritize a win-back visit, diagnose the reason for inactivity, and attempt a targeted reorder based on the outlet's prior mix.",0.0,1698.92,0.0,0.0,0.0,0.0,0.0,,,,,1698.92,0.0,,,1.0,0.0,,53.0,,,
1728,378,OPP-000073,125,Inactive Outlet,28.81,P3,Monitor,70.0,MEDIUM,"{""revenue_previous_30d"": 1969.97, ""revenue_30d"": 0.0, ""orders_previous_30d"": 1, ""orders_30d"": 0, ""days_since_last_order"": 50}","Prioritize a win-back visit, diagnose the reason for inactivity, and attempt a targeted reorder based on the outlet's prior mix.",0.0,1969.97,0.0,0.0,0.0,1.0,0.0,,,,,1969.97,0.0,,,1.0,0.0,,50.0,,,
1729,593,OPP-001205,1817,Revenue Recovery,28.8,P3,Monitor,60.0,MEDIUM,"{""revenue_previous_30d"": 2449.49, ""revenue_30d"": 1153.64, ""revenue_growth_30d"": -0.529, ""revenue_gap_vs_previous_30d"": 1295.85, ""orders_previous_30d"": 2, ""orders_30d"": 1, ""revenue_index_vs_peer"": 0.662}","Review the outlet's recent order decline, identify the lost SKU/category demand, and schedule a recovery visit with a targeted reorder proposal.",1153.64,2449.49,576.82,6.068563553058638,0.6615439312788871,2.0,0.0,,,,,2449.49,1153.64,-0.529,1295.85,2.0,1.0,0.662,,,,
1730,379,OPP-002024,2950,Inactive Outlet,28.73,P3,Monitor,70.0,MEDIUM,"{""revenue_previous_30d"": 1348.63, ""revenue_30d"": 0.0, ""orders_previous_30d"": 1, ""orders_30d"": 0, ""days_since_last_order"": 57}","Prioritize a win-back visit, diagnose the reason for inactivity, and attempt a targeted reorder based on the outlet's prior mix.",0.0,1348.63,0.0,0.0,0.0,0.0,0.0,,,,,1348.63,0.0,,,1.0,0.0,,57.0,,,
1731,594,OPP-000950,1469,Revenue Recovery,28.72,P3,Monitor,60.0,MEDIUM,"{""revenue_previous_30d"": 4043.0, ""revenue_30d"": 2143.82, ""revenue_growth_30d"": -0.4697, ""revenue_gap_vs_previous_30d"": 1899.18, ""orders_previous_30d"": 2, ""orders_30d"": 2, ""revenue_index_vs_peer"": 0.467}","Review the outlet's recent order decline, identify the lost SKU/category demand, and schedule a recovery visit with a targeted reorder proposal.",2143.82,4043.0,1071.91,6.633081807864576,0.4673711977937529,2.0,0.0,,,,,4043.0,2143.82,-0.4697,1899.18,2.0,2.0,0.467,,,,
1732,595,OPP-000707,1100,Revenue Recovery,28.68,P3,Monitor,60.0,MEDIUM,"{""revenue_previous_30d"": 10416.67, ""revenue_30d"": 5635.03, ""revenue_growth_30d"": -0.459, ""revenue_gap_vs_previous_30d"": 4781.64, ""orders_previous_30d"": 3, ""orders_30d"": 3, ""revenue_index_vs_peer"": 0.996}","Review the outlet's recent order decline, identify the lost SKU/category demand, and schedule a recovery visit with a targeted reorder proposal.",5635.030000000001,10416.67,0.0,28.99728229548128,0.996241352547341,0.0,0.0,,,,,10416.67,5635.03,-0.459,4781.64,3.0,3.0,0.996,,,,
1733,596,OPP-002029,2955,Revenue Recovery,28.62,P3,Monitor,60.0,MEDIUM,"{""revenue_previous_30d"": 3403.55, ""revenue_30d"": 1179.45, ""revenue_growth_30d"": -0.6535, ""revenue_gap_vs_previous_30d"": 2224.1, ""orders_previous_30d"": 2, ""orders_30d"": 2, ""revenue_index_vs_peer"": 0.809}","Review the outlet's recent order decline, identify the lost SKU/category demand, and schedule a recovery visit with a targeted reorder proposal.",1179.4454999999998,3403.55,1179.4454999999998,6.126279916664198,0.8086424874018716,1.0,1.0,,,,,3403.55,1179.45,-0.6535,2224.1,2.0,2.0,0.809,,,,
1734,380,OPP-000690,1076,Inactive Outlet,28.6,P3,Monitor,70.0,MEDIUM,"{""revenue_previous_30d"": 1332.08, ""revenue_30d"": 0.0, ""orders_previous_30d"": 1, ""orders_30d"": 0, ""days_since_last_order"": 57}","Prioritize a win-back visit, diagnose the reason for inactivity, and attempt a targeted reorder based on the outlet's prior mix.",0.0,1332.08,0.0,0.0,0.0,0.0,0.0,,,,,1332.08,0.0,,,1.0,0.0,,57.0,,,
1735,597,OPP-000855,1321,Revenue Recovery,28.55,P3,Monitor,60.0,MEDIUM,"{""revenue_previous_30d"": 3914.34, ""revenue_30d"": 1588.97, ""revenue_growth_30d"": -0.5941, ""revenue_gap_vs_previous_30d"": 2325.37, ""orders_previous_30d"": 2, ""orders_30d"": 1, ""revenue_index_vs_peer"": 1.59}","Review the outlet's recent order decline, identify the lost SKU/category demand, and schedule a recovery visit with a targeted reorder proposal.",1588.97,3914.34,794.485,8.004733410645034,1.5895740381344912,2.0,2.0,,,,,3914.34,1588.97,-0.5941,2325.37,2.0,1.0,1.59,,,,
1736,649,OPP-000044,73,Cross-Sell,28.54,P3,Monitor,78.0,MEDIUM,"{""target_category"": ""Home Care"", ""territory_category_rank"": 3, ""territory_category_orders_90d"": 587, ""current_category_count_90d"": 4}","Introduce Home Care during the next outlet visit and assess fit, expected demand, and an initial reorder quantity.",0.0,0.0,0.0,0.0,0.0,1.0,0.0,Home Care,3.0,587.0,4.0,,,,,,,,,,,
1738,650,OPP-000164,261,Cross-Sell,28.54,P3,Monitor,78.0,MEDIUM,"{""target_category"": ""Home Care"", ""territory_category_rank"": 3, ""territory_category_orders_90d"": 587, ""current_category_count_90d"": 4}","Introduce Home Care during the next outlet visit and assess fit, expected demand, and an initial reorder quantity.",0.0,6516.59,0.0,0.0,0.0,0.0,0.0,Home Care,3.0,587.0,4.0,,,,,,,,,,,
1739,651,OPP-000284,453,Cross-Sell,28.54,P3,Monitor,78.0,MEDIUM,"{""target_category"": ""Home Care"", ""territory_category_rank"": 3, ""territory_category_orders_90d"": 587, ""current_category_count_90d"": 4}","Introduce Home Care during the next outlet visit and assess fit, expected demand, and an initial reorder quantity.",0.0,4977.07,0.0,0.0,0.0,2.0,0.0,Home Care,3.0,587.0,4.0,,,,,,,,,,,
1740,652,OPP-000305,487,Cross-Sell,28.54,P3,Monitor,78.0,MEDIUM,"{""target_category"": ""Home Care"", ""territory_category_rank"": 3, ""territory_category_orders_90d"": 587, ""current_category_count_90d"": 4}","Introduce Home Care during the next outlet visit and assess fit, expected demand, and an initial reorder quantity.",4638.67,2187.06,2319.335,12.339966725741688,0.9440538590615978,2.0,1.0,Home Care,3.0,587.0,4.0,,,,,,,,,,,
1741,653,OPP-000461,730,Cross-Sell,28.54,P3,Monitor,78.0,MEDIUM,"{""target_category"": ""Home Care"", ""territory_category_rank"": 3, ""territory_category_orders_90d"": 587, ""current_category_count_90d"": 4}","Introduce Home Care during the next outlet visit and assess fit, expected demand, and an initial reorder quantity.",1138.38,1447.8,1138.38,6.270224776966324,0.8390491984521836,1.0,1.0,Home Care,3.0,587.0,4.0,,,,,,,,,,,
1742,654,OPP-000741,1152,Cross-Sell,28.54,P3,Monitor,78.0,MEDIUM,"{""target_category"": ""Home Care"", ""territory_category_rank"": 3, ""territory_category_orders_90d"": 587, ""current_category_count_90d"": 4}","Introduce Home Care during the next outlet visit and assess fit, expected demand, and an initial reorder quantity.",4653.81,3057.71,1163.4525,10.854876228599872,0.9471351249042192,4.0,1.0,Home Care,3.0,587.0,4.0,,,,,,,,,,,
1743,655,OPP-000765,1183,Cross-Sell,28.54,P3,Monitor,78.0,MEDIUM,"{""target_category"": ""Home Care"", ""territory_category_rank"": 3, ""territory_category_orders_90d"": 587, ""current_category_count_90d"": 4}","Introduce Home Care during the next outlet visit and assess fit, expected demand, and an initial reorder quantity.",0.0,1313.05,0.0,0.0,0.0,1.0,1.0,Home Care,3.0,587.0,4.0,,,,,,,,,,,
1744,656,OPP-001063,1630,Cross-Sell,28.54,P3,Monitor,78.0,MEDIUM,"{""target_category"": ""Home Care"", ""territory_category_rank"": 3, ""territory_category_orders_90d"": 587, ""current_category_count_90d"": 4}","Introduce Home Care during the next outlet visit and assess fit, expected demand, and an initial reorder quantity.",3026.3500000000004,0.0,1513.1750000000002,17.424841749376156,2.1201835505114195,2.0,1.0,Home Care,3.0,587.0,4.0,,,,,,,,,,,
1745,657,OPP-001100,1687,Cross-Sell,28.54,P3,Monitor,78.0,MEDIUM,"{""target_category"": ""Home Care"", ""territory_category_rank"": 3, ""territory_category_orders_90d"": 587, ""current_category_count_90d"": 4}","Introduce Home Care during the next outlet visit and assess fit, expected demand, and an initial reorder quantity.",140.4,5438.5,70.2,0.7775128228699526,0.0983606557377049,2.0,2.0,Home Care,3.0,587.0,4.0,,,,,,,,,,,
1746,658,OPP-001207,1819,Cross-Sell,28.54,P3,Monitor,78.0,MEDIUM,"{""target_category"": ""Home Care"", ""territory_category_rank"": 3, ""territory_category_orders_90d"": 587, ""current_category_count_90d"": 4}","Introduce Home Care during the next outlet visit and assess fit, expected demand, and an initial reorder quantity.",5629.75,4174.29,2814.875,14.012192393207046,0.9988219409941472,2.0,0.0,Home Care,3.0,587.0,4.0,,,,,,,,,,,
1747,659,OPP-001375,2077,Cross-Sell,28.54,P3,Monitor,78.0,MEDIUM,"{""target_category"": ""Home Care"", ""territory_category_rank"": 3, ""territory_category_orders_90d"": 587, ""current_category_count_90d"": 4}","Introduce Home Care during the next outlet visit and assess fit, expected demand, and an initial reorder quantity.",0.0,4462.34,0.0,0.0,0.0,4.0,2.0,Home Care,3.0,587.0,4.0,,,,,,,,,,,
1748,660,OPP-001672,2472,Cross-Sell,28.54,P3,Monitor,78.0,MEDIUM,"{""target_category"": ""Home Care"", ""territory_category_rank"": 3, ""territory_category_orders_90d"": 587, ""current_category_count_90d"": 4}","Introduce Home Care during the next outlet visit and assess fit, expected demand, and an initial reorder quantity.",2300.37,0.0,1150.185,5.5143603208266185,0.4681672064987437,2.0,2.0,Home Care,3.0,587.0,4.0,,,,,,,,,,,
1749,661,OPP-001814,2648,Cross-Sell,28.54,P3,Monitor,78.0,MEDIUM,"{""target_category"": ""Home Care"", ""territory_category_rank"": 3, ""territory_category_orders_90d"": 587, ""current_category_count_90d"": 4}","Introduce Home Care during the next outlet visit and assess fit, expected demand, and an initial reorder quantity.",0.0,0.0,0.0,0.0,0.0,5.0,4.0,Home Care,3.0,587.0,4.0,,,,,,,,,,,
1750,662,OPP-001944,2846,Cross-Sell,28.54,P3,Monitor,78.0,MEDIUM,"{""target_category"": ""Home Care"", ""territory_category_rank"": 3, ""territory_category_orders_90d"": 587, ""current_category_count_90d"": 4}","Introduce Home Care during the next outlet visit and assess fit, expected demand, and an initial reorder quantity.",887.697,2207.44,295.899,4.98298862446708,0.6542819237147596,3.0,3.0,Home Care,3.0,587.0,4.0,,,,,,,,,,,
1751,663,OPP-001947,2848,Cross-Sell,28.54,P3,Monitor,78.0,MEDIUM,"{""target_category"": ""Home Care"", ""territory_category_rank"": 3, ""territory_category_orders_90d"": 587, ""current_category_count_90d"": 4}","Introduce Home Care during the next outlet visit and assess fit, expected demand, and an initial reorder quantity.",3045.83,2796.34,3045.83,16.15245673169728,2.1338307412077904,1.0,0.0,Home Care,3.0,587.0,4.0,,,,,,,,,,,
1752,664,OPP-001988,2912,Cross-Sell,28.54,P3,Monitor,78.0,MEDIUM,"{""target_category"": ""Home Care"", ""territory_category_rank"": 3, ""territory_category_orders_90d"": 587, ""current_category_count_90d"": 4}","Introduce Home Care during the next outlet visit and assess fit, expected demand, and an initial reorder quantity.",0.0,2858.64,0.0,0.0,0.0,1.0,0.0,Home Care,3.0,587.0,4.0,,,,,,,,,,,
1753,665,OPP-002023,2950,Cross-Sell,28.54,P3,Monitor,78.0,MEDIUM,"{""target_category"": ""Home Care"", ""territory_category_rank"": 3, ""territory_category_orders_90d"": 587, ""current_category_count_90d"": 4}","Introduce Home Care during the next outlet visit and assess fit, expected demand, and an initial reorder quantity.",0.0,1348.63,0.0,0.0,0.0,0.0,0.0,Home Care,3.0,587.0,4.0,,,,,,,,,,,
1737,381,OPP-000051,80,Inactive Outlet,28.54,P3,Monitor,70.0,MEDIUM,"{""revenue_previous_30d"": 2030.34, ""revenue_30d"": 0.0, ""orders_previous_30d"": 2, ""orders_30d"": 0, ""days_since_last_order"": 42}","Prioritize a win-back visit, diagnose the reason for inactivity, and attempt a targeted reorder based on the outlet's prior mix.",0.0,2030.34,0.0,0.0,0.0,2.0,0.0,,,,,2030.34,0.0,,,2.0,0.0,,42.0,,,
1754,598,OPP-001409,2116,Revenue Recovery,28.36,P3,Monitor,60.0,MEDIUM,"{""revenue_previous_30d"": 7716.11, ""revenue_30d"": 4261.32, ""revenue_growth_30d"": -0.4477, ""revenue_gap_vs_previous_30d"": 3454.79, ""orders_previous_30d"": 4, ""orders_30d"": 2, ""revenue_index_vs_peer"": 2.951}","Review the outlet's recent order decline, identify the lost SKU/category demand, and schedule a recovery visit with a targeted reorder proposal.",4261.32,7716.110000000001,1420.4399999999998,24.479610377748145,2.9509913228949536,3.0,3.0,,,,,7716.11,4261.32,-0.4477,3454.79,4.0,2.0,2.951,,,,
1755,599,OPP-001056,1620,Revenue Recovery,28.26,P3,Monitor,60.0,MEDIUM,"{""revenue_previous_30d"": 4324.37, ""revenue_30d"": 2366.89, ""revenue_growth_30d"": -0.4527, ""revenue_gap_vs_previous_30d"": 1957.48, ""orders_previous_30d"": 1, ""orders_30d"": 1, ""revenue_index_vs_peer"": 0.482}","Review the outlet's recent order decline, identify the lost SKU/category demand, and schedule a recovery visit with a targeted reorder proposal.",2366.89,4324.37,0.0,5.829726632965816,0.4817052384572097,0.0,0.0,,,,,4324.37,2366.89,-0.4527,1957.48,1.0,1.0,0.482,,,,
1756,382,OPP-000392,618,Inactive Outlet,28.25,P3,Monitor,70.0,MEDIUM,"{""revenue_previous_30d"": 2535.17, ""revenue_30d"": 0.0, ""orders_previous_30d"": 1, ""orders_30d"": 0, ""days_since_last_order"": 43}","Prioritize a win-back visit, diagnose the reason for inactivity, and attempt a targeted reorder based on the outlet's prior mix.",0.0,2535.17,0.0,0.0,0.0,0.0,0.0,,,,,2535.17,0.0,,,1.0,0.0,,43.0,,,
1757,383,OPP-001650,2439,Inactive Outlet,28.16,P3,Monitor,70.0,MEDIUM,"{""revenue_previous_30d"": 3103.12, ""revenue_30d"": 0.0, ""orders_previous_30d"": 1, ""orders_30d"": 0, ""days_since_last_order"": 37}","Prioritize a win-back visit, diagnose the reason for inactivity, and attempt a targeted reorder based on the outlet's prior mix.",0.0,3103.12,0.0,0.0,0.0,0.0,0.0,,,,,3103.12,0.0,,,1.0,0.0,,37.0,,,
1758,666,OPP-001608,2387,Cross-Sell,28.11,P3,Monitor,85.0,HIGH,"{""target_category"": ""Snacks"", ""territory_category_rank"": 2, ""territory_category_orders_90d"": 87, ""current_category_count_90d"": 4}","Introduce Snacks during the next outlet visit and assess fit, expected demand, and an initial reorder quantity.",6393.08,0.0,6393.08,16.920976613719024,1.2319568656696285,1.0,1.0,Snacks,2.0,87.0,4.0,,,,,,,,,,,
1759,667,OPP-001952,2852,Cross-Sell,28.11,P3,Monitor,85.0,HIGH,"{""target_category"": ""Snacks"", ""territory_category_rank"": 2, ""territory_category_orders_90d"": 87, ""current_category_count_90d"": 4}","Introduce Snacks during the next outlet visit and assess fit, expected demand, and an initial reorder quantity.",5242.46,0.0,0.0,25.31104946181322,2.26305610954268,0.0,0.0,Snacks,2.0,87.0,4.0,,,,,,,,,,,
1760,384,OPP-000792,1221,Inactive Outlet,27.92,P3,Monitor,70.0,MEDIUM,"{""revenue_previous_30d"": 3330.39, ""revenue_30d"": 0.0, ""orders_previous_30d"": 1, ""orders_30d"": 0, ""days_since_last_order"": 34}","Prioritize a win-back visit, diagnose the reason for inactivity, and attempt a targeted reorder based on the outlet's prior mix.",0.0,3330.39,0.0,0.0,0.0,1.0,1.0,,,,,3330.39,0.0,,,1.0,0.0,,34.0,,,
1761,600,OPP-001648,2435,Revenue Recovery,27.91,P3,Monitor,60.0,MEDIUM,"{""revenue_previous_30d"": 4131.05, ""revenue_30d"": 1742.72, ""revenue_growth_30d"": -0.5781, ""revenue_gap_vs_previous_30d"": 2388.33, ""orders_previous_30d"": 3, ""orders_30d"": 2, ""revenue_index_vs_peer"": 0.939}","Review the outlet's recent order decline, identify the lost SKU/category demand, and schedule a recovery visit with a targeted reorder proposal.",1742.7195000000002,4131.049999999999,1742.7195000000002,8.64184426705068,0.9386618011418724,1.0,0.0,,,,,4131.05,1742.72,-0.5781,2388.33,3.0,2.0,0.939,,,,
1762,601,OPP-000426,670,Revenue Recovery,27.82,P3,Monitor,60.0,MEDIUM,"{""revenue_previous_30d"": 4654.9, ""revenue_30d"": 2129.38, ""revenue_growth_30d"": -0.5426, ""revenue_gap_vs_previous_30d"": 2525.52, ""orders_previous_30d"": 2, ""orders_30d"": 1, ""revenue_index_vs_peer"": 1.579}","Review the outlet's recent order decline, identify the lost SKU/category demand, and schedule a recovery visit with a targeted reorder proposal.",2129.38,4654.9,2129.38,12.446764360324762,1.579482995215666,1.0,0.0,,,,,4654.9,2129.38,-0.5426,2525.52,2.0,1.0,1.579,,,,
1763,385,OPP-000615,955,Inactive Outlet,27.75,P3,Monitor,70.0,MEDIUM,"{""revenue_previous_30d"": 2177.23, ""revenue_30d"": 0.0, ""orders_previous_30d"": 2, ""orders_30d"": 0, ""days_since_last_order"": 40}","Prioritize a win-back visit, diagnose the reason for inactivity, and attempt a targeted reorder based on the outlet's prior mix.",0.0,2177.23,0.0,0.0,0.0,1.0,1.0,,,,,2177.23,0.0,,,2.0,0.0,,40.0,,,
1764,386,OPP-001048,1605,Inactive Outlet,27.75,P3,Monitor,70.0,MEDIUM,"{""revenue_previous_30d"": 1099.64, ""revenue_30d"": 0.0, ""orders_previous_30d"": 1, ""orders_30d"": 0, ""days_since_last_order"": 59}","Prioritize a win-back visit, diagnose the reason for inactivity, and attempt a targeted reorder based on the outlet's prior mix.",0.0,1099.64,0.0,0.0,0.0,0.0,0.0,,,,,1099.64,0.0,,,1.0,0.0,,59.0,,,
1765,387,OPP-001963,2868,Inactive Outlet,27.67,P3,Monitor,70.0,MEDIUM,"{""revenue_previous_30d"": 2548.52, ""revenue_30d"": 0.0, ""orders_previous_30d"": 1, ""orders_30d"": 0, ""days_since_last_order"": 42}","Prioritize a win-back visit, diagnose the reason for inactivity, and attempt a targeted reorder based on the outlet's prior mix.",0.0,2548.52,0.0,0.0,0.0,1.0,0.0,,,,,2548.52,0.0,,,1.0,0.0,,42.0,,,
1766,388,OPP-000538,846,Inactive Outlet,27.56,P3,Monitor,70.0,MEDIUM,"{""revenue_previous_30d"": 2830.78, ""revenue_30d"": 0.0, ""orders_previous_30d"": 1, ""orders_30d"": 0, ""days_since_last_order"": 39}","Prioritize a win-back visit, diagnose the reason for inactivity, and attempt a targeted reorder based on the outlet's prior mix.",0.0,2830.78,0.0,0.0,0.0,1.0,0.0,,,,,2830.78,0.0,,,1.0,0.0,,39.0,,,
1767,668,OPP-001921,2807,Cross-Sell,27.34,P3,Monitor,80.0,HIGH,"{""target_category"": ""Personal Care"", ""territory_category_rank"": 3, ""territory_category_orders_90d"": 372, ""current_category_count_90d"": 3}","Introduce Personal Care during the next outlet visit and assess fit, expected demand, and an initial reorder quantity.",3246.16,9328.38,1623.08,9.529336786740371,0.5515474339696375,2.0,1.0,Personal Care,3.0,372.0,3.0,,,,,,,,,,,
1768,602,OPP-001778,2603,Revenue Recovery,27.32,P3,Monitor,60.0,MEDIUM,"{""revenue_previous_30d"": 5776.32, ""revenue_30d"": 3113.4, ""revenue_growth_30d"": -0.461, ""revenue_gap_vs_previous_30d"": 2662.92, ""orders_previous_30d"": 2, ""orders_30d"": 2, ""revenue_index_vs_peer"": 0.679}","Review the outlet's recent order decline, identify the lost SKU/category demand, and schedule a recovery visit with a targeted reorder proposal.",3113.4,5776.32,3113.4,15.844964937547616,0.678747976607677,1.0,1.0,,,,,5776.32,3113.4,-0.461,2662.92,2.0,2.0,0.679,,,,
1769,389,OPP-000456,721,Inactive Outlet,27.2,P3,Monitor,70.0,MEDIUM,"{""revenue_previous_30d"": 1644.54, ""revenue_30d"": 0.0, ""orders_previous_30d"": 1, ""orders_30d"": 0, ""days_since_last_order"": 52}","Prioritize a win-back visit, diagnose the reason for inactivity, and attempt a targeted reorder based on the outlet's prior mix.",0.0,1644.54,0.0,0.0,0.0,0.0,0.0,,,,,1644.54,0.0,,,1.0,0.0,,52.0,,,
1770,390,OPP-000570,892,Inactive Outlet,27.2,P3,Monitor,70.0,MEDIUM,"{""revenue_previous_30d"": 1995.5, ""revenue_30d"": 0.0, ""orders_previous_30d"": 2, ""orders_30d"": 0, ""days_since_last_order"": 41}","Prioritize a win-back visit, diagnose the reason for inactivity, and attempt a targeted reorder based on the outlet's prior mix.",0.0,1995.5,0.0,0.0,0.0,0.0,0.0,,,,,1995.5,0.0,,,2.0,0.0,,41.0,,,
1771,603,OPP-001380,2082,Revenue Recovery,27.14,P3,Monitor,60.0,MEDIUM,"{""revenue_previous_30d"": 3691.47, ""revenue_30d"": 1563.32, ""revenue_growth_30d"": -0.5765, ""revenue_gap_vs_previous_30d"": 2128.15, ""orders_previous_30d"": 2, ""orders_30d"": 1, ""revenue_index_vs_peer"": 1.234}","Review the outlet's recent order decline, identify the lost SKU/category demand, and schedule a recovery visit with a targeted reorder proposal.",1563.32,3691.47,0.0,27.870014231763808,1.234479382175966,0.0,0.0,,,,,3691.47,1563.32,-0.5765,2128.15,2.0,1.0,1.234,,,,
1772,391,OPP-001913,2796,Inactive Outlet,27.12,P3,Monitor,70.0,MEDIUM,"{""revenue_previous_30d"": 3198.31, ""revenue_30d"": 0.0, ""orders_previous_30d"": 1, ""orders_30d"": 0, ""days_since_last_order"": 35}","Prioritize a win-back visit, diagnose the reason for inactivity, and attempt a targeted reorder based on the outlet's prior mix.",0.0,3198.31,0.0,0.0,0.0,4.0,1.0,,,,,3198.31,0.0,,,1.0,0.0,,35.0,,,
1773,604,OPP-000952,1473,Revenue Recovery,27.01,P3,Monitor,60.0,MEDIUM,"{""revenue_previous_30d"": 9593.88, ""revenue_30d"": 5899.04, ""revenue_growth_30d"": -0.3851, ""revenue_gap_vs_previous_30d"": 3694.84, ""orders_previous_30d"": 2, ""orders_30d"": 1, ""revenue_index_vs_peer"": 1.008}","Review the outlet's recent order decline, identify the lost SKU/category demand, and schedule a recovery visit with a targeted reorder proposal.",5899.04,9593.88,1474.76,16.090768887499586,1.0078694955390244,4.0,1.0,,,,,9593.88,5899.04,-0.3851,3694.84,2.0,1.0,1.008,,,,
1774,392,OPP-001679,2485,Inactive Outlet,26.9,P3,Monitor,70.0,MEDIUM,"{""revenue_previous_30d"": 2183.99, ""revenue_30d"": 0.0, ""orders_previous_30d"": 1, ""orders_30d"": 0, ""days_since_last_order"": 45}","Prioritize a win-back visit, diagnose the reason for inactivity, and attempt a targeted reorder based on the outlet's prior mix.",0.0,2183.99,0.0,0.0,0.0,3.0,1.0,,,,,2183.99,0.0,,,1.0,0.0,,45.0,,,
1775,605,OPP-000879,1361,Revenue Recovery,26.85,P3,Monitor,60.0,MEDIUM,"{""revenue_previous_30d"": 7898.65, ""revenue_30d"": 4876.71, ""revenue_growth_30d"": -0.3826, ""revenue_gap_vs_previous_30d"": 3021.94, ""orders_previous_30d"": 3, ""orders_30d"": 1, ""revenue_index_vs_peer"": 3.377}","Review the outlet's recent order decline, identify the lost SKU/category demand, and schedule a recovery visit with a targeted reorder proposal.",4876.71,7898.65,0.0,23.852077998047506,3.37715282923485,0.0,0.0,,,,,7898.65,4876.71,-0.3826,3021.94,3.0,1.0,3.377,,,,
1776,393,OPP-000414,653,Inactive Outlet,26.84,P3,Monitor,70.0,MEDIUM,"{""revenue_previous_30d"": 3044.5, ""revenue_30d"": 0.0, ""orders_previous_30d"": 2, ""orders_30d"": 0, ""days_since_last_order"": 30}","Prioritize a win-back visit, diagnose the reason for inactivity, and attempt a targeted reorder based on the outlet's prior mix.",0.0,3044.5,0.0,12.108509397795377,0.0,2.0,0.0,,,,,3044.5,0.0,,,2.0,0.0,,30.0,,,
1777,606,OPP-001408,2114,Revenue Recovery,26.63,P3,Monitor,60.0,MEDIUM,"{""revenue_previous_30d"": 4579.97, ""revenue_30d"": 1709.87, ""revenue_growth_30d"": -0.6267, ""revenue_gap_vs_previous_30d"": 2870.1, ""orders_previous_30d"": 1, ""orders_30d"": 1, ""revenue_index_vs_peer"": 1.172}","Review the outlet's recent order decline, identify the lost SKU/category demand, and schedule a recovery visit with a targeted reorder proposal.",1709.87,4579.97,569.9566666666666,9.478477784861,1.1723081142230296,3.0,1.0,,,,,4579.97,1709.87,-0.6267,2870.1,1.0,1.0,1.172,,,,
1778,394,OPP-001572,2335,Inactive Outlet,26.56,P3,Monitor,70.0,MEDIUM,"{""revenue_previous_30d"": 1978.04, ""revenue_30d"": 0.0, ""orders_previous_30d"": 1, ""orders_30d"": 0, ""days_since_last_order"": 47}","Prioritize a win-back visit, diagnose the reason for inactivity, and attempt a targeted reorder based on the outlet's prior mix.",0.0,1978.04,0.0,0.0,0.0,1.0,1.0,,,,,1978.04,0.0,,,1.0,0.0,,47.0,,,
1779,395,OPP-001610,2388,Inactive Outlet,26.54,P3,Monitor,70.0,MEDIUM,"{""revenue_previous_30d"": 1473.32, ""revenue_30d"": 0.0, ""orders_previous_30d"": 2, ""orders_30d"": 0, ""days_since_last_order"": 47}","Prioritize a win-back visit, diagnose the reason for inactivity, and attempt a targeted reorder based on the outlet's prior mix.",0.0,1473.3200000000002,0.0,0.0,0.0,2.0,1.0,,,,,1473.32,0.0,,,2.0,0.0,,47.0,,,
1780,396,OPP-001285,1932,Inactive Outlet,26.53,P3,Monitor,70.0,MEDIUM,"{""revenue_previous_30d"": 2582.84, ""revenue_30d"": 0.0, ""orders_previous_30d"": 2, ""orders_30d"": 0, ""days_since_last_order"": 34}","Prioritize a win-back visit, diagnose the reason for inactivity, and attempt a targeted reorder based on the outlet's prior mix.",0.0,2582.84,0.0,0.0,0.0,2.0,1.0,,,,,2582.84,0.0,,,2.0,0.0,,34.0,,,
1781,607,OPP-001108,1696,Revenue Recovery,26.46,P3,Monitor,60.0,MEDIUM,"{""revenue_previous_30d"": 2419.15, ""revenue_30d"": 805.63, ""revenue_growth_30d"": -0.667, ""revenue_gap_vs_previous_30d"": 1613.52, ""orders_previous_30d"": 1, ""orders_30d"": 1, ""revenue_index_vs_peer"": 0.806}","Review the outlet's recent order decline, identify the lost SKU/category demand, and schedule a recovery visit with a targeted reorder proposal.",805.63,2419.15,805.63,4.102767023862997,0.8059362557771953,1.0,0.0,,,,,2419.15,805.63,-0.667,1613.52,1.0,1.0,0.806,,,,
1782,608,OPP-001590,2361,Revenue Recovery,26.46,P3,Monitor,60.0,MEDIUM,"{""revenue_previous_30d"": 5495.44, ""revenue_30d"": 2671.72, ""revenue_growth_30d"": -0.5138, ""revenue_gap_vs_previous_30d"": 2823.72, ""orders_previous_30d"": 3, ""orders_30d"": 2, ""revenue_index_vs_peer"": 1.439}","Review the outlet's recent order decline, identify the lost SKU/category demand, and schedule a recovery visit with a targeted reorder proposal.",2671.7200000000003,5495.4400000000005,1335.86,12.897638403460329,1.439039103738016,2.0,2.0,,,,,5495.44,2671.72,-0.5138,2823.72,3.0,2.0,1.439,,,,
1783,397,OPP-001989,2912,Inactive Outlet,26.42,P3,Monitor,70.0,MEDIUM,"{""revenue_previous_30d"": 2858.64, ""revenue_30d"": 0.0, ""orders_previous_30d"": 2, ""orders_30d"": 0, ""days_since_last_order"": 31}","Prioritize a win-back visit, diagnose the reason for inactivity, and attempt a targeted reorder based on the outlet's prior mix.",0.0,2858.64,0.0,0.0,0.0,1.0,0.0,,,,,2858.64,0.0,,,2.0,0.0,,31.0,,,
1784,609,OPP-000968,1497,Revenue Recovery,26.38,P3,Monitor,60.0,MEDIUM,"{""revenue_previous_30d"": 6585.65, ""revenue_30d"": 3012.42, ""revenue_growth_30d"": -0.5426, ""revenue_gap_vs_previous_30d"": 3573.23, ""orders_previous_30d"": 3, ""orders_30d"": 3, ""revenue_index_vs_peer"": 2.476}","Review the outlet's recent order decline, identify the lost SKU/category demand, and schedule a recovery visit with a targeted reorder proposal.",3012.42,6585.65,0.0,14.047400101097336,2.4756292990803974,0.0,0.0,,,,,6585.65,3012.42,-0.5426,3573.23,3.0,3.0,2.476,,,,
1785,610,OPP-001733,2553,Revenue Recovery,26.32,P3,Monitor,60.0,MEDIUM,"{""revenue_previous_30d"": 2385.84, ""revenue_30d"": 878.36, ""revenue_growth_30d"": -0.6318, ""revenue_gap_vs_previous_30d"": 1507.48, ""orders_previous_30d"": 1, ""orders_30d"": 2, ""revenue_index_vs_peer"": 0.722}","Review the outlet's recent order decline, identify the lost SKU/category demand, and schedule a recovery visit with a targeted reorder proposal.",878.364,2385.84,439.182,4.336426488041755,0.7218461083306625,2.0,1.0,,,,,2385.84,878.36,-0.6318,1507.48,1.0,2.0,0.722,,,,
1786,611,OPP-000542,852,Revenue Recovery,26.31,P3,Monitor,60.0,MEDIUM,"{""revenue_previous_30d"": 5960.81, ""revenue_30d"": 2636.2, ""revenue_growth_30d"": -0.5577, ""revenue_gap_vs_previous_30d"": 3324.61, ""orders_previous_30d"": 1, ""orders_30d"": 1, ""revenue_index_vs_peer"": 2.082}","Review the outlet's recent order decline, identify the lost SKU/category demand, and schedule a recovery visit with a targeted reorder proposal.",2636.2,5960.81,0.0,12.97346988892186,2.081681643740425,0.0,0.0,,,,,5960.81,2636.2,-0.5577,3324.61,1.0,1.0,2.082,,,,
1787,612,OPP-000289,461,Revenue Recovery,26.17,P3,Monitor,60.0,MEDIUM,"{""revenue_previous_30d"": 9014.91, ""revenue_30d"": 5603.1, ""revenue_growth_30d"": -0.3785, ""revenue_gap_vs_previous_30d"": 3411.81, ""orders_previous_30d"": 4, ""orders_30d"": 2, ""revenue_index_vs_peer"": 3.213}","Review the outlet's recent order decline, identify the lost SKU/category demand, and schedule a recovery visit with a targeted reorder proposal.",5603.1,9014.91,0.0,27.05806393663417,3.213044625141927,0.0,0.0,,,,,9014.91,5603.1,-0.3785,3411.81,4.0,2.0,3.213,,,,
1788,613,OPP-001945,2846,Revenue Recovery,26.14,P3,Monitor,60.0,MEDIUM,"{""revenue_previous_30d"": 2207.44, ""revenue_30d"": 887.7, ""revenue_growth_30d"": -0.5979, ""revenue_gap_vs_previous_30d"": 1319.74, ""orders_previous_30d"": 1, ""orders_30d"": 2, ""revenue_index_vs_peer"": 0.654}","Review the outlet's recent order decline, identify the lost SKU/category demand, and schedule a recovery visit with a targeted reorder proposal.",887.697,2207.44,295.899,4.98298862446708,0.6542819237147596,3.0,3.0,,,,,2207.44,887.7,-0.5979,1319.74,1.0,2.0,0.654,,,,
1790,398,OPP-002028,2953,Inactive Outlet,25.99,P3,Monitor,70.0,MEDIUM,"{""revenue_previous_30d"": 2221.9, ""revenue_30d"": 0.0, ""orders_previous_30d"": 1, ""orders_30d"": 0, ""days_since_last_order"": 43}","Prioritize a win-back visit, diagnose the reason for inactivity, and attempt a targeted reorder based on the outlet's prior mix.",0.0,2221.9,0.0,0.0,0.0,0.0,0.0,,,,,2221.9,0.0,,,1.0,0.0,,43.0,,,
1789,614,OPP-000948,1467,Revenue Recovery,25.99,P3,Monitor,60.0,MEDIUM,"{""revenue_previous_30d"": 3078.19, ""revenue_30d"": 968.03, ""revenue_growth_30d"": -0.6855, ""revenue_gap_vs_previous_30d"": 2110.16, ""orders_previous_30d"": 1, ""orders_30d"": 1, ""revenue_index_vs_peer"": 0.968}","Review the outlet's recent order decline, identify the lost SKU/category demand, and schedule a recovery visit with a targeted reorder proposal.",968.03,3078.19,484.015,5.709188382633517,0.96839799123667,2.0,2.0,,,,,3078.19,968.03,-0.6855,2110.16,1.0,1.0,0.968,,,,
1791,615,OPP-000598,928,Revenue Recovery,25.94,P3,Monitor,60.0,MEDIUM,"{""revenue_previous_30d"": 5556.81, ""revenue_30d"": 2428.64, ""revenue_growth_30d"": -0.5629, ""revenue_gap_vs_previous_30d"": 3128.17, ""orders_previous_30d"": 2, ""orders_30d"": 2, ""revenue_index_vs_peer"": 2.43}","Review the outlet's recent order decline, identify the lost SKU/category demand, and schedule a recovery visit with a targeted reorder proposal.",2428.641,5556.81,2428.641,13.937849466191556,2.4295642344090758,1.0,1.0,,,,,5556.81,2428.64,-0.5629,3128.17,2.0,2.0,2.43,,,,
1792,399,OPP-001022,1567,Inactive Outlet,25.9,P3,Monitor,70.0,MEDIUM,"{""revenue_previous_30d"": 1409.13, ""revenue_30d"": 0.0, ""orders_previous_30d"": 1, ""orders_30d"": 0, ""days_since_last_order"": 53}","Prioritize a win-back visit, diagnose the reason for inactivity, and attempt a targeted reorder based on the outlet's prior mix.",0.0,1409.13,0.0,0.0,0.0,1.0,0.0,,,,,1409.13,0.0,,,1.0,0.0,,53.0,,,
1793,400,OPP-000931,1438,Inactive Outlet,25.71,P3,Monitor,70.0,MEDIUM,"{""revenue_previous_30d"": 1065.2, ""revenue_30d"": 0.0, ""orders_previous_30d"": 1, ""orders_30d"": 0, ""days_since_last_order"": 57}","Prioritize a win-back visit, diagnose the reason for inactivity, and attempt a targeted reorder based on the outlet's prior mix.",0.0,1065.2,0.0,0.0,0.0,2.0,1.0,,,,,1065.2,0.0,,,1.0,0.0,,57.0,,,
1794,616,OPP-000016,24,Revenue Recovery,25.69,P3,Monitor,60.0,MEDIUM,"{""revenue_previous_30d"": 7218.44, ""revenue_30d"": 4254.44, ""revenue_growth_30d"": -0.4106, ""revenue_gap_vs_previous_30d"": 2964.0, ""orders_previous_30d"": 2, ""orders_30d"": 3, ""revenue_index_vs_peer"": 0.752}","Review the outlet's recent order decline, identify the lost SKU/category demand, and schedule a recovery visit with a targeted reorder proposal.",4254.4400000000005,7218.44,4254.4400000000005,12.690195287693722,0.7521608686966191,1.0,0.0,,,,,7218.44,4254.44,-0.4106,2964.0,2.0,3.0,0.752,,,,
1795,401,OPP-000302,480,Inactive Outlet,25.66,P3,Monitor,70.0,MEDIUM,"{""revenue_previous_30d"": 2299.73, ""revenue_30d"": 0.0, ""orders_previous_30d"": 1, ""orders_30d"": 0, ""days_since_last_order"": 42}","Prioritize a win-back visit, diagnose the reason for inactivity, and attempt a targeted reorder based on the outlet's prior mix.",0.0,2299.73,0.0,0.0,0.0,0.0,0.0,,,,,2299.73,0.0,,,1.0,0.0,,42.0,,,
1796,402,OPP-001496,2228,Inactive Outlet,25.66,P3,Monitor,70.0,MEDIUM,"{""revenue_previous_30d"": 1674.43, ""revenue_30d"": 0.0, ""orders_previous_30d"": 1, ""orders_30d"": 0, ""days_since_last_order"": 50}","Prioritize a win-back visit, diagnose the reason for inactivity, and attempt a targeted reorder based on the outlet's prior mix.",0.0,1674.43,0.0,0.0,0.0,2.0,1.0,,,,,1674.43,0.0,,,1.0,0.0,,50.0,,,
1797,617,OPP-000210,346,Revenue Recovery,25.61,P3,Monitor,60.0,MEDIUM,"{""revenue_previous_30d"": 10351.02, ""revenue_30d"": 6346.56, ""revenue_growth_30d"": -0.3869, ""revenue_gap_vs_previous_30d"": 4004.46, ""orders_previous_30d"": 4, ""orders_30d"": 3, ""revenue_index_vs_peer"": 1.26}","Review the outlet's recent order decline, identify the lost SKU/category demand, and schedule a recovery visit with a targeted reorder proposal.",6346.56,10351.02,1586.64,15.811273993222628,1.260428499932476,4.0,2.0,,,,,10351.02,6346.56,-0.3869,4004.46,4.0,3.0,1.26,,,,
1798,618,OPP-000463,734,Revenue Recovery,25.61,P3,Monitor,60.0,MEDIUM,"{""revenue_previous_30d"": 8427.94, ""revenue_30d"": 4448.94, ""revenue_growth_30d"": -0.4721, ""revenue_gap_vs_previous_30d"": 3979.0, ""orders_previous_30d"": 2, ""orders_30d"": 3, ""revenue_index_vs_peer"": 3.279}","Review the outlet's recent order decline, identify the lost SKU/category demand, and schedule a recovery visit with a targeted reorder proposal.",4448.9400000000005,8427.94,0.0,20.64431167066659,3.279115533443892,0.0,0.0,,,,,8427.94,4448.94,-0.4721,3979.0,2.0,3.0,3.279,,,,
1799,619,OPP-000223,369,Revenue Recovery,25.57,P3,Monitor,60.0,MEDIUM,"{""revenue_previous_30d"": 5606.73, ""revenue_30d"": 3350.24, ""revenue_growth_30d"": -0.4025, ""revenue_gap_vs_previous_30d"": 2256.49, ""orders_previous_30d"": 1, ""orders_30d"": 3, ""revenue_index_vs_peer"": 0.594}","Review the outlet's recent order decline, identify the lost SKU/category demand, and schedule a recovery visit with a targeted reorder proposal.",3350.24,5606.73,0.0,8.492402379223241,0.5943946391218494,0.0,0.0,,,,,5606.73,3350.24,-0.4025,2256.49,1.0,3.0,0.594,,,,
1800,403,OPP-000747,1160,Inactive Outlet,25.55,P3,Monitor,70.0,MEDIUM,"{""revenue_previous_30d"": 1867.93, ""revenue_30d"": 0.0, ""orders_previous_30d"": 1, ""orders_30d"": 0, ""days_since_last_order"": 47}","Prioritize a win-back visit, diagnose the reason for inactivity, and attempt a targeted reorder based on the outlet's prior mix.",0.0,1867.93,0.0,0.0,0.0,0.0,0.0,,,,,1867.93,0.0,,,1.0,0.0,,47.0,,,
1801,669,OPP-000019,30,Cross-Sell,25.54,P3,Monitor,71.0,MEDIUM,"{""target_category"": ""Personal Care"", ""territory_category_rank"": 4, ""territory_category_orders_90d"": 678, ""current_category_count_90d"": 4}","Introduce Personal Care during the next outlet visit and assess fit, expected demand, and an initial reorder quantity.",4583.73,0.0,0.0,21.814861631185288,3.6195533726053775,0.0,0.0,Personal Care,4.0,678.0,4.0,,,,,,,,,,,
1802,670,OPP-000156,254,Cross-Sell,25.54,P3,Monitor,71.0,MEDIUM,"{""target_category"": ""Personal Care"", ""territory_category_rank"": 4, ""territory_category_orders_90d"": 678, ""current_category_count_90d"": 4}","Introduce Personal Care during the next outlet visit and assess fit, expected demand, and an initial reorder quantity.",2698.55,4049.03,0.0,15.557413199198653,2.1309164705696557,0.0,0.0,Personal Care,4.0,678.0,4.0,,,,,,,,,,,
1803,671,OPP-000495,782,Cross-Sell,25.54,P3,Monitor,71.0,MEDIUM,"{""target_category"": ""Personal Care"", ""territory_category_rank"": 4, ""territory_category_orders_90d"": 678, ""current_category_count_90d"": 4}","Introduce Personal Care during the next outlet visit and assess fit, expected demand, and an initial reorder quantity.",3715.65,1944.68,0.0,8.746910573718141,0.8269312086884917,0.0,0.0,Personal Care,4.0,678.0,4.0,,,,,,,,,,,
1804,672,OPP-000514,811,Cross-Sell,25.54,P3,Monitor,71.0,MEDIUM,"{""target_category"": ""Personal Care"", ""territory_category_rank"": 4, ""territory_category_orders_90d"": 678, ""current_category_count_90d"": 4}","Introduce Personal Care during the next outlet visit and assess fit, expected demand, and an initial reorder quantity.",3251.63,0.0,3251.63,16.064413177084365,2.5676574172049462,1.0,1.0,Personal Care,4.0,678.0,4.0,,,,,,,,,,,
1805,673,OPP-001274,1918,Cross-Sell,25.54,P3,Monitor,71.0,MEDIUM,"{""target_category"": ""Personal Care"", ""territory_category_rank"": 4, ""territory_category_orders_90d"": 678, ""current_category_count_90d"": 4}","Introduce Personal Care during the next outlet visit and assess fit, expected demand, and an initial reorder quantity.",11404.88,0.0,11404.88,32.19336660063264,2.5381968708966687,1.0,1.0,Personal Care,4.0,678.0,4.0,,,,,,,,,,,
1806,674,OPP-001494,2227,Cross-Sell,25.54,P3,Monitor,71.0,MEDIUM,"{""target_category"": ""Personal Care"", ""territory_category_rank"": 4, ""territory_category_orders_90d"": 678, ""current_category_count_90d"": 4}","Introduce Personal Care during the next outlet visit and assess fit, expected demand, and an initial reorder quantity.",1349.5,0.0,674.75,6.673735204781549,1.065635907073706,2.0,1.0,Personal Care,4.0,678.0,4.0,,,,,,,,,,,
1807,675,OPP-001631,2413,Cross-Sell,25.54,P3,Monitor,71.0,MEDIUM,"{""target_category"": ""Personal Care"", ""territory_category_rank"": 4, ""territory_category_orders_90d"": 678, ""current_category_count_90d"": 4}","Introduce Personal Care during the next outlet visit and assess fit, expected demand, and an initial reorder quantity.",1227.22,1389.48,306.805,3.4047972122844814,0.2731222041706541,4.0,2.0,Personal Care,4.0,678.0,4.0,,,,,,,,,,,
1808,620,OPP-001773,2593,Revenue Recovery,25.53,P3,Monitor,60.0,MEDIUM,"{""revenue_previous_30d"": 5297.8, ""revenue_30d"": 2295.05, ""revenue_growth_30d"": -0.5668, ""revenue_gap_vs_previous_30d"": 3002.75, ""orders_previous_30d"": 1, ""orders_30d"": 1, ""revenue_index_vs_peer"": 1.886}","Review the outlet's recent order decline, identify the lost SKU/category demand, and schedule a recovery visit with a targeted reorder proposal.",2295.05,5297.8,1147.525,12.155907907364998,1.886089264728845,2.0,1.0,,,,,5297.8,2295.05,-0.5668,3002.75,1.0,1.0,1.886,,,,
1809,404,OPP-001023,1569,Inactive Outlet,25.41,P3,Monitor,70.0,MEDIUM,"{""revenue_previous_30d"": 2290.5, ""revenue_30d"": 0.0, ""orders_previous_30d"": 1, ""orders_30d"": 0, ""days_since_last_order"": 42}","Prioritize a win-back visit, diagnose the reason for inactivity, and attempt a targeted reorder based on the outlet's prior mix.",0.0,2290.5,0.0,0.0,0.0,1.0,0.0,,,,,2290.5,0.0,,,1.0,0.0,,42.0,,,
1810,621,OPP-000988,1524,Revenue Recovery,25.33,P3,Monitor,60.0,MEDIUM,"{""revenue_previous_30d"": 3145.59, ""revenue_30d"": 1356.75, ""revenue_growth_30d"": -0.5687, ""revenue_gap_vs_previous_30d"": 1788.84, ""orders_previous_30d"": 2, ""orders_30d"": 1, ""revenue_index_vs_peer"": 1.0}","Review the outlet's recent order decline, identify the lost SKU/category demand, and schedule a recovery visit with a targeted reorder proposal.",1356.75,3145.59,452.25,7.732765209481421,1.0,3.0,2.0,,,,,3145.59,1356.75,-0.5687,1788.84,2.0,1.0,1.0,,,,
1811,622,OPP-000217,360,Revenue Recovery,25.29,P3,Monitor,60.0,MEDIUM,"{""revenue_previous_30d"": 4698.88, ""revenue_30d"": 2859.04, ""revenue_growth_30d"": -0.3915, ""revenue_gap_vs_previous_30d"": 1839.84, ""orders_previous_30d"": 4, ""orders_30d"": 3, ""revenue_index_vs_peer"": 0.623}","Review the outlet's recent order decline, identify the lost SKU/category demand, and schedule a recovery visit with a targeted reorder proposal.",2859.04,4698.88,0.0,10.764111720872869,0.62329530899994,0.0,0.0,,,,,4698.88,2859.04,-0.3915,1839.84,4.0,3.0,0.623,,,,
1812,623,OPP-000467,740,Revenue Recovery,25.26,P3,Monitor,60.0,MEDIUM,"{""revenue_previous_30d"": 9530.72, ""revenue_30d"": 6153.56, ""revenue_growth_30d"": -0.3543, ""revenue_gap_vs_previous_30d"": 3377.16, ""orders_previous_30d"": 4, ""orders_30d"": 2, ""revenue_index_vs_peer"": 1.342}","Review the outlet's recent order decline, identify the lost SKU/category demand, and schedule a recovery visit with a targeted reorder proposal.",6153.56,9530.72,3076.78,16.298783304445113,1.341529003319181,2.0,2.0,,,,,9530.72,6153.56,-0.3543,3377.16,4.0,2.0,1.342,,,,
1813,405,OPP-001471,2189,Inactive Outlet,25.22,P3,Monitor,70.0,MEDIUM,"{""revenue_previous_30d"": 1277.76, ""revenue_30d"": 0.0, ""orders_previous_30d"": 1, ""orders_30d"": 0, ""days_since_last_order"": 54}","Prioritize a win-back visit, diagnose the reason for inactivity, and attempt a targeted reorder based on the outlet's prior mix.",0.0,1277.76,0.0,0.0,0.0,3.0,3.0,,,,,1277.76,0.0,,,1.0,0.0,,54.0,,,
1814,624,OPP-001030,1578,Revenue Recovery,25.21,P3,Monitor,60.0,MEDIUM,"{""revenue_previous_30d"": 9833.56, ""revenue_30d"": 6107.09, ""revenue_growth_30d"": -0.379, ""revenue_gap_vs_previous_30d"": 3726.47, ""orders_previous_30d"": 3, ""orders_30d"": 2, ""revenue_index_vs_peer"": 1.213}","Review the outlet's recent order decline, identify the lost SKU/category demand, and schedule a recovery visit with a targeted reorder proposal.",6107.09,9833.56,6107.09,14.11290480989456,1.212869694393912,1.0,1.0,,,,,9833.56,6107.09,-0.379,3726.47,3.0,2.0,1.213,,,,
1815,676,OPP-000199,327,Cross-Sell,25.2,P3,Monitor,73.0,MEDIUM,"{""target_category"": ""Personal Care"", ""territory_category_rank"": 4, ""territory_category_orders_90d"": 571, ""current_category_count_90d"": 3}","Introduce Personal Care during the next outlet visit and assess fit, expected demand, and an initial reorder quantity.",927.06,0.0,309.02,5.011592950923624,0.6832946379215036,3.0,2.0,Personal Care,4.0,571.0,3.0,,,,,,,,,,,
1816,677,OPP-000234,382,Cross-Sell,25.2,P3,Monitor,73.0,MEDIUM,"{""target_category"": ""Personal Care"", ""territory_category_rank"": 4, ""territory_category_orders_90d"": 571, ""current_category_count_90d"": 3}","Introduce Personal Care during the next outlet visit and assess fit, expected demand, and an initial reorder quantity.",465.5,1406.81,465.5,2.1943490914781942,0.3430993182236963,1.0,1.0,Personal Care,4.0,571.0,3.0,,,,,,,,,,,
1817,406,OPP-000858,1322,Inactive Outlet,25.17,P3,Monitor,70.0,MEDIUM,"{""revenue_previous_30d"": 2220.23, ""revenue_30d"": 0.0, ""orders_previous_30d"": 2, ""orders_30d"": 0, ""days_since_last_order"": 36}","Prioritize a win-back visit, diagnose the reason for inactivity, and attempt a targeted reorder based on the outlet's prior mix.",0.0,2220.23,0.0,0.0,0.0,0.0,0.0,,,,,2220.23,0.0,,,2.0,0.0,,36.0,,,
1818,407,OPP-000971,1501,Inactive Outlet,25.13,P3,Monitor,70.0,MEDIUM,"{""revenue_previous_30d"": 3228.57, ""revenue_30d"": 0.0, ""orders_previous_30d"": 1, ""orders_30d"": 0, ""days_since_last_order"": 32}","Prioritize a win-back visit, diagnose the reason for inactivity, and attempt a targeted reorder based on the outlet's prior mix.",0.0,3228.57,0.0,0.0,0.0,0.0,0.0,,,,,3228.57,0.0,,,1.0,0.0,,32.0,,,
1819,408,OPP-001920,2805,Inactive Outlet,25.13,P3,Monitor,70.0,MEDIUM,"{""revenue_previous_30d"": 1503.08, ""revenue_30d"": 0.0, ""orders_previous_30d"": 2, ""orders_30d"": 0, ""days_since_last_order"": 45}","Prioritize a win-back visit, diagnose the reason for inactivity, and attempt a targeted reorder based on the outlet's prior mix.",0.0,1503.08,0.0,0.0,0.0,1.0,0.0,,,,,1503.08,0.0,,,2.0,0.0,,45.0,,,
1820,625,OPP-000101,171,Revenue Recovery,25.02,P3,Monitor,60.0,MEDIUM,"{""revenue_previous_30d"": 4720.25, ""revenue_30d"": 1977.88, ""revenue_growth_30d"": -0.581, ""revenue_gap_vs_previous_30d"": 2742.37, ""orders_previous_30d"": 1, ""orders_30d"": 1, ""revenue_index_vs_peer"": 1.458}","Review the outlet's recent order decline, identify the lost SKU/category demand, and schedule a recovery visit with a targeted reorder proposal.",1977.88,4720.25,494.47,9.590595409423988,1.4578072599963148,4.0,4.0,,,,,4720.25,1977.88,-0.581,2742.37,1.0,1.0,1.458,,,,
1821,409,OPP-001247,1874,Inactive Outlet,24.95,P3,Monitor,70.0,MEDIUM,"{""revenue_previous_30d"": 2006.2, ""revenue_30d"": 0.0, ""orders_previous_30d"": 2, ""orders_30d"": 0, ""days_since_last_order"": 38}","Prioritize a win-back visit, diagnose the reason for inactivity, and attempt a targeted reorder based on the outlet's prior mix.",0.0,2006.2,0.0,0.0,0.0,0.0,0.0,,,,,2006.2,0.0,,,2.0,0.0,,38.0,,,
1822,678,OPP-000453,719,Cross-Sell,24.91,P3,Monitor,78.0,MEDIUM,"{""target_category"": ""Home Care"", ""territory_category_rank"": 3, ""territory_category_orders_90d"": 482, ""current_category_count_90d"": 4}","Introduce Home Care during the next outlet visit and assess fit, expected demand, and an initial reorder quantity.",3624.81,8363.43,1208.27,9.515305613510815,0.6193101633697705,3.0,1.0,Home Care,3.0,482.0,4.0,,,,,,,,,,,
1823,679,OPP-000493,776,Cross-Sell,24.91,P3,Monitor,78.0,MEDIUM,"{""target_category"": ""Home Care"", ""territory_category_rank"": 3, ""territory_category_orders_90d"": 482, ""current_category_count_90d"": 4}","Introduce Home Care during the next outlet visit and assess fit, expected demand, and an initial reorder quantity.",10995.61,41.84,3665.203333333333,28.964185446903524,1.8786344733793725,3.0,2.0,Home Care,3.0,482.0,4.0,,,,,,,,,,,
1824,680,OPP-001228,1853,Cross-Sell,24.91,P3,Monitor,78.0,MEDIUM,"{""target_category"": ""Home Care"", ""territory_category_rank"": 3, ""territory_category_orders_90d"": 482, ""current_category_count_90d"": 4}","Introduce Home Care during the next outlet visit and assess fit, expected demand, and an initial reorder quantity.",3438.17,2246.76,3438.17,10.430075233588155,0.5874221336823293,1.0,0.0,Home Care,3.0,482.0,4.0,,,,,,,,,,,
1825,410,OPP-001465,2186,Inactive Outlet,24.86,P3,Monitor,70.0,MEDIUM,"{""revenue_previous_30d"": 2194.36, ""revenue_30d"": 0.0, ""orders_previous_30d"": 3, ""orders_30d"": 0, ""days_since_last_order"": 31}","Prioritize a win-back visit, diagnose the reason for inactivity, and attempt a targeted reorder based on the outlet's prior mix.",0.0,2194.36,0.0,0.0,0.0,4.0,4.0,,,,,2194.36,0.0,,,3.0,0.0,,31.0,,,
1826,626,OPP-001073,1642,Revenue Recovery,24.79,P3,Monitor,60.0,MEDIUM,"{""revenue_previous_30d"": 4011.31, ""revenue_30d"": 1540.13, ""revenue_growth_30d"": -0.6161, ""revenue_gap_vs_previous_30d"": 2471.18, ""orders_previous_30d"": 1, ""orders_30d"": 2, ""revenue_index_vs_peer"": 1.445}","Review the outlet's recent order decline, identify the lost SKU/category demand, and schedule a recovery visit with a targeted reorder proposal.",1540.13,4011.31,1540.13,7.553185385133348,1.4451408893434547,1.0,0.0,,,,,4011.31,1540.13,-0.6161,2471.18,1.0,2.0,1.445,,,,
1827,411,OPP-000688,1072,Inactive Outlet,24.76,P3,Monitor,70.0,MEDIUM,"{""revenue_previous_30d"": 2333.97, ""revenue_30d"": 0.0, ""orders_previous_30d"": 2, ""orders_30d"": 0, ""days_since_last_order"": 34}","Prioritize a win-back visit, diagnose the reason for inactivity, and attempt a targeted reorder based on the outlet's prior mix.",0.0,2333.9700000000003,0.0,0.0,0.0,4.0,2.0,,,,,2333.97,0.0,,,2.0,0.0,,34.0,,,
1828,627,OPP-000309,495,Revenue Recovery,24.73,P3,Monitor,60.0,MEDIUM,"{""revenue_previous_30d"": 5402.59, ""revenue_30d"": 3127.24, ""revenue_growth_30d"": -0.4212, ""revenue_gap_vs_previous_30d"": 2275.35, ""orders_previous_30d"": 3, ""orders_30d"": 1, ""revenue_index_vs_peer"": 2.305}","Review the outlet's recent order decline, identify the lost SKU/category demand, and schedule a recovery visit with a targeted reorder proposal.",3127.24,5402.59,625.448,15.825248417596608,2.3049493274368893,5.0,2.0,,,,,5402.59,3127.24,-0.4212,2275.35,3.0,1.0,2.305,,,,
1829,412,OPP-001794,2621,Inactive Outlet,24.69,P3,Monitor,70.0,MEDIUM,"{""revenue_previous_30d"": 1353.03, ""revenue_30d"": 0.0, ""orders_previous_30d"": 1, ""orders_30d"": 0, ""days_since_last_order"": 52}","Prioritize a win-back visit, diagnose the reason for inactivity, and attempt a targeted reorder based on the outlet's prior mix.",0.0,1353.03,0.0,0.0,0.0,0.0,0.0,,,,,1353.03,0.0,,,1.0,0.0,,52.0,,,
1830,628,OPP-000482,763,Revenue Recovery,24.66,P3,Monitor,60.0,MEDIUM,"{""revenue_previous_30d"": 4882.62, ""revenue_30d"": 3165.98, ""revenue_growth_30d"": -0.3516, ""revenue_gap_vs_previous_30d"": 1716.64, ""orders_previous_30d"": 2, ""orders_30d"": 1, ""revenue_index_vs_peer"": 0.705}","Review the outlet's recent order decline, identify the lost SKU/category demand, and schedule a recovery visit with a targeted reorder proposal.",3165.98,4882.62,0.0,7.612995749584241,0.7046001824939354,0.0,0.0,,,,,4882.62,3165.98,-0.3516,1716.64,2.0,1.0,0.705,,,,
1831,629,OPP-001916,2800,Revenue Recovery,24.43,P3,Monitor,60.0,MEDIUM,"{""revenue_previous_30d"": 9132.37, ""revenue_30d"": 5714.54, ""revenue_growth_30d"": -0.3743, ""revenue_gap_vs_previous_30d"": 3417.83, ""orders_previous_30d"": 3, ""orders_30d"": 2, ""revenue_index_vs_peer"": 1.014}","Review the outlet's recent order decline, identify the lost SKU/category demand, and schedule a recovery visit with a targeted reorder proposal.",5714.54,9132.37,5714.54,13.26077800506108,1.0138652577270204,1.0,0.0,,,,,9132.37,5714.54,-0.3743,3417.83,3.0,2.0,1.014,,,,
1832,630,OPP-001676,2482,Revenue Recovery,24.4,P3,Monitor,60.0,MEDIUM,"{""revenue_previous_30d"": 4353.17, ""revenue_30d"": 1794.91, ""revenue_growth_30d"": -0.5877, ""revenue_gap_vs_previous_30d"": 2558.26, ""orders_previous_30d"": 2, ""orders_30d"": 2, ""revenue_index_vs_peer"": 1.475}","Review the outlet's recent order decline, identify the lost SKU/category demand, and schedule a recovery visit with a targeted reorder proposal.",1794.91,4353.17,897.4549999999999,8.742408457036092,1.4750704699916997,2.0,1.0,,,,,4353.17,1794.91,-0.5877,2558.26,2.0,2.0,1.475,,,,
1833,681,OPP-000364,581,Cross-Sell,24.37,P3,Monitor,73.0,MEDIUM,"{""target_category"": ""Personal Care"", ""territory_category_rank"": 4, ""territory_category_orders_90d"": 556, ""current_category_count_90d"": 3}","Introduce Personal Care during the next outlet visit and assess fit, expected demand, and an initial reorder quantity.",0.0,0.0,0.0,0.0,0.0,0.0,0.0,Personal Care,4.0,556.0,3.0,,,,,,,,,,,
1834,682,OPP-000653,1027,Cross-Sell,24.37,P3,Monitor,73.0,MEDIUM,"{""target_category"": ""Personal Care"", ""territory_category_rank"": 4, ""territory_category_orders_90d"": 556, ""current_category_count_90d"": 3}","Introduce Personal Care during the next outlet visit and assess fit, expected demand, and an initial reorder quantity.",0.0,1704.97,0.0,0.0,0.0,2.0,2.0,Personal Care,4.0,556.0,3.0,,,,,,,,,,,
1835,683,OPP-002059,3000,Cross-Sell,24.37,P3,Monitor,73.0,MEDIUM,"{""target_category"": ""Personal Care"", ""territory_category_rank"": 4, ""territory_category_orders_90d"": 556, ""current_category_count_90d"": 3}","Introduce Personal Care during the next outlet visit and assess fit, expected demand, and an initial reorder quantity.",1099.83,3972.03,0.0,6.786267407923882,0.7705128205128204,0.0,0.0,Personal Care,4.0,556.0,3.0,,,,,,,,,,,
1836,631,OPP-000237,386,Revenue Recovery,24.17,P3,Monitor,60.0,MEDIUM,"{""revenue_previous_30d"": 4761.55, ""revenue_30d"": 2066.22, ""revenue_growth_30d"": -0.5661, ""revenue_gap_vs_previous_30d"": 2695.33, ""orders_previous_30d"": 2, ""orders_30d"": 2, ""revenue_index_vs_peer"": 1.533}","Review the outlet's recent order decline, identify the lost SKU/category demand, and schedule a recovery visit with a targeted reorder proposal.",2066.2155,4761.55,1033.10775,9.923118262012151,1.5326302711122648,2.0,2.0,,,,,4761.55,2066.22,-0.5661,2695.33,2.0,2.0,1.533,,,,
1837,413,OPP-001360,2046,Inactive Outlet,24.1,P3,Monitor,70.0,MEDIUM,"{""revenue_previous_30d"": 2018.93, ""revenue_30d"": 0.0, ""orders_previous_30d"": 1, ""orders_30d"": 0, ""days_since_last_order"": 43}","Prioritize a win-back visit, diagnose the reason for inactivity, and attempt a targeted reorder based on the outlet's prior mix.",0.0,2018.93,0.0,0.0,0.0,0.0,0.0,,,,,2018.93,0.0,,,1.0,0.0,,43.0,,,
1838,414,OPP-001526,2269,Inactive Outlet,24.07,P3,Monitor,70.0,MEDIUM,"{""revenue_previous_30d"": 2638.54, ""revenue_30d"": 0.0, ""orders_previous_30d"": 2, ""orders_30d"": 0, ""days_since_last_order"": 30}","Prioritize a win-back visit, diagnose the reason for inactivity, and attempt a targeted reorder based on the outlet's prior mix.",0.0,2638.54,0.0,6.279815756870663,0.0,3.0,2.0,,,,,2638.54,0.0,,,2.0,0.0,,30.0,,,
1839,632,OPP-001580,2345,Revenue Recovery,24.04,P3,Monitor,60.0,MEDIUM,"{""revenue_previous_30d"": 3456.19, ""revenue_30d"": 1264.97, ""revenue_growth_30d"": -0.634, ""revenue_gap_vs_previous_30d"": 2191.22, ""orders_previous_30d"": 1, ""orders_30d"": 1, ""revenue_index_vs_peer"": 1.187}","Review the outlet's recent order decline, identify the lost SKU/category demand, and schedule a recovery visit with a targeted reorder proposal.",1264.97,3456.19,421.6566666666667,5.808273749286002,1.186951666932525,3.0,3.0,,,,,3456.19,1264.97,-0.634,2191.22,1.0,1.0,1.187,,,,
1840,633,OPP-001031,1579,Revenue Recovery,23.94,P3,Monitor,60.0,MEDIUM,"{""revenue_previous_30d"": 7406.64, ""revenue_30d"": 4932.89, ""revenue_growth_30d"": -0.334, ""revenue_gap_vs_previous_30d"": 2473.75, ""orders_previous_30d"": 2, ""orders_30d"": 1, ""revenue_index_vs_peer"": 0.872}","Review the outlet's recent order decline, identify the lost SKU/category demand, and schedule a recovery visit with a targeted reorder proposal.",4932.89,7406.639999999999,1233.2225,14.497477653019692,0.8721069817848801,4.0,1.0,,,,,7406.64,4932.89,-0.334,2473.75,2.0,1.0,0.872,,,,
1841,415,OPP-001633,2414,Inactive Outlet,23.82,P3,Monitor,70.0,MEDIUM,"{""revenue_previous_30d"": 2625.25, ""revenue_30d"": 0.0, ""orders_previous_30d"": 2, ""orders_30d"": 0, ""days_since_last_order"": 30}","Prioritize a win-back visit, diagnose the reason for inactivity, and attempt a targeted reorder based on the outlet's prior mix.",0.0,2625.25,0.0,4.831333521486447,0.0,1.0,1.0,,,,,2625.25,0.0,,,2.0,0.0,,30.0,,,
1842,634,OPP-001318,1984,Revenue Recovery,23.74,P3,Monitor,60.0,MEDIUM,"{""revenue_previous_30d"": 3025.03, ""revenue_30d"": 1538.42, ""revenue_growth_30d"": -0.4914, ""revenue_gap_vs_previous_30d"": 1486.61, ""orders_previous_30d"": 2, ""orders_30d"": 1, ""revenue_index_vs_peer"": 0.882}","Review the outlet's recent order decline, identify the lost SKU/category demand, and schedule a recovery visit with a targeted reorder proposal.",1538.42,3025.03,512.8066666666667,8.827400850825521,0.8821923778284955,3.0,3.0,,,,,3025.03,1538.42,-0.4914,1486.61,2.0,1.0,0.882,,,,
1843,416,OPP-000898,1399,Inactive Outlet,23.66,P3,Monitor,70.0,MEDIUM,"{""revenue_previous_30d"": 2320.78, ""revenue_30d"": 0.0, ""orders_previous_30d"": 1, ""orders_30d"": 0, ""days_since_last_order"": 39}","Prioritize a win-back visit, diagnose the reason for inactivity, and attempt a targeted reorder based on the outlet's prior mix.",0.0,2320.78,0.0,0.0,0.0,0.0,0.0,,,,,2320.78,0.0,,,1.0,0.0,,39.0,,,
1844,635,OPP-001361,2048,Revenue Recovery,23.38,P3,Monitor,60.0,MEDIUM,"{""revenue_previous_30d"": 4421.15, ""revenue_30d"": 2401.73, ""revenue_growth_30d"": -0.4568, ""revenue_gap_vs_previous_30d"": 2019.42, ""orders_previous_30d"": 2, ""orders_30d"": 1, ""revenue_index_vs_peer"": 1.377}","Review the outlet's recent order decline, identify the lost SKU/category demand, and schedule a recovery visit with a targeted reorder proposal.",2401.73,4421.15,1200.865,12.619669140441916,1.377249320472974,2.0,0.0,,,,,4421.15,2401.73,-0.4568,2019.42,2.0,1.0,1.377,,,,
1845,636,OPP-001231,1856,Revenue Recovery,23.34,P3,Monitor,60.0,MEDIUM,"{""revenue_previous_30d"": 5978.12, ""revenue_30d"": 3365.38, ""revenue_growth_30d"": -0.4371, ""revenue_gap_vs_previous_30d"": 2612.74, ""orders_previous_30d"": 3, ""orders_30d"": 2, ""revenue_index_vs_peer"": 1.93}","Review the outlet's recent order decline, identify the lost SKU/category demand, and schedule a recovery visit with a targeted reorder proposal.",3365.38,5978.12,0.0,15.862028658718794,1.929845285745416,0.0,0.0,,,,,5978.12,3365.38,-0.4371,2612.74,3.0,2.0,1.93,,,,
1846,417,OPP-000345,551,Inactive Outlet,23.13,P3,Monitor,70.0,MEDIUM,"{""revenue_previous_30d"": 1169.64, ""revenue_30d"": 0.0, ""orders_previous_30d"": 1, ""orders_30d"": 0, ""days_since_last_order"": 53}","Prioritize a win-back visit, diagnose the reason for inactivity, and attempt a targeted reorder based on the outlet's prior mix.",0.0,1169.64,0.0,0.0,0.0,5.0,4.0,,,,,1169.64,0.0,,,1.0,0.0,,53.0,,,
1847,418,OPP-000161,257,Inactive Outlet,23.08,P3,Monitor,70.0,MEDIUM,"{""revenue_previous_30d"": 2089.46, ""revenue_30d"": 0.0, ""orders_previous_30d"": 2, ""orders_30d"": 0, ""days_since_last_order"": 35}","Prioritize a win-back visit, diagnose the reason for inactivity, and attempt a targeted reorder based on the outlet's prior mix.",0.0,2089.46,0.0,0.0,0.0,1.0,0.0,,,,,2089.46,0.0,,,2.0,0.0,,35.0,,,
1850,419,OPP-000815,1252,Inactive Outlet,23.07,P3,Monitor,70.0,MEDIUM,"{""revenue_previous_30d"": 2105.67, ""revenue_30d"": 0.0, ""orders_previous_30d"": 1, ""orders_30d"": 0, ""days_since_last_order"": 41}","Prioritize a win-back visit, diagnose the reason for inactivity, and attempt a targeted reorder based on the outlet's prior mix.",0.0,2105.67,0.0,0.0,0.0,0.0,0.0,,,,,2105.67,0.0,,,1.0,0.0,,41.0,,,
1848,637,OPP-000522,823,Revenue Recovery,23.07,P3,Monitor,60.0,MEDIUM,"{""revenue_previous_30d"": 4299.62, ""revenue_30d"": 2338.33, ""revenue_growth_30d"": -0.4562, ""revenue_gap_vs_previous_30d"": 1961.29, ""orders_previous_30d"": 2, ""orders_30d"": 1, ""revenue_index_vs_peer"": 1.619}","Review the outlet's recent order decline, identify the lost SKU/category demand, and schedule a recovery visit with a targeted reorder proposal.",2338.33,4299.62,1169.165,13.990850389630282,1.6193084631205723,2.0,1.0,,,,,4299.62,2338.33,-0.4562,1961.29,2.0,1.0,1.619,,,,
1849,638,OPP-000748,1161,Revenue Recovery,23.07,P3,Monitor,60.0,MEDIUM,"{""revenue_previous_30d"": 3193.63, ""revenue_30d"": 1216.83, ""revenue_growth_30d"": -0.619, ""revenue_gap_vs_previous_30d"": 1976.8, ""orders_previous_30d"": 1, ""orders_30d"": 1, ""revenue_index_vs_peer"": 1.0}","Review the outlet's recent order decline, identify the lost SKU/category demand, and schedule a recovery visit with a targeted reorder proposal.",1216.83,3193.63,0.0,6.273215299297889,1.0,0.0,0.0,,,,,3193.63,1216.83,-0.619,1976.8,1.0,1.0,1.0,,,,
1851,639,OPP-000201,331,Revenue Recovery,22.81,P3,Monitor,60.0,MEDIUM,"{""revenue_previous_30d"": 3134.92, ""revenue_30d"": 1269.41, ""revenue_growth_30d"": -0.5951, ""revenue_gap_vs_previous_30d"": 1865.52, ""orders_previous_30d"": 1, ""orders_30d"": 2, ""revenue_index_vs_peer"": 0.936}","Review the outlet's recent order decline, identify the lost SKU/category demand, and schedule a recovery visit with a targeted reorder proposal.",1269.4050000000002,3134.92,1269.4050000000002,6.578468685285722,0.935621890547264,1.0,0.0,,,,,3134.92,1269.41,-0.5951,1865.52,1.0,2.0,0.936,,,,
1852,420,OPP-000978,1512,Inactive Outlet,22.72,P3,Monitor,70.0,MEDIUM,"{""revenue_previous_30d"": 1943.3, ""revenue_30d"": 0.0, ""orders_previous_30d"": 1, ""orders_30d"": 0, ""days_since_last_order"": 43}","Prioritize a win-back visit, diagnose the reason for inactivity, and attempt a targeted reorder based on the outlet's prior mix.",0.0,1943.3,0.0,0.0,0.0,2.0,0.0,,,,,1943.3,0.0,,,1.0,0.0,,43.0,,,
1853,421,OPP-000330,527,Inactive Outlet,22.63,P3,Monitor,70.0,MEDIUM,"{""revenue_previous_30d"": 2165.03, ""revenue_30d"": 0.0, ""orders_previous_30d"": 2, ""orders_30d"": 0, ""days_since_last_order"": 34}","Prioritize a win-back visit, diagnose the reason for inactivity, and attempt a targeted reorder based on the outlet's prior mix.",0.0,2165.03,0.0,0.0,0.0,0.0,0.0,,,,,2165.03,0.0,,,2.0,0.0,,34.0,,,
1854,422,OPP-000105,178,Inactive Outlet,22.59,P3,Monitor,70.0,MEDIUM,"{""revenue_previous_30d"": 1238.98, ""revenue_30d"": 0.0, ""orders_previous_30d"": 1, ""orders_30d"": 0, ""days_since_last_order"": 51}","Prioritize a win-back visit, diagnose the reason for inactivity, and attempt a targeted reorder based on the outlet's prior mix.",0.0,1238.98,0.0,0.0,0.0,2.0,0.0,,,,,1238.98,0.0,,,1.0,0.0,,51.0,,,
1855,640,OPP-000006,10,Revenue Recovery,22.58,P3,Monitor,60.0,MEDIUM,"{""revenue_previous_30d"": 9464.6, ""revenue_30d"": 5694.21, ""revenue_growth_30d"": -0.3984, ""revenue_gap_vs_previous_30d"": 3770.39, ""orders_previous_30d"": 3, ""orders_30d"": 3, ""revenue_index_vs_peer"": 1.007}","Review the outlet's recent order decline, identify the lost SKU/category demand, and schedule a recovery visit with a targeted reorder proposal.",5694.21,9464.6,5694.21,16.947754683899124,1.0067040409879973,1.0,1.0,,,,,9464.6,5694.21,-0.3984,3770.39,3.0,3.0,1.007,,,,
1856,641,OPP-000909,1409,Revenue Recovery,22.57,P3,Monitor,60.0,MEDIUM,"{""revenue_previous_30d"": 3498.16, ""revenue_30d"": 1796.15, ""revenue_growth_30d"": -0.4865, ""revenue_gap_vs_previous_30d"": 1702.01, ""orders_previous_30d"": 2, ""orders_30d"": 1, ""revenue_index_vs_peer"": 1.231}","Review the outlet's recent order decline, identify the lost SKU/category demand, and schedule a recovery visit with a targeted reorder proposal.",1796.15,3498.16,0.0,10.626169905129714,1.2314627541051044,0.0,0.0,,,,,3498.16,1796.15,-0.4865,1702.01,2.0,1.0,1.231,,,,
1857,423,OPP-001529,2274,Inactive Outlet,22.41,P3,Monitor,70.0,MEDIUM,"{""revenue_previous_30d"": 2204.63, ""revenue_30d"": 0.0, ""orders_previous_30d"": 1, ""orders_30d"": 0, ""days_since_last_order"": 39}","Prioritize a win-back visit, diagnose the reason for inactivity, and attempt a targeted reorder based on the outlet's prior mix.",0.0,2204.63,0.0,0.0,0.0,0.0,0.0,,,,,2204.63,0.0,,,1.0,0.0,,39.0,,,
1858,424,OPP-000710,1104,Inactive Outlet,22.36,P3,Monitor,70.0,MEDIUM,"{""revenue_previous_30d"": 1482.08, ""revenue_30d"": 0.0, ""orders_previous_30d"": 1, ""orders_30d"": 0, ""days_since_last_order"": 48}","Prioritize a win-back visit, diagnose the reason for inactivity, and attempt a targeted reorder based on the outlet's prior mix.",0.0,1482.08,0.0,0.0,0.0,2.0,0.0,,,,,1482.08,0.0,,,1.0,0.0,,48.0,,,
1859,684,OPP-000246,403,Cross-Sell,22.34,P3,Monitor,78.0,MEDIUM,"{""target_category"": ""Personal Care"", ""territory_category_rank"": 3, ""territory_category_orders_90d"": 372, ""current_category_count_90d"": 4}","Introduce Personal Care during the next outlet visit and assess fit, expected demand, and an initial reorder quantity.",0.0,378.18,0.0,0.0,0.0,2.0,1.0,Personal Care,3.0,372.0,4.0,,,,,,,,,,,
1860,685,OPP-000294,468,Cross-Sell,22.34,P3,Monitor,78.0,MEDIUM,"{""target_category"": ""Personal Care"", ""territory_category_rank"": 3, ""territory_category_orders_90d"": 372, ""current_category_count_90d"": 4}","Introduce Personal Care during the next outlet visit and assess fit, expected demand, and an initial reorder quantity.",501.07,0.0,0.0,2.8855201676016904,0.5012604789820132,0.0,0.0,Personal Care,3.0,372.0,4.0,,,,,,,,,,,
1861,686,OPP-001831,2686,Cross-Sell,22.34,P3,Monitor,78.0,MEDIUM,"{""target_category"": ""Personal Care"", ""territory_category_rank"": 3, ""territory_category_orders_90d"": 372, ""current_category_count_90d"": 4}","Introduce Personal Care during the next outlet visit and assess fit, expected demand, and an initial reorder quantity.",2007.73,0.0,1003.865,10.855745694831418,2.0084932274264222,2.0,2.0,Personal Care,3.0,372.0,4.0,,,,,,,,,,,
1862,687,OPP-001886,2767,Cross-Sell,22.34,P3,Monitor,78.0,MEDIUM,"{""target_category"": ""Personal Care"", ""territory_category_rank"": 3, ""territory_category_orders_90d"": 372, ""current_category_count_90d"": 4}","Introduce Personal Care during the next outlet visit and assess fit, expected demand, and an initial reorder quantity.",2127.97,0.0,2127.97,12.371990534828688,2.1287789359956784,1.0,1.0,Personal Care,3.0,372.0,4.0,,,,,,,,,,,
1863,688,OPP-002054,2993,Cross-Sell,22.34,P3,Monitor,78.0,MEDIUM,"{""target_category"": ""Personal Care"", ""territory_category_rank"": 3, ""territory_category_orders_90d"": 372, ""current_category_count_90d"": 4}","Introduce Personal Care during the next outlet visit and assess fit, expected demand, and an initial reorder quantity.",0.0,16478.71,0.0,0.0,0.0,2.0,1.0,Personal Care,3.0,372.0,4.0,,,,,,,,,,,
1864,425,OPP-001440,2156,Inactive Outlet,22.31,P3,Monitor,70.0,MEDIUM,"{""revenue_previous_30d"": 1365.99, ""revenue_30d"": 0.0, ""orders_previous_30d"": 1, ""orders_30d"": 0, ""days_since_last_order"": 49}","Prioritize a win-back visit, diagnose the reason for inactivity, and attempt a targeted reorder based on the outlet's prior mix.",0.0,1365.99,0.0,0.0,0.0,0.0,0.0,,,,,1365.99,0.0,,,1.0,0.0,,49.0,,,
1865,642,OPP-001636,2419,Revenue Recovery,22.16,P3,Monitor,60.0,MEDIUM,"{""revenue_previous_30d"": 3081.24, ""revenue_30d"": 1268.13, ""revenue_growth_30d"": -0.5884, ""revenue_gap_vs_previous_30d"": 1813.11, ""orders_previous_30d"": 1, ""orders_30d"": 2, ""revenue_index_vs_peer"": 0.941}","Review the outlet's recent order decline, identify the lost SKU/category demand, and schedule a recovery visit with a targeted reorder proposal.",1268.13,3081.24,1268.13,6.104617997438057,0.9406445870266662,1.0,0.0,,,,,3081.24,1268.13,-0.5884,1813.11,1.0,2.0,0.941,,,,
1866,426,OPP-000125,212,Inactive Outlet,22.14,P3,Monitor,70.0,MEDIUM,"{""revenue_previous_30d"": 1311.9, ""revenue_30d"": 0.0, ""orders_previous_30d"": 1, ""orders_30d"": 0, ""days_since_last_order"": 50}","Prioritize a win-back visit, diagnose the reason for inactivity, and attempt a targeted reorder based on the outlet's prior mix.",0.0,1311.9,0.0,0.0,0.0,0.0,0.0,,,,,1311.9,0.0,,,1.0,0.0,,50.0,,,
1868,689,OPP-000471,749,Cross-Sell,22.1,P3,Monitor,64.0,MEDIUM,"{""target_category"": ""Confectionery"", ""territory_category_rank"": 5, ""territory_category_orders_90d"": 737, ""current_category_count_90d"": 4}","Introduce Confectionery during the next outlet visit and assess fit, expected demand, and an initial reorder quantity.",4012.72,0.0,802.544,24.19839120426905,2.301056277453465,5.0,3.0,Confectionery,5.0,737.0,4.0,,,,,,,,,,,
1869,690,OPP-000591,920,Cross-Sell,22.1,P3,Monitor,64.0,MEDIUM,"{""target_category"": ""Confectionery"", ""territory_category_rank"": 5, ""territory_category_orders_90d"": 737, ""current_category_count_90d"": 4}","Introduce Confectionery during the next outlet visit and assess fit, expected demand, and an initial reorder quantity.",2423.9,1934.97,807.9666666666667,12.93421315224688,1.3899624969894373,3.0,0.0,Confectionery,5.0,737.0,4.0,,,,,,,,,,,
1870,691,OPP-000914,1414,Cross-Sell,22.1,P3,Monitor,64.0,MEDIUM,"{""target_category"": ""Confectionery"", ""territory_category_rank"": 5, ""territory_category_orders_90d"": 737, ""current_category_count_90d"": 4}","Introduce Confectionery during the next outlet visit and assess fit, expected demand, and an initial reorder quantity.",0.0,2531.68,0.0,0.0,0.0,0.0,0.0,Confectionery,5.0,737.0,4.0,,,,,,,,,,,
1871,692,OPP-001009,1551,Cross-Sell,22.1,P3,Monitor,64.0,MEDIUM,"{""target_category"": ""Confectionery"", ""territory_category_rank"": 5, ""territory_category_orders_90d"": 737, ""current_category_count_90d"": 4}","Introduce Confectionery during the next outlet visit and assess fit, expected demand, and an initial reorder quantity.",11112.04,0.0,3704.013333333334,28.32781836814815,1.8128875742927204,3.0,1.0,Confectionery,5.0,737.0,4.0,,,,,,,,,,,
1872,693,OPP-001197,1810,Cross-Sell,22.1,P3,Monitor,64.0,MEDIUM,"{""target_category"": ""Confectionery"", ""territory_category_rank"": 5, ""territory_category_orders_90d"": 737, ""current_category_count_90d"": 4}","Introduce Confectionery during the next outlet visit and assess fit, expected demand, and an initial reorder quantity.",9985.42,4203.92,0.0,23.116656302999967,1.6290837543865946,0.0,0.0,Confectionery,5.0,737.0,4.0,,,,,,,,,,,
1873,694,OPP-001331,2004,Cross-Sell,22.1,P3,Monitor,64.0,MEDIUM,"{""target_category"": ""Confectionery"", ""territory_category_rank"": 5, ""territory_category_orders_90d"": 737, ""current_category_count_90d"": 4}","Introduce Confectionery during the next outlet visit and assess fit, expected demand, and an initial reorder quantity.",0.0,5004.82,0.0,0.0,0.0,1.0,0.0,Confectionery,5.0,737.0,4.0,,,,,,,,,,,
1874,695,OPP-001463,2185,Cross-Sell,22.1,P3,Monitor,64.0,MEDIUM,"{""target_category"": ""Confectionery"", ""territory_category_rank"": 5, ""territory_category_orders_90d"": 737, ""current_category_count_90d"": 4}","Introduce Confectionery during the next outlet visit and assess fit, expected demand, and an initial reorder quantity.",0.0,4565.97,0.0,0.0,0.0,0.0,0.0,Confectionery,5.0,737.0,4.0,,,,,,,,,,,
1875,696,OPP-001476,2197,Cross-Sell,22.1,P3,Monitor,64.0,MEDIUM,"{""target_category"": ""Confectionery"", ""territory_category_rank"": 5, ""territory_category_orders_90d"": 737, ""current_category_count_90d"": 4}","Introduce Confectionery during the next outlet visit and assess fit, expected demand, and an initial reorder quantity.",0.0,5889.75,0.0,0.0,0.0,0.0,0.0,Confectionery,5.0,737.0,4.0,,,,,,,,,,,
1876,697,OPP-001561,2323,Cross-Sell,22.1,P3,Monitor,64.0,MEDIUM,"{""target_category"": ""Confectionery"", ""territory_category_rank"": 5, ""territory_category_orders_90d"": 737, ""current_category_count_90d"": 4}","Introduce Confectionery during the next outlet visit and assess fit, expected demand, and an initial reorder quantity.",0.0,1464.32,0.0,0.0,0.0,3.0,1.0,Confectionery,5.0,737.0,4.0,,,,,,,,,,,
1877,698,OPP-002018,2945,Cross-Sell,22.1,P3,Monitor,64.0,MEDIUM,"{""target_category"": ""Confectionery"", ""territory_category_rank"": 5, ""territory_category_orders_90d"": 737, ""current_category_count_90d"": 4}","Introduce Confectionery during the next outlet visit and assess fit, expected demand, and an initial reorder quantity.",0.0,4596.62,0.0,0.0,0.0,4.0,3.0,Confectionery,5.0,737.0,4.0,,,,,,,,,,,
1867,643,OPP-000365,584,Revenue Recovery,22.1,P3,Monitor,60.0,MEDIUM,"{""revenue_previous_30d"": 4802.8, ""revenue_30d"": 3248.96, ""revenue_growth_30d"": -0.3235, ""revenue_gap_vs_previous_30d"": 1553.84, ""orders_previous_30d"": 4, ""orders_30d"": 2, ""revenue_index_vs_peer"": 0.744}","Review the outlet's recent order decline, identify the lost SKU/category demand, and schedule a recovery visit with a targeted reorder proposal.",3248.96,4802.8,3248.96,10.443303879045438,0.7435575857996832,1.0,0.0,,,,,4802.8,3248.96,-0.3235,1553.84,4.0,2.0,0.744,,,,
1878,427,OPP-001320,1987,Inactive Outlet,21.9,P3,Monitor,70.0,MEDIUM,"{""revenue_previous_30d"": 1933.05, ""revenue_30d"": 0.0, ""orders_previous_30d"": 2, ""orders_30d"": 0, ""days_since_last_order"": 36}","Prioritize a win-back visit, diagnose the reason for inactivity, and attempt a targeted reorder based on the outlet's prior mix.",0.0,1933.05,0.0,0.0,0.0,1.0,1.0,,,,,1933.05,0.0,,,2.0,0.0,,36.0,,,
1879,644,OPP-001239,1865,Revenue Recovery,21.87,P3,Monitor,60.0,MEDIUM,"{""revenue_previous_30d"": 3859.69, ""revenue_30d"": 1685.19, ""revenue_growth_30d"": -0.5634, ""revenue_gap_vs_previous_30d"": 2174.5, ""orders_previous_30d"": 2, ""orders_30d"": 2, ""revenue_index_vs_peer"": 1.242}","Review the outlet's recent order decline, identify the lost SKU/category demand, and schedule a recovery visit with a targeted reorder proposal.",1685.1915,3859.69,561.7305,8.214447791052095,1.2420796019900495,3.0,2.0,,,,,3859.69,1685.19,-0.5634,2174.5,2.0,2.0,1.242,,,,
1880,645,OPP-000452,716,Revenue Recovery,21.85,P3,Monitor,60.0,MEDIUM,"{""revenue_previous_30d"": 12608.56, ""revenue_30d"": 8507.2, ""revenue_growth_30d"": -0.3253, ""revenue_gap_vs_previous_30d"": 4101.36, ""orders_previous_30d"": 2, ""orders_30d"": 2, ""revenue_index_vs_peer"": 1.947}","Review the outlet's recent order decline, identify the lost SKU/category demand, and schedule a recovery visit with a targeted reorder proposal.",8507.2,12608.56,0.0,25.49681964099092,1.9469593635855984,0.0,0.0,,,,,12608.56,8507.2,-0.3253,4101.36,2.0,2.0,1.947,,,,
1881,428,OPP-002016,2943,Inactive Outlet,21.81,P3,Monitor,70.0,MEDIUM,"{""revenue_previous_30d"": 1329.36, ""revenue_30d"": 0.0, ""orders_previous_30d"": 1, ""orders_30d"": 0, ""days_since_last_order"": 49}","Prioritize a win-back visit, diagnose the reason for inactivity, and attempt a targeted reorder based on the outlet's prior mix.",0.0,1329.36,0.0,0.0,0.0,1.0,0.0,,,,,1329.36,0.0,,,1.0,0.0,,49.0,,,
1882,699,OPP-000267,432,Cross-Sell,21.51,P3,Monitor,64.0,MEDIUM,"{""target_category"": ""Confectionery"", ""territory_category_rank"": 5, ""territory_category_orders_90d"": 714, ""current_category_count_90d"": 4}","Introduce Confectionery during the next outlet visit and assess fit, expected demand, and an initial reorder quantity.",0.0,3388.69,0.0,0.0,0.0,2.0,0.0,Confectionery,5.0,714.0,4.0,,,,,,,,,,,
1883,700,OPP-000298,474,Cross-Sell,21.51,P3,Monitor,64.0,MEDIUM,"{""target_category"": ""Confectionery"", ""territory_category_rank"": 5, ""territory_category_orders_90d"": 714, ""current_category_count_90d"": 4}","Introduce Confectionery during the next outlet visit and assess fit, expected demand, and an initial reorder quantity.",0.0,7502.339999999999,0.0,0.0,0.0,1.0,0.0,Confectionery,5.0,714.0,4.0,,,,,,,,,,,
1884,701,OPP-000389,615,Cross-Sell,21.51,P3,Monitor,64.0,MEDIUM,"{""target_category"": ""Confectionery"", ""territory_category_rank"": 5, ""territory_category_orders_90d"": 714, ""current_category_count_90d"": 4}","Introduce Confectionery during the next outlet visit and assess fit, expected demand, and an initial reorder quantity.",9190.05,8367.77,1838.01,27.156507508925547,1.9004983869633547,5.0,4.0,Confectionery,5.0,714.0,4.0,,,,,,,,,,,
1885,702,OPP-001145,1741,Cross-Sell,21.51,P3,Monitor,64.0,MEDIUM,"{""target_category"": ""Confectionery"", ""territory_category_rank"": 5, ""territory_category_orders_90d"": 714, ""current_category_count_90d"": 4}","Introduce Confectionery during the next outlet visit and assess fit, expected demand, and an initial reorder quantity.",7052.72,4247.13,7052.72,43.88574822949089,3.798728859204999,1.0,1.0,Confectionery,5.0,714.0,4.0,,,,,,,,,,,
1886,703,OPP-001201,1813,Cross-Sell,21.51,P3,Monitor,64.0,MEDIUM,"{""target_category"": ""Confectionery"", ""territory_category_rank"": 5, ""territory_category_orders_90d"": 714, ""current_category_count_90d"": 4}","Introduce Confectionery during the next outlet visit and assess fit, expected demand, and an initial reorder quantity.",0.0,0.0,0.0,0.0,0.0,3.0,2.0,Confectionery,5.0,714.0,4.0,,,,,,,,,,,
1887,704,OPP-001202,1814,Cross-Sell,21.51,P3,Monitor,64.0,MEDIUM,"{""target_category"": ""Confectionery"", ""territory_category_rank"": 5, ""territory_category_orders_90d"": 714, ""current_category_count_90d"": 4}","Introduce Confectionery during the next outlet visit and assess fit, expected demand, and an initial reorder quantity.",0.0,4392.01,0.0,0.0,0.0,0.0,0.0,Confectionery,5.0,714.0,4.0,,,,,,,,,,,
1888,705,OPP-001238,1864,Cross-Sell,21.51,P3,Monitor,64.0,MEDIUM,"{""target_category"": ""Confectionery"", ""territory_category_rank"": 5, ""territory_category_orders_90d"": 714, ""current_category_count_90d"": 4}","Introduce Confectionery during the next outlet visit and assess fit, expected demand, and an initial reorder quantity.",1091.65,1454.99,1091.65,5.344759379339114,0.5879834105353874,1.0,1.0,Confectionery,5.0,714.0,4.0,,,,,,,,,,,
1889,706,OPP-001548,2302,Cross-Sell,21.51,P3,Monitor,64.0,MEDIUM,"{""target_category"": ""Confectionery"", ""territory_category_rank"": 5, ""territory_category_orders_90d"": 714, ""current_category_count_90d"": 4}","Introduce Confectionery during the next outlet visit and assess fit, expected demand, and an initial reorder quantity.",0.0,4244.36,0.0,0.0,0.0,1.0,1.0,Confectionery,5.0,714.0,4.0,,,,,,,,,,,
1890,707,OPP-001569,2332,Cross-Sell,21.51,P3,Monitor,64.0,MEDIUM,"{""target_category"": ""Confectionery"", ""territory_category_rank"": 5, ""territory_category_orders_90d"": 714, ""current_category_count_90d"": 4}","Introduce Confectionery during the next outlet visit and assess fit, expected demand, and an initial reorder quantity.",0.0,2680.99,0.0,0.0,0.0,2.0,1.0,Confectionery,5.0,714.0,4.0,,,,,,,,,,,
1891,708,OPP-001932,2830,Cross-Sell,21.51,P3,Monitor,64.0,MEDIUM,"{""target_category"": ""Confectionery"", ""territory_category_rank"": 5, ""territory_category_orders_90d"": 714, ""current_category_count_90d"": 4}","Introduce Confectionery during the next outlet visit and assess fit, expected demand, and an initial reorder quantity.",0.0,0.0,0.0,0.0,0.0,0.0,0.0,Confectionery,5.0,714.0,4.0,,,,,,,,,,,
1892,709,OPP-001953,2854,Cross-Sell,21.51,P3,Monitor,64.0,MEDIUM,"{""target_category"": ""Confectionery"", ""territory_category_rank"": 5, ""territory_category_orders_90d"": 714, ""current_category_count_90d"": 4}","Introduce Confectionery during the next outlet visit and assess fit, expected demand, and an initial reorder quantity.",471.67,1374.45,471.67,2.702035391639599,0.2540504147366153,1.0,1.0,Confectionery,5.0,714.0,4.0,,,,,,,,,,,
1893,646,OPP-001868,2741,Revenue Recovery,21.35,P3,Monitor,60.0,MEDIUM,"{""revenue_previous_30d"": 6160.37, ""revenue_30d"": 3347.07, ""revenue_growth_30d"": -0.4567, ""revenue_gap_vs_previous_30d"": 2813.3, ""orders_previous_30d"": 2, ""orders_30d"": 2, ""revenue_index_vs_peer"": 2.643}","Review the outlet's recent order decline, identify the lost SKU/category demand, and schedule a recovery visit with a targeted reorder proposal.",3347.07,6160.37,0.0,21.990102828060305,2.6430218417852456,0.0,0.0,,,,,6160.37,3347.07,-0.4567,2813.3,2.0,2.0,2.643,,,,
1894,429,OPP-001995,2920,Inactive Outlet,21.29,P3,Monitor,70.0,MEDIUM,"{""revenue_previous_30d"": 1052.46, ""revenue_30d"": 0.0, ""orders_previous_30d"": 1, ""orders_30d"": 0, ""days_since_last_order"": 52}","Prioritize a win-back visit, diagnose the reason for inactivity, and attempt a targeted reorder based on the outlet's prior mix.",0.0,1052.46,0.0,0.0,0.0,2.0,2.0,,,,,1052.46,0.0,,,1.0,0.0,,52.0,,,
1895,647,OPP-000046,74,Revenue Recovery,21.2,P3,Monitor,60.0,MEDIUM,"{""revenue_previous_30d"": 5851.32, ""revenue_30d"": 3505.38, ""revenue_growth_30d"": -0.4009, ""revenue_gap_vs_previous_30d"": 2345.94, ""orders_previous_30d"": 3, ""orders_30d"": 2, ""revenue_index_vs_peer"": 2.403}","Review the outlet's recent order decline, identify the lost SKU/category demand, and schedule a recovery visit with a targeted reorder proposal.",3505.38,5851.32,0.0,21.209083159030307,2.403332076377224,0.0,0.0,,,,,5851.32,3505.38,-0.4009,2345.94,3.0,2.0,2.403,,,,
1896,648,OPP-000959,1481,Revenue Recovery,21.17,P3,Monitor,60.0,MEDIUM,"{""revenue_previous_30d"": 3693.55, ""revenue_30d"": 2040.72, ""revenue_growth_30d"": -0.4475, ""revenue_gap_vs_previous_30d"": 1652.83, ""orders_previous_30d"": 2, ""orders_30d"": 1, ""revenue_index_vs_peer"": 1.514}","Review the outlet's recent order decline, identify the lost SKU/category demand, and schedule a recovery visit with a targeted reorder proposal.",2040.72,3693.55,0.0,11.354181677366803,1.5137187998368131,0.0,0.0,,,,,3693.55,2040.72,-0.4475,1652.83,2.0,1.0,1.514,,,,
1897,649,OPP-001568,2330,Revenue Recovery,21.1,P3,Monitor,60.0,MEDIUM,"{""revenue_previous_30d"": 3140.76, ""revenue_30d"": 1638.5, ""revenue_growth_30d"": -0.4783, ""revenue_gap_vs_previous_30d"": 1502.26, ""orders_previous_30d"": 2, ""orders_30d"": 1, ""revenue_index_vs_peer"": 1.347}","Review the outlet's recent order decline, identify the lost SKU/category demand, and schedule a recovery visit with a targeted reorder proposal.",1638.5,3140.76,273.0833333333333,8.784349971505144,1.3465315615163993,6.0,2.0,,,,,3140.76,1638.5,-0.4783,1502.26,2.0,1.0,1.347,,,,
1898,650,OPP-001801,2629,Revenue Recovery,21.01,P3,Monitor,60.0,MEDIUM,"{""revenue_previous_30d"": 3859.3, ""revenue_30d"": 2174.92, ""revenue_growth_30d"": -0.4364, ""revenue_gap_vs_previous_30d"": 1684.38, ""orders_previous_30d"": 2, ""orders_30d"": 1, ""revenue_index_vs_peer"": 1.717}","Review the outlet's recent order decline, identify the lost SKU/category demand, and schedule a recovery visit with a targeted reorder proposal.",2174.92,3859.3,2174.92,10.556101311237349,1.717430786967577,1.0,1.0,,,,,3859.3,2174.92,-0.4364,1684.38,2.0,1.0,1.717,,,,
1899,430,OPP-001220,1843,Inactive Outlet,20.97,P3,Monitor,70.0,MEDIUM,"{""revenue_previous_30d"": 1994.77, ""revenue_30d"": 0.0, ""orders_previous_30d"": 1, ""orders_30d"": 0, ""days_since_last_order"": 40}","Prioritize a win-back visit, diagnose the reason for inactivity, and attempt a targeted reorder based on the outlet's prior mix.",0.0,1994.77,0.0,0.0,0.0,4.0,1.0,,,,,1994.77,0.0,,,1.0,0.0,,40.0,,,
1900,431,OPP-000540,850,Inactive Outlet,20.96,P3,Monitor,70.0,MEDIUM,"{""revenue_previous_30d"": 2407.73, ""revenue_30d"": 0.0, ""orders_previous_30d"": 1, ""orders_30d"": 0, ""days_since_last_order"": 35}","Prioritize a win-back visit, diagnose the reason for inactivity, and attempt a targeted reorder based on the outlet's prior mix.",0.0,2407.73,0.0,0.0,0.0,0.0,0.0,,,,,2407.73,0.0,,,1.0,0.0,,35.0,,,
1901,651,OPP-001039,1589,Revenue Recovery,20.93,P3,Monitor,60.0,MEDIUM,"{""revenue_previous_30d"": 9122.9, ""revenue_30d"": 5723.82, ""revenue_growth_30d"": -0.3726, ""revenue_gap_vs_previous_30d"": 3399.08, ""orders_previous_30d"": 2, ""orders_30d"": 3, ""revenue_index_vs_peer"": 1.248}","Review the outlet's recent order decline, identify the lost SKU/category demand, and schedule a recovery visit with a targeted reorder proposal.",5723.82,9122.9,1907.94,13.422645352661547,1.2478419873664015,3.0,0.0,,,,,9122.9,5723.82,-0.3726,3399.08,2.0,3.0,1.248,,,,
1902,652,OPP-001993,2916,Revenue Recovery,20.45,P3,Monitor,60.0,MEDIUM,"{""revenue_previous_30d"": 3071.75, ""revenue_30d"": 1645.52, ""revenue_growth_30d"": -0.4643, ""revenue_gap_vs_previous_30d"": 1426.23, ""orders_previous_30d"": 2, ""orders_30d"": 1, ""revenue_index_vs_peer"": 1.14}","Review the outlet's recent order decline, identify the lost SKU/category demand, and schedule a recovery visit with a targeted reorder proposal.",1645.52,3071.75,822.76,7.719770347247048,1.13953311219296,2.0,0.0,,,,,3071.75,1645.52,-0.4643,1426.23,2.0,1.0,1.14,,,,
1903,432,OPP-000215,355,Inactive Outlet,20.38,P3,Monitor,70.0,MEDIUM,"{""revenue_previous_30d"": 1770.05, ""revenue_30d"": 0.0, ""orders_previous_30d"": 1, ""orders_30d"": 0, ""days_since_last_order"": 42}","Prioritize a win-back visit, diagnose the reason for inactivity, and attempt a targeted reorder based on the outlet's prior mix.",0.0,1770.05,0.0,0.0,0.0,3.0,0.0,,,,,1770.05,0.0,,,1.0,0.0,,42.0,,,
1904,710,OPP-000277,444,Cross-Sell,20.2,P3,Monitor,71.0,MEDIUM,"{""target_category"": ""Personal Care"", ""territory_category_rank"": 4, ""territory_category_orders_90d"": 571, ""current_category_count_90d"": 4}","Introduce Personal Care during the next outlet visit and assess fit, expected demand, and an initial reorder quantity.",7992.849999999999,0.0,2664.2833333333333,44.02881399253484,5.8911737608255015,3.0,2.0,Personal Care,4.0,571.0,4.0,,,,,,,,,,,
1905,711,OPP-000407,642,Cross-Sell,20.2,P3,Monitor,71.0,MEDIUM,"{""target_category"": ""Personal Care"", ""territory_category_rank"": 4, ""territory_category_orders_90d"": 571, ""current_category_count_90d"": 4}","Introduce Personal Care during the next outlet visit and assess fit, expected demand, and an initial reorder quantity.",3726.41,1829.29,1863.205,17.785699694344903,2.746570849456422,2.0,2.0,Personal Care,4.0,571.0,4.0,,,,,,,,,,,
1906,712,OPP-001288,1936,Cross-Sell,20.2,P3,Monitor,71.0,MEDIUM,"{""target_category"": ""Personal Care"", ""territory_category_rank"": 4, ""territory_category_orders_90d"": 571, ""current_category_count_90d"": 4}","Introduce Personal Care during the next outlet visit and assess fit, expected demand, and an initial reorder quantity.",0.0,0.0,0.0,0.0,0.0,0.0,0.0,Personal Care,4.0,571.0,4.0,,,,,,,,,,,
1907,713,OPP-001491,2223,Cross-Sell,20.2,P3,Monitor,71.0,MEDIUM,"{""target_category"": ""Personal Care"", ""territory_category_rank"": 4, ""territory_category_orders_90d"": 571, ""current_category_count_90d"": 4}","Introduce Personal Care during the next outlet visit and assess fit, expected demand, and an initial reorder quantity.",4537.34,1855.82,4537.34,25.40944956851413,3.34427123641054,1.0,0.0,Personal Care,4.0,571.0,4.0,,,,,,,,,,,
1908,433,OPP-001415,2122,Inactive Outlet,20.19,P3,Monitor,70.0,MEDIUM,"{""revenue_previous_30d"": 1176.32, ""revenue_30d"": 0.0, ""orders_previous_30d"": 2, ""orders_30d"": 0, ""days_since_last_order"": 43}","Prioritize a win-back visit, diagnose the reason for inactivity, and attempt a targeted reorder based on the outlet's prior mix.",0.0,1176.3200000000002,0.0,0.0,0.0,3.0,2.0,,,,,1176.32,0.0,,,2.0,0.0,,43.0,,,
1909,714,OPP-000099,169,Cross-Sell,20.16,P3,Monitor,64.0,MEDIUM,"{""target_category"": ""Confectionery"", ""territory_category_rank"": 5, ""territory_category_orders_90d"": 700, ""current_category_count_90d"": 4}","Introduce Confectionery during the next outlet visit and assess fit, expected demand, and an initial reorder quantity.",2441.33,1074.18,610.3325,14.958717437325564,1.69063662112283,4.0,3.0,Confectionery,5.0,700.0,4.0,,,,,,,,,,,
1910,715,OPP-000424,668,Cross-Sell,20.16,P3,Monitor,64.0,MEDIUM,"{""target_category"": ""Confectionery"", ""territory_category_rank"": 5, ""territory_category_orders_90d"": 700, ""current_category_count_90d"": 4}","Introduce Confectionery during the next outlet visit and assess fit, expected demand, and an initial reorder quantity.",0.0,0.0,0.0,0.0,0.0,2.0,1.0,Confectionery,5.0,700.0,4.0,,,,,,,,,,,
1911,716,OPP-000510,797,Cross-Sell,20.16,P3,Monitor,64.0,MEDIUM,"{""target_category"": ""Confectionery"", ""territory_category_rank"": 5, ""territory_category_orders_90d"": 700, ""current_category_count_90d"": 4}","Introduce Confectionery during the next outlet visit and assess fit, expected demand, and an initial reorder quantity.",1824.36,0.0,608.12,9.8248463555074,1.263380954689307,3.0,1.0,Confectionery,5.0,700.0,4.0,,,,,,,,,,,
1912,717,OPP-000521,823,Cross-Sell,20.16,P3,Monitor,64.0,MEDIUM,"{""target_category"": ""Confectionery"", ""territory_category_rank"": 5, ""territory_category_orders_90d"": 700, ""current_category_count_90d"": 4}","Introduce Confectionery during the next outlet visit and assess fit, expected demand, and an initial reorder quantity.",2338.33,4299.62,1169.165,13.990850389630282,1.6193084631205723,2.0,1.0,Confectionery,5.0,700.0,4.0,,,,,,,,,,,
1913,718,OPP-000578,903,Cross-Sell,20.16,P3,Monitor,64.0,MEDIUM,"{""target_category"": ""Confectionery"", ""territory_category_rank"": 5, ""territory_category_orders_90d"": 700, ""current_category_count_90d"": 4}","Introduce Confectionery during the next outlet visit and assess fit, expected demand, and an initial reorder quantity.",1120.03,4182.12,373.3433333333333,6.784544978208262,0.7756279301676557,3.0,2.0,Confectionery,5.0,700.0,4.0,,,,,,,,,,,
1914,719,OPP-000965,1492,Cross-Sell,20.16,P3,Monitor,64.0,MEDIUM,"{""target_category"": ""Confectionery"", ""territory_category_rank"": 5, ""territory_category_orders_90d"": 700, ""current_category_count_90d"": 4}","Introduce Confectionery during the next outlet visit and assess fit, expected demand, and an initial reorder quantity.",7503.07,2236.66,7503.07,19.77170130173685,1.4901116927892215,1.0,0.0,Confectionery,5.0,700.0,4.0,,,,,,,,,,,
1915,720,OPP-000989,1525,Cross-Sell,20.16,P3,Monitor,64.0,MEDIUM,"{""target_category"": ""Confectionery"", ""territory_category_rank"": 5, ""territory_category_orders_90d"": 700, ""current_category_count_90d"": 4}","Introduce Confectionery during the next outlet visit and assess fit, expected demand, and an initial reorder quantity.",0.0,3280.6800000000003,0.0,0.0,0.0,5.0,4.0,Confectionery,5.0,700.0,4.0,,,,,,,,,,,
1916,721,OPP-001386,2092,Cross-Sell,20.16,P3,Monitor,64.0,MEDIUM,"{""target_category"": ""Confectionery"", ""territory_category_rank"": 5, ""territory_category_orders_90d"": 700, ""current_category_count_90d"": 4}","Introduce Confectionery during the next outlet visit and assess fit, expected demand, and an initial reorder quantity.",0.0,3288.0,0.0,0.0,0.0,3.0,1.0,Confectionery,5.0,700.0,4.0,,,,,,,,,,,
1917,722,OPP-001614,2394,Cross-Sell,20.16,P3,Monitor,64.0,MEDIUM,"{""target_category"": ""Confectionery"", ""territory_category_rank"": 5, ""territory_category_orders_90d"": 700, ""current_category_count_90d"": 4}","Introduce Confectionery during the next outlet visit and assess fit, expected demand, and an initial reorder quantity.",0.0,17044.54,0.0,0.0,0.0,4.0,3.0,Confectionery,5.0,700.0,4.0,,,,,,,,,,,
1918,723,OPP-001741,2561,Cross-Sell,20.16,P3,Monitor,64.0,MEDIUM,"{""target_category"": ""Confectionery"", ""territory_category_rank"": 5, ""territory_category_orders_90d"": 700, ""current_category_count_90d"": 4}","Introduce Confectionery during the next outlet visit and assess fit, expected demand, and an initial reorder quantity.",1444.03,1987.44,1444.03,8.398140350713943,1.0,1.0,1.0,Confectionery,5.0,700.0,4.0,,,,,,,,,,,
1919,724,OPP-001860,2727,Cross-Sell,20.16,P3,Monitor,64.0,MEDIUM,"{""target_category"": ""Confectionery"", ""territory_category_rank"": 5, ""territory_category_orders_90d"": 700, ""current_category_count_90d"": 4}","Introduce Confectionery during the next outlet visit and assess fit, expected demand, and an initial reorder quantity.",2529.18,0.0,0.0,15.409257569129576,1.75147330734126,0.0,0.0,Confectionery,5.0,700.0,4.0,,,,,,,,,,,
1920,725,OPP-001978,2900,Cross-Sell,20.16,P3,Monitor,64.0,MEDIUM,"{""target_category"": ""Confectionery"", ""territory_category_rank"": 5, ""territory_category_orders_90d"": 700, ""current_category_count_90d"": 4}","Introduce Confectionery during the next outlet visit and assess fit, expected demand, and an initial reorder quantity.",2737.62,0.0,2737.62,12.764290833099814,1.8958193389334017,1.0,1.0,Confectionery,5.0,700.0,4.0,,,,,,,,,,,
1921,726,OPP-002033,2965,Cross-Sell,20.16,P3,Monitor,64.0,MEDIUM,"{""target_category"": ""Confectionery"", ""territory_category_rank"": 5, ""territory_category_orders_90d"": 700, ""current_category_count_90d"": 4}","Introduce Confectionery during the next outlet visit and assess fit, expected demand, and an initial reorder quantity.",3712.4,1730.43,928.1,26.520984293999877,2.570860716190107,4.0,1.0,Confectionery,5.0,700.0,4.0,,,,,,,,,,,
1922,727,OPP-002049,2986,Cross-Sell,20.16,P3,Monitor,64.0,MEDIUM,"{""target_category"": ""Confectionery"", ""territory_category_rank"": 5, ""territory_category_orders_90d"": 700, ""current_category_count_90d"": 4}","Introduce Confectionery during the next outlet visit and assess fit, expected demand, and an initial reorder quantity.",1003.77,683.43,0.0,4.776472670793266,0.695117137455593,0.0,0.0,Confectionery,5.0,700.0,4.0,,,,,,,,,,,
1923,434,OPP-000256,414,Inactive Outlet,20.11,P3,Monitor,70.0,MEDIUM,"{""revenue_previous_30d"": 1503.46, ""revenue_30d"": 0.0, ""orders_previous_30d"": 1, ""orders_30d"": 0, ""days_since_last_order"": 45}","Prioritize a win-back visit, diagnose the reason for inactivity, and attempt a targeted reorder based on the outlet's prior mix.",0.0,1503.46,0.0,0.0,0.0,3.0,1.0,,,,,1503.46,0.0,,,1.0,0.0,,45.0,,,
1924,728,OPP-001038,1587,Cross-Sell,20.0,P3,Monitor,73.0,MEDIUM,"{""target_category"": ""Home Care"", ""territory_category_rank"": 4, ""territory_category_orders_90d"": 360, ""current_category_count_90d"": 3}","Introduce Home Care during the next outlet visit and assess fit, expected demand, and an initial reorder quantity.",1259.04,0.0,419.68,5.935354306766513,1.2595186170744883,3.0,2.0,Home Care,4.0,360.0,3.0,,,,,,,,,,,
1925,729,OPP-001381,2084,Cross-Sell,20.0,P3,Monitor,73.0,MEDIUM,"{""target_category"": ""Home Care"", ""territory_category_rank"": 4, ""territory_category_orders_90d"": 360, ""current_category_count_90d"": 3}","Introduce Home Care during the next outlet visit and assess fit, expected demand, and an initial reorder quantity.",0.0,941.26,0.0,0.0,0.0,4.0,1.0,Home Care,4.0,360.0,3.0,,,,,,,,,,,
1926,435,OPP-001645,2430,Inactive Outlet,19.97,P3,Monitor,70.0,MEDIUM,"{""revenue_previous_30d"": 1237.94, ""revenue_30d"": 0.0, ""orders_previous_30d"": 1, ""orders_30d"": 0, ""days_since_last_order"": 48}","Prioritize a win-back visit, diagnose the reason for inactivity, and attempt a targeted reorder based on the outlet's prior mix.",0.0,1237.94,0.0,0.0,0.0,0.0,0.0,,,,,1237.94,0.0,,,1.0,0.0,,48.0,,,
1927,653,OPP-000776,1199,Revenue Recovery,19.92,P3,Monitor,60.0,MEDIUM,"{""revenue_previous_30d"": 2199.51, ""revenue_30d"": 1127.13, ""revenue_growth_30d"": -0.4876, ""revenue_gap_vs_previous_30d"": 1072.38, ""orders_previous_30d"": 2, ""orders_30d"": 1, ""revenue_index_vs_peer"": 1.128}","Review the outlet's recent order decline, identify the lost SKU/category demand, and schedule a recovery visit with a targeted reorder proposal.",1127.13,2199.51,563.565,6.43456934746606,1.1275584722194434,2.0,0.0,,,,,2199.51,1127.13,-0.4876,1072.38,2.0,1.0,1.128,,,,
1928,436,OPP-001225,1850,Inactive Outlet,19.84,P3,Monitor,70.0,MEDIUM,"{""revenue_previous_30d"": 1228.43, ""revenue_30d"": 0.0, ""orders_previous_30d"": 1, ""orders_30d"": 0, ""days_since_last_order"": 48}","Prioritize a win-back visit, diagnose the reason for inactivity, and attempt a targeted reorder based on the outlet's prior mix.",0.0,1228.43,0.0,0.0,0.0,0.0,0.0,,,,,1228.43,0.0,,,1.0,0.0,,48.0,,,
1929,654,OPP-001441,2157,Revenue Recovery,19.83,P3,Monitor,60.0,MEDIUM,"{""revenue_previous_30d"": 4214.8, ""revenue_30d"": 2669.72, ""revenue_growth_30d"": -0.3666, ""revenue_gap_vs_previous_30d"": 1545.08, ""orders_previous_30d"": 3, ""orders_30d"": 1, ""revenue_index_vs_peer"": 1.438}","Review the outlet's recent order decline, identify the lost SKU/category demand, and schedule a recovery visit with a targeted reorder proposal.",2669.72,4214.8,2669.72,15.781425028891311,1.43796186577615,1.0,1.0,,,,,4214.8,2669.72,-0.3666,1545.08,3.0,1.0,1.438,,,,
1930,655,OPP-000831,1280,Revenue Recovery,19.71,P3,Monitor,60.0,MEDIUM,"{""revenue_previous_30d"": 3429.57, ""revenue_30d"": 1941.74, ""revenue_growth_30d"": -0.4338, ""revenue_gap_vs_previous_30d"": 1487.83, ""orders_previous_30d"": 2, ""orders_30d"": 1, ""revenue_index_vs_peer"": 1.822}","Review the outlet's recent order decline, identify the lost SKU/category demand, and schedule a recovery visit with a targeted reorder proposal.",1941.74,3429.57,1941.74,9.994250734871375,1.8219811772212475,1.0,0.0,,,,,3429.57,1941.74,-0.4338,1487.83,2.0,1.0,1.822,,,,
1931,656,OPP-001478,2198,Revenue Recovery,19.54,P3,Monitor,60.0,MEDIUM,"{""revenue_previous_30d"": 6504.01, ""revenue_30d"": 3812.71, ""revenue_growth_30d"": -0.4138, ""revenue_gap_vs_previous_30d"": 2691.3, ""orders_previous_30d"": 3, ""orders_30d"": 3, ""revenue_index_vs_peer"": 2.64}","Review the outlet's recent order decline, identify the lost SKU/category demand, and schedule a recovery visit with a targeted reorder proposal.",3812.71,6504.01,953.1775,21.4008430766122,2.6403260320076454,4.0,1.0,,,,,6504.01,3812.71,-0.4138,2691.3,3.0,3.0,2.64,,,,
1932,437,OPP-000870,1343,Inactive Outlet,19.42,P3,Monitor,70.0,MEDIUM,"{""revenue_previous_30d"": 1764.01, ""revenue_30d"": 0.0, ""orders_previous_30d"": 1, ""orders_30d"": 0, ""days_since_last_order"": 41}","Prioritize a win-back visit, diagnose the reason for inactivity, and attempt a targeted reorder based on the outlet's prior mix.",0.0,1764.01,0.0,0.0,0.0,0.0,0.0,,,,,1764.01,0.0,,,1.0,0.0,,41.0,,,
1933,730,OPP-000155,252,Cross-Sell,19.37,P3,Monitor,71.0,MEDIUM,"{""target_category"": ""Personal Care"", ""territory_category_rank"": 4, ""territory_category_orders_90d"": 556, ""current_category_count_90d"": 4}","Introduce Personal Care during the next outlet visit and assess fit, expected demand, and an initial reorder quantity.",3303.3,258.49,1651.65,16.892380811629984,2.314207650273224,2.0,2.0,Personal Care,4.0,556.0,4.0,,,,,,,,,,,
1934,731,OPP-000228,373,Cross-Sell,19.37,P3,Monitor,71.0,MEDIUM,"{""target_category"": ""Personal Care"", ""territory_category_rank"": 4, ""territory_category_orders_90d"": 556, ""current_category_count_90d"": 4}","Introduce Personal Care during the next outlet visit and assess fit, expected demand, and an initial reorder quantity.",2493.02,0.0,1246.51,13.534611791033353,1.746546167857643,2.0,0.0,Personal Care,4.0,556.0,4.0,,,,,,,,,,,
1935,732,OPP-000297,473,Cross-Sell,19.37,P3,Monitor,71.0,MEDIUM,"{""target_category"": ""Personal Care"", ""territory_category_rank"": 4, ""territory_category_orders_90d"": 556, ""current_category_count_90d"": 4}","Introduce Personal Care during the next outlet visit and assess fit, expected demand, and an initial reorder quantity.",6618.68,3946.2,0.0,33.55476118896771,4.636878240156928,0.0,0.0,Personal Care,4.0,556.0,4.0,,,,,,,,,,,
1936,733,OPP-000496,783,Cross-Sell,19.37,P3,Monitor,71.0,MEDIUM,"{""target_category"": ""Personal Care"", ""territory_category_rank"": 4, ""territory_category_orders_90d"": 556, ""current_category_count_90d"": 4}","Introduce Personal Care during the next outlet visit and assess fit, expected demand, and an initial reorder quantity.",704.42,0.0,352.21,2.1596541217747904,0.1433623041518734,2.0,1.0,Personal Care,4.0,556.0,4.0,,,,,,,,,,,
1937,734,OPP-000709,1103,Cross-Sell,19.37,P3,Monitor,71.0,MEDIUM,"{""target_category"": ""Personal Care"", ""territory_category_rank"": 4, ""territory_category_orders_90d"": 556, ""current_category_count_90d"": 4}","Introduce Personal Care during the next outlet visit and assess fit, expected demand, and an initial reorder quantity.",5412.67,6233.56,2706.335,15.701546260016402,1.1015769609234842,2.0,1.0,Personal Care,4.0,556.0,4.0,,,,,,,,,,,
1938,735,OPP-001256,1894,Cross-Sell,19.37,P3,Monitor,71.0,MEDIUM,"{""target_category"": ""Personal Care"", ""territory_category_rank"": 4, ""territory_category_orders_90d"": 556, ""current_category_count_90d"": 4}","Introduce Personal Care during the next outlet visit and assess fit, expected demand, and an initial reorder quantity.",0.0,0.0,0.0,0.0,0.0,1.0,1.0,Personal Care,4.0,556.0,4.0,,,,,,,,,,,
1939,736,OPP-001277,1925,Cross-Sell,19.37,P3,Monitor,71.0,MEDIUM,"{""target_category"": ""Personal Care"", ""territory_category_rank"": 4, ""territory_category_orders_90d"": 556, ""current_category_count_90d"": 4}","Introduce Personal Care during the next outlet visit and assess fit, expected demand, and an initial reorder quantity.",0.0,5193.049999999999,0.0,0.0,0.0,0.0,0.0,Personal Care,4.0,556.0,4.0,,,,,,,,,,,
1940,737,OPP-001770,2590,Cross-Sell,19.37,P3,Monitor,71.0,MEDIUM,"{""target_category"": ""Personal Care"", ""territory_category_rank"": 4, ""territory_category_orders_90d"": 556, ""current_category_count_90d"": 4}","Introduce Personal Care during the next outlet visit and assess fit, expected demand, and an initial reorder quantity.",5950.82,0.0,2975.41,31.624650648906865,4.168992573910606,2.0,0.0,Personal Care,4.0,556.0,4.0,,,,,,,,,,,
1941,657,OPP-001356,2042,Revenue Recovery,19.27,P3,Monitor,60.0,MEDIUM,"{""revenue_previous_30d"": 2760.62, ""revenue_30d"": 1644.01, ""revenue_growth_30d"": -0.4045, ""revenue_gap_vs_previous_30d"": 1116.61, ""orders_previous_30d"": 3, ""orders_30d"": 1, ""revenue_index_vs_peer"": 1.127}","Review the outlet's recent order decline, identify the lost SKU/category demand, and schedule a recovery visit with a targeted reorder proposal.",1644.01,2760.62,0.0,8.040348217342396,1.127153680024682,0.0,0.0,,,,,2760.62,1644.01,-0.4045,1116.61,3.0,1.0,1.127,,,,
1942,438,OPP-000225,370,Inactive Outlet,19.25,P3,Monitor,70.0,MEDIUM,"{""revenue_previous_30d"": 1687.23, ""revenue_30d"": 0.0, ""orders_previous_30d"": 1, ""orders_30d"": 0, ""days_since_last_order"": 42}","Prioritize a win-back visit, diagnose the reason for inactivity, and attempt a targeted reorder based on the outlet's prior mix.",0.0,1687.23,0.0,0.0,0.0,2.0,1.0,,,,,1687.23,0.0,,,1.0,0.0,,42.0,,,
1943,658,OPP-000768,1186,Revenue Recovery,19.16,P3,Monitor,60.0,MEDIUM,"{""revenue_previous_30d"": 6407.06, ""revenue_30d"": 4327.83, ""revenue_growth_30d"": -0.3245, ""revenue_gap_vs_previous_30d"": 2079.23, ""orders_previous_30d"": 1, ""orders_30d"": 2, ""revenue_index_vs_peer"": 0.765}","Review the outlet's recent order decline, identify the lost SKU/category demand, and schedule a recovery visit with a targeted reorder proposal.",4327.83,6407.06,0.0,11.318041347517006,0.7651358045644758,0.0,0.0,,,,,6407.06,4327.83,-0.3245,2079.23,1.0,2.0,0.765,,,,
1944,659,OPP-000253,412,Revenue Recovery,18.99,P3,Monitor,60.0,MEDIUM,"{""revenue_previous_30d"": 10389.62, ""revenue_30d"": 7089.83, ""revenue_growth_30d"": -0.3176, ""revenue_gap_vs_previous_30d"": 3299.79, ""orders_previous_30d"": 2, ""orders_30d"": 2, ""revenue_index_vs_peer"": 1.408}","Review the outlet's recent order decline, identify the lost SKU/category demand, and schedule a recovery visit with a targeted reorder proposal.",7089.83,10389.62,3544.915,19.022519554223795,1.4080421191442711,2.0,1.0,,,,,10389.62,7089.83,-0.3176,3299.79,2.0,2.0,1.408,,,,
1945,439,OPP-001760,2582,Inactive Outlet,18.93,P3,Monitor,70.0,MEDIUM,"{""revenue_previous_30d"": 1698.86, ""revenue_30d"": 0.0, ""orders_previous_30d"": 2, ""orders_30d"": 0, ""days_since_last_order"": 35}","Prioritize a win-back visit, diagnose the reason for inactivity, and attempt a targeted reorder based on the outlet's prior mix.",0.0,1698.86,0.0,0.0,0.0,1.0,1.0,,,,,1698.86,0.0,,,2.0,0.0,,35.0,,,
1946,660,OPP-000314,504,Revenue Recovery,18.79,P3,Monitor,60.0,MEDIUM,"{""revenue_previous_30d"": 5896.61, ""revenue_30d"": 3431.55, ""revenue_growth_30d"": -0.418, ""revenue_gap_vs_previous_30d"": 2465.06, ""orders_previous_30d"": 3, ""orders_30d"": 3, ""revenue_index_vs_peer"": 2.376}","Review the outlet's recent order decline, identify the lost SKU/category demand, and schedule a recovery visit with a targeted reorder proposal.",3431.55,5896.61,857.8875,18.30040925337125,2.37637029701599,4.0,3.0,,,,,5896.61,3431.55,-0.418,2465.06,3.0,3.0,2.376,,,,
1947,440,OPP-001420,2128,Inactive Outlet,18.76,P3,Monitor,70.0,MEDIUM,"{""revenue_previous_30d"": 2576.82, ""revenue_30d"": 0.0, ""orders_previous_30d"": 1, ""orders_30d"": 0, ""days_since_last_order"": 31}","Prioritize a win-back visit, diagnose the reason for inactivity, and attempt a targeted reorder based on the outlet's prior mix.",0.0,2576.82,0.0,0.0,0.0,0.0,0.0,,,,,2576.82,0.0,,,1.0,0.0,,31.0,,,
1948,661,OPP-001193,1806,Revenue Recovery,18.74,P3,Monitor,60.0,MEDIUM,"{""revenue_previous_30d"": 2758.63, ""revenue_30d"": 1223.44, ""revenue_growth_30d"": -0.5565, ""revenue_gap_vs_previous_30d"": 1535.19, ""orders_previous_30d"": 1, ""orders_30d"": 2, ""revenue_index_vs_peer"": 1.005}","Review the outlet's recent order decline, identify the lost SKU/category demand, and schedule a recovery visit with a targeted reorder proposal.",1223.44,2758.63,0.0,6.542498378332708,1.0054321474651349,0.0,0.0,,,,,2758.63,1223.44,-0.5565,1535.19,1.0,2.0,1.005,,,,
1949,662,OPP-001013,1555,Revenue Recovery,18.61,P3,Monitor,60.0,MEDIUM,"{""revenue_previous_30d"": 3835.53, ""revenue_30d"": 1948.62, ""revenue_growth_30d"": -0.492, ""revenue_gap_vs_previous_30d"": 1886.91, ""orders_previous_30d"": 1, ""orders_30d"": 1, ""revenue_index_vs_peer"": 1.349}","Review the outlet's recent order decline, identify the lost SKU/category demand, and schedule a recovery visit with a targeted reorder proposal.",1948.62,3835.53,0.0,9.884101652118291,1.3494317985083413,0.0,0.0,,,,,3835.53,1948.62,-0.492,1886.91,1.0,1.0,1.349,,,,
1950,441,OPP-000703,1092,Inactive Outlet,18.6,P3,Monitor,70.0,MEDIUM,"{""revenue_previous_30d"": 1753.76, ""revenue_30d"": 0.0, ""orders_previous_30d"": 2, ""orders_30d"": 0, ""days_since_last_order"": 34}","Prioritize a win-back visit, diagnose the reason for inactivity, and attempt a targeted reorder based on the outlet's prior mix.",0.0,1753.76,0.0,0.0,0.0,3.0,3.0,,,,,1753.76,0.0,,,2.0,0.0,,34.0,,,
1951,442,OPP-000904,1406,Inactive Outlet,18.51,P3,Monitor,70.0,MEDIUM,"{""revenue_previous_30d"": 1185.64, ""revenue_30d"": 0.0, ""orders_previous_30d"": 1, ""orders_30d"": 0, ""days_since_last_order"": 47}","Prioritize a win-back visit, diagnose the reason for inactivity, and attempt a targeted reorder based on the outlet's prior mix.",0.0,1185.64,0.0,0.0,0.0,7.0,0.0,,,,,1185.64,0.0,,,1.0,0.0,,47.0,,,
1952,663,OPP-000037,62,Revenue Recovery,18.33,P3,Monitor,60.0,MEDIUM,"{""revenue_previous_30d"": 5574.62, ""revenue_30d"": 3612.87, ""revenue_growth_30d"": -0.3519, ""revenue_gap_vs_previous_30d"": 1961.75, ""orders_previous_30d"": 3, ""orders_30d"": 2, ""revenue_index_vs_peer"": 3.39}","Review the outlet's recent order decline, identify the lost SKU/category demand, and schedule a recovery visit with a targeted reorder proposal.",3612.87,5574.62,722.574,18.24016696941822,3.3900425060756474,5.0,5.0,,,,,5574.62,3612.87,-0.3519,1961.75,3.0,2.0,3.39,,,,
1953,443,OPP-001730,2551,Inactive Outlet,18.27,P3,Monitor,70.0,MEDIUM,"{""revenue_previous_30d"": 1380.94, ""revenue_30d"": 0.0, ""orders_previous_30d"": 1, ""orders_30d"": 0, ""days_since_last_order"": 44}","Prioritize a win-back visit, diagnose the reason for inactivity, and attempt a targeted reorder based on the outlet's prior mix.",0.0,1380.94,0.0,0.0,0.0,0.0,0.0,,,,,1380.94,0.0,,,1.0,0.0,,44.0,,,
1954,664,OPP-001966,2874,Revenue Recovery,18.03,P3,Monitor,60.0,MEDIUM,"{""revenue_previous_30d"": 5546.79, ""revenue_30d"": 3238.9, ""revenue_growth_30d"": -0.4161, ""revenue_gap_vs_previous_30d"": 2307.89, ""orders_previous_30d"": 1, ""orders_30d"": 1, ""revenue_index_vs_peer"": 2.662}","Review the outlet's recent order decline, identify the lost SKU/category demand, and schedule a recovery visit with a targeted reorder proposal.",3238.9,5546.79,1079.6333333333334,15.210245043251213,2.661752257916061,3.0,2.0,,,,,5546.79,3238.9,-0.4161,2307.89,1.0,1.0,2.662,,,,
1955,444,OPP-000760,1176,Inactive Outlet,17.96,P3,Monitor,70.0,MEDIUM,"{""revenue_previous_30d"": 1428.72, ""revenue_30d"": 0.0, ""orders_previous_30d"": 2, ""orders_30d"": 0, ""days_since_last_order"": 37}","Prioritize a win-back visit, diagnose the reason for inactivity, and attempt a targeted reorder based on the outlet's prior mix.",0.0,1428.72,0.0,0.0,0.0,3.0,0.0,,,,,1428.72,0.0,,,2.0,0.0,,37.0,,,
1956,445,OPP-000260,423,Inactive Outlet,17.94,P3,Monitor,70.0,MEDIUM,"{""revenue_previous_30d"": 1186.26, ""revenue_30d"": 0.0, ""orders_previous_30d"": 2, ""orders_30d"": 0, ""days_since_last_order"": 40}","Prioritize a win-back visit, diagnose the reason for inactivity, and attempt a targeted reorder based on the outlet's prior mix.",0.0,1186.26,0.0,0.0,0.0,2.0,0.0,,,,,1186.26,0.0,,,2.0,0.0,,40.0,,,
1957,446,OPP-001390,2095,Inactive Outlet,17.77,P3,Monitor,70.0,MEDIUM,"{""revenue_previous_30d"": 1091.08, ""revenue_30d"": 0.0, ""orders_previous_30d"": 2, ""orders_30d"": 0, ""days_since_last_order"": 41}","Prioritize a win-back visit, diagnose the reason for inactivity, and attempt a targeted reorder based on the outlet's prior mix.",0.0,1091.08,0.0,0.0,0.0,1.0,1.0,,,,,1091.08,0.0,,,2.0,0.0,,41.0,,,
1958,738,OPP-000475,753,Cross-Sell,17.57,P3,Monitor,71.0,MEDIUM,"{""target_category"": ""Personal Care"", ""territory_category_rank"": 4, ""territory_category_orders_90d"": 464, ""current_category_count_90d"": 4}","Introduce Personal Care during the next outlet visit and assess fit, expected demand, and an initial reorder quantity.",0.0,0.0,0.0,0.0,0.0,3.0,1.0,Personal Care,4.0,464.0,4.0,,,,,,,,,,,
1959,739,OPP-000545,858,Cross-Sell,17.57,P3,Monitor,71.0,MEDIUM,"{""target_category"": ""Personal Care"", ""territory_category_rank"": 4, ""territory_category_orders_90d"": 464, ""current_category_count_90d"": 4}","Introduce Personal Care during the next outlet visit and assess fit, expected demand, and an initial reorder quantity.",11787.66,3798.98,11787.66,36.112981624984,2.013958701379468,1.0,1.0,Personal Care,4.0,464.0,4.0,,,,,,,,,,,
1960,740,OPP-000659,1031,Cross-Sell,17.57,P3,Monitor,71.0,MEDIUM,"{""target_category"": ""Personal Care"", ""territory_category_rank"": 4, ""territory_category_orders_90d"": 464, ""current_category_count_90d"": 4}","Introduce Personal Care during the next outlet visit and assess fit, expected demand, and an initial reorder quantity.",0.0,8520.97,0.0,0.0,0.0,6.0,4.0,Personal Care,4.0,464.0,4.0,,,,,,,,,,,
1961,741,OPP-001081,1654,Cross-Sell,17.57,P3,Monitor,71.0,MEDIUM,"{""target_category"": ""Personal Care"", ""territory_category_rank"": 4, ""territory_category_orders_90d"": 464, ""current_category_count_90d"": 4}","Introduce Personal Care during the next outlet visit and assess fit, expected demand, and an initial reorder quantity.",3236.92,0.0,1618.46,18.970148090367417,3.0372796111585485,2.0,1.0,Personal Care,4.0,464.0,4.0,,,,,,,,,,,
1962,742,OPP-001579,2345,Cross-Sell,17.57,P3,Monitor,71.0,MEDIUM,"{""target_category"": ""Personal Care"", ""territory_category_rank"": 4, ""territory_category_orders_90d"": 464, ""current_category_count_90d"": 4}","Introduce Personal Care during the next outlet visit and assess fit, expected demand, and an initial reorder quantity.",1264.97,3456.19,421.6566666666667,5.808273749286002,1.186951666932525,3.0,3.0,Personal Care,4.0,464.0,4.0,,,,,,,,,,,
1963,743,OPP-001638,2424,Cross-Sell,17.57,P3,Monitor,71.0,MEDIUM,"{""target_category"": ""Personal Care"", ""territory_category_rank"": 4, ""territory_category_orders_90d"": 464, ""current_category_count_90d"": 4}","Introduce Personal Care during the next outlet visit and assess fit, expected demand, and an initial reorder quantity.",0.0,5446.93,0.0,0.0,0.0,1.0,1.0,Personal Care,4.0,464.0,4.0,,,,,,,,,,,
1964,744,OPP-001929,2824,Cross-Sell,17.57,P3,Monitor,71.0,MEDIUM,"{""target_category"": ""Personal Care"", ""territory_category_rank"": 4, ""territory_category_orders_90d"": 464, ""current_category_count_90d"": 4}","Introduce Personal Care during the next outlet visit and assess fit, expected demand, and an initial reorder quantity.",0.0,0.0,0.0,0.0,0.0,0.0,0.0,Personal Care,4.0,464.0,4.0,,,,,,,,,,,
1965,745,OPP-002010,2938,Cross-Sell,17.57,P3,Monitor,71.0,MEDIUM,"{""target_category"": ""Personal Care"", ""territory_category_rank"": 4, ""territory_category_orders_90d"": 464, ""current_category_count_90d"": 4}","Introduce Personal Care during the next outlet visit and assess fit, expected demand, and an initial reorder quantity.",0.0,12137.08,0.0,0.0,0.0,3.0,0.0,Personal Care,4.0,464.0,4.0,,,,,,,,,,,
1966,447,OPP-001711,2531,Inactive Outlet,17.56,P3,Monitor,70.0,MEDIUM,"{""revenue_previous_30d"": 1175.31, ""revenue_30d"": 0.0, ""orders_previous_30d"": 2, ""orders_30d"": 0, ""days_since_last_order"": 40}","Prioritize a win-back visit, diagnose the reason for inactivity, and attempt a targeted reorder based on the outlet's prior mix.",0.0,1175.31,0.0,0.0,0.0,6.0,3.0,,,,,1175.31,0.0,,,2.0,0.0,,40.0,,,
1967,448,OPP-001373,2065,Inactive Outlet,17.52,P3,Monitor,70.0,MEDIUM,"{""revenue_previous_30d"": 1983.6, ""revenue_30d"": 0.0, ""orders_previous_30d"": 1, ""orders_30d"": 0, ""days_since_last_order"": 36}","Prioritize a win-back visit, diagnose the reason for inactivity, and attempt a targeted reorder based on the outlet's prior mix.",0.0,1983.6,0.0,0.0,0.0,0.0,0.0,,,,,1983.6,0.0,,,1.0,0.0,,36.0,,,
1968,449,OPP-000654,1027,Inactive Outlet,17.5,P3,Monitor,70.0,MEDIUM,"{""revenue_previous_30d"": 1704.97, ""revenue_30d"": 0.0, ""orders_previous_30d"": 1, ""orders_30d"": 0, ""days_since_last_order"": 39}","Prioritize a win-back visit, diagnose the reason for inactivity, and attempt a targeted reorder based on the outlet's prior mix.",0.0,1704.97,0.0,0.0,0.0,2.0,2.0,,,,,1704.97,0.0,,,1.0,0.0,,39.0,,,
1969,450,OPP-001176,1778,Inactive Outlet,17.5,P3,Monitor,70.0,MEDIUM,"{""revenue_previous_30d"": 2354.66, ""revenue_30d"": 0.0, ""orders_previous_30d"": 1, ""orders_30d"": 0, ""days_since_last_order"": 31}","Prioritize a win-back visit, diagnose the reason for inactivity, and attempt a targeted reorder based on the outlet's prior mix.",0.0,2354.66,0.0,0.0,0.0,1.0,1.0,,,,,2354.66,0.0,,,1.0,0.0,,31.0,,,
1970,665,OPP-001601,2375,Revenue Recovery,17.44,P3,Monitor,60.0,MEDIUM,"{""revenue_previous_30d"": 4406.77, ""revenue_30d"": 2471.61, ""revenue_growth_30d"": -0.4391, ""revenue_gap_vs_previous_30d"": 1935.16, ""orders_previous_30d"": 1, ""orders_30d"": 1, ""revenue_index_vs_peer"": 1.331}","Review the outlet's recent order decline, identify the lost SKU/category demand, and schedule a recovery visit with a targeted reorder proposal.",2471.61,4406.77,0.0,13.427379661481028,1.3312560594635356,0.0,0.0,,,,,4406.77,2471.61,-0.4391,1935.16,1.0,1.0,1.331,,,,
1971,666,OPP-000468,744,Revenue Recovery,17.42,P3,Monitor,60.0,MEDIUM,"{""revenue_previous_30d"": 4410.5, ""revenue_30d"": 2876.62, ""revenue_growth_30d"": -0.3478, ""revenue_gap_vs_previous_30d"": 1533.88, ""orders_previous_30d"": 2, ""orders_30d"": 1, ""revenue_index_vs_peer"": 1.549}","Review the outlet's recent order decline, identify the lost SKU/category demand, and schedule a recovery visit with a targeted reorder proposal.",2876.62,4410.5,719.155,15.864127335676775,1.5494021329311645,4.0,3.0,,,,,4410.5,2876.62,-0.3478,1533.88,2.0,1.0,1.549,,,,
1972,451,OPP-001901,2782,Inactive Outlet,17.34,P3,Monitor,70.0,MEDIUM,"{""revenue_previous_30d"": 1904.65, ""revenue_30d"": 0.0, ""orders_previous_30d"": 1, ""orders_30d"": 0, ""days_since_last_order"": 37}","Prioritize a win-back visit, diagnose the reason for inactivity, and attempt a targeted reorder based on the outlet's prior mix.",0.0,1904.65,0.0,0.0,0.0,1.0,0.0,,,,,1904.65,0.0,,,1.0,0.0,,37.0,,,
1973,667,OPP-000316,510,Revenue Recovery,17.3,P3,Monitor,60.0,MEDIUM,"{""revenue_previous_30d"": 8417.26, ""revenue_30d"": 5677.55, ""revenue_growth_30d"": -0.3255, ""revenue_gap_vs_previous_30d"": 2739.71, ""orders_previous_30d"": 2, ""orders_30d"": 2, ""revenue_index_vs_peer"": 1.004}","Review the outlet's recent order decline, identify the lost SKU/category demand, and schedule a recovery visit with a targeted reorder proposal.",5677.55,8417.26,1419.3875,15.105949576505006,1.0037586474526587,4.0,2.0,,,,,8417.26,5677.55,-0.3255,2739.71,2.0,2.0,1.004,,,,
1974,452,OPP-001138,1729,Inactive Outlet,17.0,P3,Monitor,70.0,MEDIUM,"{""revenue_previous_30d"": 1414.55, ""revenue_30d"": 0.0, ""orders_previous_30d"": 2, ""orders_30d"": 0, ""days_since_last_order"": 36}","Prioritize a win-back visit, diagnose the reason for inactivity, and attempt a targeted reorder based on the outlet's prior mix.",0.0,1414.5500000000002,0.0,0.0,0.0,0.0,0.0,,,,,1414.55,0.0,,,2.0,0.0,,36.0,,,
1975,453,OPP-000806,1240,Inactive Outlet,16.54,P3,Monitor,70.0,MEDIUM,"{""revenue_previous_30d"": 2349.93, ""revenue_30d"": 0.0, ""orders_previous_30d"": 1, ""orders_30d"": 0, ""days_since_last_order"": 30}","Prioritize a win-back visit, diagnose the reason for inactivity, and attempt a targeted reorder based on the outlet's prior mix.",0.0,2349.93,0.0,10.810618091349223,0.0,0.0,0.0,,,,,2349.93,0.0,,,1.0,0.0,,30.0,,,
1976,454,OPP-001488,2220,Inactive Outlet,16.48,P3,Monitor,70.0,MEDIUM,"{""revenue_previous_30d"": 1787.06, ""revenue_30d"": 0.0, ""orders_previous_30d"": 2, ""orders_30d"": 0, ""days_since_last_order"": 31}","Prioritize a win-back visit, diagnose the reason for inactivity, and attempt a targeted reorder based on the outlet's prior mix.",0.0,1787.06,0.0,0.0,0.0,0.0,0.0,,,,,1787.06,0.0,,,2.0,0.0,,31.0,,,
1977,455,OPP-000126,213,Inactive Outlet,16.34,P3,Monitor,70.0,MEDIUM,"{""revenue_previous_30d"": 1205.24, ""revenue_30d"": 0.0, ""orders_previous_30d"": 3, ""orders_30d"": 0, ""days_since_last_order"": 33}","Prioritize a win-back visit, diagnose the reason for inactivity, and attempt a targeted reorder based on the outlet's prior mix.",0.0,1205.24,0.0,0.0,0.0,0.0,0.0,,,,,1205.24,0.0,,,3.0,0.0,,33.0,,,
1978,668,OPP-000248,407,Revenue Recovery,16.33,P3,Monitor,60.0,MEDIUM,"{""revenue_previous_30d"": 3405.25, ""revenue_30d"": 1842.04, ""revenue_growth_30d"": -0.4591, ""revenue_gap_vs_previous_30d"": 1563.21, ""orders_previous_30d"": 1, ""orders_30d"": 1, ""revenue_index_vs_peer"": 0.992}","Review the outlet's recent order decline, identify the lost SKU/category demand, and schedule a recovery visit with a targeted reorder proposal.",1842.04,3405.25,614.0133333333333,9.15655631482957,0.9921577076376172,3.0,0.0,,,,,3405.25,1842.04,-0.4591,1563.21,1.0,1.0,0.992,,,,
1979,456,OPP-001482,2205,Inactive Outlet,16.19,P3,Monitor,70.0,MEDIUM,"{""revenue_previous_30d"": 1531.2, ""revenue_30d"": 0.0, ""orders_previous_30d"": 1, ""orders_30d"": 0, ""days_since_last_order"": 40}","Prioritize a win-back visit, diagnose the reason for inactivity, and attempt a targeted reorder based on the outlet's prior mix.",0.0,1531.2,0.0,0.0,0.0,3.0,0.0,,,,,1531.2,0.0,,,1.0,0.0,,40.0,,,
1980,457,OPP-001739,2560,Inactive Outlet,16.16,P3,Monitor,70.0,MEDIUM,"{""revenue_previous_30d"": 1694.35, ""revenue_30d"": 0.0, ""orders_previous_30d"": 1, ""orders_30d"": 0, ""days_since_last_order"": 38}","Prioritize a win-back visit, diagnose the reason for inactivity, and attempt a targeted reorder based on the outlet's prior mix.",0.0,1694.35,0.0,0.0,0.0,3.0,2.0,,,,,1694.35,0.0,,,1.0,0.0,,38.0,,,
1981,746,OPP-000059,102,Cross-Sell,16.14,P3,Monitor,64.0,MEDIUM,"{""target_category"": ""Confectionery"", ""territory_category_rank"": 5, ""territory_category_orders_90d"": 624, ""current_category_count_90d"": 4}","Introduce Confectionery during the next outlet visit and assess fit, expected demand, and an initial reorder quantity.",0.0,749.38,0.0,0.0,0.0,1.0,1.0,Confectionery,5.0,624.0,4.0,,,,,,,,,,,
1982,747,OPP-000722,1117,Cross-Sell,16.14,P3,Monitor,64.0,MEDIUM,"{""target_category"": ""Confectionery"", ""territory_category_rank"": 5, ""territory_category_orders_90d"": 624, ""current_category_count_90d"": 4}","Introduce Confectionery during the next outlet visit and assess fit, expected demand, and an initial reorder quantity.",0.0,2871.08,0.0,0.0,0.0,1.0,0.0,Confectionery,5.0,624.0,4.0,,,,,,,,,,,
1983,748,OPP-000895,1391,Cross-Sell,16.14,P3,Monitor,64.0,MEDIUM,"{""target_category"": ""Confectionery"", ""territory_category_rank"": 5, ""territory_category_orders_90d"": 624, ""current_category_count_90d"": 4}","Introduce Confectionery during the next outlet visit and assess fit, expected demand, and an initial reorder quantity.",0.0,0.0,0.0,0.0,0.0,2.0,0.0,Confectionery,5.0,624.0,4.0,,,,,,,,,,,
1984,749,OPP-001086,1661,Cross-Sell,16.14,P3,Monitor,64.0,MEDIUM,"{""target_category"": ""Confectionery"", ""territory_category_rank"": 5, ""territory_category_orders_90d"": 624, ""current_category_count_90d"": 4}","Introduce Confectionery during the next outlet visit and assess fit, expected demand, and an initial reorder quantity.",729.52,1143.54,364.76,5.280689394048322,0.1623572875169697,2.0,2.0,Confectionery,5.0,624.0,4.0,,,,,,,,,,,
1985,750,OPP-001098,1682,Cross-Sell,16.14,P3,Monitor,64.0,MEDIUM,"{""target_category"": ""Confectionery"", ""territory_category_rank"": 5, ""territory_category_orders_90d"": 624, ""current_category_count_90d"": 4}","Introduce Confectionery during the next outlet visit and assess fit, expected demand, and an initial reorder quantity.",7564.99,4204.74,0.0,18.37814870456352,1.6836156054570135,0.0,0.0,Confectionery,5.0,624.0,4.0,,,,,,,,,,,
1986,751,OPP-001369,2058,Cross-Sell,16.14,P3,Monitor,64.0,MEDIUM,"{""target_category"": ""Confectionery"", ""territory_category_rank"": 5, ""territory_category_orders_90d"": 624, ""current_category_count_90d"": 4}","Introduce Confectionery during the next outlet visit and assess fit, expected demand, and an initial reorder quantity.",0.0,0.0,0.0,0.0,0.0,2.0,1.0,Confectionery,5.0,624.0,4.0,,,,,,,,,,,
1987,752,OPP-001712,2532,Cross-Sell,16.14,P3,Monitor,64.0,MEDIUM,"{""target_category"": ""Confectionery"", ""territory_category_rank"": 5, ""territory_category_orders_90d"": 624, ""current_category_count_90d"": 4}","Introduce Confectionery during the next outlet visit and assess fit, expected demand, and an initial reorder quantity.",8059.29,0.0,1611.858,19.194521220031223,1.7936238399394653,5.0,2.0,Confectionery,5.0,624.0,4.0,,,,,,,,,,,
1988,458,OPP-000813,1250,Inactive Outlet,16.04,P3,Monitor,70.0,MEDIUM,"{""revenue_previous_30d"": 2308.17, ""revenue_30d"": 0.0, ""orders_previous_30d"": 1, ""orders_30d"": 0, ""days_since_last_order"": 30}","Prioritize a win-back visit, diagnose the reason for inactivity, and attempt a targeted reorder based on the outlet's prior mix.",0.0,2308.17,0.0,11.128543044473767,0.0,2.0,0.0,,,,,2308.17,0.0,,,1.0,0.0,,30.0,,,
1989,459,OPP-001532,2277,Inactive Outlet,16.04,P3,Monitor,70.0,MEDIUM,"{""revenue_previous_30d"": 1033.32, ""revenue_30d"": 0.0, ""orders_previous_30d"": 1, ""orders_30d"": 0, ""days_since_last_order"": 46}","Prioritize a win-back visit, diagnose the reason for inactivity, and attempt a targeted reorder based on the outlet's prior mix.",0.0,1033.32,0.0,0.0,0.0,1.0,1.0,,,,,1033.32,0.0,,,1.0,0.0,,46.0,,,
1990,669,OPP-000459,727,Revenue Recovery,15.88,P3,Monitor,60.0,MEDIUM,"{""revenue_previous_30d"": 3044.65, ""revenue_30d"": 1593.0, ""revenue_growth_30d"": -0.4768, ""revenue_gap_vs_previous_30d"": 1451.65, ""orders_previous_30d"": 1, ""orders_30d"": 1, ""revenue_index_vs_peer"": 1.092}","Review the outlet's recent order decline, identify the lost SKU/category demand, and schedule a recovery visit with a targeted reorder proposal.",1593.0,3044.65,1593.0,7.879519037719302,1.0921805903122963,1.0,0.0,,,,,3044.65,1593.0,-0.4768,1451.65,1.0,1.0,1.092,,,,
1991,670,OPP-002013,2941,Revenue Recovery,15.8,P3,Monitor,60.0,MEDIUM,"{""revenue_previous_30d"": 3495.45, ""revenue_30d"": 2325.84, ""revenue_growth_30d"": -0.3346, ""revenue_gap_vs_previous_30d"": 1169.61, ""orders_previous_30d"": 2, ""orders_30d"": 1, ""revenue_index_vs_peer"": 1.611}","Review the outlet's recent order decline, identify the lost SKU/category demand, and schedule a recovery visit with a targeted reorder proposal.",2325.84,3495.45,2325.84,10.833415233873009,1.6106590583298133,1.0,0.0,,,,,3495.45,2325.84,-0.3346,1169.61,2.0,1.0,1.611,,,,
1992,460,OPP-000153,250,Inactive Outlet,15.27,P3,Monitor,70.0,MEDIUM,"{""revenue_previous_30d"": 1995.11, ""revenue_30d"": 0.0, ""orders_previous_30d"": 1, ""orders_30d"": 0, ""days_since_last_order"": 33}","Prioritize a win-back visit, diagnose the reason for inactivity, and attempt a targeted reorder based on the outlet's prior mix.",0.0,1995.11,0.0,0.0,0.0,1.0,0.0,,,,,1995.11,0.0,,,1.0,0.0,,33.0,,,
1993,671,OPP-001268,1904,Revenue Recovery,15.19,P3,Monitor,60.0,MEDIUM,"{""revenue_previous_30d"": 3827.49, ""revenue_30d"": 2631.37, ""revenue_growth_30d"": -0.3125, ""revenue_gap_vs_previous_30d"": 1196.12, ""orders_previous_30d"": 2, ""orders_30d"": 1, ""revenue_index_vs_peer"": 1.939}","Review the outlet's recent order decline, identify the lost SKU/category demand, and schedule a recovery visit with a targeted reorder proposal.",2631.37,3827.49,657.8425,15.210371887832489,1.9394656347890176,4.0,1.0,,,,,3827.49,2631.37,-0.3125,1196.12,2.0,1.0,1.939,,,,
1994,753,OPP-000339,545,Cross-Sell,15.0,P3,Monitor,71.0,MEDIUM,"{""target_category"": ""Home Care"", ""territory_category_rank"": 4, ""territory_category_orders_90d"": 360, ""current_category_count_90d"": 4}","Introduce Home Care during the next outlet visit and assess fit, expected demand, and an initial reorder quantity.",3389.39,0.0,3389.39,20.09383553644486,3.3906784578139693,1.0,1.0,Home Care,4.0,360.0,4.0,,,,,,,,,,,
1995,754,OPP-001120,1713,Cross-Sell,15.0,P3,Monitor,71.0,MEDIUM,"{""target_category"": ""Home Care"", ""territory_category_rank"": 4, ""territory_category_orders_90d"": 360, ""current_category_count_90d"": 4}","Introduce Home Care during the next outlet visit and assess fit, expected demand, and an initial reorder quantity.",1031.21,0.0,1031.21,5.04527839030173,1.0316020087633302,1.0,1.0,Home Care,4.0,360.0,4.0,,,,,,,,,,,
1996,755,OPP-001735,2558,Cross-Sell,15.0,P3,Monitor,71.0,MEDIUM,"{""target_category"": ""Home Care"", ""territory_category_rank"": 4, ""territory_category_orders_90d"": 360, ""current_category_count_90d"": 4}","Introduce Home Care during the next outlet visit and assess fit, expected demand, and an initial reorder quantity.",0.0,4232.43,0.0,0.0,0.0,1.0,0.0,Home Care,4.0,360.0,4.0,,,,,,,,,,,
1997,756,OPP-002034,2966,Cross-Sell,15.0,P3,Monitor,71.0,MEDIUM,"{""target_category"": ""Home Care"", ""territory_category_rank"": 4, ""territory_category_orders_90d"": 360, ""current_category_count_90d"": 4}","Introduce Home Care during the next outlet visit and assess fit, expected demand, and an initial reorder quantity.",0.0,3667.33,0.0,0.0,0.0,0.0,0.0,Home Care,4.0,360.0,4.0,,,,,,,,,,,
1998,461,OPP-000785,1209,Inactive Outlet,14.89,P3,Monitor,70.0,MEDIUM,"{""revenue_previous_30d"": 1318.48, ""revenue_30d"": 0.0, ""orders_previous_30d"": 1, ""orders_30d"": 0, ""days_since_last_order"": 41}","Prioritize a win-back visit, diagnose the reason for inactivity, and attempt a targeted reorder based on the outlet's prior mix.",0.0,1318.48,0.0,0.0,0.0,0.0,0.0,,,,,1318.48,0.0,,,1.0,0.0,,41.0,,,
1999,672,OPP-001577,2344,Revenue Recovery,14.69,P3,Monitor,60.0,MEDIUM,"{""revenue_previous_30d"": 6963.13, ""revenue_30d"": 4745.28, ""revenue_growth_30d"": -0.3185, ""revenue_gap_vs_previous_30d"": 2217.85, ""orders_previous_30d"": 2, ""orders_30d"": 4, ""revenue_index_vs_peer"": 3.286}","Review the outlet's recent order decline, identify the lost SKU/category demand, and schedule a recovery visit with a targeted reorder proposal.",4745.28,6963.13,2372.64,28.337812175283958,3.2861367146111924,2.0,0.0,,,,,6963.13,4745.28,-0.3185,2217.85,2.0,4.0,3.286,,,,
2000,462,OPP-001562,2323,Inactive Outlet,14.61,P3,Monitor,70.0,MEDIUM,"{""revenue_previous_30d"": 1464.32, ""revenue_30d"": 0.0, ""orders_previous_30d"": 1, ""orders_30d"": 0, ""days_since_last_order"": 39}","Prioritize a win-back visit, diagnose the reason for inactivity, and attempt a targeted reorder based on the outlet's prior mix.",0.0,1464.32,0.0,0.0,0.0,3.0,1.0,,,,,1464.32,0.0,,,1.0,0.0,,39.0,,,
2001,463,OPP-000951,1470,Inactive Outlet,14.32,P3,Monitor,70.0,MEDIUM,"{""revenue_previous_30d"": 1319.5, ""revenue_30d"": 0.0, ""orders_previous_30d"": 2, ""orders_30d"": 0, ""days_since_last_order"": 34}","Prioritize a win-back visit, diagnose the reason for inactivity, and attempt a targeted reorder based on the outlet's prior mix.",0.0,1319.5,0.0,0.0,0.0,2.0,0.0,,,,,1319.5,0.0,,,2.0,0.0,,34.0,,,
2002,673,OPP-000834,1285,Revenue Recovery,14.29,P3,Monitor,60.0,MEDIUM,"{""revenue_previous_30d"": 4197.25, ""revenue_30d"": 2565.89, ""revenue_growth_30d"": -0.3887, ""revenue_gap_vs_previous_30d"": 1631.36, ""orders_previous_30d"": 1, ""orders_30d"": 2, ""revenue_index_vs_peer"": 2.109}","Review the outlet's recent order decline, identify the lost SKU/category demand, and schedule a recovery visit with a targeted reorder proposal.",2565.8900000000003,4197.25,1282.9450000000002,12.9979620793781,2.108667603527198,2.0,0.0,,,,,4197.25,2565.89,-0.3887,1631.36,1.0,2.0,2.109,,,,
2003,464,OPP-001651,2440,Inactive Outlet,13.76,P3,Monitor,70.0,MEDIUM,"{""revenue_previous_30d"": 1864.35, ""revenue_30d"": 0.0, ""orders_previous_30d"": 1, ""orders_30d"": 0, ""days_since_last_order"": 33}","Prioritize a win-back visit, diagnose the reason for inactivity, and attempt a targeted reorder based on the outlet's prior mix.",0.0,1864.35,0.0,0.0,0.0,1.0,1.0,,,,,1864.35,0.0,,,1.0,0.0,,33.0,,,
2004,674,OPP-001990,2913,Revenue Recovery,13.76,P3,Monitor,60.0,MEDIUM,"{""revenue_previous_30d"": 3969.98, ""revenue_30d"": 2426.81, ""revenue_growth_30d"": -0.3887, ""revenue_gap_vs_previous_30d"": 1543.17, ""orders_previous_30d"": 1, ""orders_30d"": 1, ""revenue_index_vs_peer"": 1.664}","Review the outlet's recent order decline, identify the lost SKU/category demand, and schedule a recovery visit with a targeted reorder proposal.",2426.81,3969.98,606.7025,13.638238613118013,1.66385108498166,4.0,2.0,,,,,3969.98,2426.81,-0.3887,1543.17,1.0,1.0,1.664,,,,
2005,675,OPP-001581,2350,Revenue Recovery,13.26,P3,Monitor,60.0,MEDIUM,"{""revenue_previous_30d"": 4219.68, ""revenue_30d"": 2665.95, ""revenue_growth_30d"": -0.3682, ""revenue_gap_vs_previous_30d"": 1553.73, ""orders_previous_30d"": 2, ""orders_30d"": 2, ""revenue_index_vs_peer"": 2.105}","Review the outlet's recent order decline, identify the lost SKU/category demand, and schedule a recovery visit with a targeted reorder proposal.",2665.95,4219.68,2665.95,15.526447288877703,2.1051738024921427,1.0,0.0,,,,,4219.68,2665.95,-0.3682,1553.73,2.0,2.0,2.105,,,,
2006,676,OPP-001195,1808,Revenue Recovery,12.87,P3,Monitor,60.0,MEDIUM,"{""revenue_previous_30d"": 3400.31, ""revenue_30d"": 2080.96, ""revenue_growth_30d"": -0.388, ""revenue_gap_vs_previous_30d"": 1319.35, ""orders_previous_30d"": 1, ""orders_30d"": 2, ""revenue_index_vs_peer"": 1.953}","Review the outlet's recent order decline, identify the lost SKU/category demand, and schedule a recovery visit with a targeted reorder proposal.",2080.96,3400.31,2080.96,11.966520700293565,1.9526146397305133,1.0,1.0,,,,,3400.31,2080.96,-0.388,1319.35,1.0,2.0,1.953,,,,
2007,757,OPP-000179,291,Cross-Sell,12.85,P3,Monitor,64.0,MEDIUM,"{""target_category"": ""Confectionery"", ""territory_category_rank"": 5, ""territory_category_orders_90d"": 558, ""current_category_count_90d"": 4}","Introduce Confectionery during the next outlet visit and assess fit, expected demand, and an initial reorder quantity.",9816.81,3225.73,0.0,24.932043184546664,1.7416839501879753,0.0,0.0,Confectionery,5.0,558.0,4.0,,,,,,,,,,,
2008,758,OPP-000575,899,Cross-Sell,12.85,P3,Monitor,64.0,MEDIUM,"{""target_category"": ""Confectionery"", ""territory_category_rank"": 5, ""territory_category_orders_90d"": 558, ""current_category_count_90d"": 4}","Introduce Confectionery during the next outlet visit and assess fit, expected demand, and an initial reorder quantity.",1784.86,307.01,1784.86,9.158801965525312,1.315540814446287,1.0,1.0,Confectionery,5.0,558.0,4.0,,,,,,,,,,,
2009,759,OPP-000724,1119,Cross-Sell,12.85,P3,Monitor,64.0,MEDIUM,"{""target_category"": ""Confectionery"", ""territory_category_rank"": 5, ""territory_category_orders_90d"": 558, ""current_category_count_90d"": 4}","Introduce Confectionery during the next outlet visit and assess fit, expected demand, and an initial reorder quantity.",640.26,8694.69,128.052,1.7391512205377715,0.1135939848023291,5.0,4.0,Confectionery,5.0,558.0,4.0,,,,,,,,,,,
2010,760,OPP-000791,1221,Cross-Sell,12.85,P3,Monitor,64.0,MEDIUM,"{""target_category"": ""Confectionery"", ""territory_category_rank"": 5, ""territory_category_orders_90d"": 558, ""current_category_count_90d"": 4}","Introduce Confectionery during the next outlet visit and assess fit, expected demand, and an initial reorder quantity.",0.0,3330.39,0.0,0.0,0.0,1.0,1.0,Confectionery,5.0,558.0,4.0,,,,,,,,,,,
2011,761,OPP-000910,1412,Cross-Sell,12.85,P3,Monitor,64.0,MEDIUM,"{""target_category"": ""Confectionery"", ""territory_category_rank"": 5, ""territory_category_orders_90d"": 558, ""current_category_count_90d"": 4}","Introduce Confectionery during the next outlet visit and assess fit, expected demand, and an initial reorder quantity.",0.0,1053.38,0.0,0.0,0.0,0.0,0.0,Confectionery,5.0,558.0,4.0,,,,,,,,,,,
2012,762,OPP-001177,1779,Cross-Sell,12.85,P3,Monitor,64.0,MEDIUM,"{""target_category"": ""Confectionery"", ""territory_category_rank"": 5, ""territory_category_orders_90d"": 558, ""current_category_count_90d"": 4}","Introduce Confectionery during the next outlet visit and assess fit, expected demand, and an initial reorder quantity.",0.0,4957.24,0.0,0.0,0.0,6.0,3.0,Confectionery,5.0,558.0,4.0,,,,,,,,,,,
2013,677,OPP-000388,614,Revenue Recovery,12.51,P3,Monitor,60.0,MEDIUM,"{""revenue_previous_30d"": 2894.2, ""revenue_30d"": 1743.86, ""revenue_growth_30d"": -0.3975, ""revenue_gap_vs_previous_30d"": 1150.34, ""orders_previous_30d"": 1, ""orders_30d"": 1, ""revenue_index_vs_peer"": 1.0}","Review the outlet's recent order decline, identify the lost SKU/category demand, and schedule a recovery visit with a targeted reorder proposal.",1743.86,2894.2,0.0,8.941225692295623,1.0,0.0,0.0,,,,,2894.2,1743.86,-0.3975,1150.34,1.0,1.0,1.0,,,,
2014,678,OPP-000136,229,Revenue Recovery,12.45,P3,Monitor,60.0,MEDIUM,"{""revenue_previous_30d"": 2601.06, ""revenue_30d"": 1536.55, ""revenue_growth_30d"": -0.4093, ""revenue_gap_vs_previous_30d"": 1064.51, ""orders_previous_30d"": 1, ""orders_30d"": 1, ""revenue_index_vs_peer"": 1.263}","Review the outlet's recent order decline, identify the lost SKU/category demand, and schedule a recovery visit with a targeted reorder proposal.",1536.55,2601.06,768.275,7.295064727646327,1.2627482885859158,2.0,2.0,,,,,2601.06,1536.55,-0.4093,1064.51,1.0,1.0,1.263,,,,
2015,763,OPP-000147,244,Cross-Sell,11.68,P3,Monitor,64.0,MEDIUM,"{""target_category"": ""Confectionery"", ""territory_category_rank"": 5, ""territory_category_orders_90d"": 519, ""current_category_count_90d"": 4}","Introduce Confectionery during the next outlet visit and assess fit, expected demand, and an initial reorder quantity.",2361.24,0.0,2361.24,11.621430870588512,1.6542244640605297,1.0,0.0,Confectionery,5.0,519.0,4.0,,,,,,,,,,,
2016,764,OPP-000196,323,Cross-Sell,11.68,P3,Monitor,64.0,MEDIUM,"{""target_category"": ""Confectionery"", ""territory_category_rank"": 5, ""territory_category_orders_90d"": 519, ""current_category_count_90d"": 4}","Introduce Confectionery during the next outlet visit and assess fit, expected demand, and an initial reorder quantity.",0.0,0.0,0.0,0.0,0.0,2.0,1.0,Confectionery,5.0,519.0,4.0,,,,,,,,,,,
2017,765,OPP-000355,570,Cross-Sell,11.68,P3,Monitor,64.0,MEDIUM,"{""target_category"": ""Confectionery"", ""territory_category_rank"": 5, ""territory_category_orders_90d"": 519, ""current_category_count_90d"": 4}","Introduce Confectionery during the next outlet visit and assess fit, expected demand, and an initial reorder quantity.",78.67,5084.42,26.223333333333333,0.222582488781752,0.0160107783249025,3.0,2.0,Confectionery,5.0,519.0,4.0,,,,,,,,,,,
2018,766,OPP-000370,593,Cross-Sell,11.68,P3,Monitor,64.0,MEDIUM,"{""target_category"": ""Confectionery"", ""territory_category_rank"": 5, ""territory_category_orders_90d"": 519, ""current_category_count_90d"": 4}","Introduce Confectionery during the next outlet visit and assess fit, expected demand, and an initial reorder quantity.",11939.59,991.72,0.0,28.24777127131401,2.4299240978800523,0.0,0.0,Confectionery,5.0,519.0,4.0,,,,,,,,,,,
2019,767,OPP-000373,597,Cross-Sell,11.68,P3,Monitor,64.0,MEDIUM,"{""target_category"": ""Confectionery"", ""territory_category_rank"": 5, ""territory_category_orders_90d"": 519, ""current_category_count_90d"": 4}","Introduce Confectionery during the next outlet visit and assess fit, expected demand, and an initial reorder quantity.",662.3299999999999,1773.65,132.46599999999998,3.552512096391383,0.4640114894213254,5.0,3.0,Confectionery,5.0,519.0,4.0,,,,,,,,,,,
2020,768,OPP-000488,768,Cross-Sell,11.68,P3,Monitor,64.0,MEDIUM,"{""target_category"": ""Confectionery"", ""territory_category_rank"": 5, ""territory_category_orders_90d"": 519, ""current_category_count_90d"": 4}","Introduce Confectionery during the next outlet visit and assess fit, expected demand, and an initial reorder quantity.",0.0,0.0,0.0,0.0,0.0,0.0,0.0,Confectionery,5.0,519.0,4.0,,,,,,,,,,,
2021,769,OPP-000582,909,Cross-Sell,11.68,P3,Monitor,64.0,MEDIUM,"{""target_category"": ""Confectionery"", ""territory_category_rank"": 5, ""territory_category_orders_90d"": 519, ""current_category_count_90d"": 4}","Introduce Confectionery during the next outlet visit and assess fit, expected demand, and an initial reorder quantity.",0.0,8561.82,0.0,0.0,0.0,1.0,1.0,Confectionery,5.0,519.0,4.0,,,,,,,,,,,
2022,770,OPP-001276,1921,Cross-Sell,11.68,P3,Monitor,64.0,MEDIUM,"{""target_category"": ""Confectionery"", ""territory_category_rank"": 5, ""territory_category_orders_90d"": 519, ""current_category_count_90d"": 4}","Introduce Confectionery during the next outlet visit and assess fit, expected demand, and an initial reorder quantity.",2460.76,0.0,1230.38,14.114888386288929,1.7239456354210454,2.0,0.0,Confectionery,5.0,519.0,4.0,,,,,,,,,,,
2023,771,OPP-001368,2057,Cross-Sell,11.68,P3,Monitor,64.0,MEDIUM,"{""target_category"": ""Confectionery"", ""territory_category_rank"": 5, ""territory_category_orders_90d"": 519, ""current_category_count_90d"": 4}","Introduce Confectionery during the next outlet visit and assess fit, expected demand, and an initial reorder quantity.",2669.36,0.0,1334.68,13.022900919773845,1.87008547008547,2.0,2.0,Confectionery,5.0,519.0,4.0,,,,,,,,,,,
2024,772,OPP-001723,2543,Cross-Sell,11.68,P3,Monitor,64.0,MEDIUM,"{""target_category"": ""Confectionery"", ""territory_category_rank"": 5, ""territory_category_orders_90d"": 519, ""current_category_count_90d"": 4}","Introduce Confectionery during the next outlet visit and assess fit, expected demand, and an initial reorder quantity.",1199.88,0.0,0.0,5.800195196087958,0.8406052963430013,0.0,0.0,Confectionery,5.0,519.0,4.0,,,,,,,,,,,
2025,773,OPP-001844,2704,Cross-Sell,11.68,P3,Monitor,64.0,MEDIUM,"{""target_category"": ""Confectionery"", ""territory_category_rank"": 5, ""territory_category_orders_90d"": 519, ""current_category_count_90d"": 4}","Introduce Confectionery during the next outlet visit and assess fit, expected demand, and an initial reorder quantity.",5827.27,177.92,0.0,13.341671778027944,1.1859556147115178,0.0,0.0,Confectionery,5.0,519.0,4.0,,,,,,,,,,,
2026,774,OPP-001877,2758,Cross-Sell,11.68,P3,Monitor,64.0,MEDIUM,"{""target_category"": ""Confectionery"", ""territory_category_rank"": 5, ""territory_category_orders_90d"": 519, ""current_category_count_90d"": 4}","Introduce Confectionery during the next outlet visit and assess fit, expected demand, and an initial reorder quantity.",668.2,4406.13,334.1,1.6791400149469096,0.1359908742430394,2.0,1.0,Confectionery,5.0,519.0,4.0,,,,,,,,,,,
2027,775,OPP-002040,2973,Cross-Sell,11.68,P3,Monitor,64.0,MEDIUM,"{""target_category"": ""Confectionery"", ""territory_category_rank"": 5, ""territory_category_orders_90d"": 519, ""current_category_count_90d"": 4}","Introduce Confectionery during the next outlet visit and assess fit, expected demand, and an initial reorder quantity.",3200.14,1603.3000000000002,3200.14,16.889795737413166,2.241936387838027,1.0,0.0,Confectionery,5.0,519.0,4.0,,,,,,,,,,,
2028,679,OPP-001392,2098,Revenue Recovery,11.64,P3,Monitor,60.0,MEDIUM,"{""revenue_previous_30d"": 3994.76, ""revenue_30d"": 2639.87, ""revenue_growth_30d"": -0.3392, ""revenue_gap_vs_previous_30d"": 1354.89, ""orders_previous_30d"": 1, ""orders_30d"": 3, ""revenue_index_vs_peer"": 1.958}","Review the outlet's recent order decline, identify the lost SKU/category demand, and schedule a recovery visit with a targeted reorder proposal.",2639.87,3994.76,2639.87,14.865254473028934,1.958142639913956,1.0,0.0,,,,,3994.76,2639.87,-0.3392,1354.89,1.0,3.0,1.958,,,,
2029,680,OPP-001093,1674,Revenue Recovery,11.58,P3,Monitor,60.0,MEDIUM,"{""revenue_previous_30d"": 4658.96, ""revenue_30d"": 3151.28, ""revenue_growth_30d"": -0.3236, ""revenue_gap_vs_previous_30d"": 1507.68, ""orders_previous_30d"": 2, ""orders_30d"": 2, ""revenue_index_vs_peer"": 2.337}","Review the outlet's recent order decline, identify the lost SKU/category demand, and schedule a recovery visit with a targeted reorder proposal.",3151.28,4658.96,1575.64,17.637037285783048,2.3374847012572784,2.0,2.0,,,,,4658.96,3151.28,-0.3236,1507.68,2.0,2.0,2.337,,,,
2030,681,OPP-000157,254,Revenue Recovery,11.41,P3,Monitor,60.0,MEDIUM,"{""revenue_previous_30d"": 4049.03, ""revenue_30d"": 2698.55, ""revenue_growth_30d"": -0.3335, ""revenue_gap_vs_previous_30d"": 1350.48, ""orders_previous_30d"": 1, ""orders_30d"": 2, ""revenue_index_vs_peer"": 2.131}","Review the outlet's recent order decline, identify the lost SKU/category demand, and schedule a recovery visit with a targeted reorder proposal.",2698.55,4049.03,0.0,15.557413199198653,2.1309164705696557,0.0,0.0,,,,,4049.03,2698.55,-0.3335,1350.48,1.0,2.0,2.131,,,,
2031,465,OPP-001955,2855,Inactive Outlet,11.32,P3,Monitor,70.0,MEDIUM,"{""revenue_previous_30d"": 1535.02, ""revenue_30d"": 0.0, ""orders_previous_30d"": 1, ""orders_30d"": 0, ""days_since_last_order"": 34}","Prioritize a win-back visit, diagnose the reason for inactivity, and attempt a targeted reorder based on the outlet's prior mix.",0.0,1535.02,0.0,0.0,0.0,4.0,0.0,,,,,1535.02,0.0,,,1.0,0.0,,34.0,,,
2032,466,OPP-001895,2776,Inactive Outlet,11.31,P3,Monitor,70.0,MEDIUM,"{""revenue_previous_30d"": 1048.44, ""revenue_30d"": 0.0, ""orders_previous_30d"": 2, ""orders_30d"": 0, ""days_since_last_order"": 34}","Prioritize a win-back visit, diagnose the reason for inactivity, and attempt a targeted reorder based on the outlet's prior mix.",0.0,1048.44,0.0,0.0,0.0,4.0,2.0,,,,,1048.44,0.0,,,2.0,0.0,,34.0,,,
2033,682,OPP-000619,963,Revenue Recovery,11.13,P3,Monitor,60.0,MEDIUM,"{""revenue_previous_30d"": 2798.96, ""revenue_30d"": 1771.74, ""revenue_growth_30d"": -0.367, ""revenue_gap_vs_previous_30d"": 1027.22, ""orders_previous_30d"": 2, ""orders_30d"": 2, ""revenue_index_vs_peer"": 1.241}","Review the outlet's recent order decline, identify the lost SKU/category demand, and schedule a recovery visit with a targeted reorder proposal.",1771.74,2798.96,0.0,8.224095866553283,1.2412358133669608,0.0,0.0,,,,,2798.96,1771.74,-0.367,1027.22,2.0,2.0,1.241,,,,
2034,683,OPP-000448,705,Revenue Recovery,10.83,P3,Monitor,60.0,MEDIUM,"{""revenue_previous_30d"": 3713.41, ""revenue_30d"": 2495.38, ""revenue_growth_30d"": -0.328, ""revenue_gap_vs_previous_30d"": 1218.03, ""orders_previous_30d"": 1, ""orders_30d"": 1, ""revenue_index_vs_peer"": 1.728}","Review the outlet's recent order decline, identify the lost SKU/category demand, and schedule a recovery visit with a targeted reorder proposal.",2495.38,3713.41,2495.38,13.596222623720408,1.728066591414306,1.0,1.0,,,,,3713.41,2495.38,-0.328,1218.03,1.0,1.0,1.728,,,,
2035,467,OPP-000420,661,Inactive Outlet,10.75,P3,Monitor,70.0,MEDIUM,"{""revenue_previous_30d"": 1794.05, ""revenue_30d"": 0.0, ""orders_previous_30d"": 1, ""orders_30d"": 0, ""days_since_last_order"": 30}","Prioritize a win-back visit, diagnose the reason for inactivity, and attempt a targeted reorder based on the outlet's prior mix.",0.0,1794.05,0.0,5.243440548085014,0.0,1.0,0.0,,,,,1794.05,0.0,,,1.0,0.0,,30.0,,,
2036,468,OPP-000042,69,Inactive Outlet,10.71,P3,Monitor,70.0,MEDIUM,"{""revenue_previous_30d"": 1700.69, ""revenue_30d"": 0.0, ""orders_previous_30d"": 1, ""orders_30d"": 0, ""days_since_last_order"": 31}","Prioritize a win-back visit, diagnose the reason for inactivity, and attempt a targeted reorder based on the outlet's prior mix.",0.0,1700.69,0.0,0.0,0.0,0.0,0.0,,,,,1700.69,0.0,,,1.0,0.0,,31.0,,,
2037,469,OPP-001671,2469,Inactive Outlet,10.63,P3,Monitor,70.0,MEDIUM,"{""revenue_previous_30d"": 1791.69, ""revenue_30d"": 0.0, ""orders_previous_30d"": 1, ""orders_30d"": 0, ""days_since_last_order"": 30}","Prioritize a win-back visit, diagnose the reason for inactivity, and attempt a targeted reorder based on the outlet's prior mix.",0.0,1791.69,0.0,9.121218137666665,0.0,1.0,1.0,,,,,1791.69,0.0,,,1.0,0.0,,30.0,,,
2038,776,OPP-001062,1627,Cross-Sell,10.2,P3,Monitor,64.0,MEDIUM,"{""target_category"": ""Confectionery"", ""territory_category_rank"": 5, ""territory_category_orders_90d"": 434, ""current_category_count_90d"": 4}","Introduce Confectionery during the next outlet visit and assess fit, expected demand, and an initial reorder quantity.",5922.16,5492.73,5922.16,14.26799937070234,1.0118196200909622,1.0,0.0,Confectionery,5.0,434.0,4.0,,,,,,,,,,,
2039,777,OPP-001399,2106,Cross-Sell,10.2,P3,Monitor,64.0,MEDIUM,"{""target_category"": ""Confectionery"", ""territory_category_rank"": 5, ""territory_category_orders_90d"": 434, ""current_category_count_90d"": 4}","Introduce Confectionery during the next outlet visit and assess fit, expected demand, and an initial reorder quantity.",2960.96,6647.7,2960.96,15.458670860037882,2.778339729575033,1.0,1.0,Confectionery,5.0,434.0,4.0,,,,,,,,,,,
2040,778,OPP-001693,2511,Cross-Sell,10.2,P3,Monitor,64.0,MEDIUM,"{""target_category"": ""Confectionery"", ""territory_category_rank"": 5, ""territory_category_orders_90d"": 434, ""current_category_count_90d"": 4}","Introduce Confectionery during the next outlet visit and assess fit, expected demand, and an initial reorder quantity.",2446.44,236.21,815.48,12.84709403841357,2.2955532827263943,3.0,3.0,Confectionery,5.0,434.0,4.0,,,,,,,,,,,
2041,779,OPP-001701,2520,Cross-Sell,10.2,P3,Monitor,64.0,MEDIUM,"{""target_category"": ""Confectionery"", ""territory_category_rank"": 5, ""territory_category_orders_90d"": 434, ""current_category_count_90d"": 4}","Introduce Confectionery during the next outlet visit and assess fit, expected demand, and an initial reorder quantity.",0.0,3467.08,0.0,0.0,0.0,1.0,0.0,Confectionery,5.0,434.0,4.0,,,,,,,,,,,
2042,780,OPP-001976,2898,Cross-Sell,10.2,P3,Monitor,64.0,MEDIUM,"{""target_category"": ""Confectionery"", ""territory_category_rank"": 5, ""territory_category_orders_90d"": 434, ""current_category_count_90d"": 4}","Introduce Confectionery during the next outlet visit and assess fit, expected demand, and an initial reorder quantity.",3103.96,0.0,1034.6533333333334,15.591889099250386,2.9125200566747678,3.0,1.0,Confectionery,5.0,434.0,4.0,,,,,,,,,,,
2043,684,OPP-000497,784,Revenue Recovery,10.01,P3,Monitor,60.0,MEDIUM,"{""revenue_previous_30d"": 3696.52, ""revenue_30d"": 2542.43, ""revenue_growth_30d"": -0.3122, ""revenue_gap_vs_previous_30d"": 1154.09, ""orders_previous_30d"": 1, ""orders_30d"": 1, ""revenue_index_vs_peer"": 1.761}","Review the outlet's recent order decline, identify the lost SKU/category demand, and schedule a recovery visit with a targeted reorder proposal.",2542.43,3696.52,0.0,13.938768606781032,1.7606490169871816,0.0,0.0,,,,,3696.52,2542.43,-0.3122,1154.09,1.0,1.0,1.761,,,,
2044,470,OPP-000608,942,Inactive Outlet,9.95,P3,Monitor,70.0,MEDIUM,"{""revenue_previous_30d"": 1678.69, ""revenue_30d"": 0.0, ""orders_previous_30d"": 1, ""orders_30d"": 0, ""days_since_last_order"": 31}","Prioritize a win-back visit, diagnose the reason for inactivity, and attempt a targeted reorder based on the outlet's prior mix.",0.0,1678.69,0.0,0.0,0.0,2.0,1.0,,,,,1678.69,0.0,,,1.0,0.0,,31.0,,,
2045,685,OPP-001682,2488,Revenue Recovery,9.85,P3,Monitor,60.0,MEDIUM,"{""revenue_previous_30d"": 3336.9, ""revenue_30d"": 2267.69, ""revenue_growth_30d"": -0.3204, ""revenue_gap_vs_previous_30d"": 1069.21, ""orders_previous_30d"": 1, ""orders_30d"": 1, ""revenue_index_vs_peer"": 1.3}","Review the outlet's recent order decline, identify the lost SKU/category demand, and schedule a recovery visit with a targeted reorder proposal.",2267.69,3336.9,755.8966666666666,13.974140608438873,1.3003853520351405,3.0,1.0,,,,,3336.9,2267.69,-0.3204,1069.21,1.0,1.0,1.3,,,,
2046,471,OPP-000894,1387,Inactive Outlet,8.98,P3,Monitor,70.0,MEDIUM,"{""revenue_previous_30d"": 1164.87, ""revenue_30d"": 0.0, ""orders_previous_30d"": 2, ""orders_30d"": 0, ""days_since_last_order"": 30}","Prioritize a win-back visit, diagnose the reason for inactivity, and attempt a targeted reorder based on the outlet's prior mix.",0.0,1164.87,0.0,1.5547309048427085,0.0,1.0,1.0,,,,,1164.87,0.0,,,2.0,0.0,,30.0,,,
2047,472,OPP-002045,2978,Inactive Outlet,8.11,P3,Monitor,70.0,MEDIUM,"{""revenue_previous_30d"": 1538.0, ""revenue_30d"": 0.0, ""orders_previous_30d"": 1, ""orders_30d"": 0, ""days_since_last_order"": 30}","Prioritize a win-back visit, diagnose the reason for inactivity, and attempt a targeted reorder based on the outlet's prior mix.",0.0,1538.0,0.0,8.27233517049455,0.0,4.0,3.0,,,,,1538.0,0.0,,,1.0,0.0,,30.0,,,
2048,473,OPP-000911,1412,Inactive Outlet,8.08,P3,Monitor,70.0,MEDIUM,"{""revenue_previous_30d"": 1053.38, ""revenue_30d"": 0.0, ""orders_previous_30d"": 1, ""orders_30d"": 0, ""days_since_last_order"": 36}","Prioritize a win-back visit, diagnose the reason for inactivity, and attempt a targeted reorder based on the outlet's prior mix.",0.0,1053.38,0.0,0.0,0.0,0.0,0.0,,,,,1053.38,0.0,,,1.0,0.0,,36.0,,,
2049,474,OPP-000906,1407,Inactive Outlet,8.05,P3,Monitor,70.0,MEDIUM,"{""revenue_previous_30d"": 1209.78, ""revenue_30d"": 0.0, ""orders_previous_30d"": 1, ""orders_30d"": 0, ""days_since_last_order"": 34}","Prioritize a win-back visit, diagnose the reason for inactivity, and attempt a targeted reorder based on the outlet's prior mix.",0.0,1209.78,0.0,0.0,0.0,2.0,1.0,,,,,1209.78,0.0,,,1.0,0.0,,34.0,,,
2050,781,OPP-000516,813,Cross-Sell,7.6,P3,Monitor,64.0,MEDIUM,"{""target_category"": ""Confectionery"", ""territory_category_rank"": 5, ""territory_category_orders_90d"": 292, ""current_category_count_90d"": 4}","Introduce Confectionery during the next outlet visit and assess fit, expected demand, and an initial reorder quantity.",3026.8500000000004,0.0,1513.4250000000002,15.221132222727327,3.0280006402432926,2.0,1.0,Confectionery,5.0,292.0,4.0,,,,,,,,,,,
2051,782,OPP-000569,892,Cross-Sell,7.6,P3,Monitor,64.0,MEDIUM,"{""target_category"": ""Confectionery"", ""territory_category_rank"": 5, ""territory_category_orders_90d"": 292, ""current_category_count_90d"": 4}","Introduce Confectionery during the next outlet visit and assess fit, expected demand, and an initial reorder quantity.",0.0,1995.5,0.0,0.0,0.0,0.0,0.0,Confectionery,5.0,292.0,4.0,,,,,,,,,,,
2052,783,OPP-000597,928,Cross-Sell,7.6,P3,Monitor,64.0,MEDIUM,"{""target_category"": ""Confectionery"", ""territory_category_rank"": 5, ""territory_category_orders_90d"": 292, ""current_category_count_90d"": 4}","Introduce Confectionery during the next outlet visit and assess fit, expected demand, and an initial reorder quantity.",2428.641,5556.81,2428.641,13.937849466191556,2.4295642344090758,1.0,1.0,Confectionery,5.0,292.0,4.0,,,,,,,,,,,
2053,784,OPP-000896,1396,Cross-Sell,7.6,P3,Monitor,64.0,MEDIUM,"{""target_category"": ""Confectionery"", ""territory_category_rank"": 5, ""territory_category_orders_90d"": 292, ""current_category_count_90d"": 4}","Introduce Confectionery during the next outlet visit and assess fit, expected demand, and an initial reorder quantity.",2441.64,1229.64,0.0,14.85008146853806,2.4425681759068443,0.0,0.0,Confectionery,5.0,292.0,4.0,,,,,,,,,,,
2054,785,OPP-000947,1467,Cross-Sell,7.6,P3,Monitor,64.0,MEDIUM,"{""target_category"": ""Confectionery"", ""territory_category_rank"": 5, ""territory_category_orders_90d"": 292, ""current_category_count_90d"": 4}","Introduce Confectionery during the next outlet visit and assess fit, expected demand, and an initial reorder quantity.",968.03,3078.19,484.015,5.709188382633517,0.96839799123667,2.0,2.0,Confectionery,5.0,292.0,4.0,,,,,,,,,,,
2055,786,OPP-001090,1665,Cross-Sell,7.6,P3,Monitor,64.0,MEDIUM,"{""target_category"": ""Confectionery"", ""territory_category_rank"": 5, ""territory_category_orders_90d"": 292, ""current_category_count_90d"": 4}","Introduce Confectionery during the next outlet visit and assess fit, expected demand, and an initial reorder quantity.",1084.89,1762.6,0.0,5.039509580451966,1.0853024149176689,0.0,0.0,Confectionery,5.0,292.0,4.0,,,,,,,,,,,
2056,787,OPP-001423,2131,Cross-Sell,7.6,P3,Monitor,64.0,MEDIUM,"{""target_category"": ""Confectionery"", ""territory_category_rank"": 5, ""territory_category_orders_90d"": 292, ""current_category_count_90d"": 4}","Introduce Confectionery during the next outlet visit and assess fit, expected demand, and an initial reorder quantity.",4373.49,4137.83,2186.745,21.18284173787366,4.375152557972029,2.0,1.0,Confectionery,5.0,292.0,4.0,,,,,,,,,,,
2057,788,OPP-001503,2236,Cross-Sell,7.6,P3,Monitor,64.0,MEDIUM,"{""target_category"": ""Confectionery"", ""territory_category_rank"": 5, ""territory_category_orders_90d"": 292, ""current_category_count_90d"": 4}","Introduce Confectionery during the next outlet visit and assess fit, expected demand, and an initial reorder quantity.",0.0,1971.04,0.0,0.0,0.0,0.0,0.0,Confectionery,5.0,292.0,4.0,,,,,,,,,,,
2058,475,OPP-000486,766,Inactive Outlet,6.18,P3,Monitor,70.0,MEDIUM,"{""revenue_previous_30d"": 1296.25, ""revenue_30d"": 0.0, ""orders_previous_30d"": 1, ""orders_30d"": 0, ""days_since_last_order"": 31}","Prioritize a win-back visit, diagnose the reason for inactivity, and attempt a targeted reorder based on the outlet's prior mix.",0.0,1296.25,0.0,0.0,0.0,0.0,0.0,,,,,1296.25,0.0,,,1.0,0.0,,31.0,,,
2059,476,OPP-000731,1128,Inactive Outlet,5.38,P3,Monitor,70.0,MEDIUM,"{""revenue_previous_30d"": 1128.81, ""revenue_30d"": 0.0, ""orders_previous_30d"": 1, ""orders_30d"": 0, ""days_since_last_order"": 32}","Prioritize a win-back visit, diagnose the reason for inactivity, and attempt a targeted reorder based on the outlet's prior mix.",0.0,1128.81,0.0,0.0,0.0,1.0,1.0,,,,,1128.81,0.0,,,1.0,0.0,,32.0,,,
2060,477,OPP-000128,214,Inactive Outlet,5.0,P3,Monitor,70.0,MEDIUM,"{""revenue_previous_30d"": 1080.88, ""revenue_30d"": 0.0, ""orders_previous_30d"": 1, ""orders_30d"": 0, ""days_since_last_order"": 32}","Prioritize a win-back visit, diagnose the reason for inactivity, and attempt a targeted reorder based on the outlet's prior mix.",0.0,1080.88,0.0,0.0,0.0,0.0,0.0,,,,,1080.88,0.0,,,1.0,0.0,,32.0,,,
